"","Dim1","Dim2","Dim3"
"15000",-4.91971162189431,-0.296511468472722,0.111805369040507
"15001",-4.9009352542059,-0.290596670107554,0.110687812729657
"15002",-4.91231993711743,-0.288369791506847,0.109747999014008
"15003",-4.97200391246476,-0.291679914492216,0.111479444540816
"15004",-5.01411129077769,-0.276582076394771,0.0926709260550676
"15005",-5.03372604440565,-0.281965695327657,0.0958032806432871
"15006",-4.9636944510721,-0.293858560879832,0.112955426224229
"15007",-4.93897034007144,-0.287948657944393,0.110104763086131
"15008",-4.91586573783592,-0.288134311837787,0.10955005184523
"15009",-4.94650298818192,-0.274904128625844,0.092068017659241
"15010",-4.96164226062364,-0.275036663115169,0.0919527664417779
"15011",-5.03438799322908,-0.268885155083016,0.086499840469765
"15012",-5.05302860271817,-0.268689526173744,0.0857485304381882
"15013",-4.98087184430681,-0.26733840351977,0.0863240215259225
"15014",-4.96014969965804,-0.271512510750845,0.0899075155428223
"15015",-4.91519593283546,-0.293095075657897,0.111577137243345
"15016",-5.01144031538601,-0.274290856805277,0.0907192924239848
"15017",-5.01270465958692,-0.27646246592977,0.0923924920777457
"15018",-4.9848633830899,-0.274057127020982,0.0914427369579316
"15019",-4.94892727456048,-0.289904083798917,0.110581713136508
"15020",-4.95660829974517,-0.292243954810182,0.112495671728381
"15021",-4.94135766321754,-0.292711213145739,0.111303607476596
"15022",-5.03957107100045,-0.299503222222448,0.115417706656818
"15023",-5.04431922818713,-0.297010104783406,0.115156650973429
"15024",-5.03086354149762,-0.29676606225787,0.114972855206632
"15025",-4.97391596668449,-0.296686697139984,0.113623829208149
"15026",-4.95809196072699,-0.290578663322126,0.11101652174629
"15027",-4.97633541144021,-0.292408998651212,0.112275951077662
"15028",-4.97754521801689,-0.297199862102884,0.114184954946067
"15029",-4.97154311593491,-0.296732034162968,0.113199822879869
"15030",-4.93087286292836,-0.292852796621708,0.110393837406035
"15031",-4.93292305941829,-0.293494511735171,0.111005510136626
"15032",-4.91853388815229,-0.291538804443354,0.110746327564118
"15033",-4.94630323807122,-0.290844529553323,0.111336978924059
"15034",-4.87332005450829,-0.288380094862031,0.107475922646756
"15035",-4.90724873482777,-0.289873853648459,0.107917263018349
"15036",-4.93243084379258,-0.291766877722466,0.109183487848092
"15037",-4.96910831268793,-0.296760951638894,0.113204425463506
"15038",-4.91350186191418,-0.292183445293416,0.109313930174397
"15039",-4.82274626941159,-0.289471692443243,0.10218572303289
"15040",-4.76696850120488,-0.284238713738077,0.101346572646406
"15041",-4.78253883127752,-0.281916955621764,0.103445468087399
"15042",-4.86951043949996,-0.289265503429413,0.108546934046624
"15043",-4.91179414115992,-0.291052925839637,0.109010428339863
"15044",-4.97654792337967,-0.292825137605703,0.112521210585545
"15045",-4.99145424894202,-0.293325852871587,0.112897934372939
"15046",-4.88422413662886,-0.287776285142326,0.109031532606185
"15047",-4.93183607637971,-0.270984917407066,0.0894860670889972
"15048",-4.9938712813709,-0.267355433267806,0.0859679636351786
"15049",-5.00401140776248,-0.267442799204477,0.0857812320299153
"15050",-4.99554278398483,-0.271819399721191,0.0896805909632356
"15051",-4.94601820138008,-0.290079245936408,0.110824846809079
"15052",-4.90253444402688,-0.289345657647454,0.110603854548225
"15053",-4.87594782787759,-0.291051841069627,0.109309756136891
"15054",-4.85502051104899,-0.288585971108408,0.108999908634044
"15055",-4.78004996060058,-0.28487833177127,0.102180984259428
"15056",-4.81931005269385,-0.284906850483841,0.105504897275073
"15057",-4.83206911339362,-0.285348547495526,0.10553842813667
"15058",-4.88640513651094,-0.289160145179054,0.109229467842537
"15059",-4.92400404605366,-0.293032703650134,0.112048042333097
"15060",-4.96317312640498,-0.292959172870591,0.112647387732984
"15061",-4.84973141853271,-0.287976567868003,0.106925626624758
"15062",-4.82942953970085,-0.286702152963577,0.106232645584201
"15063",-4.78386211572257,-0.282856795721941,0.104450374412887
"15064",-4.83205375859836,-0.285982739242891,0.107522831033611
"15065",-4.9105192317035,-0.283367307326444,0.106970128381117
"15066",-4.88458170877773,-0.289298958858667,0.109432298284514
"15067",-4.86817872330419,-0.287895491096131,0.107111041374552
"15068",-4.95508563888928,-0.295276512392743,0.113141419864365
"15069",-4.95836945037952,-0.291407153668974,0.111814320854872
"15070",-4.94256401891321,-0.289854572421245,0.110690198320202
"15071",-4.90253383940068,-0.292098890318236,0.111240215603885
"15072",-4.89456100625873,-0.291545248730955,0.111086813603186
"15073",-4.85840762022288,-0.29118640644651,0.108185132634434
"15074",-4.83418007864589,-0.287728999477743,0.108027600957077
"15075",-4.82611281572522,-0.286145547885565,0.108017310415687
"15076",-4.85688870798867,-0.288281477326133,0.10935572220366
"15077",-4.91241113357178,-0.274377168726129,0.0918241844451012
"15078",-4.92408753972643,-0.288025139574838,0.109293458423346
"15079",-4.93042921799659,-0.289897400809519,0.111029117944421
"15080",-4.91224611459505,-0.288749383799803,0.110340235243661
"15081",-4.90040078514236,-0.294449574278564,0.110397790425082
"15082",-4.89313590005947,-0.292740089250038,0.110889215423867
"15083",-4.87559575366762,-0.290349801189255,0.108598373426823
"15084",-4.81111612680151,-0.284923233874185,0.105768103698883
"15085",-4.79599720094115,-0.285483644234934,0.10345370913892
"15086",-4.79731794997934,-0.283367493622697,0.104586022906371
"15087",-4.90810919374419,-0.288358160920428,0.109727969847091
"15088",-4.89988328320135,-0.286858501052378,0.108801919572468
"15089",-4.85570632245157,-0.286492531549193,0.108704667177037
"15090",-4.89870061822822,-0.291378771766147,0.110846567993257
"15091",-4.9101831570348,-0.29307999955186,0.111258716599834
"15092",-4.92701164795575,-0.294409317166133,0.112107811506697
"15093",-4.90292396550769,-0.294268147910078,0.109957280781645
"15094",-4.78578558573532,-0.284281979183045,0.102080579621361
"15095",-4.79050184709638,-0.28023130287932,0.104962797864105
"15096",-4.82349546680376,-0.261704412110202,0.0845342260302855
"15097",-4.87304151039134,-0.290325588897579,0.109549849866302
"15098",-4.86897977150337,-0.290224991218704,0.109875899512756
"15099",-4.85754119485014,-0.288660645998692,0.109304965437888
"15100",-4.80518149014185,-0.287962873001989,0.105387424346973
"15101",-4.7728365069262,-0.282437986058565,0.10440399260212
"15102",-4.81940813668932,-0.2829278665177,0.106906150519244
"15103",-4.87021514736823,-0.285263364418334,0.107972846401875
"15104",-4.85505524190549,-0.287746353190209,0.109060513687427
"15105",-4.78844593692611,-0.283213872060121,0.104683298979727
"15106",-4.75785983571189,-0.282599979897251,0.101665933055204
"15107",-4.75365441050022,-0.283212714569952,0.102106323119601
"15108",-4.72662824018083,-0.281546224689286,0.0994288335104827
"15109",-4.7256865779728,-0.279148114386581,0.102167322924752
"15110",-4.73170222576963,-0.279492338955631,0.102570916892065
"15111",-4.7836788642141,-0.279933030301426,0.104836134054107
"15112",-4.86255693575699,-0.28739695227832,0.10855299180455
"15113",-4.90960301026257,-0.287679102731671,0.109393052712544
"15114",-4.87287507220528,-0.289720343873482,0.110132703806987
"15115",-4.84126416486342,-0.287417718345268,0.10868435332427
"15116",-4.83083896090819,-0.282828555203623,0.106576050784864
"15117",-4.84634813145848,-0.284032569090441,0.107378062327861
"15118",-4.8464745209283,-0.285400010089836,0.108111032043958
"15119",-4.87106992214517,-0.266293761270016,0.0870780659930872
"15120",-4.88808227942441,-0.271820340955659,0.0904939279652837
"15121",-4.90048685962883,-0.271392027946266,0.090290028843709
"15122",-4.85663574839675,-0.288563839620525,0.109413265739652
"15123",-4.82501438839663,-0.282642047829395,0.106540811013975
"15124",-4.83780166619563,-0.283769673740906,0.107338527840834
"15125",-4.83986487681965,-0.28351266290661,0.106941987517201
"15126",-4.88007300790155,-0.270112229289931,0.0893150133858859
"15127",-4.89722323022975,-0.286918518178461,0.108900951551347
"15128",-4.87023856956143,-0.289235674385654,0.109721962952298
"15129",-4.86045624449348,-0.284813694362844,0.107801047991066
"15130",-4.88049804229347,-0.283347080741191,0.1069159155012
"15131",-4.93570774782123,-0.27450557228568,0.0918305214806382
"15132",-4.89012544178987,-0.287720563806536,0.109841888402243
"15133",-4.86807176540034,-0.284924586898119,0.107719263982073
"15134",-4.88898705325374,-0.28380282915954,0.107254585582055
"15135",-4.85163076709799,-0.28145215375193,0.105848820583319
"15136",-4.77627169592972,-0.2800086408703,0.105105467343131
"15137",-4.73934920650168,-0.277485590120892,0.103574956980865
"15138",-4.78645301708523,-0.280039708137273,0.104908798708278
"15139",-4.86116270921438,-0.285262804735418,0.107969941196017
"15140",-4.87718896486597,-0.284689359858842,0.108027564099571
"15141",-4.80281481883499,-0.285013814933169,0.105675321376843
"15142",-4.74921130481722,-0.281173287928022,0.103780980093841
"15143",-4.74057533318141,-0.279581272731175,0.102392795916131
"15144",-4.87625221463065,-0.269499977304265,0.0890834735238807
"15145",-4.89254862522642,-0.263764453836878,0.08490686427738
"15146",-4.90704422548155,-0.284613915543672,0.107658787512991
"15147",-4.8507413675737,-0.284264484276628,0.107491227972412
"15148",-4.92734717453446,-0.266568771788828,0.0866236486903411
"15149",-4.91020472185696,-0.288602581772663,0.110058320837094
"15150",-4.90464918167948,-0.289047496859988,0.110244957800445
"15151",-4.93482475614825,-0.277130575198865,0.0936036365125895
"15152",-4.93798161339322,-0.277474479051275,0.0935588360060154
"15153",-4.88843947164796,-0.285033995209222,0.108312090073747
"15154",-4.83858489226845,-0.280979092896727,0.105682873715922
"15155",-4.80045943649758,-0.283625648745996,0.106461045988579
"15156",-4.7994289085362,-0.282109045708978,0.106019291551463
"15157",-4.74475321864825,-0.281328158117326,0.103632287130594
"15158",-4.74525317686746,-0.281316111232705,0.103621023709226
"15159",-4.75698591251709,-0.280163046191668,0.104616604340737
"15160",-4.77322604463099,-0.280686839741456,0.105566141252925
"15161",-4.81731454099691,-0.262813647627491,0.0855616614652313
"15162",-4.80168394079135,-0.278723015823811,0.10439582853293
"15163",-4.75537216743767,-0.275495879392759,0.102709383460498
"15164",-4.71652902124016,-0.279595102684333,0.103309128784513
"15165",-4.79473675109575,-0.280396187763997,0.105015716967355
"15166",-4.82383994822801,-0.282337380138469,0.106221978906779
"15167",-4.81407121860514,-0.282015894902853,0.10610127833638
"15168",-4.83116431406755,-0.280094330768798,0.105062189355546
"15169",-4.84027697915241,-0.284230972600565,0.107243378271107
"15170",-4.85663515968992,-0.278501948021098,0.103892458261182
"15171",-4.85131649578331,-0.286180072987426,0.108327294568431
"15172",-4.86090565079719,-0.284962664232928,0.107944311569018
"15173",-4.85696781241635,-0.287283775435518,0.108975617322084
"15174",-4.83795088134659,-0.287201225502429,0.108332093950913
"15175",-4.80673562509083,-0.285111664502434,0.107084784084702
"15176",-4.86176912268775,-0.290549537503354,0.109560643174421
"15177",-4.76837178177458,-0.282613623634056,0.104703334307191
"15178",-4.80056395862359,-0.285037162913008,0.106260910641941
"15179",-4.83060957929558,-0.286920733479826,0.108286940578633
"15180",-4.77878227301229,-0.28352400911017,0.105348255120596
"15181",-4.76225078746632,-0.281579577680901,0.10377370312881
"15182",-4.71450188061911,-0.278776524289536,0.0997778994973255
"15183",-4.7242052438042,-0.280882785347041,0.100622973137374
"15184",-4.74372003427296,-0.280390216875127,0.103141789563152
"15185",-4.76266614429185,-0.281553783315155,0.103775561675338
"15186",-4.80719378400255,-0.285050467694789,0.106074942879996
"15187",-4.80068267643414,-0.284640542710604,0.10585304114786
"15188",-4.79648844312536,-0.284213307556181,0.106594228694097
"15189",-4.80086444094532,-0.285534354786287,0.106736304017328
"15190",-4.80069314142212,-0.284359721958566,0.106745097878391
"15191",-4.80341695878021,-0.284978201649806,0.10725189175648
"15192",-4.83017276850969,-0.28347331520095,0.107227298401247
"15193",-4.85425496073751,-0.284878794018772,0.108020823127933
"15194",-4.85666329596016,-0.288543890027555,0.109300862040951
"15195",-4.88333361696622,-0.286803040295598,0.109175620901769
"15196",-4.90069467710539,-0.284316919431509,0.107511962102063
"15197",-4.78788523355321,-0.283811147086975,0.106488558740448
"15198",-4.74343504425969,-0.280683947314227,0.103449479788873
"15199",-4.73819571754372,-0.280257834910625,0.104282427731931
"15200",-4.72388071995538,-0.281051712969797,0.103627727471219
"15201",-4.72733864010055,-0.279240926609609,0.10342213086719
"15202",-4.81037252072831,-0.258922645352214,0.0821322890689529
"15203",-4.85160105948667,-0.272692565127599,0.0955029860985735
"15204",-4.83217462448808,-0.28385947468122,0.106982364354938
"15205",-4.82448766585036,-0.286977496301662,0.108071798325869
"15206",-4.8290763541406,-0.286662064385669,0.108102208638714
"15207",-4.8250199709237,-0.282408163313032,0.106280870747822
"15208",-4.81203456681052,-0.285421811341095,0.106991129951244
"15209",-4.7880600531948,-0.283814392648566,0.104492502958425
"15210",-4.76456093489973,-0.284010078719457,0.103210091882805
"15211",-4.72874122420351,-0.281508626087088,0.101076797076293
"15212",-4.70496846080192,-0.284184563347037,0.0949346239451929
"15213",-4.66553806817476,-0.280811759924822,0.0899528944049521
"15214",-4.69972221614228,-0.278267961729852,0.100117531293606
"15215",-4.67037147756549,-0.276383370658687,0.0966825684114309
"15216",-4.68900895837336,-0.276910408497479,0.0987776706278566
"15217",-4.72521188496543,-0.278941084512225,0.10216065419823
"15218",-4.83239728878725,-0.286423251233587,0.107954520850856
"15219",-4.84094149192481,-0.28509478982372,0.107498701847172
"15220",-4.84880264603032,-0.28649237972379,0.108656359214833
"15221",-4.82149544029662,-0.285708834093241,0.107409999323686
"15222",-4.83662395090709,-0.287185177425843,0.108244366618514
"15223",-4.75010320803289,-0.280541996589769,0.103084975701096
"15224",-4.72549625078275,-0.2794033088205,0.101611678743176
"15225",-4.75432899662445,-0.288078317027988,0.0974861550973739
"15226",-4.6973045963523,-0.278810836781925,0.0954032105421974
"15227",-4.67652660672676,-0.27613295500995,0.0798525543945884
"15228",-4.66855387992981,-0.278569769948242,0.0827695168561053
"15229",-4.63063521281317,-0.272558870920347,0.0958947441936731
"15230",-4.63402013741334,-0.274334052868453,0.0798370506208712
"15231",-4.67678829095458,-0.275821369786747,0.0993633342668302
"15232",-4.79882366128996,-0.280790406716656,0.105285195287242
"15233",-4.81203964419708,-0.283693600426928,0.106533327696754
"15234",-4.83227459492957,-0.285898723902075,0.107806399462684
"15235",-4.86732379444372,-0.289243702004356,0.109614262843577
"15236",-4.82444397358684,-0.286284963977301,0.105949229538627
"15237",-4.74202180379051,-0.284793494080955,0.0980640200353105
"15238",-4.68629409394514,-0.281127596828331,0.0847810698450767
"15239",-4.63455048524234,-0.270512091179614,0.0783925525655179
"15240",-4.62230327976702,-0.271486396873995,0.0773667195289589
"15241",-4.64590088119455,-0.273021866152428,0.077888128791821
"15242",-4.670526363864,-0.275753797221422,0.0977584904647088
"15243",-4.66542102881011,-0.278012373544086,0.0970792897842642
"15244",-4.6697439351154,-0.27578177867998,0.100141173643616
"15245",-4.72421857516758,-0.276674760258618,0.103140401597783
"15246",-4.77034365771488,-0.279170457526632,0.104428898745477
"15247",-4.7905556820955,-0.280884547936107,0.105608686261992
"15248",-4.78005386252307,-0.279692282550152,0.10469709486351
"15249",-4.81535819676252,-0.281416379505542,0.105471854630016
"15250",-4.71183683589093,-0.278802659246056,0.102465663327504
"15251",-4.74451113752031,-0.282310743304278,0.104288101206861
"15252",-4.72318949615544,-0.279354934996604,0.102700825808728
"15253",-4.76068755322319,-0.280653920676292,0.104713637324543
"15254",-4.7354735385417,-0.279697123291437,0.104124892207283
"15255",-4.71226337944638,-0.278214439010585,0.10298384460004
"15256",-4.70741371496594,-0.277284847831491,0.102656832794348
"15257",-4.67972691744081,-0.275159858768807,0.101760321793091
"15258",-4.66233799671796,-0.275041873522128,0.097659672100967
"15259",-4.68777144232126,-0.276740553102086,0.101058261288093
"15260",-4.76678397270985,-0.282321213194127,0.10533360867283
"15261",-4.7511552542355,-0.280233350240083,0.104394773652773
"15262",-4.68437509270677,-0.277046899478906,0.101447601234688
"15263",-4.65862025524954,-0.274691821846788,0.0997983581417976
"15264",-4.64569812031779,-0.273920890497517,0.0993834727578668
"15265",-4.65269873101502,-0.274582494556803,0.0975969020582774
"15266",-4.68296453746353,-0.276400160107675,0.100840862107935
"15267",-4.69297676449289,-0.278820937291635,0.0990324806950519
"15268",-4.67274655341102,-0.280619989904256,0.0847967893292251
"15269",-4.68639621266942,-0.276966591775384,0.100834194505116
"15270",-4.66655872628206,-0.274982499689694,0.0998161153407723
"15271",-4.7030958175698,-0.27800850103704,0.10210624182715
"15272",-4.70867077582191,-0.278708836352747,0.101991346362594
"15273",-4.73506290792961,-0.280269982661267,0.104165016919561
"15274",-4.77733752034578,-0.281211601785423,0.105274538089227
"15275",-4.80592658798661,-0.282888468960627,0.106206787183722
"15276",-4.8097576121993,-0.283110123558874,0.106330377441874
"15277",-4.7858329954265,-0.284785363931477,0.106613187052314
"15278",-4.75355949346366,-0.282175457562478,0.104870798509441
"15279",-4.74866642636951,-0.281219254099892,0.103875163080707
"15280",-4.74997133902059,-0.280890274446574,0.103481708026082
"15281",-4.74323392317204,-0.280241838552166,0.102958549007561
"15282",-4.70647691613611,-0.277983225964936,0.10175749191194
"15283",-4.67928279700765,-0.277277701647374,0.0983610221459019
"15284",-4.66436640657288,-0.27922079877724,0.0970205971804533
"15285",-4.62970092809908,-0.272895329853011,0.098332133453554
"15286",-4.67343806324247,-0.27558796447032,0.100057477773411
"15287",-4.73963123306422,-0.27719094650248,0.10322802838276
"15288",-4.77454573933154,-0.27951038133512,0.10469155069863
"15289",-4.80123465360178,-0.284550638391748,0.106951691592662
"15290",-4.76124692361141,-0.281174751096876,0.105232398426955
"15291",-4.73112074897147,-0.27692572353278,0.10294090998841
"15292",-4.72206112921907,-0.275869264351595,0.102237656432853
"15293",-4.69946837052555,-0.272923437323179,0.10072678749844
"15294",-4.70533002339577,-0.27806236334618,0.102691979728968
"15295",-4.70372049291055,-0.277238709227439,0.102598230066976
"15296",-4.69307996422211,-0.274761445071136,0.102014359378635
"15297",-4.73336715481325,-0.276858299185413,0.103016995067796
"15298",-4.7373907720384,-0.277185700828166,0.103289714942538
"15299",-4.79929833836394,-0.275767431239109,0.102560874186998
"15300",-4.768604028311,-0.282615040909314,0.105813427997446
"15301",-4.5700375959607,-0.2732940785028,0.0909393167318546
"15302",-4.54617046844022,-0.272524022249064,0.0879538238088244
"15303",-4.55414807973945,-0.269349992196214,0.0920671841625838
"15304",-4.66404254249847,-0.27494051798858,0.100592081833589
"15305",-4.72641935274004,-0.277365129519628,0.102291763444218
"15306",-4.7358079086562,-0.272264739752864,0.100559002608221
"15307",-4.77768991948751,-0.274486470927368,0.101911176468232
"15308",-4.76474083746594,-0.275342353371337,0.102207091851039
"15309",-4.65433846931754,-0.274669227681701,0.0999042716432033
"15310",-4.72067046432232,-0.277290762686112,0.102524611489453
"15311",-4.80747404764572,-0.283765090591509,0.106165945432374
"15312",-4.7196000018398,-0.27914269919914,0.102557679746663
"15313",-4.62457575686713,-0.276094574942837,0.0821803269041049
"15314",-4.58094704065072,-0.267416342540784,0.0774370899073369
"15315",-4.6037858689248,-0.269944736966835,0.0765275070670319
"15316",-4.60515019186028,-0.275603139185295,0.0887014705813861
"15317",-4.60240113363692,-0.27413890353178,0.0870586533593526
"15318",-4.58450881599918,-0.269387193008635,0.0954833023059421
"15319",-4.68964885413264,-0.274010718990391,0.10080976698191
"15320",-4.68286565263048,-0.275960212491945,0.100354186098862
"15321",-4.69633203560623,-0.277874987948456,0.0996546663365448
"15322",-4.68088707438956,-0.281589034173926,0.0855602419933657
"15323",-4.66421026613848,-0.275096320742685,0.0976900560808962
"15324",-4.66387219149294,-0.280509128379422,0.0869163044393907
"15325",-4.63654181228335,-0.276700042583217,0.0822705578909532
"15326",-4.62646694618484,-0.27610653321465,0.0820732633626859
"15327",-4.60331126149053,-0.274482286499243,0.0874707543224844
"15328",-4.58071822811523,-0.267379917921992,0.0747493345530333
"15329",-4.60934167767717,-0.273926322758547,0.0912761930177439
"15330",-4.5913501148384,-0.268570327055461,0.0756248839895932
"15331",-4.62563092814702,-0.275951950331242,0.0858528944732806
"15332",-4.6163835263746,-0.275204907816069,0.0944309373155058
"15333",-4.62620518637589,-0.27255012699387,0.0985132380166643
"15334",-4.63045694939477,-0.273239979435466,0.0969261247569367
"15335",-4.68316688759346,-0.275869813201472,0.100256069776641
"15336",-4.68087375900404,-0.276352955588572,0.0985492637702409
"15337",-4.68760990946689,-0.277590545776692,0.0836141397539145
"15338",-4.64354566296175,-0.272270165202428,0.0799332205787648
"15339",-4.62009676129634,-0.27052119735825,0.0774302145087682
"15340",-4.57390100190841,-0.267436775292396,0.0751981655302405
"15341",-4.59916184547956,-0.275601582178341,0.0889773644819984
"15342",-4.61595609949793,-0.271635330108748,0.0968695244861804
"15343",-4.65399113317149,-0.273831399568915,0.0990009232769813
"15344",-4.63787365219837,-0.27458924415586,0.0969250181018117
"15345",-4.58446644938986,-0.269785798898628,0.096063157408455
"15346",-4.5995232528176,-0.270797892766368,0.0975200535047645
"15347",-4.67953506332775,-0.273550861027868,0.101031204814218
"15348",-4.77565097845737,-0.278864820672563,0.103781137742419
"15349",-4.765900063522,-0.27997298493641,0.105035077506554
"15350",-4.76873930920451,-0.281005344181301,0.105010333029022
"15351",-4.76459913384918,-0.281772000053793,0.104949382540891
"15352",-4.63975968945084,-0.273552593654978,0.0991584981749402
"15353",-4.57177024701435,-0.269383310536093,0.0947979927346979
"15354",-4.58532390752992,-0.269847808984524,0.0969549428528558
"15355",-4.65555484863564,-0.273863401138968,0.100460164494638
"15356",-4.62790693194507,-0.272169603054902,0.0980511562390488
"15357",-4.63998849938871,-0.273748663225409,0.0993525220504336
"15358",-4.6570583475842,-0.274229044249166,0.100338620633204
"15359",-4.67545510864627,-0.276057011371684,0.100699874192165
"15360",-4.62065633868834,-0.272346909696774,0.096194242538163
"15361",-4.57901991915331,-0.272517139685094,0.0803989315709484
"15362",-4.57958212908394,-0.269423857730069,0.0945279629606021
"15363",-4.56839313909596,-0.268712782223299,0.0946083148697396
"15364",-4.60823722486549,-0.271059204292623,0.0973622559822479
"15365",-4.638690436391,-0.273420160623072,0.100074018346378
"15366",-4.6459438596284,-0.271957565934346,0.100391974184509
"15367",-4.67842664928444,-0.276426034396758,0.100932229104495
"15368",-4.66761586015626,-0.275566644473229,0.100429243829784
"15369",-4.6823498532587,-0.274077774791109,0.101495330172068
"15370",-4.66660857804477,-0.276910349976634,0.0984197069519648
"15371",-4.59916757196174,-0.276678518899094,0.0900889415700236
"15372",-4.52909724292974,-0.266473479530043,0.0763127596203992
"15373",-4.50087597939723,-0.2601172599792,0.0731759636436171
"15374",-4.51736379827427,-0.270279130483377,0.0857594180825187
"15375",-4.52681915168646,-0.269607668149909,0.0838728539034092
"15376",-4.50994584566842,-0.268445279867407,0.0862686426255898
"15377",-4.52477344721155,-0.266584084764011,0.0946062675949565
"15378",-4.565381818192,-0.269624345220147,0.0965271203061995
"15379",-4.54094764446997,-0.267015935808499,0.0953453645077882
"15380",-4.59223109056926,-0.270955547784608,0.0970189916832894
"15381",-4.5959079577796,-0.271566015184428,0.0975707644953601
"15382",-4.56259818664276,-0.26820591548935,0.0959133881753944
"15383",-4.56115561872417,-0.268228876088938,0.0959946642295312
"15384",-4.68235120524688,-0.277976471246468,0.101555489079309
"15385",-4.67315411836778,-0.267620712306951,0.0979409587029852
"15386",-4.66688299205167,-0.265987072386507,0.0963690023305526
"15387",-4.644970704875,-0.26664727744418,0.09619150017197
"15388",-4.67193636747164,-0.26603188128999,0.0962118161550968
"15389",-4.66083193791672,-0.268160862526879,0.098429816731298
"15390",-4.67878777595272,-0.276966881426573,0.101507262465457
"15391",-4.64349929149194,-0.274020545053069,0.0998025105355631
"15392",-4.65875309162317,-0.273210691369921,0.100302472238041
"15393",-4.67345348786046,-0.269871221540531,0.0993821623890855
"15394",-4.62933686823456,-0.266782791989231,0.0973481318254031
"15395",-4.60188222189069,-0.264795750184313,0.0957323996318779
"15396",-4.59854588632468,-0.265992293339948,0.0958551297222479
"15397",-4.62940896706824,-0.263149314565333,0.0944099701705478
"15398",-4.69201527819991,-0.256979876069601,0.0818277865428491
"15399",-4.74096745827765,-0.255998987567842,0.0808674478667405
"15400",-4.72463092591497,-0.272077946446988,0.100783062274621
"15401",-4.68100312077989,-0.278116258495606,0.101891899469024
"15402",-4.70976901452394,-0.274902835539405,0.101364624748422
"15403",-4.62323872986054,-0.265268528488698,0.095911418855827
"15404",-4.69779257647542,-0.255288152909908,0.0802038700089634
"15405",-4.66042959800724,-0.266023058896137,0.0965458317868378
"15406",-4.59399632287103,-0.267238136588079,0.0961615284755185
"15407",-4.55227043441703,-0.26482891240986,0.0949651478478119
"15408",-4.55817481034919,-0.265595557258549,0.0956359488835039
"15409",-4.57282498235001,-0.263280761715038,0.0952678737515492
"15410",-4.58040103214384,-0.266294127901452,0.0969307086115605
"15411",-4.60090143919694,-0.269019125462816,0.0985868003211702
"15412",-4.59539650851671,-0.27198725492733,0.0980405121868076
"15413",-4.6349827078289,-0.274745381979578,0.0996992921255979
"15414",-4.59638393527662,-0.270557370535759,0.0973566195238916
"15415",-4.58744929272198,-0.269999522071174,0.0970250008071212
"15416",-4.58268890083282,-0.270597024237558,0.0956415789903294
"15417",-4.59168365373716,-0.267321556563774,0.0972210219674157
"15418",-4.58025964073628,-0.267031636242636,0.0972711772511902
"15419",-4.58140773547631,-0.26978640405579,0.0956886084682185
"15420",-4.56117020331011,-0.26578962048059,0.0956790296891548
"15421",-4.53181769641482,-0.266171996492782,0.0931345491183754
"15422",-4.49991861703919,-0.26286400239401,0.092975736380445
"15423",-4.6255901795281,-0.263353221728762,0.0945505156095409
"15424",-4.6485846369296,-0.266885183145784,0.0963220169774903
"15425",-4.6643122908201,-0.26620318369242,0.0966706985226641
"15426",-4.66159069661377,-0.251343837735679,0.0784771518387182
"15427",-4.69858950567072,-0.251995151080932,0.0781718293769722
"15428",-4.70292647309014,-0.253771057034902,0.0795653309506617
"15429",-4.70124041277478,-0.27126444496499,0.0999173033434897
"15430",-4.69964594415307,-0.272028732474128,0.100254703619874
"15431",-4.6152545125959,-0.270391304565057,0.0988638588986575
"15432",-4.62299886091828,-0.272933639043316,0.098997534151909
"15433",-4.61474936451409,-0.269991768304592,0.0986619246729184
"15434",-4.57726642844013,-0.26963908721006,0.0948766056856689
"15435",-4.60453118345934,-0.271034611716904,0.0976613345746303
"15436",-4.61084515925643,-0.27141342960515,0.0978483325395931
"15437",-4.62121332484761,-0.27859331415568,0.0897547666720183
"15438",-4.57846762823721,-0.270513992185226,0.0782565679749231
"15439",-4.54832604941108,-0.270949538505445,0.0876933306087639
"15440",-4.54107727946925,-0.269965636155201,0.0832189309152112
"15441",-4.47266940241665,-0.262674352975525,0.0750369056706639
"15442",-4.47537744054068,-0.263785144193465,0.0909485671981088
"15443",-4.47879217519277,-0.263353829339103,0.0926494527422546
"15444",-4.56754806812242,-0.267111779374055,0.0970041948119567
"15445",-4.56053351763613,-0.266086158299956,0.0968678217167445
"15446",-4.61879555200386,-0.264195362963573,0.0957563254178584
"15447",-4.61463233853501,-0.263917453414962,0.0955550875007769
"15448",-4.65763391904333,-0.255012553497,0.0807414453354266
"15449",-4.64892520179592,-0.265947676862892,0.0960594125689916
"15450",-4.66399219642702,-0.248717010345559,0.0758980351926478
"15451",-4.69840852588539,-0.258009540310704,0.082214333861748
"15452",-4.62391054036806,-0.269408346357344,0.0985007364651464
"15453",-4.61737306377689,-0.272000835193958,0.0990905612219209
"15454",-4.57222202725735,-0.269884787550796,0.0953229946026958
"15455",-4.51278800608986,-0.265378067343742,0.0912361704056242
"15456",-4.50456447370957,-0.26624642422691,0.0903180949299542
"15457",-4.45962111417024,-0.263334686163176,0.08886743969458
"15458",-4.48233145256473,-0.261405369913263,0.0927316891000654
"15459",-4.47734071860981,-0.261983916399937,0.0930760602646339
"15460",-4.49218411245972,-0.260816488892875,0.0917269120355846
"15461",-4.53075778247382,-0.259401327592091,0.0929930015930758
"15462",-4.56970625938086,-0.261187496900649,0.0936977430670942
"15463",-4.51663859814074,-0.26266459691425,0.0949238103280168
"15464",-4.55430938050131,-0.264812289924587,0.0961267305528991
"15465",-4.56723731742815,-0.265396753022396,0.0963513052268923
"15466",-4.59790228052221,-0.269408840100961,0.0973370366005573
"15467",-4.5297995108264,-0.266848040145829,0.0935007530097992
"15468",-4.50926847448529,-0.265641446681574,0.092926822858259
"15469",-4.5044934612222,-0.264227237580691,0.0939018350828768
"15470",-4.55464319926697,-0.265461842511624,0.0958339604372265
"15471",-4.59194276231127,-0.26042047825966,0.0900387391770421
"15472",-4.55374574187854,-0.260103166414301,0.0921737266093228
"15473",-4.58916201609621,-0.244732419104652,0.0737046746905572
"15474",-4.61642988346919,-0.262055680215312,0.0935739103490314
"15475",-4.61947846215308,-0.267948755654884,0.0975732557425569
"15476",-4.70637229271173,-0.272617266391282,0.100196388567461
"15477",-4.71109414053037,-0.278079997873157,0.102769891851201
"15478",-4.63818153788254,-0.274442054088558,0.0982472117389997
"15479",-4.55428187634825,-0.27167216058722,0.0845017836161408
"15480",-4.49932460573129,-0.266489992223934,0.0813097930525388
"15481",-4.49641723748769,-0.266952885387905,0.0858338497104403
"15482",-4.53990106601252,-0.26712682275804,0.0946212585620532
"15483",-4.62238386185925,-0.269942476684744,0.0983057078250509
"15484",-4.59705452365314,-0.270044158663811,0.0981852496549154
"15485",-4.54850764110354,-0.271644452702468,0.0879230670745126
"15486",-4.5711173907911,-0.267308941500403,0.0970135325174269
"15487",-4.55977952748691,-0.266361809529739,0.0963914590044404
"15488",-4.55504530183206,-0.266183999387569,0.0963450918937142
"15489",-4.59332811454203,-0.264148987822475,0.0949386708798154
"15490",-4.6328243110071,-0.24875349160699,0.0766174655574239
"15491",-4.60625601531264,-0.264065931189566,0.0956566279535487
"15492",-4.59456296699578,-0.263349599122489,0.0925004392011178
"15493",-4.52460658433204,-0.264595648829799,0.0924771830982825
"15494",-4.50851010792611,-0.268710627862198,0.0837344710247347
"15495",-4.48598324986192,-0.262099392922471,0.0914170248926226
"15496",-4.47027244843872,-0.259795329487676,0.0699759187723217
"15497",-4.47038153508804,-0.259880944728785,0.07189663175039
"15498",-4.52717927036422,-0.266383216130508,0.0941974460398384
"15499",-4.60635758957692,-0.270881261824319,0.0980412464051501
"15500",-4.61056795235569,-0.270434771009375,0.0985919186117366
"15501",-4.62055921616545,-0.271210531606183,0.0981509162997397
"15502",-4.56328806394425,-0.273021485698612,0.0862791129655464
"15503",-4.55846079011786,-0.267853949198761,0.095711724471371
"15504",-4.59161866352336,-0.270102831701477,0.0954666512483168
"15505",-4.54672573603409,-0.262483461219102,0.0944719936744478
"15506",-4.63188318283248,-0.26637624430374,0.0965145527415487
"15507",-4.65644029673548,-0.264940101584736,0.0953535340710618
"15508",-4.54810093219699,-0.263479963780443,0.0935370944489458
"15509",-4.4817272768194,-0.261532915203988,0.0936026940912614
"15510",-4.52766049969723,-0.263562165730633,0.0943460468136432
"15511",-4.48959903974908,-0.262213094674426,0.0940390913701982
"15512",-4.52859759703476,-0.264738869120543,0.09561819217584
"15513",-4.55761025024794,-0.263777190294737,0.0950939254185135
"15514",-4.55677186845465,-0.263538812045512,0.0946827797230412
"15515",-4.52358425451854,-0.2635007336352,0.094533344916572
"15516",-4.49955340322844,-0.263789191426091,0.0920111232088417
"15517",-4.51139200507892,-0.264474695908578,0.093596814551628
"15518",-4.52002592075228,-0.264637595753804,0.0914577047780124
"15519",-4.50608192052217,-0.265604092310728,0.08953685372667
"15520",-4.57528186808435,-0.266792756133516,0.095718855175686
"15521",-4.56629298665586,-0.264216940527245,0.09367548072852
"15522",-4.4817647576735,-0.261361111779463,0.0907944821318447
"15523",-4.41143802135485,-0.25736221968006,0.0888541561764359
"15524",-4.40901313654831,-0.254581072228146,0.0890772944698452
"15525",-4.49205245226411,-0.258226631764046,0.091512979424742
"15526",-4.52227166805,-0.263242455551033,0.0941708607263718
"15527",-4.51129201477655,-0.263862523618502,0.0907870313874056
"15528",-4.49412642270302,-0.262319551212068,0.0715254743840929
"15529",-4.41795097119119,-0.254450764821032,0.0666851898515637
"15530",-4.40739771931119,-0.253226924091362,0.0658281603142674
"15531",-4.4322500403992,-0.261888250021921,0.0797302122880611
"15532",-4.42235589841207,-0.257212404259472,0.0694473280619938
"15533",-4.43052009053363,-0.254806642317614,0.0664530280616821
"15534",-4.41414523221057,-0.253494476724889,0.0702484241488477
"15535",-4.46201643010544,-0.260495200729406,0.0711228533969658
"15536",-4.45677123186544,-0.258261200521296,0.0731928843836668
"15537",-4.41338275243769,-0.254305645765977,0.071043434637809
"15538",-4.45937503012238,-0.258838311000466,0.0700159617741887
"15539",-4.46059135359336,-0.260214967260945,0.0708659422373697
"15540",-4.46770816516668,-0.263257662085008,0.079554858023362
"15541",-4.45667409098428,-0.26185617439928,0.0748233470477188
"15542",-4.46532059482609,-0.265452619017597,0.0821352208178104
"15543",-4.46187356310867,-0.263210136116351,0.0797594278593212
"15544",-4.46813231088587,-0.266075883398196,0.0826939462849645
"15545",-4.44555124207112,-0.261565087938791,0.0787446632294782
"15546",-4.38154320389308,-0.252753710664274,0.0665749227737782
"15547",-4.36842064205483,-0.249202552652183,0.0676292598954455
"15548",-4.37209975992097,-0.246954994484402,0.0651482571469688
"15549",-4.34581605828361,-0.235841345883148,0.0595124217325782
"15550",-4.37363881128159,-0.24483257850738,0.0628115523509099
"15551",-4.45272846769436,-0.260115133426758,0.0711580084562439
"15552",-4.44893962913374,-0.260462414234282,0.077235553490478
"15553",-4.42553466388553,-0.260764629874823,0.0787904993224477
"15554",-4.46117994979911,-0.265438060914484,0.0822920701435415
"15555",-4.48533318755395,-0.261386633838679,0.091973039386979
"15556",-4.40316648783136,-0.250651341382408,0.0845620824124218
"15557",-4.46079570594472,-0.253148981984903,0.0884840519571611
"15558",-4.45062448033783,-0.257743035269012,0.0914142840357692
"15559",-4.4957112409437,-0.262013599077504,0.0939993416744883
"15560",-4.51837456143873,-0.263343839360426,0.091525984230314
"15561",-4.51877497792456,-0.267741714449494,0.0818320045779029
"15562",-4.37931680440282,-0.245075492042484,0.0627227758471512
"15563",-4.31439248228415,-0.240521074869223,0.0607573656873812
"15564",-4.3058751873099,-0.241794232055786,0.0624872087399162
"15565",-4.35635570884707,-0.250599269737778,0.0654317675253604
"15566",-4.40001235477693,-0.258001657046605,0.0827425426521683
"15567",-4.38817459930779,-0.251339455511099,0.0688781496333965
"15568",-4.41442603965954,-0.254973138496511,0.0714303390050589
"15569",-4.44607413029749,-0.263654901416696,0.0809892647355788
"15570",-4.43288688594603,-0.26253785516495,0.0804111086697969
"15571",-4.4389401556832,-0.260585983013535,0.0904912934382582
"15572",-4.46096178922919,-0.259978038564173,0.0917305592409846
"15573",-4.47527623094367,-0.263600243961204,0.0888891316789933
"15574",-4.50237265684646,-0.268710992293563,0.0865130418935106
"15575",-4.47435195272653,-0.261344735861814,0.0755683018707775
"15576",-4.35188062487624,-0.245083295731129,0.0640381740314679
"15577",-4.39468104189723,-0.253193024919627,0.0664128727840746
"15578",-4.38416587061606,-0.250367647794072,0.0677914532373275
"15579",-4.34705367865378,-0.245384485967843,0.0645273745738221
"15580",-4.42624413020026,-0.256155824462263,0.0680635854776298
"15581",-4.44524352218845,-0.262857149876649,0.0867897353251589
"15582",-4.41959176443197,-0.260453327772017,0.0855902292663285
"15583",-4.38536167820409,-0.258038297141777,0.077625818916771
"15584",-4.38914219802187,-0.254480902540647,0.0893198388991435
"15585",-4.46892770216526,-0.259166027241037,0.0926030853422131
"15586",-4.56965383126413,-0.260151869579281,0.0927811557789132
"15587",-4.57149286587812,-0.26177909016186,0.0943993403081691
"15588",-4.50794373447478,-0.261848568958947,0.093098452854177
"15589",-4.46564379144719,-0.259814502374921,0.0923139389772604
"15590",-4.38853359349203,-0.254725878389884,0.0896216437752754
"15591",-4.42457538967782,-0.2589630182203,0.0895340882429696
"15592",-4.44724091119313,-0.255027293512844,0.0893578685629556
"15593",-4.43220786967965,-0.253191295093296,0.0891530398269688
"15594",-4.45120672976575,-0.256791911671686,0.0904642124281824
"15595",-4.47383839744148,-0.254942274261626,0.0896092775391174
"15596",-4.45038387017703,-0.256967290849193,0.0906628667516199
"15597",-4.44729830026616,-0.254715166066932,0.0896794286341296
"15598",-4.44933415659682,-0.253096480026749,0.0886739688719869
"15599",-4.46470417413757,-0.257882219368865,0.0909053589118155
"15600",-4.49809175171792,-0.261166590784001,0.0932143830176538
"15601",-4.53442688283952,-0.261423910885159,0.0938962598396909
"15602",-4.54787943083218,-0.264256305485293,0.0945068490530377
"15603",-4.45085203330676,-0.25990543305313,0.0899686555481982
"15604",-4.43570169215307,-0.258872038752013,0.0914759364776793
"15605",-4.46248497044816,-0.260267887864033,0.0928346872586213
"15606",-4.42463112855215,-0.257701446126197,0.0911352416571125
"15607",-4.46341195396976,-0.261171467730265,0.0921054520529023
"15608",-4.41667732352026,-0.257725696048094,0.0878694353917906
"15609",-4.462789436099,-0.254403060072048,0.0891692541195418
"15610",-4.51165925978497,-0.256799622041849,0.0909368021868634
"15611",-4.49268305467075,-0.25477628901168,0.0869422669776234
"15612",-4.44256661235711,-0.253470983545179,0.0887071205117403
"15613",-4.42005131909966,-0.254188904840736,0.0878338691721966
"15614",-4.4017373574654,-0.250704185748965,0.0873488493960744
"15615",-4.39153662273042,-0.250371076177691,0.0873481481023342
"15616",-4.50016069313915,-0.248307292469299,0.0810246887917394
"15617",-4.49258203568609,-0.251222210972603,0.0854308675363653
"15618",-4.48955601402434,-0.256962112135775,0.0911156609751578
"15619",-4.5027106027333,-0.260096266915659,0.092995743983194
"15620",-4.45857940084785,-0.259088907023245,0.0920319006211394
"15621",-4.42227623303597,-0.257418524294521,0.0706232647722353
"15622",-4.36450982510044,-0.252468746003018,0.069170493387911
"15623",-4.34812437468474,-0.254669818606363,0.0756087550815251
"15624",-4.37549704329027,-0.254688554187372,0.0878896983571493
"15625",-4.43654576532551,-0.254055570455213,0.0898327245081798
"15626",-4.4283183220164,-0.256714854941991,0.091142659653331
"15627",-4.42457607330471,-0.258230932081158,0.0897263279606849
"15628",-4.42626486626809,-0.257643905173378,0.0911232173217206
"15629",-4.40863492050772,-0.256537492311224,0.087808933108164
"15630",-4.37184283234451,-0.254429510699232,0.0867823166390303
"15631",-4.36461787929182,-0.251980495411622,0.0882049075550813
"15632",-4.40821161095171,-0.25466124720831,0.0898533029373321
"15633",-4.4154423175247,-0.256133237451941,0.0901769842515816
"15634",-4.40494077070927,-0.255674360429394,0.0835720385981162
"15635",-4.37466512604975,-0.256460274882143,0.0791413962514819
"15636",-4.38999981855838,-0.256353732346663,0.0885678341123192
"15637",-4.43589344341777,-0.256141595988615,0.0898827502886323
"15638",-4.46775094572112,-0.255624976020941,0.0904757661669541
"15639",-4.52600883719972,-0.259674431442559,0.0922468382789717
"15640",-4.45323703638877,-0.260207282395768,0.0917454350795029
"15641",-4.40846346850823,-0.259467749882849,0.0852164847756703
"15642",-4.41064511142241,-0.261070818872231,0.0817793979661283
"15643",-4.37731504031976,-0.255123545075494,0.0868130834911034
"15644",-4.41427295999228,-0.256886163616986,0.0890805374530074
"15645",-4.428214604024,-0.256876756906661,0.0906613124506339
"15646",-4.39833176971361,-0.254436037035935,0.0889686120486781
"15647",-4.48202876308616,-0.255643648218514,0.0901998159270297
"15648",-4.54059433820056,-0.258640522308985,0.0896094017638554
"15649",-4.44826739667843,-0.257237327377289,0.0914658685417949
"15650",-4.42814644243711,-0.259226778874447,0.0906845160522753
"15651",-4.41837147127266,-0.259435308211852,0.0882331327287643
"15652",-4.42670321607214,-0.257192015585758,0.087887480768185
"15653",-4.41434347259062,-0.257956796730647,0.0902822476804481
"15654",-4.37585907529926,-0.255115874690798,0.0884441877704567
"15655",-4.39079585162097,-0.255116739479357,0.0894437998305919
"15656",-4.39407323836594,-0.254769688721705,0.0895180828259912
"15657",-4.47214456620994,-0.258652732362428,0.0919274552156412
"15658",-4.4895651542957,-0.251371507081717,0.0845342245844199
"15659",-4.49552567288087,-0.255585598382328,0.0889791551407572
"15660",-4.47597686595675,-0.249843926802594,0.0811625163351783
"15661",-4.43497890371492,-0.254010873173949,0.0865186128568938
"15662",-4.38674001437056,-0.25583109700575,0.0871661637959587
"15663",-4.30259099198488,-0.248879080522086,0.0739923544870994
"15664",-4.28601549015132,-0.233616890410821,0.0469792789639307
"15665",-4.31203938811166,-0.248574326170956,0.0822299032528861
"15666",-4.34319046684287,-0.249672829645976,0.0822626216802219
"15667",-4.36061715311837,-0.249326825846879,0.0865917540819762
"15668",-4.39903638083103,-0.251283993032691,0.0876965311603432
"15669",-4.46807580103005,-0.249103831948393,0.0839891131664675
"15670",-4.48370970060734,-0.250711078410174,0.083969509249204
"15671",-4.42334503719367,-0.246665406574121,0.0788579139905519
"15672",-4.39885525327512,-0.251216409427266,0.0856763099557712
"15673",-4.36656752600888,-0.252079931069579,0.0837661113363671
"15674",-4.35860711181205,-0.253168589317164,0.0852925896181848
"15675",-4.35901484965891,-0.25253264364189,0.0848964027780608
"15676",-4.35480324886786,-0.252014245863484,0.0844749458400984
"15677",-4.38280834549544,-0.25274381899298,0.0850881965958628
"15678",-4.33244230028112,-0.249167243436321,0.0811611113379674
"15679",-4.34654625141457,-0.248054046420757,0.084264790167178
"15680",-4.34557555474976,-0.248620018735748,0.0849256298545889
"15681",-4.34715517625365,-0.248452479976711,0.0846581095676181
"15682",-4.34636787628549,-0.248220711212945,0.0834892742030437
"15683",-4.35943760367376,-0.247617604422361,0.0854585318710188
"15684",-4.38372623618199,-0.244073715322858,0.0776458915875831
"15685",-4.4199744124086,-0.245120620493235,0.079953071687473
"15686",-4.44877709313591,-0.249590914880604,0.0850425142064379
"15687",-4.44270010951529,-0.251098464169052,0.0867865037650757
"15688",-4.50534791579319,-0.254399002414198,0.0885515928405083
"15689",-4.43834419118775,-0.248012670687856,0.0803028940623096
"15690",-4.40751079946183,-0.250686898658569,0.0851990057512567
"15691",-4.39084703198514,-0.249223000771484,0.0859498073185973
"15692",-4.45815965007746,-0.24925358845046,0.0843115671427892
"15693",-4.51460785964028,-0.239307235615984,0.0699159595787354
"15694",-4.5642746135496,-0.239771166099635,0.0680318313035141
"15695",-4.50467587480116,-0.253914890431,0.0880803134439804
"15696",-4.43779860005116,-0.255773884493194,0.0882224594732539
"15697",-4.42475364526008,-0.254379003856797,0.0874733616903846
"15698",-4.44159682720983,-0.253946204132044,0.0893701206414619
"15699",-4.45538362004904,-0.25326391678133,0.0886422517293316
"15700",-4.40521074074252,-0.254034517189267,0.0888731714119648
"15701",-4.40569805327506,-0.255621562081796,0.086269115737693
"15702",-4.37977318470503,-0.253279668900234,0.0849156756709591
"15703",-4.39102259033875,-0.252073839095723,0.0869172889330464
"15704",-4.41505242435542,-0.24526628976395,0.0785617484934998
"15705",-4.38837571874223,-0.248291079851873,0.0848089587462604
"15706",-4.34395074504663,-0.245854729824949,0.0836821133289716
"15707",-4.35269710613644,-0.246797592385687,0.0841582215441199
"15708",-4.39296073264234,-0.247639221780273,0.0844390349689404
"15709",-4.41220714035345,-0.257526872290919,0.0898977982707426
"15710",-4.37530377165048,-0.25749652831915,0.0774619828730068
"15711",-4.36873408980089,-0.253107252939409,0.0686043590901093
"15712",-4.29790250492669,-0.240187015897084,0.0609627220166292
"15713",-4.30691758201661,-0.244917349686321,0.0616802408839614
"15714",-4.32163066362793,-0.251134914184895,0.0725086606797193
"15715",-4.33247225356786,-0.252725027742525,0.0827007336326625
"15716",-4.36347732638646,-0.253517745941103,0.0731725990649253
"15717",-4.36513455670794,-0.253046880179654,0.0725310877328513
"15718",-4.34997176345053,-0.247308311654751,0.0622007582775807
"15719",-4.33657830086137,-0.245713069772828,0.0594502004542737
"15720",-4.33680511843608,-0.237928206133294,0.0489099738845084
"15721",-4.25710846425023,-0.231316742708976,0.0581475391896151
"15722",-4.21570399056942,-0.222866255648952,0.0503192411847327
"15723",-4.2120260406446,-0.225142743625111,0.0500396435311347
"15724",-4.22387226475865,-0.230697628821926,0.0558571436513835
"15725",-4.28931510634793,-0.231622090380268,0.0444428745816199
"15726",-4.33015019452524,-0.251918445084568,0.0789605671163285
"15727",-4.35818737192027,-0.255050291092948,0.0844029726708049
"15728",-4.3946911229898,-0.257695270572749,0.0875471672490062
"15729",-4.40914751655751,-0.260110834632213,0.0787681273969437
"15730",-4.37727413312247,-0.256818262702138,0.0766394856199482
"15731",-4.38085566538966,-0.254294783912441,0.0878757882861412
"15732",-4.38183256445502,-0.252978753088076,0.0889883767417277
"15733",-4.34832152769006,-0.253377627718227,0.0867946469503773
"15734",-4.37613582823861,-0.256790121737693,0.076615180134005
"15735",-4.34617337706835,-0.246086923559069,0.060947142087034
"15736",-4.28616326379002,-0.22987425265291,0.0554032772850242
"15737",-4.25214680156509,-0.231998805358145,0.0591374181720851
"15738",-4.27665483946621,-0.235823473272974,0.0571599255169369
"15739",-4.2994683419057,-0.245481794092726,0.0704077750262647
"15740",-4.30817678647612,-0.250443495143418,0.0832159114329025
"15741",-4.37024218162586,-0.251526899766839,0.0875168558120751
"15742",-4.33698768500628,-0.252018488480334,0.0850318490289508
"15743",-4.34759464116916,-0.251982220552614,0.0842054863868921
"15744",-4.30802467436021,-0.242672139282269,0.058963849214025
"15745",-4.24587083317966,-0.235343292787608,0.0581614645630405
"15746",-4.2564088039575,-0.236378831035568,0.0585065496170771
"15747",-4.26217560251334,-0.245014693761377,0.070784458694221
"15748",-4.30216642864845,-0.249427761062416,0.0775959965372453
"15749",-4.31224175701383,-0.249622034986471,0.0864684766179846
"15750",-4.33062951522487,-0.251305862135634,0.0856898961817981
"15751",-4.31182951526086,-0.249210939773926,0.0858003545745187
"15752",-4.32510285003215,-0.249695445381686,0.0868687708478428
"15753",-4.33588168438926,-0.249893922392523,0.0870044440229883
"15754",-4.31334313539025,-0.249940438301628,0.0833341197324511
"15755",-4.30945022915694,-0.248593828245349,0.086344426686052
"15756",-4.34630347865135,-0.252281594169663,0.0846704194708464
"15757",-4.34993039822802,-0.252265146074361,0.0876008515611278
"15758",-4.31090736472992,-0.247693012286053,0.0678560730092854
"15759",-4.25693018610341,-0.239079015456115,0.0578086208409885
"15760",-4.22399003575436,-0.234721447354802,0.0546318372207005
"15761",-4.26471626197916,-0.244186887742064,0.0706127987469803
"15762",-4.28653100830969,-0.247484352858706,0.0759296908936974
"15763",-4.31927631703896,-0.249929701553552,0.0773983048577899
"15764",-4.28750739098576,-0.248058754178889,0.0696016696956872
"15765",-4.20827007050061,-0.22936441423935,0.0579904173834206
"15766",-4.20491897420748,-0.229412515145296,0.0581961217476888
"15767",-4.28421752984549,-0.23342088028042,0.0466248695578599
"15768",-4.26316041994981,-0.238354716327814,0.060340993756324
"15769",-4.29508660522027,-0.2457712879413,0.0660890539611485
"15770",-4.29438740558973,-0.24808446537251,0.069718089992634
"15771",-4.28286575096369,-0.23331216316019,0.046631541818907
"15772",-4.30350223522852,-0.250707936978428,0.077961780409333
"15773",-4.28495453059171,-0.248025174827115,0.0821194258738185
"15774",-4.28372323821468,-0.248611145421828,0.0722337990350657
"15775",-4.27453883651877,-0.242315378747482,0.0630470969375516
"15776",-4.30640294633267,-0.248221608740214,0.0831209816065649
"15777",-4.32318697905519,-0.250724658414432,0.0832994343213011
"15778",-4.31478679406291,-0.251065418410655,0.0836385233633259
"15779",-4.31280845651808,-0.248384470816872,0.0660453398242599
"15780",-4.31208849212892,-0.251230038148429,0.0747099298150992
"15781",-4.31601271788271,-0.248158229535051,0.0801366958732209
"15782",-4.27803476474274,-0.24734201889697,0.0748537439454863
"15783",-4.21183656886466,-0.233503342896592,0.0539942076188752
"15784",-4.23346229374057,-0.227481202751474,0.0428428141875868
"15785",-4.20981548729315,-0.241428853211319,0.0726190365827415
"15786",-4.2479287890479,-0.242975194191606,0.082354530741533
"15787",-4.2701327594217,-0.244625549453509,0.0834504120642598
"15788",-4.27557607376873,-0.244807618364163,0.0830197748162325
"15789",-4.32293556319477,-0.249587572858227,0.0825223331257589
"15790",-4.28555684523726,-0.248707234471804,0.0821389760697662
"15791",-4.26862057446963,-0.229844743965742,0.0427696836223481
"15792",-4.21526199845596,-0.234234593894505,0.0582735737468728
"15793",-4.17210979408392,-0.228742164390241,0.0544170831594425
"15794",-4.23475330811683,-0.229011230346573,0.0443764135638053
"15795",-4.27248049190131,-0.245467566559453,0.0772083120246803
"15796",-4.27588302507583,-0.246338216667063,0.0801236834764174
"15797",-4.25702996161147,-0.245525838677537,0.0751694056746494
"15798",-4.25101923928746,-0.243105061613422,0.077610406851248
"15799",-4.22700830858246,-0.240842269395021,0.0649036919616877
"15800",-4.23786403595332,-0.229777127762178,0.0451391067760765
"15801",-4.27354351954242,-0.24576085963876,0.0813125554050696
"15802",-4.27504105583772,-0.246656892966331,0.0811053663981733
"15803",-4.24298425055512,-0.243995740542227,0.0793389329221863
"15804",-4.21441132115141,-0.242337799219027,0.0785646838842431
"15805",-4.26444482536906,-0.245786617131915,0.0816517406580894
"15806",-4.26774226933931,-0.246486839539881,0.0842556266346393
"15807",-4.3175809509434,-0.247888975311,0.0845578792790295
"15808",-4.35656272898171,-0.25143763913923,0.0872129581821662
"15809",-4.35471669696625,-0.252612273756959,0.0884056288461617
"15810",-4.40115706035988,-0.253907733407059,0.0877723818731533
"15811",-4.11791374832988,-0.223164533110288,0.0507438231467905
"15812",-4.1096009104183,-0.219656468890316,0.052297767994687
"15813",-4.2361751899608,-0.23446477108108,0.0712754786958057
"15814",-4.25460719908719,-0.244971937004964,0.0745591354382343
"15815",-4.27697945132821,-0.245899498813554,0.0746263890393469
"15816",-4.25877913506387,-0.228833753851025,0.0429576429891333
"15817",-4.27458087636927,-0.246051598704848,0.0804586415222353
"15818",-4.29729197640386,-0.243234869719074,0.0747179453087545
"15819",-4.21711156840188,-0.240276254585607,0.0756997338753725
"15820",-4.21797230726519,-0.240796142743581,0.0733135443806241
"15821",-4.22242340078011,-0.23918210769741,0.0620869151278648
"15822",-4.29204292058066,-0.246202868512002,0.082581843448923
"15823",-4.35773659092034,-0.250030900954302,0.0861025108224617
"15824",-4.3523639500522,-0.247541442321709,0.0835382651359981
"15825",-4.35366587336607,-0.245893171920151,0.0830587703840227
"15826",-4.35170411320753,-0.239955430580929,0.0749228730923771
"15827",-4.25491353024092,-0.241240894868052,0.0751534623384803
"15828",-4.20398236794232,-0.239207936649151,0.0762720677286933
"15829",-4.19782777182122,-0.236667755797136,0.0766991058761579
"15830",-4.19406163260691,-0.238689184355944,0.079382390802084
"15831",-4.22804855510476,-0.240663148322737,0.0805652334611532
"15832",-4.21377358958599,-0.240246851223892,0.0800138893709482
"15833",-4.24525349994546,-0.244927137444237,0.0801538976173923
"15834",-4.2464432131408,-0.243702371195316,0.0667482146281022
"15835",-4.28329455265166,-0.246927284311885,0.0803156478098043
"15836",-4.27003009447085,-0.247505166080814,0.0758491398575285
"15837",-4.25064275510173,-0.245692182619346,0.0746658684991411
"15838",-4.24917981619418,-0.244530545529837,0.0675374168953894
"15839",-4.25836529898057,-0.231094061126288,0.0444117880817294
"15840",-4.21293093437157,-0.233092497252957,0.0534838459000404
"15841",-4.15368757799403,-0.225606629634328,0.0563088275367206
"15842",-4.14223292276386,-0.223103877622576,0.0441810849621976
"15843",-4.1616374469184,-0.232738003475622,0.0637253420443277
"15844",-4.13523675086037,-0.231353690685753,0.0692776613028733
"15845",-4.18936621659526,-0.234350326273791,0.0730811627255607
"15846",-4.22343365580802,-0.23672030984748,0.0754859734871068
"15847",-4.31102666931097,-0.243030353346788,0.0810598560817243
"15848",-4.32250575770904,-0.249459740395398,0.0865213869579638
"15849",-4.35748457732656,-0.253109695877368,0.0851549785512246
"15850",-4.29864216958422,-0.232102796237605,0.044590038876727
"15851",-4.28080493120582,-0.234735415997243,0.0482848259579441
"15852",-4.26646272218714,-0.231865897722701,0.0455179518605092
"15853",-4.23254683778734,-0.22737625215924,0.0427360070859032
"15854",-4.23044197627793,-0.239875768649713,0.0756529796445345
"15855",-4.2226769833276,-0.23987157424417,0.072961977014912
"15856",-4.21961987693685,-0.241656848231625,0.0817103407710813
"15857",-4.24081831885983,-0.243544338375119,0.0829998893031442
"15858",-4.27335602635988,-0.246413389015082,0.084718881442686
"15859",-4.29645252552608,-0.248450208762186,0.0834499161664069
"15860",-4.30283951074704,-0.249349319717148,0.0822114857626488
"15861",-4.30901591325818,-0.249019954608388,0.0787435135408983
"15862",-4.27928868460875,-0.230012313924948,0.0678757964692479
"15863",-4.25977751363767,-0.230098684191752,0.0688595802101491
"15864",-4.28044427198517,-0.230605310920417,0.0684674542958904
"15865",-4.28620770578694,-0.241026982609623,0.0793962785059608
"15866",-4.23709066235873,-0.240575646929002,0.0788300187806091
"15867",-4.23799680980371,-0.244149713917302,0.0808133965614966
"15868",-4.2171771849593,-0.241294331052415,0.0654831861279863
"15869",-4.19939509481918,-0.231143279340893,0.0514083381191248
"15870",-4.15574283485136,-0.230624124979157,0.0533762353352495
"15871",-4.13555747436497,-0.234494718496702,0.0743707169648963
"15872",-4.14858763546007,-0.234722820992388,0.0730784385098878
"15873",-4.1955712136527,-0.239114602190128,0.079753768937987
"15874",-4.26469247985163,-0.241892835089418,0.0813582745411277
"15875",-4.30169732208067,-0.24468496160293,0.0837895534075719
"15876",-4.30827592959633,-0.246493052686225,0.0837240673388384
"15877",-4.28932633546495,-0.244444508403644,0.080611347986207
"15878",-4.21013002744473,-0.241187177551382,0.0774439954140966
"15879",-4.16128066306427,-0.235243421782935,0.0662082825031687
"15880",-4.15171275918148,-0.234684375331139,0.0713589157984853
"15881",-4.11436595654153,-0.225933203985942,0.0503439878329125
"15882",-4.13519353382283,-0.233833504389276,0.0707072962267331
"15883",-4.14369423882487,-0.236728273685019,0.0788494368821851
"15884",-4.1722012344066,-0.237340052433783,0.0795552762862073
"15885",-4.16653755532249,-0.237514206529944,0.0786406227959061
"15886",-4.25697637725709,-0.229228569285312,0.0670152871312414
"15887",-4.28961555692816,-0.233323468058103,0.0707345316436599
"15888",-4.26099317786488,-0.232823605914544,0.0699691814880016
"15889",-4.22130628571408,-0.237276081010853,0.0771071721651917
"15890",-4.24420608593742,-0.2294982919417,0.0683091402744252
"15891",-4.28558168541013,-0.240839277832691,0.0792137860497669
"15892",-4.2157306342372,-0.238669573416288,0.0798863878329948
"15893",-4.23487287392434,-0.239322823100209,0.0778217823092572
"15894",-4.19531845862925,-0.239680735306914,0.0729388420230154
"15895",-4.19351995507098,-0.23876999063353,0.0703053959340739
"15896",-4.18747341366727,-0.237417131460434,0.0692171983933172
"15897",-4.14252160986749,-0.216077386458895,0.0352603550990553
"15898",-4.16926355723154,-0.237779663853537,0.067936125843192
"15899",-4.21116638984958,-0.240249125189329,0.0800785875123753
"15900",-4.21793712911949,-0.241205431956985,0.080957500236003
"15901",-4.26509681917589,-0.242173848904083,0.082114282466938
"15902",-4.317631002537,-0.236914368240448,0.0729730006000853
"15903",-4.32761993415348,-0.244478483978573,0.0818388891845794
"15904",-4.31957460808761,-0.237619869578366,0.0734302005274921
"15905",-4.25127612379089,-0.24140636012887,0.0801433508652047
"15906",-4.19734739533703,-0.238546420692266,0.0755333354314577
"15907",-4.20916293401897,-0.241599154502279,0.0774062987972531
"15908",-4.22206385314311,-0.242032624607768,0.0777444723756986
"15909",-4.2582156914221,-0.244493040391214,0.0836971760057486
"15910",-4.23311450784226,-0.242701543494657,0.0729744950742255
"15911",-4.16263021344456,-0.22857816537881,0.0509539865640652
"15912",-4.18690584275638,-0.225479038935501,0.0429977203409843
"15913",-4.16883887452261,-0.237788949285118,0.0787348045023028
"15914",-4.16793444016426,-0.237395854504065,0.0783609031463407
"15915",-4.20868007007308,-0.239403073678772,0.0790743209241425
"15916",-4.20138972722388,-0.237402390814462,0.0764683069102931
"15917",-4.17479390577246,-0.237612239183151,0.0764424057428407
"15918",-4.1959232000626,-0.238837186563695,0.0767519569006357
"15919",-4.15344898411845,-0.228469666661432,0.0511162010405367
"15920",-4.07203529312879,-0.208061157667326,0.0303202469502197
"15921",-4.08578144616991,-0.228380508175067,0.0660243207212739
"15922",-4.12383671487788,-0.231298686333116,0.0718822350639212
"15923",-4.13942544777179,-0.230450105028909,0.0689933571047911
"15924",-4.20175751939554,-0.240932924099339,0.0815732146221788
"15925",-4.1986855903789,-0.23784573481013,0.0736489154690493
"15926",-4.17740162777011,-0.239058585176234,0.0763374084567504
"15927",-4.18365590044722,-0.231850703413675,0.0532579019406195
"15928",-4.14309058298387,-0.228245458660813,0.0513907550962915
"15929",-4.08960988733527,-0.214526060180233,0.03645770922594
"15930",-4.04837709191276,-0.202368885668597,0.025246616565345
"15931",-4.02115016311692,-0.211161244432997,0.0407543386597454
"15932",-3.99393959474908,-0.2158920672063,0.0545887977781363
"15933",-4.02540680659444,-0.215076838583086,0.0523950175621196
"15934",-4.09783933656726,-0.219185785776761,0.0545251713367724
"15935",-4.15142824824926,-0.234854615037541,0.0759769226060975
"15936",-4.30743684847253,-0.218217532335978,0.0543732516851173
"15937",-4.37886121116673,-0.224045376132301,0.0583339256310389
"15938",-4.36341208899949,-0.22692071765806,0.0630716107474881
"15939",-4.28272604230807,-0.227054070344656,0.0650828166496419
"15940",-4.24730260295922,-0.22602818177679,0.0648222587076123
"15941",-4.19487243482125,-0.23768765639768,0.0779897487728579
"15942",-4.22137361980421,-0.23942430700268,0.0790375489470957
"15943",-4.18159441807429,-0.238639710654129,0.074546503974861
"15944",-4.19930231436359,-0.239273532231822,0.0787483943026354
"15945",-4.21816554306849,-0.240082367369897,0.0800027988427688
"15946",-4.19348961704211,-0.237213562979569,0.0726527832637685
"15947",-4.13915374189226,-0.219477014892077,0.0393747739820109
"15948",-4.09602076604586,-0.211297829530483,0.0376475729846948
"15949",-4.0690566580128,-0.212233262317015,0.038134815533331
"15950",-4.08186680813324,-0.218988808554242,0.047498632634432
"15951",-4.07266876528611,-0.217847902151305,0.046171535502571
"15952",-4.03909430820637,-0.215049165171835,0.0501772214973111
"15953",-4.05190028828464,-0.22178249278408,0.0586718874168136
"15954",-4.12853865584806,-0.231559198219654,0.067817823656637
"15955",-4.10944492418941,-0.226571544147826,0.061428769633156
"15956",-4.08684545115023,-0.212358186467334,0.0451904211857026
"15957",-4.08794649110868,-0.214898690845709,0.0440101734759688
"15958",-4.11061333710005,-0.221689209955775,0.0487629452254572
"15959",-4.08548570755417,-0.219943443059913,0.0529166845627454
"15960",-4.07539280806825,-0.215174975430299,0.0455436601138198
"15961",-4.11099880475282,-0.189745126076739,0.0137412682483425
"15962",-4.08037953093879,-0.203006897248324,0.0304664286697455
"15963",-4.09022549658942,-0.220432119114928,0.0549237311376769
"15964",-4.09963802322441,-0.223139274747358,0.0581098853845406
"15965",-4.15835990701087,-0.236529532955213,0.0746465051815427
"15966",-4.12893545731593,-0.214405311802456,0.0343303660180883
"15967",-4.07375656996082,-0.218173341480528,0.0436908580716871
"15968",-4.08200947911198,-0.22115548766699,0.048368111108308
"15969",-4.07642970145729,-0.216929511017945,0.0407886989483815
"15970",-4.06502057084872,-0.216519915965417,0.0408250086017371
"15971",-4.05186393489683,-0.221948048283314,0.0586001328732919
"15972",-4.05962992733974,-0.223600568250613,0.0601881130366847
"15973",-4.04806640294547,-0.222339368444657,0.0596093859235427
"15974",-4.05045809955026,-0.218360396430038,0.0532527356207076
"15975",-4.07252926777633,-0.221369561064336,0.0576450058571437
"15976",-4.08687501741968,-0.224464436695718,0.0604688405065276
"15977",-4.08900986379206,-0.230263841785271,0.071666014988748
"15978",-4.06166081236835,-0.221543856733455,0.0497334253400126
"15979",-4.04421453019688,-0.218753562580444,0.0555415722612326
"15980",-4.08478820169663,-0.231417195683817,0.0733925900985791
"15981",-4.09641965631722,-0.230583958289809,0.0730482199567166
"15982",-4.10836933636942,-0.226499960340955,0.0668349011031097
"15983",-4.08078024689485,-0.223845140347956,0.0649213879846822
"15984",-4.06675811048124,-0.222459160013565,0.0638229082353395
"15985",-4.11841540319339,-0.223840341066604,0.0670239334732831
"15986",-4.13718500079954,-0.213217072025373,0.0537771893587481
"15987",-4.1403548694307,-0.21933098633469,0.0613109417888082
"15988",-4.07569531461385,-0.222469421430694,0.067175001589102
"15989",-4.07027517699254,-0.220694658016453,0.0602062583081533
"15990",-4.06941902453948,-0.22815239745229,0.0716797425598522
"15991",-4.06021388666191,-0.227077916088836,0.0677199530073361
"15992",-4.04715503081462,-0.224201744040957,0.0612892391628398
"15993",-4.07479045891604,-0.226703196515943,0.0696368998965831
"15994",-4.1822345397521,-0.230380719897579,0.072878511919973
"15995",-4.24827743329677,-0.220436470025126,0.0585753623762076
"15996",-4.259156488557,-0.225996020580426,0.0645587141503879
"15997",-4.20378579002518,-0.227362277097209,0.0673766581090786
"15998",-4.23095299271963,-0.228954909407408,0.0679574463293747
"15999",-4.2029353917497,-0.238661310338243,0.0796213788612929
"16000",-4.21102375238158,-0.237992623133469,0.0756631591074143
"16001",-4.15699899485417,-0.234158491884964,0.06556611971515
"16002",-4.12839861814891,-0.232346832949528,0.0675813026118351
"16003",-4.1195018828818,-0.235024161419332,0.0773789076944231
"16004",-4.1083484967922,-0.233560199076561,0.0772110595504784
"16005",-4.11279044364682,-0.231936709731576,0.076282670427907
"16006",-4.12125950375037,-0.23093509788751,0.0723968245810201
"16007",-4.12696365483183,-0.231194460993129,0.0730543477307425
"16008",-4.11159004681716,-0.230980129152614,0.0707139469992299
"16009",-4.12940769890216,-0.228537760650271,0.0652106964001796
"16010",-4.13338782980763,-0.231879894031716,0.0725234508314161
"16011",-4.13805931186767,-0.235130879506276,0.0723919648996188
"16012",-4.15393022488388,-0.23104382492822,0.0554040998789116
"16013",-4.1134983406193,-0.222435488967466,0.045525844647016
"16014",-4.12834781149076,-0.232406520180886,0.0612004492778632
"16015",-4.06201868984869,-0.220085080188815,0.0598867855764575
"16016",-4.06537870882456,-0.222457629974561,0.0654308493696523
"16017",-4.03932079870191,-0.219146593195892,0.0639561926490687
"16018",-4.0394392118867,-0.225561131043737,0.0696043351337945
"16019",-4.06314680115394,-0.22753738912529,0.0724078579936915
"16020",-4.19568751529627,-0.216496310250475,0.0555703859624219
"16021",-4.2201097461918,-0.216907188047418,0.0555576970588469
"16022",-4.20457924187595,-0.223914633270362,0.0637762271506289
"16023",-4.19503757578767,-0.225505094045129,0.0654755197792283
"16024",-4.12169344050119,-0.227234073271531,0.0676391373672476
"16025",-4.06993174441116,-0.212054787541402,0.048977702936377
"16026",-4.03326644481437,-0.222886951734375,0.0624947933516256
"16027",-4.07437118852588,-0.225363556213743,0.0670392035252807
"16028",-4.05966368484153,-0.219958312121423,0.0511512211868419
"16029",-4.02638723594607,-0.220884095083964,0.0586861383236333
"16030",-4.02635266430169,-0.204481067947696,0.0283348108150492
"16031",-4.03941378902689,-0.218794859534215,0.053852581463402
"16032",-4.03703293306933,-0.208837852013246,0.0329082924418613
"16033",-4.03331138383963,-0.221697121752908,0.059196071563182
"16034",-4.00919240219574,-0.220756643344513,0.0590785050064711
"16035",-3.98090155108595,-0.217691537149775,0.0598103238818027
"16036",-4.00138169312452,-0.221190955457947,0.0605326394394883
"16037",-3.9570998881261,-0.211260793086574,0.048493527811167
"16038",-4.02659872610972,-0.224387834414101,0.0667347401696855
"16039",-4.04989119808498,-0.229059681084995,0.0717617271926497
"16040",-4.06406434071619,-0.229576843024574,0.0751287383022066
"16041",-4.14798199457104,-0.223241082102863,0.064390272398546
"16042",-4.15540212647034,-0.231508940663149,0.0728496717164241
"16043",-4.1501967916039,-0.235416879024698,0.0776650785107104
"16044",-4.14970919923906,-0.233611494209726,0.0747681162818944
"16045",-4.11275082586404,-0.2310227200066,0.0688399873474453
"16046",-4.09994821881711,-0.231532398691389,0.0699433477343904
"16047",-4.06451415932181,-0.227876900837897,0.0668458435313532
"16048",-4.06353862288194,-0.222881025219504,0.0592481668580745
"16049",-4.00189918004087,-0.219288270603878,0.0579689000447215
"16050",-4.03306358844423,-0.22429401768761,0.0641650985733426
"16051",-4.03799659279075,-0.22444715841111,0.0635750064761209
"16052",-4.05440746822254,-0.229387500364589,0.0744980480657619
"16053",-4.08721814203456,-0.224997189530219,0.0653290488353231
"16054",-4.0620507492454,-0.227629658742138,0.0670619686539561
"16055",-4.07620735050576,-0.228116693700965,0.0700116308984016
"16056",-4.06695949242792,-0.227530834752507,0.0685222578885891
"16057",-4.06067027157589,-0.221649458130339,0.0578238960541601
"16058",-4.04864279197716,-0.207013753618352,0.0292440882924898
"16059",-4.03968880681649,-0.196648525441843,0.0192509526158625
"16060",-4.02208484724762,-0.212458521416397,0.0399785826320661
"16061",-4.0311230506459,-0.206557074654217,0.0338813625865371
"16062",-3.97605068532233,-0.210237404039091,0.0475352774734231
"16063",-4.0192370325207,-0.217610242459795,0.0558936258062615
"16064",-4.02477800999825,-0.219457783190936,0.0598884288658635
"16065",-4.05477067141506,-0.222311421005312,0.0658618390912086
"16066",-4.157394990848,-0.223780362895998,0.0645337267287469
"16067",-4.10876604379141,-0.22732794835553,0.0695087031990178
"16068",-4.05759930067887,-0.223773010546006,0.0662834024782184
"16069",-4.02704425655829,-0.223083541494938,0.067207506233776
"16070",-3.99464163398636,-0.223948756944856,0.0691284275575239
"16071",-4.02536498622787,-0.221377363166873,0.0649316267500411
"16072",-3.99975225109237,-0.220401490107124,0.0628457022071573
"16073",-4.00609847307765,-0.220631687722778,0.0627033837993473
"16074",-4.03325473000584,-0.223887656182188,0.0629750442999015
"16075",-4.03256036688839,-0.225671645182002,0.0671535027542605
"16076",-3.9894880969003,-0.216940514520343,0.0558300085770054
"16077",-4.00327116637798,-0.219853433774442,0.0627774948078074
"16078",-4.0071739678284,-0.223437301503229,0.0669798984384875
"16079",-4.03178103032149,-0.224627626397016,0.0678737102350828
"16080",-4.0308426167134,-0.225961894916056,0.0695929091602157
"16081",-4.06455758577946,-0.226873489647586,0.0696157783103058
"16082",-4.10242792481537,-0.231880340705774,0.0752808731161885
"16083",-4.149788495316,-0.223082949384858,0.0643107203547126
"16084",-4.10803116737832,-0.228160175681156,0.0703620989124635
"16085",-4.03093010515433,-0.224791769172438,0.0666047205166397
"16086",-4.0312862232423,-0.224431968037295,0.068368310975997
"16087",-4.05273926072621,-0.228027713586781,0.071609986200998
"16088",-4.06002385089075,-0.227316397715911,0.0669788756959492
"16089",-4.03768053004276,-0.224741149807092,0.0628415808268631
"16090",-4.01531202066323,-0.217089915156969,0.0477402556257724
"16091",-3.9777974976918,-0.217428446478784,0.0568159690470574
"16092",-3.96342936813146,-0.213158209510321,0.0528568003749424
"16093",-4.01480617999296,-0.221593747818995,0.0626007633505118
"16094",-4.01745280580313,-0.225942850422542,0.0725703123395745
"16095",-4.01668672849221,-0.226165801742021,0.072036029378669
"16096",-4.0447979620643,-0.224200785920586,0.0689531881735444
"16097",-4.0445729748906,-0.224689522066402,0.0670954329959647
"16098",-4.03963596870969,-0.224434105499989,0.0667989477067089
"16099",-3.99807368997161,-0.219386455698745,0.0613433072351729
"16100",-3.98635716861684,-0.216966904429688,0.0560674602046586
"16101",-3.97798188565031,-0.222952868767337,0.067526470656519
"16102",-3.95146946272199,-0.213359335825227,0.0566376909306844
"16103",-4.04302822130477,-0.219549480461195,0.0651688719706764
"16104",-4.06312733856489,-0.227466690961964,0.0730310837218033
"16105",-4.11771317402357,-0.229162659845098,0.0724343204759715
"16106",-4.13421511023093,-0.232273465495734,0.0741495196132002
"16107",-4.08287276664579,-0.214691755980909,0.0558240566430084
"16108",-4.02826123232012,-0.213970524757798,0.0567212087357997
"16109",-3.99617967019562,-0.211010602882254,0.0552338200994582
"16110",-3.93825426285435,-0.21456054999169,0.0568167551617216
"16111",-3.96567640557828,-0.216908517491213,0.0610109734103003
"16112",-3.99450777130488,-0.217362417467435,0.0560869330680518
"16113",-4.03927680665304,-0.225970049651189,0.0704909700543335
"16114",-4.10225911978482,-0.21995808128567,0.0622478055817603
"16115",-4.09825258805908,-0.227438779505953,0.0703679708303228
"16116",-4.0407516212722,-0.212563452890854,0.0510419343411015
"16117",-3.94211531790096,-0.207396888280178,0.0443801913883506
"16118",-3.91110378726883,-0.207313305518832,0.045814405506121
"16119",-3.91504649544285,-0.207102095445129,0.0466028413299956
"16120",-3.94013413445545,-0.212817439743317,0.0534317161029727
"16121",-3.95335192053313,-0.213523119096598,0.0537117398978357
"16122",-3.94266660018355,-0.20704475820982,0.0436100749696839
"16123",-3.94301290237292,-0.215904250443027,0.0617515624082425
"16124",-3.94245401661841,-0.204984136220154,0.0441583638326712
"16125",-3.95888818614037,-0.216490217964908,0.0629507178733729
"16126",-3.99859437654896,-0.219202707579263,0.065152016345732
"16127",-3.97010591650601,-0.214375732285028,0.0599787372421232
"16128",-3.9701859067298,-0.217558988777056,0.0645418092143583
"16129",-3.99838880243808,-0.208298648299182,0.0513221156303051
"16130",-3.97242076927245,-0.216684384626557,0.0633176688895747
"16131",-3.97934332944579,-0.215243804102364,0.0570950909430033
"16132",-3.99363733589517,-0.217359832053839,0.0623053847896901
"16133",-3.95020808773874,-0.220611425794494,0.068215625948453
"16134",-3.99225677079643,-0.218467498181626,0.0648208345226502
"16135",-4.0471730182406,-0.211132886718043,0.0539022233113664
"16136",-4.04955665752546,-0.21158809983905,0.0542231900289289
"16137",-4.14619103568635,-0.210411209537496,0.0510042534268628
"16138",-4.18379708967754,-0.211277004215348,0.0506985125692186
"16139",-4.11160961764134,-0.215368649595772,0.0565676630803144
"16140",-4.08350676942541,-0.228419321368305,0.0716250169641283
"16141",-4.04044587852114,-0.225540605384631,0.0696631387016445
"16142",-4.01195352838677,-0.215800171214936,0.0561524861575204
"16143",-3.96747046400707,-0.219843457731164,0.0634795800297031
"16144",-3.98213472453351,-0.221873607466965,0.0676509612075849
"16145",-3.97975519300121,-0.219826820434903,0.0636239905792286
"16146",-4.03817335467903,-0.222737305163569,0.0686496448241759
"16147",-4.07119282824221,-0.223330114141531,0.0684888898589261
"16148",-4.16349585069956,-0.221407144041807,0.0624011574954854
"16149",-4.11720541453298,-0.228554619463814,0.0702411820354871
"16150",-4.06429629719035,-0.217279351401668,0.050877174942382
"16151",-3.99640255329864,-0.203547128742691,0.0290505814624437
"16152",-3.98886144173317,-0.217716145011443,0.0567152656816002
"16153",-3.96934180001115,-0.217802698998037,0.0581781295827939
"16154",-3.97550031043606,-0.216828283339867,0.0586146145360206
"16155",-3.95558593139136,-0.214935583292392,0.0551092315865704
"16156",-3.93936845827599,-0.213256813274375,0.0539054796528791
"16157",-3.9922950640321,-0.220272267791748,0.061379409414961
"16158",-4.01529779413479,-0.22609974183524,0.0697876967726234
"16159",-4.0131837412524,-0.224597520199671,0.0691852548696117
"16160",-4.05030071581437,-0.222264123729132,0.0675926640057637
"16161",-4.0994823481479,-0.212010355542152,0.0534724911312077
"16162",-4.07026041477734,-0.226407435114983,0.0697936646605018
"16163",-4.0207691928283,-0.220151505811847,0.0614316485087505
"16164",-4.00727584325531,-0.217726671317444,0.058689196661706
"16165",-4.0472497938642,-0.220458620980233,0.0643731631191187
"16166",-3.93614177393745,-0.213230792919687,0.0565401705859578
"16167",-3.9160786893099,-0.212008472194757,0.0565795604658206
"16168",-3.93168149587554,-0.213392554411214,0.0568341667958179
"16169",-3.95227866144576,-0.214619278271392,0.0581076678487317
"16170",-3.96321800107681,-0.213459283480409,0.055946462302456
"16171",-3.95817546823204,-0.211607877974458,0.0539214891329286
"16172",-3.91487592513977,-0.213466875330623,0.0600792492481021
"16173",-3.94341948172276,-0.216327603232551,0.063810155309848
"16174",-3.99349636776895,-0.207406954285753,0.0514354547349142
"16175",-4.07781288206316,-0.206213195032189,0.0481231077453098
"16176",-4.00057742210385,-0.221841230897412,0.0671354011674947
"16177",-3.97422290290871,-0.21192027618877,0.0515844638732559
"16178",-3.9367022073786,-0.208668966963308,0.0483856199346939
"16179",-3.91791340132105,-0.210308723296416,0.0516635497045178
"16180",-3.93717876171273,-0.219294809239476,0.0651487763081936
"16181",-3.94090939380943,-0.216325103876888,0.0610417866337508
"16182",-3.95468247730651,-0.212105531431309,0.0518247030735833
"16183",-3.92011833479458,-0.211393558638073,0.052704988259002
"16184",-3.96456388756368,-0.218383594982639,0.0606240005310816
"16185",-3.98844802179551,-0.216960643073046,0.0595924279599877
"16186",-3.98853531850157,-0.218234760533373,0.0620031170183763
"16187",-3.94202640757647,-0.221065322476378,0.0696262374187242
"16188",-3.99917715064022,-0.223354312609854,0.0703608447247198
"16189",-4.01097425923955,-0.225896524035689,0.0720987253004245
"16190",-4.05295130129192,-0.224300702513379,0.068329778796904
"16191",-3.99900570490924,-0.217042148009987,0.0587013112160599
"16192",-3.92936383993095,-0.212839281230635,0.0544500329616084
"16193",-3.90945221548035,-0.208980817903091,0.0522238003511312
"16194",-3.92319119959897,-0.213353724023886,0.0593570131093554
"16195",-3.95730886879902,-0.220673037836523,0.0669501303777214
"16196",-3.9732502661732,-0.223309506621915,0.0700318605190702
"16197",-3.96628433835131,-0.216636182735614,0.0595375334169848
"16198",-3.9053615596445,-0.206388268943604,0.0472124793749232
"16199",-3.94325778814846,-0.211389563657253,0.0528831296301904
"16200",-3.94197075256406,-0.216170415241925,0.0591545186689183
"16201",-3.91144459233203,-0.208036089041868,0.0507291116921882
"16202",-3.8960718031807,-0.208026119497864,0.0508206632939664
"16203",-3.88579290140764,-0.193223619345734,0.0253916826156486
"16204",-3.89639694645466,-0.184219541407535,0.0155688943904672
"16205",-3.94978872925704,-0.207268179084449,0.0469920975843155
"16206",-3.99479629879831,-0.222172051820666,0.0647389147215515
"16207",-3.98440686847512,-0.221652743082758,0.0684007467354404
"16208",-3.98754403179487,-0.220040138012107,0.0653633968819671
"16209",-3.95128654976721,-0.217560041364475,0.0639129107100574
"16210",-3.96185431046715,-0.221453745848527,0.0677797123948143
"16211",-3.97629861354919,-0.223551877339087,0.0711255796035
"16212",-4.01363861430969,-0.225889536961157,0.0726823443965562
"16213",-4.01222042027319,-0.219131307401815,0.0618020589211835
"16214",-4.02256573749891,-0.219657279481515,0.0578682254960119
"16215",-3.97849051809646,-0.202323464723944,0.0288530485961174
"16216",-3.90341359350074,-0.19236363527717,0.0225281816747817
"16217",-3.89851031813979,-0.201263884061452,0.037949664990186
"16218",-3.83252780428523,-0.186906711048798,0.0217608866390581
"16219",-3.923929448907,-0.208961220534852,0.052047537351787
"16220",-3.91729729687434,-0.196131209527256,0.0362149164515477
"16221",-3.83690123288847,-0.196593149222571,0.0368516436550662
"16222",-3.86475860190859,-0.203011804345543,0.0458255683920555
"16223",-3.83063987821938,-0.198585971933535,0.0398223539181197
"16224",-3.83861555772148,-0.204216106482277,0.0497940555137904
"16225",-3.85223130059453,-0.198243889453662,0.0349179308166424
"16226",-3.82421193124343,-0.195117071413772,0.0330023257009317
"16227",-3.83727949270872,-0.204063936783388,0.0502395120639418
"16228",-3.90028977196378,-0.212411360828065,0.0619275354983105
"16229",-3.92756504385954,-0.214703252046163,0.0630005307004378
"16230",-3.92586521261321,-0.212867381332933,0.0582183709554011
"16231",-3.9454882280943,-0.20959653235,0.0528732059054669
"16232",-3.98544154074515,-0.215237081178238,0.0551707612155877
"16233",-3.96945476776037,-0.211875884255233,0.0503901891078041
"16234",-3.88916530870032,-0.184781831056121,0.01593671948297
"16235",-3.85431191065567,-0.179551881296785,0.0126373188718309
"16236",-3.8017447384473,-0.17783189367525,0.013002009954874
"16237",-3.81929733180484,-0.1884627467135,0.024447458847747
"16238",-3.78520650959763,-0.184406689528589,0.0217539456330263
"16239",-3.80267957736677,-0.195109874234046,0.0359764354740828
"16240",-3.83736615502043,-0.209550960217421,0.059243548440049
"16241",-3.87294615868582,-0.215211437201278,0.0646069189235084
"16242",-3.90685163938775,-0.214094253642795,0.0630632664294145
"16243",-3.92550243987099,-0.219515185078246,0.0677751940084399
"16244",-3.92358335067242,-0.216005205444516,0.0639818239949346
"16245",-3.9171731727537,-0.218337827955496,0.0667479749826874
"16246",-4.0201848133405,-0.20599003358911,0.049008665388005
"16247",-4.03754507440507,-0.21471255267084,0.0609957623702443
"16248",-4.00271278673391,-0.208933171177595,0.0528327438523706
"16249",-3.99249798051176,-0.218969250554459,0.0661539243483656
"16250",-4.04485868540763,-0.222204178873311,0.0679081899701557
"16251",-4.00792552819147,-0.223701600589423,0.0684989508516694
"16252",-4.00021249340208,-0.212946075684893,0.0531919713932567
"16253",-3.95859055862667,-0.204156564902698,0.0382785859647339
"16254",-3.85772286019445,-0.175773794738772,0.00816153893876724
"16255",-3.82266348652074,-0.183727440124468,0.0188292592756438
"16256",-3.84125093369233,-0.188804029908877,0.0238873734537187
"16257",-3.85408270006675,-0.204424470785788,0.0462897804048891
"16258",-3.89662042709116,-0.208821479510086,0.0502119914771376
"16259",-3.93730715724428,-0.216171326289592,0.0615367536578235
"16260",-3.9124034103467,-0.210427197644479,0.0520006035712134
"16261",-3.86837700421834,-0.189485369609339,0.0226680548464547
"16262",-3.83878873813371,-0.185476398952363,0.0182685075985647
"16263",-3.84617417802798,-0.186219692410007,0.0206060933691502
"16264",-3.85475938767463,-0.191555519172276,0.0261285811870124
"16265",-3.79904294236261,-0.179235091690918,0.014394097653454
"16266",-3.80482848871717,-0.176574322758288,0.0116873108523612
"16267",-3.8363957922616,-0.1731869874152,0.00486473972200419
"16268",-3.85597969247177,-0.202601153384722,0.0484691879700679
"16269",-3.90796185982279,-0.21270845533458,0.0568693917014476
"16270",-3.87592229629443,-0.213452395781489,0.0632927123854749
"16271",-3.93275221709922,-0.20661800813835,0.0546963361143228
"16272",-3.91598687322188,-0.191467888254267,0.0466460838409106
"16273",-3.82078396311803,-0.195084783881749,0.041444424268268
"16274",-3.82584596959401,-0.199239756110087,0.0459951714266806
"16275",-3.82112259866148,-0.204897481077499,0.0546521650467649
"16276",-3.8373908888101,-0.212198194029921,0.0626819084907055
"16277",-3.85177494338936,-0.207880449056775,0.0552426513862758
"16278",-3.87649890075984,-0.213375364333683,0.0612923587055699
"16279",-3.88812850559021,-0.2168734732715,0.0667679835340595
"16280",-3.95160108733006,-0.209169671951607,0.0543518176296281
"16281",-3.96241546700554,-0.216556905395916,0.0645262944037272
"16282",-3.94128950311347,-0.205118730330869,0.051756978879953
"16283",-3.87776878035917,-0.201567491647705,0.0446724032641064
"16284",-3.87838643963651,-0.204045944327889,0.0477331790177344
"16285",-3.90506506771728,-0.216343361071958,0.0632789735024413
"16286",-3.90257871953577,-0.215433677132001,0.061940418041097
"16287",-3.88486480543087,-0.202412533929344,0.0444669559583393
"16288",-3.84274086251756,-0.199860227199825,0.0432062084675564
"16289",-3.82472951398302,-0.200379280491444,0.0439334070921202
"16290",-3.80737190890731,-0.202776528126345,0.0486457930319747
"16291",-3.79759079404055,-0.194394055809615,0.0407935305953369
"16292",-3.76486119620518,-0.198600477829444,0.0482625930687186
"16293",-3.7901403067138,-0.199442763663154,0.0465739887368419
"16294",-3.881996034312,-0.209107801561025,0.0590058138208172
"16295",-3.86902709131469,-0.212807958251216,0.062482178262983
"16296",-3.8826531969154,-0.2156040371712,0.0653600239296707
"16297",-3.8975382363395,-0.205477387524915,0.0515235373232694
"16298",-3.85885863547616,-0.207146004438162,0.051263976017623
"16299",-3.87312400666778,-0.202318423626126,0.0474128045740559
"16300",-3.85641551284524,-0.204791394300733,0.0627690247956167
"16301",-3.84049576910353,-0.201840053347075,0.0466182402196718
"16302",-3.82761341861256,-0.208526318046991,0.0585692952788634
"16303",-3.87560385320333,-0.213912430929718,0.0638815079067064
"16304",-3.87738337580256,-0.213362855689043,0.0605316321396402
"16305",-3.88891520744452,-0.208838308450445,0.0540772194769443
"16306",-3.90676131313142,-0.212809664832188,0.0564074191682132
"16307",-3.88672687296198,-0.209018378172055,0.0530687431523105
"16308",-3.87747281317058,-0.209225446178624,0.0549948834453378
"16309",-3.8391622710497,-0.195019238586263,0.03401275865425
"16310",-3.81130809020454,-0.178210190891628,0.0138130787289995
"16311",-3.81433361801204,-0.178994702685794,0.0144947962749943
"16312",-3.82886367925005,-0.201185001815425,0.047422619511143
"16313",-3.83242727254927,-0.198892267662293,0.0443370893604485
"16314",-3.803461681291,-0.178289968043891,0.0133240756302528
"16315",-3.82234803282221,-0.196490878788039,0.0368049609660342
"16316",-3.80334488628409,-0.199672149725335,0.0474880541755774
"16317",-3.84835774447696,-0.206835745947458,0.0527969933035853
"16318",-3.9089177915023,-0.216595951527292,0.0656051911848218
"16319",-3.90293217384382,-0.215112600631843,0.0615008514887036
"16320",-3.8750896112803,-0.206917542540093,0.0496765385913775
"16321",-3.83027790156358,-0.199018106637413,0.0457715810005897
"16322",-3.87837737147677,-0.206387403082409,0.0521791120079499
"16323",-3.85387103962475,-0.205248583902934,0.0508222340398883
"16324",-3.82173413324477,-0.193194511289803,0.0329610965949225
"16325",-3.78430800316191,-0.183089202301336,0.0200099778396346
"16326",-3.78662407038405,-0.18348209421107,0.0209101879963215
"16327",-3.82299931826134,-0.187895260963658,0.0237951561083468
"16328",-3.8032576178143,-0.1775079450618,0.0113239023480928
"16329",-3.80712362226586,-0.17362940196387,0.00740651297272961
"16330",-3.76088418949754,-0.173017523794683,0.00985255015983999
"16331",-3.6615509590377,-0.147054588923143,-0.0110956472674857
"16332",-3.70662581526711,-0.155831445670049,-0.00506623929317981
"16333",-3.74491516302166,-0.157593429495176,-0.0048468614090685
"16334",-3.783568629828,-0.198498169408533,0.0468912818605739
"16335",-3.83398334824168,-0.2135676452448,0.0645422205687605
"16336",-3.86271524286161,-0.209166076605538,0.0569973193980197
"16337",-3.83595146849165,-0.209433951045698,0.0583138273881904
"16338",-3.7973119081423,-0.194048038385281,0.0349571335782067
"16339",-3.73224738859848,-0.172656444123722,0.0120553989316412
"16340",-3.80091339572605,-0.185072331717587,0.0255856614775021
"16341",-3.82600222069738,-0.200719003231433,0.0475543318175437
"16342",-3.82914135393145,-0.186566732509398,0.021682028833606
"16343",-3.76484675580662,-0.171442530147824,0.00968596569623233
"16344",-3.67855839889968,-0.163302138185579,0.00341404120190424
"16345",-3.73954091134948,-0.178598715215749,0.0186713430642564
"16346",-3.78532230279533,-0.18172350861246,0.0188102901013795
"16347",-3.80197170143448,-0.179990912660935,0.01603893419522
"16348",-3.82342750792237,-0.186769116348569,0.0226168092651445
"16349",-3.84367193947011,-0.198136367412653,0.0393691884757464
"16350",-3.82276226236499,-0.193010242075536,0.0326854818693155
"16351",-3.71754703536671,-0.164569874268273,0.00355706538989115
"16352",-3.71492592932579,-0.165721631854064,0.00450893596021834
"16353",-3.73149205276199,-0.16614719358813,0.00419419676042636
"16354",-3.70850311484666,-0.164153137719485,0.00317264722223308
"16355",-3.65218135196489,-0.155536330403677,-0.00215494507766734
"16356",-3.73150584775289,-0.149877915561576,-0.0132387069517661
"16357",-3.82946680905991,-0.200279903929062,0.0473352039264542
"16358",-3.836235120079,-0.205111758264025,0.0522290676632943
"16359",-3.80387462821013,-0.200167885722879,0.0471797240021106
"16360",-3.85394026360224,-0.206367331576339,0.0535568772867352
"16361",-3.87566910816147,-0.200696178870532,0.0380471193624058
"16362",-3.80592347511183,-0.179453075537636,0.0157642910134798
"16363",-3.77857096135995,-0.188646930856647,0.032070708408315
"16364",-3.78154257107233,-0.186841756634101,0.0317481831601012
"16365",-3.85644011693087,-0.198249644442443,0.056221090743583
"16366",-3.91387574344144,-0.191046358275898,0.0389467991167377
"16367",-3.90776056417811,-0.189914912030625,0.0457929780165689
"16368",-3.85196381994984,-0.199840711200275,0.0572393682780132
"16369",-3.89017296560424,-0.203728392224376,0.0523738252005273
"16370",-3.90040780220497,-0.206080678467949,0.052326940612446
"16371",-3.8913190156192,-0.203940594443999,0.0543310923285432
"16372",-3.92947992791266,-0.195694597770815,0.0529830731414142
"16373",-3.86862450279066,-0.192042639031803,0.0525031729980921
"16374",-3.85060559157954,-0.191485980776399,0.0484538621303155
"16375",-3.80118115883307,-0.197769128057157,0.0560884889289478
"16376",-3.79054333402812,-0.196873739393778,0.0446846283182079
"16377",-3.75413073949757,-0.195814034622588,0.0453180149773309
"16378",-3.76036393909961,-0.192412471217868,0.0392257550187472
"16379",-3.76569047763347,-0.197735393597141,0.043862104887963
"16380",-3.74015490973393,-0.198410237320508,0.0493182311098219
"16381",-3.77296412717544,-0.19914473643883,0.0487282988694197
"16382",-3.77614812479372,-0.198312189022223,0.048168168462609
"16383",-3.8471601449305,-0.191793687147945,0.0414963847184568
"16384",-3.76527546470636,-0.196394062338779,0.0469281526876682
"16385",-3.72963283372339,-0.193574732284566,0.0418546955970319
"16386",-3.74746429098297,-0.191568050328378,0.0414108219642923
"16387",-3.7722552347873,-0.201018145810198,0.0518611660898986
"16388",-3.77400595757506,-0.193909145803812,0.0384245091764811
"16389",-3.77744693108225,-0.186043722197556,0.0287241447170241
"16390",-3.7368656778539,-0.1732756726748,0.0127257451571026
"16391",-3.75124264363738,-0.18648980281212,0.0309891951194341
"16392",-3.7606155689696,-0.18033573844937,0.0276483766278126
"16393",-3.74715349806666,-0.180182898320135,0.019122597569332
"16394",-3.74111663144497,-0.190622705660989,0.0416062274448199
"16395",-3.75700498705713,-0.201908435920984,0.0543810951006227
"16396",-3.77942746942804,-0.207180296157278,0.0596197542780312
"16397",-3.83599752019277,-0.210859542783198,0.0621705720072572
"16398",-3.79670085387827,-0.196755372508154,0.0422972248816504
"16399",-3.77621670092825,-0.180706551389378,0.018198617934817
"16400",-3.78891109045555,-0.186315123009904,0.0241662298807216
"16401",-3.75784523302108,-0.191993766547232,0.0365415399844736
"16402",-3.76839333614673,-0.19856139911759,0.0466506603743287
"16403",-3.73460776488322,-0.177767839365084,0.0171005275680502
"16404",-3.79570046166284,-0.201300263993375,0.0470841226595556
"16405",-3.77250394235696,-0.191862483428546,0.0355704960442184
"16406",-3.75565762766252,-0.188354628024218,0.0305174903334595
"16407",-3.76053571055602,-0.190451319417804,0.0327974445451326
"16408",-3.72283975854507,-0.173423693423612,0.0127886026389171
"16409",-3.68779163273164,-0.165039522337918,0.00446777077248977
"16410",-3.71430053170172,-0.16836084067031,0.00657297886889799
"16411",-3.71958499817565,-0.169090484795665,0.00675501348780783
"16412",-3.7498992262584,-0.178418909917922,0.0162044674334626
"16413",-3.77546053514434,-0.189689669896051,0.0300167876865655
"16414",-3.77121627057148,-0.191209109209188,0.0333504303035489
"16415",-3.81090135611601,-0.206125283647336,0.0569906355926809
"16416",-3.81038882317569,-0.204352070328572,0.0528509250126966
"16417",-3.81674448103299,-0.189180312964344,0.0275844359575526
"16418",-3.74965029806722,-0.186991026635349,0.0295398871757749
"16419",-3.75481899887678,-0.198012921902297,0.0466826700403512
"16420",-3.79610144520201,-0.202127117527246,0.0495086687722377
"16421",-3.82658666992589,-0.183314925131287,0.0183798200949913
"16422",-3.73487693851855,-0.170181284619528,0.00895462461953504
"16423",-3.73972661492366,-0.189613761140604,0.0344570055167419
"16424",-3.70921992214928,-0.182221106842056,0.0282513824971636
"16425",-3.72496896456363,-0.175425016804894,0.0148939870275498
"16426",-3.69833574236097,-0.174221405076209,0.0153312163482465
"16427",-3.70379403163632,-0.176117157873005,0.0167335303532716
"16428",-3.72911063697305,-0.193536538737311,0.0449196908813062
"16429",-3.74418943246633,-0.204373443023029,0.0570368735510273
"16430",-3.78021267650426,-0.187608762023047,0.0335078221518992
"16431",-3.75942366292751,-0.194113924041122,0.0391736876707276
"16432",-3.78542768618996,-0.189841059670788,0.0341706376125239
"16433",-3.7802314136819,-0.209587494336363,0.0618555601365616
"16434",-3.77339822195042,-0.200823339686212,0.0503960890782766
"16435",-3.7551394763889,-0.189316187863922,0.0320533992939896
"16436",-3.71735992051036,-0.174933993631509,0.0145873726021222
"16437",-3.736871219192,-0.176194774622408,0.0153226317856214
"16438",-3.71931850718341,-0.175739199275237,0.0161913700244984
"16439",-3.69288147966907,-0.174187500748276,0.0158683558491774
"16440",-3.68961558532524,-0.173623465450056,0.015405802091241
"16441",-3.6625938456871,-0.172429975638678,0.015294665496372
"16442",-3.67129818470475,-0.182037488914157,0.0300047392055061
"16443",-3.70398480525241,-0.191973105482519,0.0441291185556809
"16444",-3.67377492818887,-0.180398555503307,0.0285211018692721
"16445",-3.64181922125671,-0.158916188299556,0.000249978520236183
"16446",-3.71035475217354,-0.181591695802697,0.0275067809654704
"16447",-3.70969431026483,-0.166597377337907,0.00693471866943951
"16448",-3.7040980893678,-0.165816148872997,0.00624115379973366
"16449",-3.72276500239163,-0.188075879256963,0.0338965829770082
"16450",-3.69430831699665,-0.162070113735795,0.00241455191184315
"16451",-3.65619834672659,-0.170150283376482,0.013342261932274
"16452",-3.64832132122027,-0.168578035129062,0.0119434297072716
"16453",-3.63026229150163,-0.169382954769598,0.0135822501150961
"16454",-3.65977855249257,-0.171180572995421,0.0141704581650135
"16455",-3.68133477335165,-0.183880908278655,0.0301137572951715
"16456",-3.69308545823008,-0.173254516811044,0.0144991947809861
"16457",-3.66390355846395,-0.160182986823017,0.000663770200009855
"16458",-3.69466074056433,-0.170976608012976,0.0119007017864064
"16459",-3.72349033374818,-0.184246498335901,0.0269235530490592
"16460",-3.74904056038701,-0.185653268630631,0.0285406869950112
"16461",-3.73692462366763,-0.178026064891133,0.0174165308599541
"16462",-3.74550775375512,-0.17134486776938,0.00801386787622174
"16463",-3.73777608851212,-0.177298001712098,0.0166711585383259
"16464",-3.69953592966338,-0.164924000032279,0.00477612395625683
"16465",-3.6651772368537,-0.161628935748923,0.00356080738964128
"16466",-3.72818939955838,-0.163537091246986,0.00255037742036562
"16467",-3.70551373255372,-0.163432974273388,0.00223297759059664
"16468",-3.67701592010548,-0.162578572450727,0.00297235246545462
"16469",-3.69089503537466,-0.169657739107486,0.0111559426110476
"16470",-3.70636534807511,-0.186777128482897,0.0320768104478309
"16471",-3.72717435800856,-0.194463970685993,0.0435665033034678
"16472",-3.73076072846705,-0.205633535960336,0.0593107946251708
"16473",-3.79843804717663,-0.199483400210306,0.0617659633066709
"16474",-3.67866637496599,-0.180003210305436,0.0261889360057114
"16475",-3.685484702951,-0.17356671744362,0.0222545671304904
"16476",-3.72390566772498,-0.193868040060676,0.0455863391595733
"16477",-3.75710719271133,-0.192321543423805,0.0384368438335672
"16478",-3.7385553096228,-0.181591634112544,0.0212799366864003
"16479",-3.70224742410816,-0.157914205030943,-0.00409145158088578
"16480",-3.61741125304911,-0.149755088568479,-0.00701839668402068
"16481",-3.56807482148277,-0.13881052932379,-0.0124809904596275
"16482",-3.5267919925885,-0.126051260316452,-0.0252957989075627
"16483",-3.51434964189305,-0.115576607356558,-0.0302428983866119
"16484",-3.60440452651378,-0.148621743160732,-0.00636367600608017
"16485",-3.64261477858311,-0.154011451321435,-0.00291920517666298
"16486",-3.66386145363825,-0.154954836664154,-0.00455486361804731
"16487",-3.73794209734788,-0.198696958060865,0.0504179413188165
"16488",-3.79002878286734,-0.18637295532003,0.0356852814964293
"16489",-3.68231403705389,-0.15081583931092,-0.00796631509837048
"16490",-3.5721658083578,-0.146176583413451,-0.00923399712055532
"16491",-3.583189501192,-0.163312111140465,0.00961511081087463
"16492",-3.62295843372194,-0.169297334356158,0.0187497812596527
"16493",-3.56936572609692,-0.151943892143792,-0.00309336085933544
"16494",-3.5939046355165,-0.165130516689989,0.0111864559865861
"16495",-3.65240777069329,-0.168609372327216,0.0113037329334422
"16496",-3.70828807778118,-0.194607908455961,0.0486064468486231
"16497",-3.77942953610612,-0.194928223155085,0.0480364694976586
"16498",-3.73160113793959,-0.192297656530602,0.0401754633200243
"16499",-3.74339033354696,-0.192904854767759,0.0386393197681357
"16500",-3.71141363692304,-0.176585477042079,0.0169257034676561
"16501",-3.689172650245,-0.15464558555299,-0.00653527688274267
"16502",-3.66990864923747,-0.17285832034298,0.0153164653083902
"16503",-3.68365050242676,-0.183168193831416,0.0316363986267121
"16504",-3.68875599429656,-0.184108507891017,0.0311788692744691
"16505",-3.69163188589969,-0.195552717029221,0.0491958900884586
"16506",-3.65837886485686,-0.158189427389258,-0.00173459797398917
"16507",-3.64062741627108,-0.158732392533487,0.000678007311448591
"16508",-3.60811557919647,-0.15090464287481,-0.00506072494075187
"16509",-3.58925031319104,-0.149984332893648,-0.00495230245170273
"16510",-3.61450197940873,-0.148746253210661,-0.00860835880615288
"16511",-3.64995969566662,-0.168596726115858,0.0119336500377291
"16512",-3.65924781073542,-0.160764988492517,0.00319771823756892
"16513",-3.62863470576652,-0.159488762558269,0.00334524746111767
"16514",-3.59884349545801,-0.14936344996933,-0.00522318122868111
"16515",-3.63450500490326,-0.168263134221843,0.0188829477755697
"16516",-3.72610607838556,-0.189787751539938,0.051359542495919
"16517",-3.73920563208753,-0.194560101470475,0.0465509971157614
"16518",-3.74101700623348,-0.192068644276036,0.0417174399491252
"16519",-3.73082476923065,-0.188791679529333,0.0346945215588401
"16520",-3.69421959284783,-0.171748929116706,0.0160382137766607
"16521",-3.69397809989834,-0.189053168989731,0.0368877430503121
"16522",-3.71522488899695,-0.190507887754905,0.0521676679131436
"16523",-3.72791791061059,-0.189807360563726,0.0551398332045448
"16524",-3.72687304141675,-0.191819389214632,0.0575068951776655
"16525",-3.64985777508139,-0.154497123744149,-0.0040074161585763
"16526",-3.55648293507496,-0.158099846791444,0.020307726589291
"16527",-3.51606628210228,-0.13872915291433,0.00116787739758525
"16528",-3.5092960430052,-0.143817828342413,-0.00761405529058091
"16529",-3.55734798523214,-0.127974262885026,-0.0251747654806439
"16530",-3.57332437105795,-0.158278097429187,0.00511075354772201
"16531",-3.62155390118956,-0.171849138915213,0.0256742253285052
"16532",-3.63682440997826,-0.164502691985576,0.0101385781647669
"16533",-3.68571977182384,-0.194641394035628,0.0486598341089143
"16534",-3.70700996099311,-0.198294016264279,0.051447628073479
"16535",-3.7502473920954,-0.180255670288793,0.0232002226366575
"16536",-3.64182226034338,-0.157511208851371,0.000877454057119222
"16537",-3.61518508617213,-0.161393827235888,0.00612147414605237
"16538",-3.62516563238028,-0.157961545245108,0.00216068458178872
"16539",-3.60310664553095,-0.156219977678097,-0.000382541628774669
"16540",-3.59792216189948,-0.149576344163777,-0.00672779074064791
"16541",-3.60066723881082,-0.152973842984426,-0.00349612328245965
"16542",-3.63959461441432,-0.162178464594863,0.00580614664017227
"16543",-3.62017756103829,-0.153219577943375,-0.00465933812996316
"16544",-3.60188433412682,-0.139694911445087,-0.0170168299688625
"16545",-3.63325083781568,-0.156902143212634,-0.0010032618268793
"16546",-3.60521146642121,-0.154670924254481,-0.000895396375800819
"16547",-3.60757925581459,-0.14808749636405,-0.00860685407051929
"16548",-3.62098211447701,-0.152775315271573,-0.00309303558333095
"16549",-3.62964486515339,-0.150388635803666,-0.00587552002294686
"16550",-3.53460177921726,-0.146307572771463,-0.00695610627220161
"16551",-3.57871098052872,-0.159327543574516,0.00633302116918659
"16552",-3.58490018298127,-0.14690018443737,-0.00885051859069965
"16553",-3.60220711596766,-0.158270743961797,0.00228006579188393
"16554",-3.63057222794454,-0.176903288546214,0.0279682252820648
"16555",-3.63001452400643,-0.176364162370683,0.0253618920790568
"16556",-3.59845874553549,-0.16479391275301,0.010526793597547
"16557",-3.61840254582198,-0.166417451132753,0.0111638402255247
"16558",-3.69722497297789,-0.197410010735574,0.0511403299179184
"16559",-3.71734050889809,-0.189628838439942,0.0364876420746129
"16560",-3.69748033152053,-0.173393606410135,0.0196205627065162
"16561",-3.63570760739813,-0.152077170278814,-0.00425106158189864
"16562",-3.57979452850583,-0.156651161173558,0.00291259768990162
"16563",-3.58677559094791,-0.175092704606835,0.0287760702825519
"16564",-3.58338065633883,-0.194389449028707,0.0519533370409656
"16565",-3.59272664213319,-0.177490196494364,0.0337263647085277
"16566",-3.62554961589091,-0.16019487001234,0.0100515494317906
"16567",-3.66852229203459,-0.168778061455861,0.0169340806402894
"16568",-3.68112132300798,-0.201972984052283,0.0569589393283727
"16569",-3.7069514499577,-0.19286592583375,0.044322216764738
"16570",-3.70030192181525,-0.20072934101046,0.0546674901880223
"16571",-3.66420195922598,-0.199264789604794,0.0544874630909994
"16572",-3.68946234529771,-0.192569181242132,0.0459518084465077
"16573",-3.72103750553594,-0.183626563133068,0.0476158646419414
"16574",-3.72127688695292,-0.175123949116882,0.0314739493057666
"16575",-3.6785419669837,-0.185867914471599,0.0382849750649048
"16576",-3.69672849250505,-0.164319911152188,0.00547640464178656
"16577",-3.71172888424634,-0.163000801483814,0.00265327043747235
"16578",-3.70551078712066,-0.159491586337494,-0.00251952721228655
"16579",-3.6440456539822,-0.155800333060278,-0.00316629341535006
"16580",-3.61851321810748,-0.145325604541979,-0.0121634131927348
"16581",-3.5802396871818,-0.147024795870172,-0.00768321058017093
"16582",-3.50104710230458,-0.15570712268901,0.0200435440554251
"16583",-3.48696449539098,-0.121315440585676,-0.0269596360759003
"16584",-3.55381000356319,-0.12285109978297,-0.0341830336853348
"16585",-3.5501902311531,-0.1373271931319,-0.016589179261913
"16586",-3.58771705572856,-0.158196933431217,0.00433026738674854
"16587",-3.60921052283175,-0.163547602797932,0.00877292130111935
"16588",-3.62387995813214,-0.167953985465415,0.0125719462430849
"16589",-3.64615924867091,-0.179378894597714,0.0297383180381001
"16590",-3.62214416048261,-0.163138585789593,0.00773379343327287
"16591",-3.59950775758488,-0.151444908399328,-0.00573765670176726
"16592",-3.60016185017164,-0.144129306586166,-0.0132085396924498
"16593",-3.55929298597244,-0.149050054057655,-0.00446860108883441
"16594",-3.58042130379778,-0.146763414909709,-0.00873675705785265
"16595",-3.54659111945492,-0.13652085419306,-0.0174442414754896
"16596",-3.56200757576597,-0.13585861703358,-0.0192832337103957
"16597",-3.55610870863953,-0.128483526568561,-0.0257908055462194
"16598",-3.56680200859964,-0.142250427264418,-0.00989550318763589
"16599",-3.5745231847972,-0.135550166073394,-0.0199324705351394
"16600",-3.60930540805843,-0.144340036737126,-0.0114013157886965
"16601",-3.63304412139869,-0.155363581597521,-0.000512863611893375
"16602",-3.61439224900229,-0.145394057611928,-0.0117993471720807
"16603",-3.62782581829137,-0.152830087305836,-0.00561697984550512
"16604",-3.60417945425183,-0.146822037424832,-0.00934315942933235
"16605",-3.57326316169459,-0.142718247977536,-0.0119047265870997
"16606",-3.52816196390678,-0.140333212958165,-0.0117536584288676
"16607",-3.56264697661627,-0.146213359298668,-0.00537754872923065
"16608",-3.5802133422751,-0.151746927976247,-0.00136618125063094
"16609",-3.60247583114776,-0.145345750711364,-0.0114668655224751
"16610",-3.51557278026586,-0.140569629800498,-0.0114406989413618
"16611",-3.48490149073531,-0.140794514766616,-0.0101386625177655
"16612",-3.53569390692803,-0.156558977375326,0.00545525016904853
"16613",-3.55988428341316,-0.16252570364901,0.00996415384414052
"16614",-3.54168710749169,-0.148382643600659,-0.00535626892534062
"16615",-3.56611143623074,-0.15394785074604,0.00108223362215012
"16616",-3.58147004684996,-0.162720428902549,0.00928451544599109
"16617",-3.62367688491941,-0.157408599634857,0.0016401817720678
"16618",-3.57415516695666,-0.145294607525186,-0.00923577074166414
"16619",-3.55626602385355,-0.144717543676965,-0.00946361282311235
"16620",-3.61808665659673,-0.175850172603016,0.0280530278459284
"16621",-3.61296512424838,-0.175009997245307,0.0261207442283166
"16622",-3.62914153914683,-0.198110811918828,0.0543773483064253
"16623",-3.65410611139007,-0.188325121258883,0.0507494072881415
"16624",-3.65827594898355,-0.196825831694003,0.0521056145912806
"16625",-3.65473588075744,-0.195398854156178,0.0508386980501169
"16626",-3.64654542416146,-0.195910383471242,0.0516500492580913
"16627",-3.54692922431745,-0.163586983079592,0.0216949159835921
"16628",-3.53848654189655,-0.166308586355455,0.0243022641666126
"16629",-3.53820426320892,-0.164685916948824,0.0231156595779067
"16630",-3.52805334238476,-0.16986073654643,0.0309901293492864
"16631",-3.55667578769016,-0.169996384205827,0.0295567540402847
"16632",-3.55362894659454,-0.15663996038385,0.0132626045921306
"16633",-3.57695045632165,-0.167067485551416,0.0257458057930912
"16634",-3.55332898439706,-0.175410989417837,0.0289087159019313
"16635",-3.53821749895018,-0.171885131233204,0.0268007997643086
"16636",-3.51966715221369,-0.157474185031014,0.00965745004602592
"16637",-3.48916288532746,-0.137272433273076,-0.0123365455457057
"16638",-3.49381601151721,-0.152319193785669,0.00393207389274921
"16639",-3.56446613279042,-0.172127472651386,0.0302706607012899
"16640",-3.613062361656,-0.175288613419732,0.0292223166992955
"16641",-3.603725476325,-0.173653610551531,0.0290107387461921
"16642",-3.54521335233773,-0.170701787457982,0.0254766278223004
"16643",-3.53152489018334,-0.165190864867499,0.021478848649817
"16644",-3.48259919701912,-0.137443705854386,-0.011984414842334
"16645",-3.53757039884559,-0.169440737754226,0.0250516055527679
"16646",-3.51905770492664,-0.160541861565637,0.0120294297791234
"16647",-3.57297994497509,-0.17784359114057,0.0307430786381863
"16648",-3.62153940399311,-0.173652530848771,0.0294191790567622
"16649",-3.63609937502002,-0.186199130928911,0.04398213825216
"16650",-3.6600429576209,-0.179853201669808,0.0344888726253217
"16651",-3.66632939232738,-0.18670207803763,0.0391199957008948
"16652",-3.6382329996877,-0.170401050873706,0.0233708149913421
"16653",-3.62816080140429,-0.185916852637949,0.0410010836075488
"16654",-3.5929117392061,-0.178783541023508,0.0347475818545208
"16655",-3.58938434033253,-0.174548496581597,0.0299634985559793
"16656",-3.57191346586147,-0.180170189313049,0.0371669516951459
"16657",-3.5805979864798,-0.181035264145259,0.0406729807241351
"16658",-3.57380804555056,-0.176420499806593,0.0426187762486075
"16659",-3.5989495091985,-0.182585490403795,0.0513983352193301
"16660",-3.64295891477874,-0.184501712105009,0.0520311141351545
"16661",-3.61804685424292,-0.180781506187589,0.0344786693402834
"16662",-3.59520857205888,-0.177256667269094,0.0289849656038252
"16663",-3.59158294175614,-0.179703288640542,0.0316569596021941
"16664",-3.61357418075866,-0.181759668558883,0.0334836790871634
"16665",-3.53297993226383,-0.141183648103491,-0.0119247700452391
"16666",-3.53010439918708,-0.158908613389758,0.00766033714898818
"16667",-3.52935567872154,-0.156540428679048,0.00537339912173588
"16668",-3.51687676915185,-0.143348080632924,-0.00629828913552646
"16669",-3.61094258928986,-0.169080991332048,0.0206227277051071
"16670",-3.61390727673458,-0.189226022958619,0.0453831063406797
"16671",-3.63455094836491,-0.191479548443226,0.0471642457058113
"16672",-3.64175902502487,-0.183343519666985,0.0329811564713962
"16673",-3.62447406477919,-0.161733929364847,0.00593132819952435
"16674",-3.56236225950973,-0.159585024782257,0.00674281279368886
"16675",-3.56318781397544,-0.154011716258982,0.00015132606207935
"16676",-3.55962097001336,-0.140367943179483,-0.0148331861711839
"16677",-3.52725977651062,-0.140110309946988,-0.0126251559739872
"16678",-3.49987477527952,-0.163832959560009,0.0190355753198162
"16679",-3.47178078816098,-0.156351269688171,0.00949576712366937
"16680",-3.46357242717729,-0.145758002996513,-0.00173700996726195
"16681",-3.4281046621712,-0.132699482742312,-0.0156469963811725
"16682",-3.4057304251783,-0.130401560824807,-0.0160853696646738
"16683",-3.44105976934959,-0.132137171089396,-0.0152152105592196
"16684",-3.49439482436014,-0.128806703790306,-0.0209745955361435
"16685",-3.4581028128456,-0.146203131004976,-0.00189559967288544
"16686",-3.39807640271784,-0.130362156391377,-0.0150868000247066
"16687",-3.41003280252291,-0.140176543954495,-0.00486559217723747
"16688",-3.48080401968372,-0.146739408991796,-0.000213078194343261
"16689",-3.53859553760873,-0.161145494973122,0.0233547547484661
"16690",-3.59751854998091,-0.168573319807327,0.0350725955627532
"16691",-3.59859113139129,-0.175144824289495,0.0430517610088533
"16692",-3.55834612319856,-0.175495771421642,0.0321165622619536
"16693",-3.53967669783935,-0.174340313155789,0.0320098656467898
"16694",-3.52270032507398,-0.172391310285215,0.0273280636893271
"16695",-3.53740208462187,-0.190134953405459,0.0495134272712843
"16696",-3.54027754066646,-0.189041882346,0.0480716566155412
"16697",-3.53299312965614,-0.184785068975751,0.0437920564790872
"16698",-3.52424647020801,-0.154652360017793,0.00849068056908208
"16699",-3.51842066306512,-0.160040451992513,0.0150104307447913
"16700",-3.47731732678733,-0.147565646030821,-0.001002120109382
"16701",-3.51967204000504,-0.152674568795138,0.00162423861574421
"16702",-3.53006545841589,-0.154829904904434,0.00341167478203391
"16703",-3.53433083591247,-0.151534694447114,-0.000326458737849275
"16704",-3.54096620840246,-0.145813408161673,-0.00550165216455215
"16705",-3.48396073084452,-0.150740396688654,0.00196909176911146
"16706",-3.47247568490121,-0.124389957112411,-0.026164369055438
"16707",-3.48978325644437,-0.117483603897952,-0.0340923236806641
"16708",-3.47905231623208,-0.126500710257301,-0.0225536678123356
"16709",-3.4929568346555,-0.114077673412641,-0.0388311409068953
"16710",-3.48311567084804,-0.123793994523624,-0.0271873363005284
"16711",-3.50738680432083,-0.133836809130609,-0.0182388866767361
"16712",-3.42726302088634,-0.149242565627639,0.0165306660956106
"16713",-3.42469091359824,-0.128674070283735,-0.0121889571523482
"16714",-3.39011715972349,-0.118029591133701,-0.014388839171023
"16715",-3.35103139712901,-0.143257163490335,0.0173954699501103
"16716",-3.40795955101336,-0.12773449514122,-0.0118595171025618
"16717",-3.41910683381538,-0.114700322315097,-0.0329472628167321
"16718",-3.46220091937541,-0.13555560157766,-0.0141156194845234
"16719",-3.44704231844111,-0.135064035655469,-0.0139468833059301
"16720",-3.43659603456239,-0.137845728511786,-0.0109759642154786
"16721",-3.40943467408482,-0.128676592897103,-0.0180069602029812
"16722",-3.40672727325703,-0.103837865901508,-0.0425479392652271
"16723",-3.42029963065023,-0.119756978187899,-0.0263674924161976
"16724",-3.4073953151655,-0.114726523234925,-0.0326776326460761
"16725",-3.42945393151312,-0.140545007042548,-0.00565028307087674
"16726",-3.4709844440875,-0.149315434722697,0.00308922121629917
"16727",-3.51459255762171,-0.162013083286241,0.0170259405318504
"16728",-3.55850772865291,-0.175226299130701,0.0327095200067424
"16729",-3.46617238335893,-0.140684848045886,-0.00795879110576603
"16730",-3.46164718742156,-0.15718518597103,0.013866425136781
"16731",-3.49309143042557,-0.179282064393654,0.0395303580173648
"16732",-3.51427719640005,-0.176831760815645,0.0328418903903794
"16733",-3.50987953430785,-0.15843255764467,0.0127423668527402
"16734",-3.47231508876429,-0.144735232923195,-0.00415709722202373
"16735",-3.46130008167406,-0.150667673440624,0.00242860101051526
"16736",-3.45568056425405,-0.14065593741316,-0.00742815191433813
"16737",-3.41663155892917,-0.145354915624835,-0.000952548321877152
"16738",-3.40963588793137,-0.138815020804006,-0.00721428972126066
"16739",-3.40862017406228,-0.148848942900249,0.00481692209318833
"16740",-3.4993444988165,-0.155185864363751,0.0110840582141788
"16741",-3.52582552854909,-0.146689090765239,-0.0021301083425293
"16742",-3.54536908876068,-0.156458587815373,0.00437807252652154
"16743",-3.51955749697096,-0.139168659699629,-0.0137894936369464
"16744",-3.45224610311982,-0.13860195980447,-0.010740841449469
"16745",-3.47627900630007,-0.135194701423197,-0.0157979547500326
"16746",-3.48851966618912,-0.153945003148737,0.00449684198143063
"16747",-3.43254344617779,-0.129226618250702,-0.0194717754174382
"16748",-3.46569034271613,-0.148651711595991,0.000189262587398988
"16749",-3.38357755967728,-0.122247845060391,-0.023525549865744
"16750",-3.37038319794899,-0.133974027634875,-0.00999374895755666
"16751",-3.37409582390198,-0.122281506436116,-0.0220870132002442
"16752",-3.46281206815303,-0.166406259474414,0.0241065587313967
"16753",-3.49327816573596,-0.18636692139224,0.0470740221664955
"16754",-3.51658731864135,-0.170020646466435,0.0299531637942989
"16755",-3.53936824676782,-0.177626537283934,0.0482163075702268
"16756",-3.59641251967724,-0.178751268653255,0.045990946654958
"16757",-3.57727044555214,-0.172304403993367,0.0273317916087172
"16758",-3.49820682722316,-0.129273964725541,-0.0204554950376361
"16759",-3.46383131979149,-0.1360172756362,-0.0124327473318692
"16760",-3.46420128356145,-0.133343133261114,-0.0143883931334726
"16761",-3.45349835729075,-0.127901029268127,-0.0201187091310582
"16762",-3.42386105752692,-0.132260116818707,-0.0143776571157592
"16763",-3.43197270483704,-0.14543636111324,0.000435733143721647
"16764",-3.49466513638075,-0.165197430219413,0.0252119051813303
"16765",-3.50297712449716,-0.161993269835338,0.0276570381542307
"16766",-3.53429969803157,-0.15867530439457,0.0231775727817388
"16767",-3.61980499443438,-0.153300162453305,0.0197724415114127
"16768",-3.61783339023878,-0.159022635429852,0.0299700147563339
"16769",-3.58971760167042,-0.153661547267568,0.0102393876969194
"16770",-3.52933515989036,-0.170454255682968,0.0279135118679641
"16771",-3.50179213649689,-0.168151178095092,0.0268938705487141
"16772",-3.50058571115967,-0.173492414868944,0.0332445848880235
"16773",-3.48275323966588,-0.177073905523571,0.0377627423295192
"16774",-3.47363579648198,-0.153406755702341,0.00652681073076095
"16775",-3.5036660169827,-0.169255818821309,0.0261908761995272
"16776",-3.57044387638819,-0.175986537888383,0.0338998736286727
"16777",-3.53240139503779,-0.172002718792466,0.0303282534532527
"16778",-3.49296186525357,-0.169804556136716,0.0290257197057365
"16779",-3.48891343101779,-0.173730555693825,0.0322832894108941
"16780",-3.41828919821836,-0.159865757339599,0.0193444086082716
"16781",-3.45042581835581,-0.149025735157151,0.0064443117725676
"16782",-3.46476106749923,-0.147805577730822,0.00459462417876728
"16783",-3.47015150631592,-0.157401432689963,0.0146736169689382
"16784",-3.47325953661793,-0.172761098378546,0.0301965220640437
"16785",-3.47710606994271,-0.176598815379226,0.0376757200625882
"16786",-3.46638837116795,-0.171072377455553,0.0316064037036408
"16787",-3.42599751778702,-0.166827011158681,0.0284042746298298
"16788",-3.40927363897984,-0.167239163439126,0.0282655401034831
"16789",-3.43987157653898,-0.170048216684172,0.0301356534379297
"16790",-3.42470782775734,-0.180209859410542,0.0435376213952458
"16791",-3.48906829786229,-0.171398783186346,0.0321662968928873
"16792",-3.44340171433653,-0.165392694716365,0.0241938994384502
"16793",-3.47480738441033,-0.167216672103345,0.0238625792508665
"16794",-3.43995136873194,-0.140072653437418,-0.00706363838219215
"16795",-3.38790736457146,-0.131391742186435,-0.0146554241810114
"16796",-3.35529760967616,-0.121378449839498,-0.0230535443323961
"16797",-3.31233267930118,-0.122086604786898,-0.0204810125880847
"16798",-3.35080749878925,-0.148982936834737,0.00774160181382279
"16799",-3.43756446785297,-0.160863503493529,0.0167968052414227
"16800",-3.49475472870061,-0.163735386341995,0.0277352321848716
"16801",-3.49265479503399,-0.17103846350163,0.032829637678213
"16802",-3.51249582492624,-0.165859419039144,0.0268695717024496
"16803",-3.53681590875405,-0.166553565099495,0.0279366601153092
"16804",-3.51647954720837,-0.17119150587727,0.0297093850759409
"16805",-3.48360959431773,-0.166088527036235,0.0244321950047354
"16806",-3.47701469095109,-0.142789324264036,-0.00211561306784159
"16807",-3.45765912301594,-0.152986859591313,0.0106265428372808
"16808",-3.39570881488358,-0.136441851314034,-0.00709366393946929
"16809",-3.40527883045665,-0.158696750602907,0.0198385708452437
"16810",-3.44105268885679,-0.177296227838595,0.0414115115920895
"16811",-3.46063101749436,-0.172392576924399,0.0357388387423059
"16812",-3.47048823194521,-0.163626263743971,0.0257113958602166
"16813",-3.52336749013861,-0.150478882706807,0.0154725102082793
"16814",-3.60638910385658,-0.132956490783248,0.00573881782484044
"16815",-3.52134807092075,-0.163606942323518,0.0371602330924124
"16816",-3.55413686746718,-0.150990231816598,0.0242268085625252
"16817",-3.51762221656636,-0.163654030583836,0.0257860201506604
"16818",-3.53794525243493,-0.171534372723802,0.0439032518784119
"16819",-3.56761202917502,-0.170167971711529,0.0370026007093521
"16820",-3.53494507502061,-0.17047532733641,0.030238361771036
"16821",-3.47620661575088,-0.157130861729512,0.0118463614422831
"16822",-3.39053309384949,-0.117419472540614,-0.0288116413071244
"16823",-3.3603339682355,-0.12796009973036,-0.016758024191539
"16824",-3.38457274565607,-0.127736026365691,-0.0170528201744926
"16825",-3.38996980370413,-0.123106482355435,-0.0218684128624139
"16826",-3.43504133917132,-0.169131805741136,0.0279869302385068
"16827",-3.46952611301025,-0.17667329502127,0.0386956706171353
"16828",-3.46528059578907,-0.166210562133648,0.0324590366690386
"16829",-3.51491849314486,-0.163691296937369,0.0316531609318313
"16830",-3.49225198821761,-0.177191301127819,0.0377914487417354
"16831",-3.50798353277936,-0.161358717576872,0.0224095328106334
"16832",-3.46114154507316,-0.154331522825106,0.0141893766415404
"16833",-3.40005465089086,-0.124026577881272,-0.0212560273036137
"16834",-3.37431256626331,-0.140575802753275,-0.00394703708947201
"16835",-3.33475024173713,-0.135391065248866,-0.00696634636246721
"16836",-3.32917271801018,-0.120801326690736,-0.0210180432078882
"16837",-3.34214450446348,-0.138249864984564,-0.00435046961394759
"16838",-3.35534841791965,-0.137539767020951,-0.00529186770047395
"16839",-3.39403740411357,-0.144103900417729,0.000804045756084775
"16840",-3.42801953615603,-0.171986077532991,0.0345737140501493
"16841",-3.38775870588461,-0.167818456638578,0.0321282929843208
"16842",-3.32943705049636,-0.142801152775241,0.00317519178895647
"16843",-3.30089778040959,-0.121175987294359,-0.0181120244923714
"16844",-3.32446648986317,-0.145634710030654,0.0102879473300013
"16845",-3.39468535371761,-0.171596129553208,0.0365178611374119
"16846",-3.39132046662796,-0.168768062723704,0.0337971435105242
"16847",-3.45039794754242,-0.154457140438572,0.0178819729977035
"16848",-3.45998709512337,-0.175708748431013,0.0370026404778157
"16849",-3.47789733423916,-0.149639629720567,0.00251686620750278
"16850",-3.45825170978078,-0.170955377124918,0.0319325141580967
"16851",-3.39763693401165,-0.126281274136538,-0.0191175721318088
"16852",-3.41130736717313,-0.164247691755139,0.0236129526947844
"16853",-3.34917467871297,-0.125644986896608,-0.0168095552880878
"16854",-3.34410917256396,-0.120011353371615,-0.0223967506083752
"16855",-3.35261427078861,-0.152667320949857,0.0117465210454092
"16856",-3.38577433284961,-0.15806921792664,0.0218897509854254
"16857",-3.39271235328098,-0.156169219790179,0.0139724046950457
"16858",-3.45747675028608,-0.183413754678557,0.0451340773726373
"16859",-3.49339877554214,-0.182221835556632,0.043690245352699
"16860",-3.47195043533198,-0.153407521013964,0.00954276715369545
"16861",-3.39014820270475,-0.133774010438665,-0.0112523738859351
"16862",-3.3902484720798,-0.141432300877591,-0.00307483570451129
"16863",-3.41152743300743,-0.110549437809624,-0.0345445211985921
"16864",-3.37192782330607,-0.126507983443419,-0.0164122152914725
"16865",-3.34049713866036,-0.152307281290318,0.0173390361469754
"16866",-3.30709129706611,-0.145195298330978,0.0105925167191365
"16867",-3.37919684168695,-0.151429685162881,0.0166327186648284
"16868",-3.41128420784592,-0.153127115171006,0.0154260034177488
"16869",-3.46962966999745,-0.169438775681069,0.032043420306955
"16870",-3.47915345353022,-0.155229564847652,0.012102626216733
"16871",-3.42963228449957,-0.14418493673084,-0.00228324547312396
"16872",-3.37261956073676,-0.106883797530333,-0.034972375714837
"16873",-3.36679104388542,-0.106752053944975,-0.0380743891137787
"16874",-3.38847546161439,-0.138381971289983,-0.00651245755019742
"16875",-3.35697934022174,-0.121635078474967,-0.0213467156945997
"16876",-3.36370041768332,-0.122324572184855,-0.0228028885676397
"16877",-3.29254452878337,-0.109662159680564,-0.0184571597140658
"16878",-3.24328451859863,-0.126341005137076,0.00511018757016245
"16879",-3.30933295354532,-0.113709765414429,-0.0257401855378665
"16880",-3.36774173691643,-0.122063956466543,-0.0215541006536372
"16881",-3.38372834751889,-0.118901489991108,-0.0249548001811207
"16882",-3.24024970127329,-0.0723320641773365,-0.0676062083576354
"16883",-3.25182663408119,-0.077643529116249,-0.0580860614758761
"16884",-3.30125004842665,-0.0921919031787438,-0.0460244421811384
"16885",-3.3044973208086,-0.107288089704328,-0.0262452068958288
"16886",-3.37898989432171,-0.11034065653328,-0.0349970637521832
"16887",-3.37343405315804,-0.120402153857969,-0.0249563588749979
"16888",-3.40752154222711,-0.136409406697465,-0.00868075607201242
"16889",-3.37972957871765,-0.121243865283363,-0.0228159222886445
"16890",-3.30012787042523,-0.106238075866107,-0.0371059999684795
"16891",-3.26869878716018,-0.113486280293946,-0.0257949843392946
"16892",-3.2888711693433,-0.127530201846755,-0.0112213976109948
"16893",-3.29004664000399,-0.0903293525185336,-0.0525907946138319
"16894",-3.2680563543635,-0.0921344225022336,-0.0447643636958677
"16895",-3.27832678673411,-0.0707031109408501,-0.0614005163215835
"16896",-3.27184938255689,-0.0977436753601874,-0.0329583854612247
"16897",-3.29000685667418,-0.0918826675861259,-0.0507674433099544
"16898",-3.26058864335359,-0.0890167456150678,-0.0441653107537242
"16899",-3.27954466625344,-0.0956871933976157,-0.0430371985165271
"16900",-3.34773099989662,-0.146234762764821,0.00498001895065211
"16901",-3.3509253843333,-0.137921779811338,-0.00465854362519803
"16902",-3.35525718301899,-0.134422594756247,-0.00904393020267625
"16903",-3.38607895879082,-0.138037320376935,-0.00592676470195084
"16904",-3.43989608249964,-0.160183589434885,0.0211984853540513
"16905",-3.34597351123721,-0.136625618277891,-0.00552065843509972
"16906",-3.32802935904616,-0.111205329458747,-0.031323799296996
"16907",-3.23950187778147,-0.0997206251854791,-0.0205707275157533
"16908",-3.22213013035925,-0.0941036123324987,-0.0346364065788578
"16909",-3.29398346694847,-0.12234826570353,-0.0172577827014737
"16910",-3.34194143647452,-0.135674007523492,-0.00613610022797646
"16911",-3.36522402727134,-0.158828350670125,0.0213805864945159
"16912",-3.39369086606217,-0.161711602514105,0.0260315092938288
"16913",-3.43410190248356,-0.166982284803798,0.0312023348129534
"16914",-3.43897574245809,-0.175765623063566,0.0399230462735278
"16915",-3.44165809178781,-0.17594120157445,0.0403611063440399
"16916",-3.47170293350386,-0.170486368597395,0.0441646541444416
"16917",-3.43458936338338,-0.144330246821614,0.00579072479004024
"16918",-3.37432555795586,-0.121551775897288,-0.0223287256799585
"16919",-3.28973005690059,-0.116165508875365,-0.0261917402386024
"16920",-3.31731237721042,-0.147305697470261,0.00719368140376469
"16921",-3.31472497959488,-0.126139637114411,-0.0147691308481148
"16922",-3.33563059665627,-0.152813519663812,0.0191479057475314
"16923",-3.36482555628278,-0.155653262369455,0.0212116599232273
"16924",-3.37805885281828,-0.164145284703338,0.0291035159094214
"16925",-3.41209059112163,-0.16758502572902,0.032095387536979
"16926",-3.45366687539552,-0.175445225061939,0.0387254326666785
"16927",-3.44208254580127,-0.144833967280209,0.00452195747482146
"16928",-3.40092996876615,-0.102952634849338,-0.0431705505455047
"16929",-3.3602560345964,-0.10418447838627,-0.0395647891992168
"16930",-3.36056647540705,-0.127390430406929,-0.0149042059968206
"16931",-3.33277144240075,-0.133294321878019,-0.00909784208954327
"16932",-3.29603458836317,-0.11686062608237,-0.0239820768145754
"16933",-3.20627496486227,-0.0867411103113472,-0.0435450785287602
"16934",-3.24140285317202,-0.0888400452548633,-0.047834191957174
"16935",-3.29042871689135,-0.134577228690068,-0.00561405127273263
"16936",-3.30643906226431,-0.137656370305207,-0.00227146522875192
"16937",-3.31025749003421,-0.149604562268993,0.00999967319440524
"16938",-3.31971421531838,-0.129607943410603,-0.0125185013934528
"16939",-3.31524203937216,-0.111829079686643,-0.0305982442885706
"16940",-3.30785280218015,-0.12040126803849,-0.0201908961862777
"16941",-3.27431383695752,-0.117901093144442,-0.022742978387349
"16942",-3.27204984857758,-0.121148810853513,-0.0182374074389561
"16943",-3.24129083097735,-0.134790341967038,0.00466724213443237
"16944",-3.23748401718386,-0.128150735536233,-0.00955559887426524
"16945",-3.21276697531248,-0.117784637624382,-0.0148387906768654
"16946",-3.1928752659915,-0.120546925890405,-0.0152064126301374
"16947",-3.21537072184489,-0.101956990466221,-0.0331211546503486
"16948",-3.3236846968815,-0.129771239119088,-0.00723637774211085
"16949",-3.40669933874837,-0.141194561041254,0.00291379290283357
"16950",-3.38161538405075,-0.1383698802567,-0.00600852830934114
"16951",-3.36306355073546,-0.116922679886526,-0.0282126273205681
"16952",-3.33936785911206,-0.118490212953877,-0.0254768915946408
"16953",-3.29217103837219,-0.0959311754852331,-0.0411850765947184
"16954",-3.24611791342603,-0.0892941389815495,-0.0457225241489434
"16955",-3.16469489281097,-0.109548250706213,-0.00818940739309238
"16956",-3.16102597320964,-0.115382917607754,-0.00335853252559735
"16957",-3.17666161124226,-0.0946875340260891,-0.0355651957779756
"16958",-3.23717293796834,-0.141676371599235,0.00553009953395205
"16959",-3.29144887001194,-0.146869560088114,0.0137813268207977
"16960",-3.33981764774071,-0.171857148905215,0.0393956004508213
"16961",-3.36211685436033,-0.169634947317523,0.0357683898204545
"16962",-3.37918471763068,-0.175750214299845,0.0413187395387378
"16963",-3.38825385272879,-0.161339334361722,0.0255572573882451
"16964",-3.36465956190739,-0.159601597110622,0.0217645851762438
"16965",-3.32568031739038,-0.122305621917533,-0.0176005687485233
"16966",-3.32178869162738,-0.149060359546404,0.0109867529661003
"16967",-3.29913967676173,-0.148479593968659,0.0130225563462992
"16968",-3.32596200691945,-0.154191749077041,0.0196999900481303
"16969",-3.26561558217348,-0.131783385982606,-0.00369235502857876
"16970",-3.23359355501974,-0.130966233910958,-0.00437959858366769
"16971",-3.32074061680895,-0.154510327573295,0.0237763074163322
"16972",-3.33465236138104,-0.152588914819655,0.0213675249595929
"16973",-3.33576822260654,-0.163648693308539,0.0309388607904422
"16974",-3.3911376279674,-0.164864623291623,0.0402598463231882
"16975",-3.38528571815393,-0.157614360638901,0.0221521483701038
"16976",-3.35557868244284,-0.165243458968899,0.0310406371360429
"16977",-3.35353294820113,-0.159887135078309,0.0235762541686924
"16978",-3.39337753260837,-0.17040366827053,0.0357476505957431
"16979",-3.4064419677207,-0.171326543167767,0.0358061889721705
"16980",-3.41865880347632,-0.161552529481092,0.0245674378090455
"16981",-3.39404490962476,-0.164304235591057,0.0261916960287701
"16982",-3.36124716468388,-0.1541733004245,0.0156478678035004
"16983",-3.35282943928829,-0.150743992451687,0.0165558495505286
"16984",-3.35346831074515,-0.129638054195281,0.00174224600310953
"16985",-3.33357621972149,-0.159539741190948,0.0276793040417531
"16986",-3.3344696553735,-0.166605444186829,0.0343484757950997
"16987",-3.35358316284812,-0.17150774649597,0.0383799074710032
"16988",-3.39101159480437,-0.172722423556094,0.038505177695768
"16989",-3.36029450735022,-0.161330538266492,0.0264458077756984
"16990",-3.3291958178774,-0.157091928439788,0.0234428542880355
"16991",-3.3305072965346,-0.159480209713191,0.0271726040221576
"16992",-3.35110743096706,-0.168932810582148,0.0363159659472495
"16993",-3.27875552808637,-0.148879878883146,0.0157934568094908
"16994",-3.29810263686667,-0.152822176144432,0.0194343654231031
"16995",-3.26392548857792,-0.134397502303794,-0.00240074953330298
"16996",-3.23884196528273,-0.119173251327908,-0.017800607834382
"16997",-3.26739849354087,-0.143317607975612,0.00961921568095853
"16998",-3.28903035939294,-0.158846476740605,0.0271458876299675
"16999",-3.30055742500532,-0.166738651747753,0.0356604942804739
"17000",-3.32433416646018,-0.150752302608741,0.0217311049295627
"17001",-3.29790160299124,-0.168188908215997,0.0370565482027481
"17002",-3.32565492355672,-0.163620164609982,0.031424401461382
"17003",-3.32182384558794,-0.162198505347367,0.0288988510526828
"17004",-3.32792990341533,-0.155565321465816,0.022062261592583
"17005",-3.34129999650001,-0.17039540440339,0.0379642374686899
"17006",-3.33291500936109,-0.162515528152943,0.0286610436171959
"17007",-3.27847839501889,-0.142637798289404,0.00476183746656218
"17008",-3.25536639002283,-0.127884792901785,-0.00732639326244078
"17009",-3.28464582882779,-0.126522182561503,-0.0126672813808783
"17010",-3.26912427903064,-0.137770066518684,0.000105293592691786
"17011",-3.27679316981525,-0.146071039619947,0.0079034001472301
"17012",-3.22819659599408,-0.123303453325076,-0.0129663196301877
"17013",-3.21586135706931,-0.1270493304022,-0.00540725117794107
"17014",-3.17695514727871,-0.0933251079453131,-0.0395616988919925
"17015",-3.19095604115868,-0.101053645525034,-0.0333964152231399
"17016",-3.19709312340405,-0.108203605273647,-0.0231871130711082
"17017",-3.20563314978893,-0.0830852649689697,-0.0507124170440693
"17018",-3.23289430538497,-0.12048052980607,-0.0157296298161296
"17019",-3.3425433264594,-0.134112725951043,0.000618188856951322
"17020",-3.35518951374237,-0.150572140931815,0.0142496832922434
"17021",-3.36476368026001,-0.155872836373643,0.0209845891538775
"17022",-3.39251604308575,-0.154175303924226,0.0186563148648479
"17023",-3.33341372656677,-0.149348132591869,0.0128178612761796
"17024",-3.31004646320087,-0.140393171006178,0.000355445961319209
"17025",-3.25938283671348,-0.121362146580518,-0.0132868961732054
"17026",-3.24296597446267,-0.128711948565929,-0.00131927006567456
"17027",-3.22686499897099,-0.0948617358995528,-0.0405197646199238
"17028",-3.20394897749212,-0.106481436373072,-0.0288919230883485
"17029",-3.20228297070957,-0.108823497385554,-0.0222227712539118
"17030",-3.25675023282142,-0.150629885587445,0.0195556923827312
"17031",-3.24327863345395,-0.120611124009169,-0.0156658853234451
"17032",-3.25000360259639,-0.135798351539387,0.00441257156259715
"17033",-3.22728616846775,-0.146892129235512,0.0171131714975528
"17034",-3.23272741552824,-0.152488180639617,0.0225452267112061
"17035",-3.37523348258297,-0.106393672565033,-0.0253178275575565
"17036",-3.3077029584013,-0.11357635076438,-0.0187737117283321
"17037",-3.23923914771444,-0.145044847331799,0.0152683403004835
"17038",-3.20975277282304,-0.160421783613058,0.0323553049289697
"17039",-3.19931633454577,-0.151879027316399,0.0240365407240114
"17040",-3.23572913499394,-0.151338972406431,0.0226072996306461
"17041",-3.26013908314992,-0.164823110917548,0.0349984593254361
"17042",-3.32999512304064,-0.157375937063587,0.0392635475640462
"17043",-3.35943632644965,-0.139443305015879,0.0114483464802365
"17044",-3.34597477888043,-0.140817270349805,0.00819872551881264
"17045",-3.25154041503919,-0.148590338244729,0.0168806612252211
"17046",-3.22866133708958,-0.139796188163051,0.00746963689827048
"17047",-3.21365324348275,-0.123347216084703,-0.00827337472517068
"17048",-3.19706198273531,-0.115072268108354,-0.0128845432184412
"17049",-3.15604456241431,-0.0954055602404734,-0.0284115097617061
"17050",-3.15893560627574,-0.0864946765092418,-0.0395498749916484
"17051",-3.19257606066346,-0.0859776522241704,-0.0455864188226243
"17052",-3.21882852549421,-0.117683652629223,-0.0193404607286812
"17053",-3.19856775239061,-0.127784533816698,-0.00420832952819557
"17054",-3.19224421612512,-0.123680068672821,-0.0110601894899582
"17055",-3.18721238480498,-0.118962276292671,-0.0150474539246091
"17056",-3.133181669324,-0.126399268682028,0.0038534809570947
"17057",-3.22548849578671,-0.123156484279543,-0.0120407075871163
"17058",-3.23498890259294,-0.145295146614235,0.0107938087168965
"17059",-3.20677330538163,-0.125707809018977,-0.00564954471593463
"17060",-3.16762912330435,-0.0969807769409551,-0.0362881147564939
"17061",-3.10523118911172,-0.102105021361273,-0.0185720481975887
"17062",-3.14209763903031,-0.116572951285981,-0.00871791939649998
"17063",-3.19120807782603,-0.11519946202526,-0.0190473563909397
"17064",-3.18992725226976,-0.111365995238174,-0.0199183990084785
"17065",-3.19681321333424,-0.119326655500281,-0.0156774370867711
"17066",-3.20603297514209,-0.122584079931162,-0.0129038392740158
"17067",-3.18769744888668,-0.127478402357967,-0.000243386702105168
"17068",-3.18928560865753,-0.0963062857983332,-0.0367093502626913
"17069",-3.17608794909296,-0.0901474667678665,-0.0449053717951775
"17070",-3.15510148765612,-0.0985288215765873,-0.0331183605689387
"17071",-3.15436420967741,-0.121789595211548,-0.0100677892641595
"17072",-3.2075353462382,-0.145295684368356,0.0164085061369178
"17073",-3.19144705854665,-0.150767807528444,0.0232146126309886
"17074",-3.24095210044935,-0.160868782795356,0.0326423451617205
"17075",-3.29109750625198,-0.165556299034483,0.0354793855212878
"17076",-3.30610601081614,-0.154596668236694,0.0200846992142051
"17077",-3.32499677660855,-0.160164877090469,0.0272169106071039
"17078",-3.30840377158596,-0.155710812261568,0.0231198575298825
"17079",-3.31856751947279,-0.163256658834135,0.0322439303361558
"17080",-3.24518195904712,-0.144676245739105,0.0136988627423878
"17081",-3.21048186855246,-0.136284719755049,0.00665599279729074
"17082",-3.19552316698221,-0.125823774401169,-0.00416145959579968
"17083",-3.2031176997567,-0.133159871951501,0.00268109499212962
"17084",-3.26143651085153,-0.141517413643617,0.00953415635131311
"17085",-3.2836314753971,-0.157493405729131,0.0258369295140248
"17086",-3.25003964282554,-0.125476351668323,-0.00275347615135886
"17087",-3.15385372189756,-0.148291032739617,0.0215828340920318
"17088",-3.13811290796676,-0.148105068477752,0.0220279682517995
"17089",-3.18513448475612,-0.156103741740635,0.0294383556045578
"17090",-3.23200036408976,-0.159778860583351,0.0312956795996855
"17091",-3.26388425162436,-0.158240408879968,0.0289894331892479
"17092",-3.24748718140737,-0.14386803614611,0.0153591799393945
"17093",-3.23155895093512,-0.149102294058661,0.020429897640353
"17094",-3.2033922198127,-0.143235264715373,0.0138829444527679
"17095",-3.26753245939197,-0.148460945842342,0.021786255133618
"17096",-3.27716079143863,-0.160069673389425,0.029986662449611
"17097",-3.3043621624148,-0.164909868720004,0.0335528809796012
"17098",-3.31167238308798,-0.161220616514238,0.0301942049480151
"17099",-3.26156261497201,-0.161605712874038,0.0315018822587683
"17100",-3.16644079437651,-0.125384538498979,-0.00450608111620218
"17101",-3.13175650894523,-0.118972623051684,-0.00960829014542081
"17102",-3.11567551983593,-0.109939120161392,-0.0186149031058535
"17103",-3.08148896159355,-0.123166532810646,0.0021453280351387
"17104",-3.06349850852505,-0.0915355090453075,-0.0326706229590319
"17105",-3.06636869985683,-0.0916518645681764,-0.0310923656122821
"17106",-3.08991477493461,-0.0879825266593157,-0.0322236029250749
"17107",-3.101950524901,-0.0964496945419432,-0.0248233638381565
"17108",-3.11182051077777,-0.0919738138851824,-0.0323392503865118
"17109",-3.14020343196766,-0.108259446845818,-0.0241499372624812
"17110",-3.1312254670771,-0.115538069006227,-0.00878909145406459
"17111",-3.12286481076798,-0.108672178699307,-0.0206062461555887
"17112",-3.05646172073686,-0.105437407162144,-0.0101353899355771
"17113",-3.04638711633405,-0.0946033351030751,-0.0201583795088699
"17114",-3.08526263483502,-0.108522610685129,-0.0141662374895454
"17115",-3.18803255839363,-0.136390717994185,0.00239711628692389
"17116",-3.14642565244536,-0.114041453353754,-0.0156100140353981
"17117",-3.11916341590035,-0.0940457316567601,-0.0372391367929813
"17118",-3.08381330934461,-0.120549345192509,-0.000213139974268619
"17119",-3.07003091047244,-0.0923165169386349,-0.0216893295453506
"17120",-3.10217579881433,-0.0831355848987374,-0.0403602277060218
"17121",-3.13448714616678,-0.0843055530461379,-0.0481329011880732
"17122",-3.12013703922001,-0.0991823636528542,-0.026251470618138
"17123",-3.04597850862442,-0.0752322626065107,-0.0289002347740447
"17124",-3.04048021276725,-0.0980447369559624,-0.00870847559152741
"17125",-3.04876625916161,-0.106148155155379,-0.00217376832537639
"17126",-3.10030091825085,-0.0580883613123309,-0.0656937661432342
"17127",-3.08727832630425,-0.12894046785334,0.0089056006814584
"17128",-3.15002653580819,-0.104321310957739,-0.0271540611560122
"17129",-3.17071921481912,-0.126844773448155,-0.00612744603397406
"17130",-3.17933457356732,-0.129446556839842,0.000425733646696657
"17131",-3.19704751851928,-0.136922465855993,0.00533134675128977
"17132",-3.14749241675978,-0.113993957134761,-0.0186679395647951
"17133",-3.13477745583529,-0.112057236305844,-0.0199496502093706
"17134",-3.13574817669519,-0.0888853397130222,-0.0422339642396036
"17135",-3.14857519228555,-0.118340301052942,-0.0143136873621308
"17136",-3.15175164267708,-0.116020221577411,-0.0167463460436268
"17137",-3.10968169914219,-0.127733417638428,-0.00258843257571547
"17138",-3.16636694212083,-0.128565311896557,0.000387924571089698
"17139",-3.17604685674069,-0.141213485786881,0.0120638565140348
"17140",-3.20276988423919,-0.117335869156645,-0.0134383560845456
"17141",-3.1640866528264,-0.100941721536467,-0.0311083277515351
"17142",-3.12564449085281,-0.0909924427231974,-0.0348720170196991
"17143",-3.13227966976392,-0.0954507830828666,-0.0267074430170906
"17144",-3.11458914613384,-0.111280835198314,-0.00416335321683961
"17145",-3.17708931399084,-0.117302953336153,-0.0166738837047944
"17146",-3.15086954003349,-0.111453861018118,-0.0204378811182811
"17147",-3.16823352595394,-0.124726685575724,-0.005647740716693
"17148",-3.17882461052085,-0.120953175537211,-0.0127435627924347
"17149",-3.16129677385107,-0.106963947919672,-0.0264631964253962
"17150",-3.09539725478873,-0.109405223513407,-0.00736594158526487
"17151",-3.05479216174392,-0.0933381653057416,-0.0146490948910063
"17152",-2.97394207588632,-0.0434888577351604,-0.0533238179878313
"17153",-2.97396184361967,-0.0931222705355287,-0.0104736757635396
"17154",-3.05589137416082,-0.0998702191381733,-0.0199690068430142
"17155",-3.07431251975833,-0.123807592273351,-0.00481667158735781
"17156",-3.11788524559698,-0.132469043025668,0.00738767403917313
"17157",-3.11714437572699,-0.140761076966476,0.017182639198703
"17158",-3.23456704777496,-0.119049398076038,-0.0033914945208304
"17159",-3.2394304573977,-0.156399452134239,0.0292803142373355
"17160",-3.21111462665606,-0.136272624394946,0.0057576056497935
"17161",-3.2171449498971,-0.117459240081125,-0.0144791788794097
"17162",-3.18129154355001,-0.124846601248566,-0.00537873078923546
"17163",-3.18570649473293,-0.119016849037045,-0.0151011321208996
"17164",-3.11050276274304,-0.10748592841983,-0.0169582757965983
"17165",-3.10237760955952,-0.112951503764353,-0.0176861744387466
"17166",-3.12924179610866,-0.100868649615883,-0.0298194319258195
"17167",-3.08429889860294,-0.129720957732015,0.0104186477555265
"17168",-3.05869933495466,-0.103548376518221,-0.0186935900243452
"17169",-3.11659576880505,-0.12096035447651,-0.00657340807580875
"17170",-3.15851471852943,-0.119998448235474,-0.00893131031240893
"17171",-3.17872296214431,-0.147011280181455,0.0193074479105887
"17172",-3.13952503134715,-0.114934613729082,-0.0132369350264595
"17173",-3.08156125490033,-0.117229310175034,-0.00913315047027588
"17174",-3.05065455933851,-0.086346054364699,-0.0369184804937773
"17175",-3.05194633483704,-0.098987864275309,-0.0227199693253454
"17176",-3.05952357279075,-0.109944077363698,-0.01564738990522
"17177",-3.07381225190335,-0.118409769847153,-0.00803085274876095
"17178",-3.03771199035713,-0.110578673085999,-0.0160750133855829
"17179",-3.01283295025658,-0.101482875676479,-0.0201381625190201
"17180",-3.02231789166919,-0.108630358260768,-0.0178008421033006
"17181",-3.01877694160422,-0.106584795922262,-0.0132959008241745
"17182",-3.08091552600911,-0.117607051384573,-0.00757677422100381
"17183",-3.13604450353475,-0.145456005785096,0.0200140232208821
"17184",-3.1752964992439,-0.150204874749643,0.0241494934496461
"17185",-3.13812442776538,-0.147047539809451,0.0201827239823769
"17186",-3.12955463261304,-0.0992273617643699,-0.0281792196801049
"17187",-3.0941665838739,-0.0829365151319707,-0.0475175792719856
"17188",-3.03396223003108,-0.100271387079626,-0.0178541133832502
"17189",-3.0007002955471,-0.130714274070618,0.0168606623908335
"17190",-2.95418774386158,-0.0909346232433204,-0.0202679553305947
"17191",-2.95825477703249,-0.109829232882797,-0.0070032197633833
"17192",-3.01608513416528,-0.114760048085744,-0.00447717352310317
"17193",-3.13632833284517,-0.144240547369825,0.0212791845932358
"17194",-3.18486467826163,-0.151088141485186,0.026152099135216
"17195",-3.15681856521702,-0.130983565534426,0.00230700078885475
"17196",-3.1849217324314,-0.130267407402688,5.69351042343005e-05
"17197",-3.14198173261588,-0.0691033929222164,-0.0630580853074396
"17198",-3.08864304352553,-0.121639662886879,0.000873147406155015
"17199",-3.11230789600285,-0.0995248004521565,-0.0290428072122474
"17200",-3.03034932101958,-0.118842632875886,0.000101463144242323
"17201",-2.98311464912551,-0.141076145561491,0.0269335429783481
"17202",-2.97553850705967,-0.119236899746399,-0.000860526777810912
"17203",-3.01562646537747,-0.0932374179535536,-0.0278768003254447
"17204",-3.12206092383432,-0.136778536057218,0.0155913282057091
"17205",-3.19409379098692,-0.13640313572235,0.0180503554983858
"17206",-3.21097570771235,-0.141917799559194,0.0138447644138672
"17207",-3.20831732364435,-0.147408766338176,0.0180693983057963
"17208",-3.10724543586526,-0.0953627794213549,-0.0333426549942963
"17209",-3.09520951079057,-0.127918433056698,0.00095196054284725
"17210",-3.1145482398856,-0.137389101915463,0.0112053754741015
"17211",-3.09488405064965,-0.139526439766216,0.0144217209892885
"17212",-3.12920263652704,-0.153530735237928,0.0278828706027111
"17213",-3.06422154418502,-0.127903003302975,0.00251196375331722
"17214",-3.08539942237801,-0.130900940037433,0.0062313431587563
"17215",-3.04083087695478,-0.0866502913964181,-0.0381735076774311
"17216",-3.02604955426407,-0.132405123103942,0.011204650444398
"17217",-3.02156379555709,-0.130866070684925,0.00942882069533375
"17218",-3.05776350673638,-0.127995572994156,0.00624047996917043
"17219",-3.11885241671401,-0.137757749272371,0.021293307777239
"17220",-3.22000375783805,-0.134957754056449,0.0251794434438806
"17221",-3.20444320325274,-0.142949997388674,0.0320908265565746
"17222",-3.15511366985362,-0.129291239259465,0.016577061511534
"17223",-3.16889075047016,-0.118234584677292,0.0054741751374584
"17224",-3.13353510877791,-0.127669037363987,0.00159798893964154
"17225",-3.1742526873309,-0.134282239767108,0.00970237441557529
"17226",-3.15541316691657,-0.143352857810518,0.0168268508352741
"17227",-3.12737471173447,-0.100559848204812,-0.027486508258179
"17228",-3.13347211413499,-0.119336431906205,-0.00756285299113309
"17229",-3.08573693574987,-0.11298315159886,-0.0134424798834533
"17230",-3.08039797910398,-0.126925341301213,0.0011366396432018
"17231",-3.12956766970411,-0.150588743140993,0.0269754394162833
"17232",-3.14125361220709,-0.103340217329321,-0.026057377464674
"17233",-3.10938043640741,-0.0954007116802643,-0.0344488194413598
"17234",-3.12201850818437,-0.0991502000957531,-0.0313858983961841
"17235",-3.13010724030139,-0.123240474650196,-0.00532412456060768
"17236",-3.14899035367894,-0.112472630900267,-0.0191904527843156
"17237",-3.13937631594557,-0.131115932319163,-0.000764101195256672
"17238",-3.09108792520278,-0.107093027274431,-0.0229292650422842
"17239",-3.05061056825688,-0.122720468608387,-0.00178259923547349
"17240",-3.04960396955428,-0.121652412407491,-0.00137858792904086
"17241",-2.99959517699695,-0.0974965856447635,-0.0206125527509841
"17242",-3.05628600257468,-0.0914591133075338,-0.0358120149869521
"17243",-3.12082147884951,-0.125367938428308,-0.000839021233975405
"17244",-3.11352419360597,-0.119765496757267,-0.00800625795888674
"17245",-3.10508804929693,-0.102884436030208,-0.0234901762173478
"17246",-3.06150638760284,-0.104591486546664,-0.0227841512618825
"17247",-3.01636243620995,-0.0996456058117658,-0.014123254591492
"17248",-2.93844966142929,-0.0641969665221453,-0.0340526124017997
"17249",-2.90502126831733,-0.080773879561385,-0.018726004476988
"17250",-2.98830642484023,-0.0715232215857402,-0.0390048390262961
"17251",-2.99491675623189,-0.0735324697712952,-0.0355341580254359
"17252",-2.99891186147265,-0.0734228482752374,-0.0385656869287929
"17253",-2.99861566199629,-0.073657581287956,-0.0403961108885521
"17254",-3.03924633385983,-0.127192646646139,0.00924102490916399
"17255",-2.97705967534538,-0.0813990405467849,-0.0218726145231904
"17256",-3.00118133021763,-0.0962073388032663,-0.019115333381314
"17257",-2.98854004951622,-0.08544792220029,-0.0264118750621852
"17258",-3.01613193619856,-0.109297685027696,-0.00798115604341514
"17259",-2.97927701839021,-0.112154627107309,-0.00459053954465505
"17260",-2.95394384266747,-0.0867969443365399,-0.0270743245265698
"17261",-3.07241031952442,-0.130169947161344,0.0064345809345935
"17262",-3.13649795772498,-0.146356372155043,0.0250042988144123
"17263",-3.17740331491966,-0.13602123952699,0.0113103135090633
"17264",-3.1941562884271,-0.144784386748149,0.0194157594301125
"17265",-3.20045983418558,-0.141128713097587,0.0220073172993648
"17266",-3.20605771517176,-0.126605836824028,-0.00253001894320188
"17267",-3.15231909000491,-0.144399147045194,0.0173896547823572
"17268",-3.09178070853387,-0.144196912215186,0.019433764462222
"17269",-3.11494960501438,-0.141328600203695,0.0149625664790833
"17270",-3.16305529537354,-0.156140496617466,0.0298589575676935
"17271",-3.14788215284111,-0.150765508808956,0.0261507958393944
"17272",-3.11083473022048,-0.130405323211869,0.00533469510364165
"17273",-3.07034738296754,-0.134754673313152,0.00998328153485963
"17274",-3.02812292462218,-0.108213562810369,-0.0177193261801834
"17275",-3.03695156565403,-0.0983358932561256,-0.0278334203315139
"17276",-3.00173491516556,-0.0891074141840441,-0.0282695998901786
"17277",-3.0214231686658,-0.103369218607245,-0.0175794827280701
"17278",-3.05287159276162,-0.104637304175205,-0.0189851886762609
"17279",-3.07275598111648,-0.136669229207454,0.0134460872637009
"17280",-3.06259436782625,-0.134998917878052,0.0140449719672947
"17281",-3.0599849338056,-0.137452868816964,0.013203995374946
"17282",-3.01752378346379,-0.115280432659438,-0.0110764967048223
"17283",-3.0506746506456,-0.108375442599557,-0.0179922198489754
"17284",-3.02904077522357,-0.118998322403748,-0.00761825388235903
"17285",-3.05455751528679,-0.112799218791133,-0.01418836985354
"17286",-3.02476092074564,-0.0917376386254036,-0.0334033020759686
"17287",-3.03737999364177,-0.12552362191098,0.00259704500513433
"17288",-3.00824287084681,-0.121973421333949,0.000496039114008984
"17289",-3.03858700001828,-0.145142629513682,0.023462389403053
"17290",-2.99339873625347,-0.126762345838537,0.0108868645942629
"17291",-3.0086333530569,-0.119645642665234,-0.00274440677120001
"17292",-3.04684436460223,-0.139671042750139,0.0170445085352844
"17293",-3.07952651262888,-0.149110585753499,0.0251916396861712
"17294",-3.05153539535165,-0.119782554964691,-0.0044999083537016
"17295",-3.0069720336725,-0.102141597805378,-0.0228993361585394
"17296",-2.94676921256092,-0.127315985544448,0.0140107377353647
"17297",-2.94382748026507,-0.12940171499963,0.0147450007527172
"17298",-2.98302352242115,-0.133302456020946,0.0141411896732287
"17299",-3.01601259077186,-0.127959091624427,0.00618343672345982
"17300",-2.99777980319732,-0.115995505507053,-0.0093237415060649
"17301",-2.9921425162559,-0.120339196851411,0.0012934398650924
"17302",-2.99430469089978,-0.112771779927904,-0.00530121219880519
"17303",-3.00457035576275,-0.10362310453095,-0.0146337406552308
"17304",-2.94907864031597,-0.106010855323786,-0.00663550328754913
"17305",-2.938373251158,-0.124693757271608,0.0132815981759226
"17306",-2.94736438558833,-0.103951640553406,-0.0117087817028092
"17307",-2.95620668567374,-0.0739752134530036,-0.0448379243678897
"17308",-2.96855900827305,-0.106864361940244,-0.0116885621014408
"17309",-2.9353297250555,-0.0958052620860988,-0.0178012672502471
"17310",-2.96426001933919,-0.108065108165454,-0.00818642759295715
"17311",-3.00753795668355,-0.109439076564862,-0.0120113294656207
"17312",-2.96554257871812,-0.119042799939785,0.000118588412317181
"17313",-2.95770881452609,-0.108048175359391,-0.00527358003954164
"17314",-2.94691641902924,-0.115372351794378,-0.000852299258170303
"17315",-2.97237016120857,-0.110471738107328,-0.0099033700650107
"17316",-2.9550633772437,-0.0986341167515162,-0.018879971586678
"17317",-2.96253529898404,-0.116964959633644,0.00219832797108578
"17318",-2.98732888694482,-0.117063760888245,-0.0029992403828532
"17319",-3.02169898984577,-0.136389074710636,0.0142629083453265
"17320",-3.02970289471776,-0.104616992487064,-0.0199513523161795
"17321",-3.01760974562525,-0.101530174764793,-0.0221916613417869
"17322",-3.01046420071524,-0.10915466272233,-0.0146522749018997
"17323",-2.95811408450034,-0.111624590836194,-0.0117844127434806
"17324",-2.97793954675802,-0.103047833831452,-0.0180637824471674
"17325",-2.9824002800035,-0.123480497474877,0.00528601297207744
"17326",-3.04058789334873,-0.13894914690734,0.0163575871388527
"17327",-3.07050399203933,-0.144387262606095,0.0242261651638471
"17328",-3.07551635525474,-0.143176700999515,0.0227290566427318
"17329",-3.0734540759752,-0.138465076959067,0.0185148425396853
"17330",-3.02920298750837,-0.116880223029803,-0.00495708635991015
"17331",-3.0530087097564,-0.107683640188134,-0.0164350123805122
"17332",-3.02600514719234,-0.0993694063301272,-0.0220587128162957
"17333",-3.05539638773806,-0.116580804217132,-0.0116694979230749
"17334",-3.00972510631863,-0.1379974204627,0.021215008666413
"17335",-2.9799820124166,-0.113898852150635,-0.00159232610792095
"17336",-2.93768570697721,-0.0983687203075579,-0.0124919933195195
"17337",-2.98599224920232,-0.0851586461664143,-0.0304813423165102
"17338",-2.94948344850978,-0.103630825697308,-0.0108926252707623
"17339",-3.00776622553245,-0.128038610757457,0.00726307167148712
"17340",-3.04476300685849,-0.136558086794591,0.0152095339042417
"17341",-3.05645034283725,-0.13167814926662,0.0130453370962033
"17342",-3.04011738356559,-0.108824717257558,-0.0111916859508297
"17343",-2.96676231929114,-0.12783502355199,0.00872175938598642
"17344",-2.91958498956195,-0.107555255070799,-0.0140797568425064
"17345",-2.88933646085571,-0.115136381853907,0.00572788667039145
"17346",-2.84196527789173,-0.0809215661317375,-0.0259309825827786
"17347",-2.88278603618228,-0.0812464067011647,-0.0326325260278273
"17348",-2.93753246841794,-0.0859950072839553,-0.0285616698637305
"17349",-2.97086817325225,-0.10108191061048,-0.0181822706000704
"17350",-2.96363140621556,-0.117005461943263,-0.000526855771375643
"17351",-2.93695191370233,-0.113361021745546,-0.00471500855078893
"17352",-2.94163451814691,-0.0992425752342035,-0.0203945070919453
"17353",-2.94779308032959,-0.135292011159155,0.0176792732741803
"17354",-2.97077434991086,-0.135932157115337,0.0185301999727938
"17355",-2.99796160132494,-0.127267235223752,0.0107423084205618
"17356",-3.01007443540916,-0.12833990978767,0.0114835377382047
"17357",-3.03307647995069,-0.132441606437286,0.0142235397941581
"17358",-3.04144758305587,-0.128382559345957,0.0112171055901513
"17359",-3.02533505934871,-0.138055459944656,0.0200450183867245
"17360",-3.03419499245143,-0.13317913453709,0.0136248168181842
"17361",-3.02427829650426,-0.13171863181112,0.0129566750806185
"17362",-3.02827275969896,-0.134814183003045,0.015926219060216
"17363",-3.02629566686146,-0.130153054264038,0.0116249154811364
"17364",-3.02320634936081,-0.1381619884925,0.0192935970753197
"17365",-2.98467542630316,-0.116102889205992,-0.00661084920403195
"17366",-2.90729182197073,-0.124878605627934,0.0141162484559867
"17367",-2.87599528291697,-0.130889684537366,0.0210119224928776
"17368",-2.91597590284769,-0.0964029833877487,-0.022135375589565
"17369",-2.93851429349835,-0.113008710669666,-0.00549963319582019
"17370",-2.94931632806432,-0.129946134337137,0.0110938141162391
"17371",-2.93080784054638,-0.135516037904603,0.0180245436037748
"17372",-2.92721636521443,-0.12302785797791,0.00544864572127798
"17373",-2.93038313612945,-0.120866892923099,0.00307153311573528
"17374",-2.90411789627425,-0.108444418183847,-0.0111114285432941
"17375",-2.91105615567324,-0.101025714562537,-0.0174658431223687
"17376",-2.92837323708123,-0.104405668660082,-0.0125449844926181
"17377",-3.01342629068483,-0.102055689726423,-0.0169430676419403
"17378",-2.98919331043469,-0.133033304445,0.0125061148710601
"17379",-3.0314349987408,-0.134708830403248,0.0115863105306203
"17380",-3.0124481929387,-0.119754565237951,-0.00261061340950483
"17381",-2.90037461847868,-0.0866483510650078,-0.0161356533362275
"17382",-2.89776676545431,-0.0852704251673875,-0.0256952284906291
"17383",-2.8868155603571,-0.130573872924893,0.0211370237157472
"17384",-2.84169285462038,-0.12947834270656,0.021337464053844
"17385",-2.86001040501032,-0.105982075750817,-0.012592906668855
"17386",-2.88949646205501,-0.109312135223354,-0.0063096436306422
"17387",-2.92221195979049,-0.118851686491847,0.00202819172407206
"17388",-3.00037621274986,-0.107263611951507,-0.00963042148094393
"17389",-3.00567262604929,-0.126337974444392,0.00627360032811705
"17390",-2.99935914911758,-0.131404410620061,0.00970523003315263
"17391",-3.01445945200286,-0.116678206649891,-0.00339502988726262
"17392",-2.91693996414371,-0.131157619203384,0.015527282446608
"17393",-2.9732058956772,-0.133780947235607,0.0168906528305069
"17394",-2.99477271439179,-0.135480455994618,0.0176891882864735
"17395",-2.9500909585549,-0.112270744874307,-0.00867911459770405
"17396",-2.9362538718653,-0.134928607586967,0.0176977994148576
"17397",-2.88691904903681,-0.113300262877896,-0.00111980860270962
"17398",-2.85715019823871,-0.101713677331858,-0.00358370535123742
"17399",-2.93649194081319,-0.119228397902416,0.00237369228789652
"17400",-2.99319441034987,-0.126968107957933,0.00653957810695588
"17401",-2.9783713036982,-0.10390586355568,-0.0196969094438949
"17402",-2.92196195634493,-0.136607650313422,0.0249434806509937
"17403",-2.91823314294274,-0.113320050346937,-0.00219414496400967
"17404",-2.96667271038225,-0.12099976964623,0.00169273606532779
"17405",-2.93367614099938,-0.101802610231766,-0.0171557744585694
"17406",-2.85290764629918,-0.0895514723548969,-0.0153862626858641
"17407",-2.8397760004366,-0.069219649639789,-0.037430468965565
"17408",-2.78801069695782,-0.0779019433737775,-0.0203952951184181
"17409",-2.90740087339417,-0.0583797338207613,-0.0512606669575417
"17410",-2.97112214859179,-0.101153915088816,-0.0169858643601137
"17411",-2.96425250936958,-0.103726263072978,-0.0150265676867535
"17412",-3.00689663790417,-0.135446636913387,0.0151291743486439
"17413",-3.00950802380145,-0.142875942464852,0.0220112569789126
"17414",-2.97416891980998,-0.106203755873701,-0.0165315650638833
"17415",-2.9355323653569,-0.102931810614413,-0.0183932716938348
"17416",-2.87619711536151,-0.0897425712983313,-0.0177829068831236
"17417",-2.85644117823084,-0.0854712089789588,-0.0250951900358751
"17418",-2.8568077131972,-0.0846770095874046,-0.0218341179601979
"17419",-2.84594241497508,-0.0849842560708224,-0.0164383120735973
"17420",-2.93939379281089,-0.105460003954741,-0.00975496068328162
"17421",-2.97064442564568,-0.105753276767454,-0.0120808824661105
"17422",-2.96943316577806,-0.139113595239168,0.0198873934497452
"17423",-2.97365303222557,-0.134407133839202,0.0157902507849575
"17424",-2.91411207511307,-0.12623792383647,0.014421028044755
"17425",-2.88401989958455,-0.0872119804238694,-0.0293013714418126
"17426",-2.96233252649999,-0.122273944616134,0.00576267803691004
"17427",-2.9457553346785,-0.0921855688315456,-0.0232534968472402
"17428",-2.91362096645317,-0.0910903636361575,-0.0217342270250052
"17429",-2.95513001136398,-0.11573539075743,-0.00149752524236065
"17430",-2.95741495840451,-0.138170003439966,0.024883200668296
"17431",-2.94015218748178,-0.114318344146767,0.00194025521353259
"17432",-2.8928214969703,-0.0992912618298301,-0.0110928238247604
"17433",-2.84224443046849,-0.0983656532540416,-0.00600444651298201
"17434",-2.78850309070231,-0.0913858601846444,-0.00804379994688532
"17435",-2.81993665150647,-0.0447737355847043,-0.0560016669670306
"17436",-2.91172713318264,-0.0950032210478563,-0.0139112694580424
"17437",-3.00200457171438,-0.12595390486877,0.00777073387108148
"17438",-3.02446292546813,-0.125588406237819,0.00476734800407551
"17439",-3.02392298037962,-0.140588178285169,0.0214901640902728
"17440",-2.97050641042431,-0.0892453981492202,-0.0323888203282157
"17441",-2.94660495022313,-0.089257801552237,-0.031970690002653
"17442",-2.94195916283216,-0.0817659707995298,-0.0363864019015923
"17443",-2.87177291660828,-0.13069530261854,0.0213387266833976
"17444",-2.85750295686343,-0.0991845891969439,-0.0125348728343477
"17445",-2.84865383755229,-0.107364847935548,-0.00560214203299984
"17446",-2.86031197102837,-0.0770020229240533,-0.0354425153780549
"17447",-2.83842578626696,-0.116848289806128,0.00980728700350848
"17448",-2.87735175574781,-0.102030531786926,-0.012543725837026
"17449",-2.94007071017244,-0.111017859307596,0.00362218821133215
"17450",-3.00624056675037,-0.11419060999864,0.00560891552235401
"17451",-2.94399518673063,-0.130409464628077,0.0148577620555448
"17452",-2.90427987944852,-0.127334923193584,0.0117495631773661
"17453",-2.91904295799391,-0.123425414087164,0.00755592016725242
"17454",-2.91694042457264,-0.122063120729947,0.00658655529418591
"17455",-2.86556013373191,-0.0897640498578735,-0.0282119790412194
"17456",-2.8436157446543,-0.109052347791345,0.00256443366718105
"17457",-2.84384858782119,-0.101610684518863,-0.0102210339376513
"17458",-2.80401884222681,-0.0936513338113344,-0.00904290858782631
"17459",-2.91993481388996,-0.0956916692440109,-0.0186008562126672
"17460",-2.96778233123317,-0.123921349166258,0.00471019301147191
"17461",-2.93829195082834,-0.103766630119133,-0.0132151685668266
"17462",-2.90531454585655,-0.085555360148989,-0.0228711595012648
"17463",-2.84246625667509,-0.0819104091620403,-0.0179640014132206
"17464",-2.7467910463592,-0.0647585455014858,-0.0271926551358398
"17465",-2.69369769298357,0.0613881497805084,-0.12681997380762
"17466",-2.64779340481467,0.0641422839834395,-0.130744253832224
"17467",-2.71577280682228,0.00761661432376546,-0.0945399766782303
"17468",-2.76317387128336,-0.0498940779171303,-0.0483955707514094
"17469",-2.8383433211653,-0.0986942361415857,-0.00810675109284153
"17470",-2.9469528204197,-0.102764243845169,-0.00504463572497841
"17471",-2.96841486109499,-0.122311411100078,0.0146420621862717
"17472",-3.02137740125106,-0.127065547427241,0.0211828099180173
"17473",-3.07680806818774,-0.13315077264057,0.023594577382499
"17474",-3.08677815070187,-0.13299533228904,0.0247385908958405
"17475",-3.09346513847678,-0.113889887175409,0.00797076089860831
"17476",-3.07849784852299,-0.0526536637483268,-0.0591444278589006
"17477",-2.95116793510612,-0.05629628265345,-0.0559525170569525
"17478",-2.81679883527711,-0.0855288812274873,-0.0168901411954829
"17479",-2.84533601724392,-0.0849465582508062,-0.0291190521758299
"17480",-2.84768926689252,-0.1046798521525,-0.0090059195855215
"17481",-2.90585079911836,-0.107809997930591,-0.00630594283754311
"17482",-2.97145885659774,-0.114325797612082,0.00389855633037821
"17483",-2.99407995464088,-0.108668009114965,-0.00576409296093898
"17484",-2.93540639703033,-0.118354898508398,0.00211799185125252
"17485",-2.920717675287,-0.122939536462108,0.00632513750104128
"17486",-2.86739719340176,-0.127199924103462,0.0184925359641616
"17487",-2.87799167443592,-0.102119341194693,-0.0174710740529733
"17488",-2.88516716653706,-0.100042399630862,-0.0143749826727912
"17489",-2.89638432526726,-0.104993460760136,-0.0155305538228163
"17490",-2.90455315620037,-0.0919589640076078,-0.0267899529994678
"17491",-2.84706252452373,-0.0838777786377274,-0.0242550061672312
"17492",-2.84240739172634,-0.0920585118394137,-0.0149990452762936
"17493",-2.82080608985112,-0.0771594368204038,-0.0282035334794806
"17494",-2.72163634765369,-0.0815357413540937,-0.0148564215216636
"17495",-2.71226981466594,-0.0679879631689352,-0.0267427962436907
"17496",-2.75974421186131,-0.0785861744742628,-0.024886131556354
"17497",-2.82087933814689,-0.0873126424430696,-0.0253930019455466
"17498",-2.79565378661481,-0.102875313599511,-0.00809243750934219
"17499",-2.82139906570995,-0.0944881309817876,-0.0170408490385609
"17500",-2.82583232708344,-0.0960952865623316,-0.0111998787354979
"17501",-2.8736033595393,-0.110363096804192,-0.00380433339933534
"17502",-2.84152085077067,-0.107826953824576,-0.00422972184603905
"17503",-2.78890010968005,-0.0903880423736139,-0.0100126539654314
"17504",-2.74171872475363,-0.0830719902236954,-0.0142534147243821
"17505",-2.74940172084167,-0.0578847433583,-0.0418377349930972
"17506",-2.7661239603726,-0.0688202415453917,-0.0323073300811844
"17507",-2.78845696426578,-0.0767227377204297,-0.0306556850733913
"17508",-2.82639763174618,-0.102430712605207,-0.0145626844543374
"17509",-2.82055960321231,-0.0774895512994349,-0.0368185411147358
"17510",-2.88079979925011,-0.102411289677706,-0.0122775983275609
"17511",-2.90630031479189,-0.127870500833515,0.0125471407531777
"17512",-2.92171937006195,-0.109740497056406,-0.00488260876096146
"17513",-2.86132582248579,-0.108161841568993,-0.00398193313905476
"17514",-2.85713011323532,-0.11087330100897,-0.0015580863007093
"17515",-2.86108297493541,-0.110974706463629,-0.00140488167896646
"17516",-2.88437434477102,-0.102987416062071,-0.00977584853855776
"17517",-2.86698479197309,-0.129427063913782,0.0149470187125691
"17518",-2.88892753865416,-0.0983499403610318,-0.0165290717304528
"17519",-2.8616292248998,-0.105342643456226,-0.00739234218830581
"17520",-2.91043546530073,-0.116475513911943,0.00336827812318701
"17521",-2.90141078454505,-0.116235724641389,0.00530647988925746
"17522",-2.85552651045484,-0.0885734854332058,-0.028519222624991
"17523",-2.86262103083747,-0.0767016672749585,-0.0386009179588109
"17524",-2.86879026466697,-0.103825938691603,-0.010538034807152
"17525",-2.87602944895405,-0.0793730974346619,-0.0366457040904246
"17526",-2.88865573109614,-0.0912502745388382,-0.0232225833239108
"17527",-2.84677050120024,-0.114558078203311,0.0066898103113199
"17528",-2.79408088681083,-0.0898632386062527,-0.0131401055948549
"17529",-2.80294820287158,-0.12457200599315,0.0181192019563611
"17530",-2.83643945213635,-0.0932508090023079,-0.0174758795978855
"17531",-2.82997671919913,-0.125962943373445,0.0129867827886156
"17532",-2.86813560615773,-0.126440761308007,0.012904035989525
"17533",-2.88330330026214,-0.121076801824862,0.00615946218987239
"17534",-2.87881709794505,-0.0978626649338628,-0.0194361308779092
"17535",-2.84537431334497,-0.110515045210506,0.00175755908415053
"17536",-2.85176808843804,-0.0890074326477081,-0.0280511135223775
"17537",-2.88776128539295,-0.118934937364506,0.00327215011046856
"17538",-2.89955073854515,-0.132511020618703,0.016613090816596
"17539",-2.8789139812752,-0.0877750952425626,-0.0282228896544431
"17540",-2.87504459366729,-0.0857395450919887,-0.0280203929115481
"17541",-2.85284321276048,-0.0841876125513259,-0.0291370608433553
"17542",-2.824874246882,-0.0936629680113644,-0.0210635845115
"17543",-2.82311508028706,-0.0937088567683311,-0.0207057114025406
"17544",-2.82183478896302,-0.0909002865968254,-0.0152802726307182
"17545",-2.83347379870562,-0.0889301520922148,-0.0227685017244434
"17546",-2.78198536927206,-0.0981451031504322,-0.0044039275687197
"17547",-2.77703380407428,-0.107215894134569,0.00283594490577415
"17548",-2.71011520273836,-0.0827046986433763,-0.0158982365703328
"17549",-2.73816030535135,-0.0960873267569785,-0.0032619889003181
"17550",-2.76526295670045,-0.0972155589622278,-0.012051395105893
"17551",-2.80064246021082,-0.0759144409502224,-0.0307103177475267
"17552",-2.72451684570475,-0.0903478366853092,-0.00914896049458279
"17553",-2.75709899651767,-0.0950194267886026,-0.0092059857139056
"17554",-2.79528000015475,-0.100056404518795,-0.00619042552102629
"17555",-2.81816294516781,-0.0959668705383944,-0.0132900854961179
"17556",-2.81791221477432,-0.10647823806384,-0.00343999015386063
"17557",-2.8449241042054,-0.0561519667534388,-0.0487492800643771
"17558",-2.81682965695519,-0.0917171173868265,-0.0163586102670819
"17559",-2.83275427602226,-0.0914082292163127,-0.0152562195469684
"17560",-2.85654118632155,-0.0917732906840661,-0.0179900408991851
"17561",-2.82628224927933,-0.0764968253194885,-0.033378494711716
"17562",-2.84425335306899,-0.0662077690325847,-0.042815487354976
"17563",-2.89130307902695,-0.114397570528328,0.010083212869258
"17564",-2.93288577034975,-0.118333156056801,0.0162239092598228
"17565",-2.96928153371954,-0.120605273432245,0.0187941388337166
"17566",-2.88012511343694,-0.0806986858575874,-0.0234769569084765
"17567",-2.80623937786797,-0.0618613142910816,-0.0452885701979562
"17568",-2.70783755280709,-0.0759391264508228,-0.0264670126183179
"17569",-2.73506747566371,-0.116614689305903,0.0088714849136358
"17570",-2.77946823691653,-0.0860810857595059,-0.0192412387917899
"17571",-2.85576594279954,-0.100702634047736,-0.00550322066541791
"17572",-2.86636888811074,-0.103869676424501,-0.00222652081493874
"17573",-2.85003069986199,-0.102051840803811,-0.00971639511143202
"17574",-2.88594800977421,-0.101890472816959,-0.0102793400469072
"17575",-2.84102514213229,-0.0949604469922833,-0.0216819310970492
"17576",-2.84483583050804,-0.0897006725623331,-0.0252036932483999
"17577",-2.86151188185344,-0.103302659057479,-0.00957662219042285
"17578",-2.87596359453377,-0.118214473116674,0.00446337921355597
"17579",-2.80466049734662,-0.104944500844958,-0.000477770951638922
"17580",-2.7724978639516,-0.0875440779149342,-0.0169954520629375
"17581",-2.75854686497334,-0.0698691665778243,-0.0323415064065026
"17582",-2.74103617382681,-0.0668733919544504,-0.0308593592503816
"17583",-2.72785012950478,-0.0591389929730465,-0.0389818178871039
"17584",-2.71985395623727,-0.0669737803681945,-0.0275038554159577
"17585",-2.76358230002985,-0.0767615214638706,-0.0248043492152661
"17586",-2.82821990024227,-0.0632407066776805,-0.0496035799158378
"17587",-2.77267269428874,-0.0874941053347896,-0.0135431453342439
"17588",-2.82398778932176,-0.0676187197586886,-0.0449680786701127
"17589",-2.81966011587429,-0.099246741268135,-0.0108761861242141
"17590",-2.82224147121524,-0.0984597768506831,-0.010434974554273
"17591",-2.83603694275897,-0.101200187150033,-0.0108267771661975
"17592",-2.8599214681584,-0.0952211064659981,-0.0175274394415207
"17593",-2.84232449688065,-0.095211457853937,-0.0211029487782581
"17594",-2.85499844699856,-0.0747884613880129,-0.0394029953923684
"17595",-2.785497344083,-0.096046434606888,-0.0177593747225198
"17596",-2.61578441857381,-0.0882462193786309,-0.00556895558259419
"17597",-2.68013385706362,-0.0769734626004894,-0.0199767841124154
"17598",-2.74496502462751,-0.0956817200085453,-0.00553425451829597
"17599",-2.80103683957896,-0.107932903339352,0.00722779615953658
"17600",-2.8415314119126,-0.109665790763855,0.0102970777412065
"17601",-2.90427748418138,-0.0940687731153255,-0.00431970403963088
"17602",-2.9894445486106,-0.102780646455968,0.00267310486588114
"17603",-2.93103603511666,-0.10421384123994,0.0011457681976526
"17604",-2.88371732704197,-0.0891112261484672,-0.0178946950404656
"17605",-2.84346429000124,-0.0929875314847953,-0.0192184330177895
"17606",-2.81909129094753,-0.0809110243490025,-0.0312592206637278
"17607",-2.7770103937328,-0.10524910608494,0.00171035485042744
"17608",-2.76271188599902,-0.119442956782046,0.0148012254393143
"17609",-2.697911497582,-0.107074648438249,0.00745807427903992
"17610",-2.67376664496667,-0.0874853452318871,-0.00910847851876958
"17611",-2.66246184572063,-0.053506334201096,-0.0392789294412443
"17612",-2.60044172380475,-0.0598646401435087,-0.0279891985714643
"17613",-2.67534309277423,-0.0849516521469885,-0.0105873335600602
"17614",-2.75864511199043,-0.0874298331644738,-0.0148817674947652
"17615",-2.78478387330795,-0.121543516144563,0.0110736723171546
"17616",-2.77516734149567,-0.0923314164615073,-0.0148818471902617
"17617",-2.84767586568729,-0.111085365519672,0.00585080039084073
"17618",-2.84414749960284,-0.101255086197483,-0.00613072089531314
"17619",-2.86615602680009,-0.102818521347803,-0.00478883075020088
"17620",-2.84560130632884,-0.0819112026443934,-0.0307740915422826
"17621",-2.80139547110213,-0.104008549322794,-0.00664308788941006
"17622",-2.74783214699009,-0.0884804014560391,-0.0121915590360677
"17623",-2.69201544440301,-0.0755467486566887,-0.0193166002100468
"17624",-2.73576131485482,-0.0913055353585266,-0.00891886435408483
"17625",-2.79310672731395,-0.110318294478604,-0.00131246319707626
"17626",-2.82737015953893,-0.0868913155599828,-0.0276366740432555
"17627",-2.76944958554758,-0.0905508491127572,-0.0129746233969458
"17628",-2.72268443564019,-0.084564796801699,-0.0144542211648345
"17629",-2.69700730705555,-0.0715465233550233,-0.0235355499082371
"17630",-2.69482562857329,-0.0525535572606859,-0.039373600282104
"17631",-2.71622245221935,-0.0284060418866226,-0.0645771530262551
"17632",-2.74779782413178,-0.0552770201996132,-0.0409642956528931
"17633",-2.80435663492099,-0.0514170190032621,-0.0525830840795605
"17634",-2.80645699867324,-0.0940886715655079,-0.0120406750536883
"17635",-2.7838882200891,-0.0814715623990862,-0.020527496386687
"17636",-2.71070927922171,-0.071316570890403,-0.0237835065666689
"17637",-2.68302850948489,-0.0732491440254087,-0.0211291774060081
"17638",-2.66318773382016,-0.0724942756330916,-0.0206138664533969
"17639",-2.62054629889767,-0.0662155680308464,-0.0246057950439567
"17640",-2.64491891197626,-0.0688536322293542,-0.023744033578995
"17641",-2.69128964723098,-0.100794057481474,0.0013425414980677
"17642",-2.73928271395021,-0.0627872450772601,-0.0462829108375427
"17643",-2.75985898973832,-0.0969295975092646,-0.00850001772896699
"17644",-2.78158712639226,-0.0909642833645725,-0.0164191630789159
"17645",-2.75594320118791,-0.106132283745672,-0.00377925909691952
"17646",-2.74646400251011,-0.104409516421589,0.00179160035955455
"17647",-2.73039249342752,-0.091709017693389,-0.011548733309273
"17648",-2.73561162124928,-0.090685796358744,-0.0106088458977004
"17649",-2.71308173587411,-0.0751244649555777,-0.0237600542756589
"17650",-2.63947882203109,-0.0436360606062127,-0.0438971997341827
"17651",-2.60000380174468,0.026480359914864,-0.0977717676265571
"17652",-2.57932606175062,0.0307334668247995,-0.0973631695987173
"17653",-2.64377819712487,0.0260481224296593,-0.108241309837799
"17654",-2.72972670426258,0.0253766091775642,-0.114611638173835
"17655",-2.66606844858826,0.0155848979487477,-0.0931889160977724
"17656",-2.6491607685082,0.0419930976950583,-0.117952128594247
"17657",-2.67322010472303,-0.0131564710449057,-0.0723692294748673
"17658",-2.68668213652167,-0.0261202140154856,-0.0630866856084932
"17659",-2.67321091033128,-0.0731587406311987,-0.0207698663663171
"17660",-2.61426018859002,-0.053121020147467,-0.0356523333996992
"17661",-2.58704278730722,-0.0240971784718051,-0.0592184984941056
"17662",-2.68613040472755,-0.0660288941538642,-0.0281391447807622
"17663",-2.7320801448765,-0.0842586762450469,-0.0150882107884205
"17664",-2.72593049039974,-0.100572603193175,-0.00127881723454243
"17665",-2.70594583113158,-0.096605485768568,-0.0043347444168584
"17666",-2.68590946246968,-0.06738691323112,-0.0295195586987786
"17667",-2.72910366391005,-0.0968423720719796,-0.00685254283611195
"17668",-2.73427487922314,-0.11235839217318,0.00905379259349778
"17669",-2.75104530343879,-0.0832827392280074,-0.0239596441703647
"17670",-2.73904117368091,-0.0854712513182494,-0.0156426134891099
"17671",-2.73265150770711,-0.101328138024085,-0.00156481563335043
"17672",-2.73912923274186,-0.10739088714195,0.00408296633703862
"17673",-2.69750459984036,-0.077193944618109,-0.0215044040610101
"17674",-2.69252609104975,-0.102836152201813,0.00320218085580665
"17675",-2.7023977429336,-0.0877959645898267,-0.0129145639222866
"17676",-2.77804286630844,-0.102255934111731,-0.0056499645712077
"17677",-2.84331168832874,-0.111057569736806,0.00742635838243267
"17678",-2.8535307469168,-0.103460202745312,0.000700487321115627
"17679",-2.79378034152873,-0.087747960069598,-0.0224027633860642
"17680",-2.76548359171095,-0.0764727962513292,-0.0327502759189477
"17681",-2.7274929806428,-0.0896780736158636,-0.020383883874769
"17682",-2.69402297453408,-0.0765282514949811,-0.0307815052835296
"17683",-2.72362140257603,-0.0819072129558315,-0.0218549574515044
"17684",-2.79462854487125,-0.0966880667067614,-0.0130713330325144
"17685",-2.8125992182432,-0.095041624601816,-0.012752696040482
"17686",-2.80087837040686,-0.0941920270036189,-0.0157368850809392
"17687",-2.75833753470606,-0.115249893942886,0.0109034858626541
"17688",-2.76838678532712,-0.107289764619323,0.00357811270904478
"17689",-2.70035409820947,-0.0480885299828355,-0.0490219786796989
"17690",-2.70187371884871,-0.062142530902932,-0.0337707117699615
"17691",-2.6722405155069,-0.0798607471617453,-0.0168549386749888
"17692",-2.69070267551254,-0.0791522801592772,-0.0171146247834026
"17693",-2.70449241210761,-0.0975280394104135,-0.00744262772906154
"17694",-2.68368095810123,-0.105944379046079,0.00534242737592873
"17695",-2.69326479205198,-0.112211071408514,0.0105152312926807
"17696",-2.66664927536592,-0.102553743575416,0.00172634846104178
"17697",-2.6517299748308,-0.0973204226354929,-0.000301198507826442
"17698",-2.74912393036102,-0.0692504937561436,-0.0338652510925955
"17699",-2.73536343844121,-0.0465559602263895,-0.0579546526714775
"17700",-2.69104884873518,-0.0465834577692889,-0.0477775980185311
"17701",-2.62232754069056,-0.0586011004814641,-0.0319168093977463
"17702",-2.62765141960239,-0.0702058455423891,-0.0256469124547078
"17703",-2.69332879875131,-0.0457447176741114,-0.0545913527410442
"17704",-2.70656197514727,-0.0704514354281357,-0.0269343639301546
"17705",-2.74444702495871,-0.101809581950805,0.00446598646953168
"17706",-2.77762464445387,-0.101276653769327,0.00398626639576689
"17707",-2.79703703291803,-0.0803336372577516,-0.0173947002164417
"17708",-2.76583611927485,-0.0674762502925116,-0.0283555198858999
"17709",-2.7857084728997,-0.0824856508957364,-0.0166106405145534
"17710",-2.75461536876679,-0.045437239367195,-0.0555798402999454
"17711",-2.74563088238279,-0.0619518054757533,-0.0409739412045165
"17712",-2.68947364586882,-0.0928775312594022,-0.0147392548369745
"17713",-2.72086459853885,-0.0953346889517559,-0.00938186261412277
"17714",-2.76461270506266,-0.0965169092255469,-0.00227435173196831
"17715",-2.76153621930918,-0.0968738500423919,-0.00149229213471758
"17716",-2.76333007116236,-0.0687646092849592,-0.0303398428186534
"17717",-2.68209409604958,-0.111393825622338,0.00629415882981913
"17718",-2.69809834074653,-0.0999605760377763,-0.00462078525867567
"17719",-2.77092920228697,-0.0802769739631525,-0.0251245072546858
"17720",-2.78410592227343,-0.106271891840405,0.00379914477302491
"17721",-2.79560736429742,-0.0816897317727643,-0.0241941837373655
"17722",-2.69559665556511,-0.0902635790013462,-0.00806988278777911
"17723",-2.55153225130358,-0.0373628738011431,-0.0453370225001723
"17724",-2.51460551856505,-0.0474252316090755,-0.0349980246469667
"17725",-2.53530558472401,-0.0522772247310198,-0.0327785594104023
"17726",-2.52746940779769,-0.0281747437622943,-0.0564930469122076
"17727",-2.5890684447122,-0.072104006613242,-0.0194327252006905
"17728",-2.65026575106569,-0.0895999891046741,-0.00813289251542422
"17729",-2.69377775529575,-0.102327416491405,0.00218509524966815
"17730",-2.61238789373891,-0.0985399843417226,0.00338505056759841
"17731",-2.62737995256134,-0.0959260212032245,-0.000347897174809757
"17732",-2.62831336508191,-0.102050142010585,0.00500214063134678
"17733",-2.63581836833493,-0.108113540398194,0.00840907418504782
"17734",-2.64761481948421,-0.0740643248213584,-0.0245003654040147
"17735",-2.65798226290085,-0.10452632759598,0.00688953299768201
"17736",-2.65320668787176,-0.101033768957205,0.00364170484692221
"17737",-2.67826514617809,-0.0973497531697735,-0.00785991734640369
"17738",-2.6244061717638,-0.104283309637331,0.00809254535918355
"17739",-2.62168723712631,-0.0782399623798819,-0.0153965356597079
"17740",-2.64971493541739,-0.0815380688385863,-0.0162637378701093
"17741",-2.63873342872011,-0.102427128560317,0.00370920604897604
"17742",-2.6779612261659,-0.0857687455144422,-0.016704668879286
"17743",-2.70634122682514,-0.0915835048614068,-0.0109788353792047
"17744",-2.76153009089283,-0.0975025759425127,-0.00869028674805817
"17745",-2.74830125838836,-0.095619828564813,-0.0106548486464524
"17746",-2.72571894341346,-0.102683910488918,-0.00573070552303659
"17747",-2.73233169859133,-0.115760270775248,0.0123939184112793
"17748",-2.66400417556547,-0.0881582863630949,-0.00813948490668921
"17749",-2.55721195936819,-0.0315516713036483,-0.0532484825255277
"17750",-2.54252326935229,-0.0114200719713893,-0.0709651948402093
"17751",-2.54380539617892,-0.0891363655190844,-0.00094430283597336
"17752",-2.50875606039002,-0.0523506864315299,-0.033696832032291
"17753",-2.51258862477391,-0.0393408277596214,-0.0449346043575809
"17754",-2.47102691736768,-0.0271251063491599,-0.050148466791135
"17755",-2.50567604181408,-0.00770873290473143,-0.0731826234496246
"17756",-2.59158506557137,-0.0826183174346646,-0.00953064426779695
"17757",-2.64197026306185,-0.0717623889562499,-0.0233612972914744
"17758",-2.6226287263963,-0.0868111245754993,-0.0108158688656686
"17759",-2.65921636522605,-0.0709491948286568,-0.0260562243254356
"17760",-2.64345272870813,-0.0883157349851073,-0.00951702406042258
"17761",-2.68334904774367,-0.0889722898381073,-0.0134825005817726
"17762",-2.72435766456474,-0.0932747968368771,-0.0109355618711316
"17763",-2.73510784759997,-0.0867808871565127,-0.0176988848042521
"17764",-2.72704813422302,-0.0544541116532306,-0.0512475023739647
"17765",-2.70506164174286,-0.0665942628627936,-0.0394785029101862
"17766",-2.6321235983249,-0.106160316529647,0.00777968405893616
"17767",-2.54958702936555,-0.0751941139277391,-0.0139644559583017
"17768",-2.5441205432022,-0.0809863496857971,-0.00798765223727856
"17769",-2.5396190081449,-0.0742145233006367,-0.0146854422294831
"17770",-2.58829153267338,-0.0811486969520175,-0.010578150702609
"17771",-2.63285288146219,-0.0716711250060331,-0.0215532106028579
"17772",-2.62567346536999,-0.0739624759290019,-0.0181907731612592
"17773",-2.65631864485164,-0.0374692170192391,-0.0538486289386612
"17774",-2.65169771286544,-0.0508423262480774,-0.0427605375266327
"17775",-2.57987139220094,-0.0670969184306179,-0.0225789834605389
"17776",-2.58768537716485,-0.0752810077922047,-0.0175949308557638
"17777",-2.64001626732926,-0.0721206230690532,-0.032440007964827
"17778",-2.64193189898347,-0.0879256546721759,-0.017502609388516
"17779",-2.66321424902685,-0.0731219597924909,-0.0301803343140337
"17780",-2.67238705308592,-0.0770821146937434,-0.0262370047918071
"17781",-2.64154365578022,-0.0713854874898789,-0.0334427874414666
"17782",-2.64942441527809,-0.0763178458961747,-0.0209280428898085
"17783",-2.69615032167896,-0.0743386891708744,-0.0231105815009125
"17784",-2.72524484672313,-0.100341062911326,0.00108098295457403
"17785",-2.7311919042253,-0.0637408658446376,-0.0336261996375942
"17786",-2.67693028920986,-0.0677557342107886,-0.0375453828839902
"17787",-2.67598703166352,-0.0378510071399871,-0.0642765450474318
"17788",-2.65963579982286,-0.0503282661267916,-0.0418842827296366
"17789",-2.65696139874722,-0.0486042287690274,-0.0483379974025457
"17790",-2.69656473929768,-0.0821515613525174,-0.0116947397751395
"17791",-2.71251264884863,-0.0878835486951662,-0.00505080027663389
"17792",-2.68189423542151,-0.0956671871024422,0.000829134359871947
"17793",-2.66762586345111,-0.0940493006774739,-0.00181901841428607
"17794",-2.67447776355719,-0.0943999557047131,-0.00195064608927947
"17795",-2.65665192737123,-0.0752080096369817,-0.0254502932795513
"17796",-2.69049084253972,-0.0963626026534519,-0.00152994155811922
"17797",-2.77449169541788,-0.0865443277064764,-0.00626508991393719
"17798",-2.74885440918536,-0.0723651605901056,-0.0242106470835102
"17799",-2.73559161034165,-0.0765118358716863,-0.0196238340790948
"17800",-2.51790308578459,-0.045810914440613,-0.0404866503032182
"17801",-2.52623742835122,-0.0476491347292985,-0.0375264222606807
"17802",-2.54324104705624,-0.0297386334173444,-0.0549155087669759
"17803",-2.59907378530609,-0.0653351275367062,-0.024801193065479
"17804",-2.61970832013089,-0.101629039986521,0.00479048853913167
"17805",-2.65720581323805,-0.103111757964752,0.00425492306848447
"17806",-2.65659591825054,-0.0718076430029882,-0.0317749306410465
"17807",-2.62833441651832,-0.0776360650321648,-0.0257125836643951
"17808",-2.59909486758001,-0.108185428232344,0.0111619941176121
"17809",-2.609931718109,-0.0910743972351054,-0.00783035031470752
"17810",-2.59969731311481,-0.0982525032696419,0.00267387618203374
"17811",-2.52170393037648,-0.0751282912932524,-0.0117467968533075
"17812",-2.49553466592183,-0.0825463633428577,-0.0052801908434945
"17813",-2.4844893247318,-0.0698272788896809,-0.0146350899230102
"17814",-2.42114343151179,0.0138060135247835,-0.0796167052743206
"17815",-2.49222310575558,-0.0674625549750438,-0.0191308998873745
"17816",-2.51765270933185,-0.0658134939416885,-0.0206033736655351
"17817",-2.56112771340518,-0.0723712036205593,-0.0166367705926644
"17818",-2.58081835180786,-0.0861696538015399,-0.00461590201083687
"17819",-2.58511326414227,-0.0773961228358399,-0.0124011086071688
"17820",-2.63346645325153,-0.0979522055197485,-0.00133781390725136
"17821",-2.67335368036429,-0.0829017865888071,-0.0227033635856434
"17822",-2.64530431840357,-0.0862232106146448,-0.0150891764796226
"17823",-2.63619210737519,-0.0954898201655504,0.00173285071930989
"17824",-2.57729786229531,-0.079059321077961,-0.0117669360629951
"17825",-2.55091616677191,-0.0469047814346458,-0.0386853634484255
"17826",-2.57670586875521,-0.093381601381011,0.000689031433039371
"17827",-2.56981996108416,-0.07879561383338,-0.0101921360742029
"17828",-2.54132117490267,-0.0111287296073315,-0.0729149773619952
"17829",-2.53482903290842,-0.00619332527441519,-0.0756718184286358
"17830",-2.51716778028353,-0.0184564832719039,-0.0583723723704391
"17831",-2.5634437794279,-0.0217491462863965,-0.0631885658302582
"17832",-2.55757973816095,-0.0656355030541136,-0.0234043103617602
"17833",-2.59470593532668,-0.0957011549702417,0.00235045915395022
"17834",-2.60068963862995,-0.0915456735933588,-0.00198919915419393
"17835",-2.57390602830022,-0.0975967593260349,0.00423116029178137
"17836",-2.53672732945742,-0.0881089464872628,-0.00278648905759017
"17837",-2.55734064759308,-0.0946302417585827,0.00180536830399747
"17838",-2.56625352713438,-0.0941087153409152,0.000789898253976962
"17839",-2.51152187757354,-0.0306571248096599,-0.0525368327157394
"17840",-2.50603984796739,-0.0282358119280453,-0.0549654917348561
"17841",-2.51099347366611,-0.0310238914091647,-0.0504933321139353
"17842",-2.46618554980795,-0.00979260148839941,-0.0625552753357049
"17843",-2.52341938062295,-0.0688158267229558,-0.0180637388970048
"17844",-2.55461363406795,-0.0789394671551076,-0.0112966776853361
"17845",-2.55524172813576,-0.0551861839970283,-0.0313908080883545
"17846",-2.56119117062859,-0.0484866391373219,-0.0370442173945661
"17847",-2.57008615279521,-0.0488256500223023,-0.036809779301033
"17848",-2.61030285542071,-0.0538106790570129,-0.0355228947740847
"17849",-2.58681621990384,-0.00539949588981067,-0.0772525245335994
"17850",-2.55854842287099,-0.00723443613468635,-0.0781482860477872
"17851",-2.63601811212179,-0.0783402266242459,-0.0166042257719012
"17852",-2.6271001893128,-0.0676032510737373,-0.0284088367815468
"17853",-2.58362426756262,-0.0638222577561219,-0.0306045145266183
"17854",-2.58151677653675,-0.0670759428231024,-0.027732747371381
"17855",-2.47423789662239,-0.0125624871006943,-0.0620133913926087
"17856",-2.40210771273087,0.00370410337583595,-0.0701047186284154
"17857",-2.41342160916313,-0.00118890452577254,-0.0680796466422531
"17858",-2.44863593407173,-0.0127876252807202,-0.0642814306974063
"17859",-2.46995526456313,-0.0588034800281341,-0.025191927860047
"17860",-2.45465595248402,-0.0747196232859576,-0.0116049342090405
"17861",-2.44547398269016,-0.0614553565991993,-0.0227455175415006
"17862",-2.47963700561288,-0.056492490639739,-0.0277933923379936
"17863",-2.5750150916258,-0.0786690934983614,-0.0113630112464677
"17864",-2.61812700580777,-0.0957326254363282,-0.00199383168628401
"17865",-2.55633993562436,-0.0901004003178472,-0.0017523449383135
"17866",-2.55770567684828,-0.103105466752174,0.00788259124476314
"17867",-2.51538743500922,-0.0808119512146205,-0.00837701092113582
"17868",-2.47533743684578,-0.050760709485959,-0.0303874461633964
"17869",-2.49415706628942,-0.0600409545530874,-0.0251169263031762
"17870",-2.50069469663716,-0.0763738909665581,-0.013252790238059
"17871",-2.4777227845712,-0.0852856500631111,-0.00363495426781303
"17872",-2.52251225507141,-0.115909405175718,0.0217461054130635
"17873",-2.56991130389239,-0.120219592930799,0.0252309997483385
"17874",-2.56335603841982,-0.0966390283946078,0.00132778808086799
"17875",-2.59091240584983,-0.0788062315134459,-0.0171736200525875
"17876",-2.58800675643118,-0.0909556818604208,-0.0031359970503511
"17877",-2.59803775945277,-0.0880016689361253,-0.00882313288355768
"17878",-2.57911903575126,-0.093169517528217,-0.000142972358257667
"17879",-2.48815714577233,-0.0541726994646942,-0.0260841425084747
"17880",-2.46046631242576,-0.0179889577146823,-0.0592574591310112
"17881",-2.44920247513453,-0.0812366169546169,-0.000881295894321182
"17882",-2.48371092878298,-0.0932371389170658,0.00320654988738882
"17883",-2.47722934166602,-0.0880764807386562,0.000114533194979063
"17884",-2.5080263393268,-0.0639354905826166,-0.0221208188951591
"17885",-2.4886470486415,-0.0635301402568796,-0.0207501673792196
"17886",-2.52516404812768,-0.0673326857563987,-0.0191609856827901
"17887",-2.58181443066858,-0.0898891083829201,-0.00419111520184596
"17888",-2.56033977580804,-0.0674550335365063,-0.0211362154590317
"17889",-2.59534926538303,-0.0768774699552527,-0.0144720189877618
"17890",-2.57473935389784,-0.0989024577599355,0.00359738695933033
"17891",-2.46029742075137,-0.0769375754568321,-0.00992428442038714
"17892",-2.46634891601811,-0.0799833373397593,-0.00645952532127932
"17893",-2.48818617893052,-0.0793155798883925,-0.00887400514843158
"17894",-2.46283413099986,-0.0727321326361468,-0.0135132837970883
"17895",-2.47435292182355,-0.0732637102562862,-0.0136064014522628
"17896",-2.52366781590869,-0.0629105744145049,-0.0239941804381815
"17897",-2.50391622487844,-0.08500798969956,-0.00344810602614462
"17898",-2.49303786778356,-0.0563231298855459,-0.0285017707274557
"17899",-2.50998064422304,-0.0823262849554832,-0.00701573890939676
"17900",-2.54210158317011,-0.0862790486662694,-0.00605545589471348
"17901",-2.5253746989144,-0.0985514268529567,0.006480432036557
"17902",-2.53500732039502,-0.0686784415704821,-0.0212634460537047
"17903",-2.55491631113596,-0.0886661048417434,-0.00353152380867276
"17904",-2.60866907708321,-0.100943274634184,0.00426307985652752
"17905",-2.56363386726467,-0.0868953788234376,-0.00476470380271773
"17906",-2.46794414715208,-0.0488315595290776,-0.0321416142806097
"17907",-2.43013664721908,-0.0443218886738417,-0.0325336538647128
"17908",-2.39485427639838,-0.0389788383515212,-0.0343813781465971
"17909",-2.47644504230854,-0.0480629008159367,-0.0350086477719851
"17910",-2.46506734508254,-0.0476237507464701,-0.0317100964548115
"17911",-2.47817234186939,-0.0535619968095307,-0.0298993449845543
"17912",-2.46766228274549,0.00359290674097241,-0.0731521315401594
"17913",-2.44433357484195,0.00432106287486872,-0.0726013244685917
"17914",-2.43752327842188,0.0323502654936138,-0.0966174909813757
"17915",-2.40164725020665,0.0342521088778189,-0.0947293420293953
"17916",-2.39105314214176,0.0926978947611626,-0.142185040194942
"17917",-2.42751328043154,0.0190848800373636,-0.0820583053548598
"17918",-2.45787686038626,-0.017225815670021,-0.0607620426815917
"17919",-2.50640299100425,-0.0337196681320539,-0.0476778048912115
"17920",-2.56621249412778,-0.0798007912324173,-0.0130754468177996
"17921",-2.52271088791038,-0.0908902229508978,0.000177902244255351
"17922",-2.43936811022738,-0.0701859535163605,-0.0108482682380173
"17923",-2.43465672742753,-0.0608749611049946,-0.0183731754424376
"17924",-2.46876250162673,-0.0794331624799493,-0.00514819454336049
"17925",-2.49772150676295,-0.0779608545998717,-0.00983645331329834
"17926",-2.5076736927862,-0.0948715240723738,0.00321692167014489
"17927",-2.5744273499123,-0.0399201002307635,-0.0533985385819006
"17928",-2.5527533594101,-0.0827944250502024,-0.00944630793772152
"17929",-2.56406256581202,-0.102388368394757,0.00818180639289227
"17930",-2.59279736038893,-0.0708248695846241,-0.0308767285340783
"17931",-2.56202147620774,-0.0851567935101142,-0.0113532431615546
"17932",-2.55849574084941,-0.080083960217598,-0.0161234416464929
"17933",-2.57606133341713,-0.0648344788160581,-0.0302074385275347
"17934",-2.50900716625898,-0.0835887731570398,-0.00567684254266734
"17935",-2.48030304178739,-0.075950733030226,-0.0115028119423495
"17936",-2.52248492002031,-0.098870571487536,0.00544198925082612
"17937",-2.50687754532149,-0.093646149265722,0.00299928772838248
"17938",-2.4883891415616,-0.0891166582303197,-0.000439538759705647
"17939",-2.47397382480416,-0.0637720511476997,-0.0205907722123418
"17940",-2.45185208112883,-0.0622785819401668,-0.0186678913094032
"17941",-2.45898129036992,0.032342685991254,-0.0967041374600654
"17942",-2.45819553676282,-0.0266854689548453,-0.0494621321821659
"17943",-2.48695208163335,-0.0616445152126178,-0.0213048900991294
"17944",-2.43952458490241,-0.046901931940701,-0.0288510311500366
"17945",-2.41781293682212,-0.0336829984433813,-0.0390533546441797
"17946",-2.43009205915243,-0.0289852739821023,-0.0465635710157551
"17947",-2.410595126115,-0.0201024747636874,-0.0545025793696071
"17948",-2.41321653723052,-0.0552115119730743,-0.0222320695841834
"17949",-2.45028327167915,-0.0589188233381169,-0.0240122432421523
"17950",-2.51276240139257,-0.0568129027891933,-0.0304263932165212
"17951",-2.58213984838021,-0.0951523929117133,0.00368274901629548
"17952",-2.62384536796302,-0.105644142996294,0.00343575014161393
"17953",-2.50942411195253,-0.0266701136855828,-0.0591171520073143
"17954",-2.543081593896,-0.0329897152774987,-0.0496387296692711
"17955",-2.54389746005404,-0.0344299269557087,-0.0485821862628424
"17956",-2.5890473902506,-0.0651872923851612,-0.0181043800729557
"17957",-2.55959891497947,-0.0715396070030695,-0.0171968621894214
"17958",-2.62484259040595,-0.0760661013115489,-0.0101355796892385
"17959",-2.66636514799928,-0.0749073520395432,-0.0135220476390555
"17960",-2.68901661265846,-0.0680109308874847,-0.0167637038736296
"17961",-2.60407566416613,-0.0586285853575821,-0.0311290498761685
"17962",-2.57353023292592,-0.0712220227682797,-0.020496389504468
"17963",-2.54973604515301,-0.0644233526289283,-0.0285075278786548
"17964",-2.46476583015632,-0.0753445279807636,-0.0137277042053356
"17965",-2.46590493588853,-0.0591354311159933,-0.0331126155371956
"17966",-2.40792194853415,-0.0398548413200344,-0.0408199602943645
"17967",-2.45354728847799,-0.0177407977174367,-0.05964273054088
"17968",-2.47079164187037,-0.0794050491189486,-0.00824147194183664
"17969",-2.52662935326887,-0.0703575908520551,-0.0233561851634323
"17970",-2.53222351423475,-0.0655273046895427,-0.0282776526635564
"17971",-2.5266708801952,-0.0730232049367889,-0.0265484605024524
"17972",-2.53772700758711,-0.0597296864302997,-0.0368455024706499
"17973",-2.51176651160608,-0.0570577382520728,-0.0377074445343075
"17974",-2.49661696046922,-0.0485165938801313,-0.0411311182723436
"17975",-2.41848423921533,-0.0498331355596493,-0.0333035979146802
"17976",-2.37734855812154,-0.0711351538931247,-0.0129650023868005
"17977",-2.40381172592263,-0.0137600021693166,-0.0679883001423154
"17978",-2.49552207905114,-0.0573020702125858,-0.0256104511780564
"17979",-2.58942621048874,-0.0476604020631391,-0.0321599422230021
"17980",-2.63806304381419,-0.0377485862754829,-0.0414406206800806
"17981",-2.69186501984354,-0.0372727055323746,-0.0418500576772798
"17982",-2.73072024352457,-0.000552247160446432,-0.0748393278963105
"17983",-2.75770958424302,0.0002006514379492,-0.0758481748890547
"17984",-2.69499306536981,-0.0501579381639271,-0.0344135752887884
"17985",-2.60957106306908,-0.0829284915382903,-0.00982130791759897
"17986",-2.61160714624541,-0.0897631525252967,-0.00370294063055863
"17987",-2.60027799925525,-0.069141919309911,-0.0301578225204745
"17988",-2.55420359263051,-0.0703817784030095,-0.029596258260131
"17989",-2.51807218778862,-0.0921920130693372,-0.000885590837493358
"17990",-2.47989295285811,-0.0165222450869255,-0.0588415542344673
"17991",-2.33450185000652,-0.0327274937050796,-0.0382999522517177
"17992",-2.34140168883753,-0.0485756694388051,-0.0268987104342226
"17993",-2.33074376911073,-0.00418953844447457,-0.0612021631256449
"17994",-2.39651597771708,-0.0505724187767344,-0.0295826214526174
"17995",-2.5052662184019,-0.0622566496379091,-0.0254632264383764
"17996",-2.56415806597543,-0.0727484565220845,-0.0239621661895401
"17997",-2.5566299446585,-0.0743222663962089,-0.0229908201988085
"17998",-2.48480180434119,-0.108248225601011,0.0164020050644668
"17999",-2.52948398922866,-0.0807456065698004,-0.0190327245637292
"18000",-2.57853964490341,-0.0928843388867767,-0.00583509848760397
"18001",-2.59708326874754,-0.0784989605120924,-0.0205073687832529
"18002",-2.58404643442372,-0.0818094693214986,-0.0204796988534485
"18003",-2.55637189454798,-0.0628361080764601,-0.0342016326203192
"18004",-2.39633129990982,-0.0277178925926253,-0.048048418840234
"18005",-2.4644916275346,-0.109646581223252,0.0184817160206826
"18006",-2.43131020423735,-0.0631758759111187,-0.0196898215047144
"18007",-2.44787736535427,-0.077200325554925,-0.00945656328343734
"18008",-2.4333059309084,-0.0667480399239546,-0.0129917066686511
"18009",-2.35419662740768,-0.0183485104934014,-0.0498753878170148
"18010",-2.34892206127516,0.0659285307819834,-0.118795782019599
"18011",-2.35336627603321,0.0115704398209529,-0.0750476307990721
"18012",-2.33856087520852,-0.0136820605451695,-0.0542343145134658
"18013",-2.3104073799794,0.015355036510723,-0.0762430272162441
"18014",-2.30948453586594,0.00375012993727984,-0.0670728304494494
"18015",-2.33207834031408,0.0137548859792458,-0.0797818626371159
"18016",-2.32860558230026,0.0362668820398588,-0.093510467758826
"18017",-2.35353082686616,0.0859952794350715,-0.138325791486516
"18018",-2.37795049711409,0.0732941970855936,-0.127842688844166
"18019",-2.36250479357562,0.0197071925019671,-0.0835663785001662
"18020",-2.43604500957968,-0.0804370867758063,-0.00587210038081463
"18021",-2.38961014304672,-0.0738638346926988,-0.00590256075387142
"18022",-2.33397829665725,0.0187478674446564,-0.0809676754551783
"18023",-2.36005566093515,-0.0581508106088399,-0.018530085154907
"18024",-2.44561983871059,-0.0709287083695462,-0.0137151949856881
"18025",-2.43223731188535,-0.0744065573943505,-0.00804740062564152
"18026",-2.45778270089241,-0.0565387967053472,-0.0307089428555893
"18027",-2.44955104901059,-0.0802411476316821,-0.00763167403761486
"18028",-2.43511959521639,-0.102939067083497,0.0133713523243165
"18029",-2.41200839640499,-0.0852175813849498,-0.00118940343398482
"18030",-2.40961419322204,-0.064570184068135,-0.0191084263345349
"18031",-2.40644295887153,-0.0622637986208834,-0.0210093254434804
"18032",-2.41076076567796,-0.0660981893971229,-0.0177581159902206
"18033",-2.44404711452425,-0.092107025655711,0.00369884010563257
"18034",-2.46908031845587,-0.0969318260645059,0.00621837957715382
"18035",-2.41995249922928,-0.0715870998445409,-0.0133414895587857
"18036",-2.36273560719788,-0.0202246645540562,-0.0524370193876305
"18037",-2.37655481570968,-0.053211187506552,-0.0278596422806771
"18038",-2.33764769943533,-0.0667597487302441,-0.0109183788505691
"18039",-2.31997815966158,-0.0519307732718711,-0.0223263107142304
"18040",-2.3263846380373,-0.0359018180434347,-0.0378098484379582
"18041",-2.34432586816539,-0.0563038518920049,-0.0233499116712262
"18042",-2.37607485832053,-0.0607609049681547,-0.0205872536721844
"18043",-2.37908636124146,-0.0712734349704413,-0.00885521251057486
"18044",-2.40676877555395,-0.0674904602128229,-0.0127664013607248
"18045",-2.42670502726069,-0.074553366097621,-0.00987147423654997
"18046",-2.43792393183471,-0.0684182117791236,-0.0166232321319512
"18047",-2.48250678563517,-0.0918861499402,0.00215584154086848
"18048",-2.37812866631414,-0.0393761844525437,-0.034096724663871
"18049",-2.3419447989431,0.00935598241474896,-0.0715891328767566
"18050",-2.35343163313907,0.111130847528156,-0.154168952859574
"18051",-2.29661061154657,0.117252770319453,-0.154217378890864
"18052",-2.35067407517187,0.110609276582284,-0.152998740618199
"18053",-2.2931081772871,0.163721190954202,-0.189288828622833
"18054",-2.34235812762694,0.131963084226628,-0.169674281259716
"18055",-2.38143807187175,-0.0180959636832152,-0.0594935355359116
"18056",-2.45355331519986,-0.0171423271935095,-0.0633546850967156
"18057",-2.49325383283584,-0.0788215617293957,-0.0105855203193266
"18058",-2.50044817355468,-0.0861084716252381,-0.0049605317153455
"18059",-2.53244417085341,-0.0812026053908931,-0.00763650644821661
"18060",-2.49721327687001,-0.063118704618958,-0.0268415463031754
"18061",-2.50602899731328,-0.065068926814293,-0.0254350249443167
"18062",-2.46844043564977,-0.076915138076114,-0.0162346432834188
"18063",-2.41202134831903,-0.0673512017074086,-0.0182058803074104
"18064",-2.32848437739162,-0.00472858449748266,-0.0595592489099848
"18065",-2.40434776506425,-0.0176130339002602,-0.0627901623304517
"18066",-2.40488135485368,-0.0701881851472754,-0.0193205060907241
"18067",-2.38061207995627,0.00840135347628784,-0.089027048265009
"18068",-2.37554439122635,-0.020712759239071,-0.0625132165385751
"18069",-2.37795454065467,-0.0409890672553689,-0.0436444308460094
"18070",-2.42422167550477,-0.0786775048857779,-0.00898767856012252
"18071",-2.4367276981762,-0.0580901216621819,-0.0288440534001193
"18072",-2.41017933758924,-0.0544495181773932,-0.0321763085537632
"18073",-2.38577521442874,-0.0514253794539055,-0.0308401256664876
"18074",-2.3601052327811,-0.0430414990638402,-0.0363229388030104
"18075",-2.40777270165271,-0.0671278097528574,-0.0179692109105607
"18076",-2.41972793550431,-0.073882594326448,-0.0119072445305966
"18077",-2.4153390046537,-0.0760846567842863,-0.0103622990150511
"18078",-2.43354597992503,-0.057181797742647,-0.028844000206213
"18079",-2.42177668561589,-0.0187877759286816,-0.0644665545539594
"18080",-2.42461211009501,-0.0300734024609672,-0.0570727351712993
"18081",-2.43404027314544,-0.0128924154671517,-0.0677171887217192
"18082",-2.42269612404114,-0.03628362521734,-0.0489515459424449
"18083",-2.42353391047549,-0.0554277391976558,-0.0317530380194545
"18084",-2.37944354245356,-0.0754791130045187,-0.00827795443742792
"18085",-2.40088231523302,-0.0637886957512498,-0.0177292255880123
"18086",-2.36505405201064,-0.0933730446102941,0.00876127977544106
"18087",-2.41804514416459,-0.0977970097958705,0.0100827499415165
"18088",-2.37661033744806,-0.0840705611371379,-0.00103859142854048
"18089",-2.38043311005921,-0.0812024604991454,-0.00373407059141321
"18090",-2.33720092095177,-0.0657480190964505,-0.0122130918461693
"18091",-2.32134157194897,-0.00396689442931969,-0.0657046114384644
"18092",-2.30995151623456,-0.0544615930402015,-0.020915051668353
"18093",-2.33711203945287,-0.0500088750819501,-0.0275995138557212
"18094",-2.34042324221556,-0.0530282417574381,-0.0231265724895645
"18095",-2.40560869879036,-0.103629307136485,0.0147123208975857
"18096",-2.38627799133309,-0.0797670084555422,-0.00412927199105776
"18097",-2.42204551554292,-0.0812028763845594,-0.0064573242876957
"18098",-2.40503474247476,-0.0872154592601034,0.00240753746068473
"18099",-2.40865655019329,-0.0880971231095687,0.00139867802789695
"18100",-2.41978383391037,-0.0655864833790307,-0.018006500706394
"18101",-2.36233848533894,-0.0261872511526151,-0.0467024033205442
"18102",-2.30742698863739,-0.01134722887145,-0.0548107764588051
"18103",-2.31741697166154,0.00274552800152776,-0.0680188677717171
"18104",-2.33785099490407,-0.0690499131050377,-0.0112445053044079
"18105",-2.35807177952423,-0.101690142904607,0.0168493132316323
"18106",-2.34327627795193,-0.0812289393652276,-0.0014723128662637
"18107",-2.38575585148558,-0.0910399739089647,0.00385672760985453
"18108",-2.44351149570694,0.0148017992452988,-0.0923176580819182
"18109",-2.44918587274582,-0.0262157307968877,-0.0568380320176927
"18110",-2.37428495313072,-0.0482038875328579,-0.0331932705118536
"18111",-2.33356935069978,-0.0579453640884536,-0.0211368180773061
"18112",-2.34333537115932,-0.0799243299345544,-0.00376983950794848
"18113",-2.37082223397654,-0.0826346934185394,-0.00204422842876285
"18114",-2.33484204645469,-0.0629217284887534,-0.0144095956230458
"18115",-2.3214006274114,-0.0649650369824283,-0.011610447982532
"18116",-2.27575578982502,-0.0238432519206946,-0.0441357737586668
"18117",-2.27097056836166,-0.0254447597252846,-0.0427252050471992
"18118",-2.34869097200301,-0.0801681118878789,-0.00286808173383024
"18119",-2.3707064038128,-0.0778157985132845,-0.00688676916165023
"18120",-2.37507848481487,-0.100363551422202,0.0130024900375284
"18121",-2.433841486151,-0.0103691124604734,-0.0722203981843499
"18122",-2.4496382303058,-0.0569435958837507,-0.0329525543248435
"18123",-2.41413870575027,-0.0519000677219012,-0.0362877299601142
"18124",-2.32491011049317,-0.0643916062364183,-0.0170841981686078
"18125",-2.33560562890006,-0.0817131717784565,0.000392805496869757
"18126",-2.31068772504239,-0.0962778106602226,0.0140057057890328
"18127",-2.27650466306077,-0.092329263568652,0.0115763210387052
"18128",-2.33058393109598,-0.0335493811717581,-0.0502288536427497
"18129",-2.3445790707957,-0.0681662886599249,-0.0117572947011101
"18130",-2.32581687170083,-0.0585131259417826,-0.0207150851073958
"18131",-2.34334707390866,-0.0454624542363603,-0.0316241474555405
"18132",-2.30249900707481,-0.0611037142156546,-0.0152819231306209
"18133",-2.28274760581721,-0.0216555107350416,-0.0486615584786391
"18134",-2.35015577585213,-0.073573413916098,-0.00619744735523795
"18135",-2.33343326917955,-0.0911517156935647,0.00783412629921989
"18136",-2.34859338729682,-0.0615919896894536,-0.0190119393189448
"18137",-2.29596818720932,-0.0375525128096396,-0.0357250347811863
"18138",-2.31843571761857,-0.0687963207205701,-0.00941593797740887
"18139",-2.39853082631913,-0.0862774194246786,-0.000187737426930823
"18140",-2.39214242705711,-0.0986578649666546,0.0112716724527143
"18141",-2.38058101448568,-0.080834428728126,-0.00302077474256506
"18142",-2.42090214539578,-0.0651823286752688,-0.0208720487715081
"18143",-2.46333727672322,-0.00486758872275469,-0.0774483595749867
"18144",-2.35686997657643,-0.0269463191549828,-0.0507298449451313
"18145",-2.27710275688114,-0.0608861377521986,-0.0133224729324849
"18146",-2.30462502367168,-0.0710154961849356,-0.00885761134900679
"18147",-2.27777632683354,-0.0255831610011511,-0.0437506363277768
"18148",-2.30369590450404,-0.0370665106794547,-0.0365994550056579
"18149",-2.32744472883613,-0.0352791899107141,-0.0416931095800553
"18150",-2.3410555542425,-0.0609087062934777,-0.0195293929634412
"18151",-2.35617611985437,-0.0662086849598862,-0.013447277845987
"18152",-2.4248330027354,-0.0427285703740121,-0.0428814015587414
"18153",-2.44561862534999,-0.0511141256353912,-0.0326615446706676
"18154",-2.3867451936828,-0.037856883564717,-0.0490891935254188
"18155",-2.37880595088441,-0.0482779427346321,-0.0370535998715736
"18156",-2.42198820567284,-0.0638315978939818,-0.0209314996139002
"18157",-2.3385095502594,-0.0448833496234559,-0.0333371331969746
"18158",-2.28718229867694,-0.014164703018931,-0.0526552321122146
"18159",-2.21454678413705,0.00150933487055354,-0.0647650976322647
"18160",-2.17966778212282,0.0100472552089701,-0.0699137190238129
"18161",-2.24280721533786,-0.0652777406245007,-0.0102552069465481
"18162",-2.22374248547856,-0.0490222536421911,-0.0193277101734629
"18163",-2.26851379019052,-0.082957021097571,0.00426104232072333
"18164",-2.30344258807658,-0.0524013459845239,-0.0290670259666622
"18165",-2.31549027281232,-0.0465604371118603,-0.035230941608371
"18166",-2.35801563526912,-0.0255182254802532,-0.0547788231039852
"18167",-2.34625643931932,-0.0642448075893104,-0.0219511646427869
"18168",-2.29434663762835,-0.0337180053225784,-0.0484400233105425
"18169",-2.25253942035794,-0.0828864672593238,0.00329339571022447
"18170",-2.28557900143846,-0.0517708079835482,-0.0289186010834284
"18171",-2.27934174964818,-0.0382934205350493,-0.0372896716198126
"18172",-2.28863747008141,-0.0812115697838315,0.0033699044152755
"18173",-2.33948606060602,-0.0357852915612685,-0.0482088793803578
"18174",-2.34890857214841,-0.040645511540212,-0.0412447348041994
"18175",-2.35590800033368,-0.0221666122063052,-0.0591700271360465
"18176",-2.36036146053342,-0.0163756349758267,-0.066212458163602
"18177",-2.30829490883456,-0.0433087575735254,-0.0281399461741843
"18178",-2.20036306461691,-0.0122877845479609,-0.0497273408795642
"18179",-2.19088288745114,0.0824070468400775,-0.123604829358758
"18180",-2.17923095744828,0.131089640360726,-0.16019246648716
"18181",-2.15455966629683,0.108855197462977,-0.144667300568277
"18182",-2.20267362011267,0.0673741664188231,-0.121780281190766
"18183",-2.25910503956196,-0.0402155737254286,-0.0327629822907673
"18184",-2.27481937324487,-0.0784094152721256,-0.000702973820585175
"18185",-2.27109805343304,-0.0623285555110958,-0.0137549711946454
"18186",-2.35056898108316,-0.0457201897310239,-0.0416642518504103
"18187",-2.36486173167306,-0.068851178036731,-0.0136499541918782
"18188",-2.31358639450688,-0.0765755113204995,-0.00358624138034581
"18189",-2.29517813126117,-0.0585800323596388,-0.0192658884253955
"18190",-2.35293292195308,-0.064632798038507,-0.0200449568853006
"18191",-2.33258993577549,-0.0995652227994893,0.0149307310525424
"18192",-2.27041433550088,-0.0568346032513877,-0.0181818448106536
"18193",-2.30005647585164,-0.0443119758415769,-0.0309518807179198
"18194",-2.28334027023405,-0.0433058268812544,-0.0298190297547591
"18195",-2.28155164947036,-0.0140675058266095,-0.0548120748571104
"18196",-2.22514579436084,-0.0127029230284786,-0.0538027765141456
"18197",-2.2858344909923,-0.0323620923077741,-0.0395345463554742
"18198",-2.28800604187296,-0.0520821420800898,-0.0230666833225813
"18199",-2.26092490480853,-0.0521662985027257,-0.0194263940666187
"18200",-2.21696332467728,-0.0183355821349045,-0.0469118126816407
"18201",-2.21089765443428,0.0253158277126794,-0.0832516774900036
"18202",-2.18270394130556,0.0748444735609915,-0.117428217135412
"18203",-2.17783903995094,0.0180868693094246,-0.0744396986654361
"18204",-2.2084001122489,-0.0452550008623298,-0.0236537727961487
"18205",-2.23536601623394,-0.0766137547121512,-0.000625172301736897
"18206",-2.29022816767595,-0.0289619092115224,-0.0520897255113459
"18207",-2.28729735238178,-0.0134308534430383,-0.0658130250273836
"18208",-2.2004146340896,-0.0160457351603159,-0.048865665897121
"18209",-2.21085320713614,-0.0605359441023496,-0.0118756748724908
"18210",-2.18198638880822,0.0108147656472567,-0.0708455018974872
"18211",-2.17937920907477,-0.00445055398507073,-0.0590725740561375
"18212",-2.17198129796902,-0.00696268985509922,-0.0543220411855899
"18213",-2.25272551277536,-0.0178544893863443,-0.0528312070876894
"18214",-2.29067626059857,-0.0615369046743116,-0.015597566866957
"18215",-2.29671741411609,-0.0468135085349801,-0.0283481912165978
"18216",-2.27159157900047,-0.0403836433303049,-0.0333520700088772
"18217",-2.3289928974101,-0.0207660632162358,-0.0577429397931102
"18218",-2.31687040291517,-0.0349640953998533,-0.0472419333336024
"18219",-2.25971607745438,-0.0973989527375943,0.0169035020070913
"18220",-2.29962918363923,-0.0409984323422195,-0.0414275989537828
"18221",-2.3022430106041,-0.0962389336965911,0.0131515533910288
"18222",-2.29840122633347,-0.00463460656871802,-0.0733152745112933
"18223",-2.31367126345316,-0.0384610841633901,-0.0386175858431078
"18224",-2.28340131500807,-0.0478029883336864,-0.0255697400010612
"18225",-2.31606801362813,-0.073127887035892,-0.00480487376592038
"18226",-2.32596655825469,-0.0623574953805841,-0.0176593881119021
"18227",-2.27892716476414,-0.0549538199483801,-0.0200779199841125
"18228",-2.30848100942763,-0.0759151129038823,-0.00411857923305687
"18229",-2.29839716701793,-0.0831380886334812,0.00242775399337997
"18230",-2.33374070869159,-0.0722451493930806,-0.00891619384113959
"18231",-2.29554134119384,-0.0473144397969196,-0.0289719623501625
"18232",-2.18986481211147,0.0518396250510231,-0.101516391895749
"18233",-2.1553231820584,0.0796744998008741,-0.120246683759951
"18234",-2.12046319728678,0.0775817001159311,-0.11814412498374
"18235",-2.15544417818196,0.0729339441560777,-0.1156143743914
"18236",-2.21660413744172,0.0157302371315498,-0.0797974171376519
"18237",-2.25109693296311,-0.0670460847375451,-0.00906678245763493
"18238",-2.26273511330565,-0.0638122925765759,-0.0124579744978074
"18239",-2.26329739291637,-0.0511693836780346,-0.0208505013280711
"18240",-2.23202814794401,-0.0848495844029735,0.0105277389561807
"18241",-2.26904561088424,-0.0599627396033103,-0.0179270823285021
"18242",-2.18830562981168,-0.047198125155703,-0.0219411734542656
"18243",-2.18851390980749,-0.0196825582060701,-0.0449134339315974
"18244",-2.20195146122806,-0.0700140009728867,-0.00335812618589864
"18245",-2.25455675197369,-0.03578878995368,-0.0433969472094557
"18246",-2.19823177856313,-0.0706011944082148,-0.000836297810114518
"18247",-2.2145561036168,-0.0325972401655344,-0.0385165692079194
"18248",-2.26494606169313,-0.0157993185260427,-0.0597391718333283
"18249",-2.25632014500247,-0.0240609331636013,-0.0532008095104979
"18250",-2.31967894138849,-0.0205290601561217,-0.0605755552914361
"18251",-2.36209992791746,-0.0741749816894635,-0.0133278023731693
"18252",-2.3536947167352,-0.0542512853532999,-0.0296726210734053
"18253",-2.295808678762,-0.0647334539086264,-0.0153520362008303
"18254",-2.22962093595629,-0.0546260746426249,-0.0167652195320169
"18255",-2.2244619079464,-0.0168689140953224,-0.0486302329512477
"18256",-2.18113643463808,-0.0136188324517489,-0.0499345342589046
"18257",-2.18171939328679,-0.0724855493561772,0.00180620748155519
"18258",-2.20083685750448,-0.0839694814550835,0.00722346868224329
"18259",-2.13370582082698,-0.00225347411684552,-0.0567996335150355
"18260",-2.1563004016486,0.0361060923811243,-0.0912363873421185
"18261",-2.12981225813432,0.0538772713568806,-0.100646576560699
"18262",-2.17525090623174,-0.0066446528282488,-0.0555998524787557
"18263",-2.17523134948749,0.0626364347034355,-0.107707805028897
"18264",-2.17301835504925,0.1231566960208,-0.154326866727966
"18265",-2.14890374497903,0.129744241870121,-0.156920440556417
"18266",-2.12638335843123,0.102551487043094,-0.13777688326035
"18267",-2.18726819116307,0.0126299974422511,-0.0706647304427467
"18268",-2.17608177069587,-0.0183286917603776,-0.0454006916308675
"18269",-2.19819104544364,-0.0334189115310175,-0.0321665830874106
"18270",-2.21956577616278,-0.0931572455759742,0.0146017312495104
"18271",-2.27785453662685,-0.0817740620624226,0.000444187679183411
"18272",-2.32443279909833,-0.0120518447052525,-0.0672128729308916
"18273",-2.24513542793512,-0.0533267154607461,-0.0204026128144596
"18274",-2.20264026625469,0.0213860135096106,-0.0776581846083706
"18275",-2.1662066093663,0.0072831394007537,-0.0657753504817358
"18276",-2.16631547627469,0.047848552352677,-0.101282038127126
"18277",-2.20093579013912,-0.0349132727723579,-0.0333144464016143
"18278",-2.22504522342819,-0.0315965006884475,-0.0375939483198995
"18279",-2.2626743194663,0.00587450125679538,-0.0715858693784987
"18280",-2.29328298255045,-0.0879919077608688,0.00642336922402438
"18281",-2.30720679480973,-0.0896397757600644,0.00737142345828079
"18282",-2.33325535005148,-0.0692268308689515,-0.0120101057916796
"18283",-2.27140715085668,-0.0481810731477825,-0.0227027666261441
"18284",-2.21931556265147,-0.00416927509093919,-0.0593983574069533
"18285",-2.15528525096988,0.0315051948581938,-0.0829125698723746
"18286",-2.10862263231729,0.0437298564782918,-0.0930446098849266
"18287",-2.16181691506093,0.011377404293534,-0.0720614758235022
"18288",-2.20986559161058,-0.0344375088989934,-0.0348556593923606
"18289",-2.24601421050019,-0.0604374206028964,-0.0169966559751251
"18290",-2.23711109335843,-0.0877913638248683,0.00889490412342186
"18291",-2.18565544674486,-0.0803713406515921,0.00832837999873841
"18292",-2.17897593239371,-0.0474031427563935,-0.017579961405412
"18293",-2.22080384209855,-0.04800223859147,-0.0284889228101046
"18294",-2.24859252583591,-0.0354598385672146,-0.0438831362350087
"18295",-2.25334558623463,-0.0225850570241237,-0.0560620503420881
"18296",-2.2188765884159,-0.0582959444962022,-0.0194410084797526
"18297",-2.22946989082789,-0.0161099949404248,-0.0567791900423773
"18298",-2.25826242703806,-0.0624413363538946,-0.0172273310468726
"18299",-2.20410959553153,-0.0312700050825129,-0.0454434447952651
"18300",-2.22341248229018,-0.0317444621279699,-0.0436131217564937
"18301",-2.26782233817459,-0.0649899157052464,-0.0153529454670406
"18302",-2.2923911998949,-0.0326799753973977,-0.0450734368187161
"18303",-2.31358420104599,-0.0696972011592916,-0.0136880084944872
"18304",-2.3020038554494,-0.0633309317527476,-0.011832355504935
"18305",-2.18125203030415,-0.0056745174136354,-0.0557480647957213
"18306",-2.12617808243717,2.98135519673383e-05,-0.0590764503603968
"18307",-2.17695309639537,-0.0272219010995973,-0.0367789598490403
"18308",-2.13154046566396,0.0125580903919822,-0.0696974146613842
"18309",-2.1433101277649,-0.0141769007849303,-0.0483188349195519
"18310",-2.12544862919276,-0.087933413165084,0.0151467011874167
"18311",-2.16705157977454,-0.0219466690465382,-0.0469651574120715
"18312",-2.21609781450274,-0.0283644254791644,-0.0440846284470087
"18313",-2.26487173821843,-0.0295705222083826,-0.0467524772561518
"18314",-2.2940270610454,-0.0324169708792484,-0.0459409992284108
"18315",-2.32178806683305,-0.0505406496930849,-0.0337703720761473
"18316",-2.28149143001995,-0.0376759234715139,-0.0454204945059309
"18317",-2.30002038844244,-0.0490015818584045,-0.0325644941812622
"18318",-2.29200098498726,-0.0166792762181252,-0.0615661656413001
"18319",-2.22507830283196,-0.0591444898149833,-0.0155790007534193
"18320",-2.17584426209324,0.00545288788035994,-0.0601800505149894
"18321",-2.14668067078338,-0.0165098225983028,-0.0441807320567056
"18322",-2.08319062399062,-0.00476223365656422,-0.0529586967074121
"18323",-2.12946676768624,-0.00604710883790391,-0.0557092228956893
"18324",-2.13005841473585,0.000486263127440221,-0.0601807566608241
"18325",-2.17723463609846,-0.0348310812802893,-0.0327162946391796
"18326",-2.23331008189049,-0.0145665457933757,-0.0591580944721192
"18327",-2.27896734749436,-0.028461374029951,-0.0420891155800314
"18328",-2.2829902686033,-0.065482342465861,-0.0139183610960216
"18329",-2.26244807529063,-0.0217538752517666,-0.05320008264786
"18330",-2.25286792224705,0.0134708392410702,-0.0839792654403185
"18331",-2.18211738545018,-0.0219033043225424,-0.0394762828076532
"18332",-2.17282362256184,-0.0933254090768572,0.0183425220431154
"18333",-2.19614800690593,-0.0550484645662767,-0.0214444020194378
"18334",-2.24255635667424,-0.0146536239526187,-0.0624622951411521
"18335",-2.26744950857434,-0.0488589167288377,-0.0311779452649954
"18336",-2.23374714436478,-0.0568157823311009,-0.0196243674933996
"18337",-2.17348252935141,0.0433405794917432,-0.0977116974568643
"18338",-2.13913079097499,-0.0745402058769647,0.00464689333298115
"18339",-2.11624886069825,0.0177349154056991,-0.0740180111034237
"18340",-2.09689066787558,0.00299995386333333,-0.0607213846274432
"18341",-2.09113172944413,0.0634280406339677,-0.109237980946484
"18342",-2.15029974081642,-0.0280885109692072,-0.0370433802111104
"18343",-2.23071579454887,-0.0559309764175133,-0.0212992056985637
"18344",-2.23026830228936,-0.0151487935427971,-0.053633462627005
"18345",-2.28029777780939,-0.0107283383000559,-0.0677096983662104
"18346",-2.2756601388855,-0.0539251826099136,-0.0239380647466843
"18347",-2.21135050365269,-0.0107174550040842,-0.0572401857327645
"18348",-2.1800221804315,0.000169039577483238,-0.0618130657094605
"18349",-2.16393140579034,0.0276563902710277,-0.0820440849269243
"18350",-2.14754572691666,0.0270041286828676,-0.0811935261758681
"18351",-2.15076822189849,0.0339197255737843,-0.0867466362407866
"18352",-2.17454832626702,-0.0599383779825823,-0.00942489570666096
"18353",-2.1301844709331,0.0412861708804377,-0.0936435731613744
"18354",-2.06350642376857,0.0529131432116683,-0.0973711696539734
"18355",-2.07088492706513,0.0584743185163885,-0.102491684716258
"18356",-2.09484262363257,-0.00206324621661474,-0.0570194028874102
"18357",-2.13580416196441,-0.0586109527038548,-0.00916622108078676
"18358",-2.20016502687119,-0.0443004141051644,-0.0316851000358383
"18359",-2.23705776644667,-0.0116005208718755,-0.0606510855112264
"18360",-2.23053040436824,-0.0077532878206442,-0.0613209574087808
"18361",-2.0952770669959,-0.0125425542673568,-0.0505547656775765
"18362",-2.14180815208489,0.00369227913683242,-0.0699658153968894
"18363",-2.17868059647233,-0.0541081985109024,-0.0161020587950167
"18364",-2.20101394168026,-0.0351033441680514,-0.0324819320285302
"18365",-2.17088432400199,-0.0549413362098097,-0.0200959364365372
"18366",-2.15801162669265,-0.0259888757818667,-0.0474758236657475
"18367",-2.15114023121969,-0.0352871995893436,-0.0350951759742932
"18368",-2.17371096487719,-0.0475641043846225,-0.0264810012654042
"18369",-2.1670518417869,-0.0506214616714468,-0.0235799036804067
"18370",-2.18071299087736,-0.0496914446044654,-0.025098795363173
"18371",-2.22087974489356,-0.0103879271459903,-0.0608142987964351
"18372",-2.17268973492708,-0.00393718128596503,-0.0630102565164062
"18373",-2.07101907610155,-0.0336453830698964,-0.0228948204560878
"18374",-2.06202673375697,-0.0446258781109932,-0.0166498644670883
"18375",-2.11743449792878,-0.0158152806744671,-0.0496344344792888
"18376",-2.10230057100996,-0.0445206410069944,-0.0263800994774659
"18377",-2.13897393681186,-0.0156914118725152,-0.0508774567852164
"18378",-2.14854287750262,-0.00898047932940639,-0.0575548111264167
"18379",-2.15025916387052,-0.0501463501900234,-0.0238607984160546
"18380",-2.19553969709458,-0.0236365148492323,-0.0471413331930607
"18381",-2.22128836602271,-0.0115765443854996,-0.0582900663872502
"18382",-2.18268684528636,-0.0214193538267846,-0.0483552954470923
"18383",-2.23088899485126,-0.063882767762542,-0.00981370736614393
"18384",-2.23182124805306,-0.0423352233381236,-0.0256256488197337
"18385",-2.27039763312629,0.0686764922755857,-0.117123775779065
"18386",-2.29925444934872,-0.0290884194914767,-0.0432235518478907
"18387",-2.29778777922779,-0.0272983418887505,-0.0481143903161798
"18388",-2.24158219949313,-0.0459945834376478,-0.0303473939807728
"18389",-2.13338988653093,-0.0525237428051416,-0.0133545711293745
"18390",-2.06744056712027,-0.0580670706034183,-0.00402870353094288
"18391",-2.07793515642334,-0.0336504601218842,-0.0343505936692327
"18392",-2.1202309196574,-0.019040203719145,-0.0462137967169406
"18393",-2.08268052885249,0.00399747286791368,-0.0689685088449939
"18394",-2.16740643098495,0.0146743605715089,-0.0786698260968178
"18395",-2.17601787443434,-0.0264796392861659,-0.0427699896544441
"18396",-2.22530481682528,-0.0539670159712647,-0.0188413680335527
"18397",-2.26516115070163,0.0291943211989763,-0.0863131249619818
"18398",-2.27555044302573,0.0196865710651636,-0.0796689420960519
"18399",-2.26282020834683,0.00864820667851479,-0.0787087639040116
"18400",-2.14646215531649,-0.0489216785380726,-0.0214860079221179
"18401",-2.06848276501605,-0.0497913197496427,-0.0114483236964608
"18402",-2.05424165362815,-0.0134181123112553,-0.0413171205847399
"18403",-2.08309201713271,-0.00765065835395288,-0.0487841065781414
"18404",-2.02883947204136,0.066038501356718,-0.10660780205373
"18405",-2.09333286677581,-0.0162303337923791,-0.044997501567618
"18406",-2.09149903166045,-0.0687177611004963,0.00100143355966326
"18407",-2.0923743683267,-0.0404789411264603,-0.0239445968619682
"18408",-2.10540133886667,-0.0201399611298911,-0.0446458387827634
"18409",-2.11210425165181,0.0215119395683023,-0.0790246911843361
"18410",-2.18243479942412,-0.0085969910210479,-0.0635879264928498
"18411",-2.21416611850475,-0.0593719665734202,-0.0183571240079387
"18412",-2.07162236459294,0.0407199177987739,-0.0884613801787156
"18413",-2.08819749712298,0.0774850597022797,-0.122180032134754
"18414",-2.07093678148659,0.0372742744498819,-0.0865464574842616
"18415",-2.0514912827655,-0.00115794380184862,-0.0553852025495191
"18416",-2.06067299673372,0.0534547652641042,-0.0979295316093764
"18417",-2.13409730810492,0.00387703716920126,-0.0697553240158429
"18418",-2.12572828426366,0.00682801463661816,-0.0682399198356494
"18419",-2.09687363554449,0.0177863687384285,-0.0728019398622453
"18420",-2.09195455781756,0.00065227103663057,-0.0567964832144316
"18421",-2.09861638979452,-0.0465586927471133,-0.0161808867422332
"18422",-2.07537739472065,-0.0434908800016376,-0.0178303695753724
"18423",-2.09366981297818,0.00823918415979675,-0.0716923483372208
"18424",-2.12225005885182,-0.0121426132055909,-0.0544181017700882
"18425",-2.1442222771645,0.0279006713621294,-0.0896305125230171
"18426",-2.08866904898314,0.0213222585846499,-0.0781555730942126
"18427",-2.12446705585543,0.0112918880706484,-0.075832876998079
"18428",-2.15946126357494,-0.0212861847272576,-0.0472697555561421
"18429",-2.20774487391946,-0.0189320498361158,-0.050979677531854
"18430",-2.17604002591616,-0.0378420823643123,-0.0345484076329898
"18431",-2.13023433869984,-0.0321512745522979,-0.037674384916719
"18432",-2.07623681000571,-0.0458412798462622,-0.0196739758306404
"18433",-2.04127248033927,-0.0682913678752313,0.00271060222925984
"18434",-2.03726673040859,-0.0819228232388366,0.015312688097603
"18435",-2.02432254792783,-0.0737771484666715,0.00926642670381741
"18436",-1.99648169662286,-0.0345484328688606,-0.0219736047979748
"18437",-1.97245593504349,-0.00845274116907466,-0.0408554412272378
"18438",-2.03795211003672,0.0472739962406253,-0.097653620598747
"18439",-2.09530589768391,-0.0168882800121849,-0.0452161622776889
"18440",-2.12200609480792,-0.0528016619373243,-0.0160427877247497
"18441",-2.1501213796722,-0.0289338764800912,-0.0376536447631709
"18442",-2.16654988470406,-0.0478558967408296,-0.0224111259603485
"18443",-2.20227713040118,0.00762922538968052,-0.0766691734490443
"18444",-2.20551165410455,0.00659234352446823,-0.0755348425705303
"18445",-2.17178734642889,-0.0149950280061305,-0.0526018537809783
"18446",-2.14698424637222,0.017981947269795,-0.0824398790152173
"18447",-2.11078705004674,-0.00674287935681706,-0.0567189760385877
"18448",-2.14890985507251,-0.0179407255162094,-0.0509545053592983
"18449",-2.18209530284503,-0.0218028393920446,-0.0488915296532628
"18450",-2.21949340088421,-0.0359075989751933,-0.0311229100025123
"18451",-2.2271036327155,-0.0199418063770408,-0.0461193360287973
"18452",-2.20487924724383,-0.0181844358873085,-0.045481781438964
"18453",-2.14465968327584,-0.00482445564048481,-0.0601977799504833
"18454",-2.08260432372835,-0.0257706890953373,-0.0410607182286299
"18455",-2.07673326928649,0.0138357715643782,-0.0756709013671439
"18456",-2.12312368530887,-0.0414860643252565,-0.0258156390705775
"18457",-2.17265712610079,-0.0578072808741963,-0.012049476065615
"18458",-2.22308132013586,0.00714446198379682,-0.0646746656920512
"18459",-2.24369129550354,0.0553158749364803,-0.103689430367017
"18460",-2.27203771186827,-0.0313144019304311,-0.0420358977072018
"18461",-2.25449769891401,-0.0045137879506661,-0.0708241617989122
"18462",-2.18177772180297,-0.0266954499580061,-0.0458261323943939
"18463",-2.10171052474198,-0.0749201077399824,0.00697596878803389
"18464",-2.04072280541312,-0.000654438044911113,-0.0555763111511188
"18465",-1.9983369484188,0.0366149249958023,-0.0813576157437688
"18466",-2.01385420310911,-0.0148388247140287,-0.0407215666577579
"18467",-2.04887165433306,-0.0112547823855312,-0.0476919860005208
"18468",-2.0130455493095,0.0214724092510808,-0.0708999318799401
"18469",-1.99398532778326,0.032030714363863,-0.0777726015402232
"18470",-1.95866721502045,0.0194090545468704,-0.0661684269674257
"18471",-1.96636079664985,0.0308589930961434,-0.0757561387572138
"18472",-1.97274679761788,0.128501175604919,-0.156189763269801
"18473",-2.06470091228281,0.0442837936610781,-0.0956294562893939
"18474",-2.10959171983968,0.0467775902539898,-0.102400008917863
"18475",-2.12182045319338,0.0226347873981439,-0.0795148919428538
"18476",-2.19160464605445,0.0748367191565445,-0.115790023447737
"18477",-2.16409308713038,-0.0172742522719636,-0.0437252699628968
"18478",-2.13291475072282,-0.0415586717499086,-0.0255958293886631
"18479",-2.10941503443746,0.00189510525622996,-0.067571320367872
"18480",-2.12241005851845,-0.0227860979826463,-0.046732079071058
"18481",-2.10466508655672,0.004617076329785,-0.0647756130347066
"18482",-2.09824501803889,-0.0218814811527551,-0.0447839977133213
"18483",-2.12566018883622,-0.00803473344606495,-0.0607116533451627
"18484",-2.05288534253742,-0.0336009174533184,-0.0235449187993033
"18485",-2.04190828365869,0.0275045012235295,-0.072924736947044
"18486",-2.01338513919186,0.0256186835107834,-0.074349419058842
"18487",-1.99559811330846,0.00579192793254809,-0.0580157869349275
"18488",-2.00228582725734,0.0139458686466456,-0.0635553506839528
"18489",-2.01600414369849,-0.0230740281843832,-0.0316206172927425
"18490",-2.05890704143495,0.00682790397262062,-0.0700743721205726
"18491",-2.06954052713247,0.0249488893049944,-0.0834984081545467
"18492",-2.07250388859756,-0.0410750283134771,-0.0280943347300614
"18493",-2.04855358373434,-0.0338751975315379,-0.0329616481848116
"18494",-2.07493757648858,0.00515828188591947,-0.0685057795800644
"18495",-2.11146125689253,-0.00668960549906862,-0.0598601119324868
"18496",-2.11157319696245,-0.0189667087369252,-0.0498401605067714
"18497",-2.09159921893219,-0.00979202851404341,-0.0571578834599615
"18498",-2.10733790051711,-0.0222015488208132,-0.0438933977672163
"18499",-2.09260663411453,-0.00763868592377169,-0.0584976290874938
"18500",-2.02175335654747,-0.0307344641454937,-0.0341919123570832
"18501",-2.03721379317119,-0.036977858431294,-0.0299084275136978
"18502",-2.06749288266231,-0.0138981397217327,-0.0491785502397522
"18503",-2.11729449063224,-0.000290627297817967,-0.0606348358390935
"18504",-2.14050318001784,-0.0336161424500029,-0.0303821489295816
"18505",-2.1279475604485,0.00658666012038018,-0.0672505030597738
"18506",-2.12757322142253,-0.0504661038728253,-0.0220337762290813
"18507",-2.13553794462204,-0.0143464907782367,-0.056616169241053
"18508",-2.08447183578237,-0.0234872110065948,-0.0423221832832667
"18509",-2.10433618879352,-0.0387422696294311,-0.0310923589605632
"18510",-2.07828974875185,-0.0863761096107396,0.0172438131394808
"18511",-2.02817047513685,-0.0389157026421341,-0.0194103413355865
"18512",-2.02080121589273,-0.0531594883320886,-0.00706405201768621
"18513",-1.99852386015558,-0.0775075212599814,0.0127218239045236
"18514",-2.04661536226468,-0.00534284013970635,-0.0567019236948763
"18515",-2.02854254676965,0.0168560585203676,-0.0764450304733637
"18516",-1.98522606955726,-0.0176489707876999,-0.0388779723698124
"18517",-2.01555054620754,0.0487724497379312,-0.0992473451325349
"18518",-2.02356138577261,0.0279799313470995,-0.0826691186768757
"18519",-2.04735511750228,-0.0156286359152806,-0.0494510188186908
"18520",-2.0817678699782,-0.0487016715974115,-0.0177529507522153
"18521",-2.09216479143735,-0.0428142304601116,-0.0229354433530935
"18522",-2.1151463681011,-0.00127906201963859,-0.0610705112464868
"18523",-2.10843047457912,-0.00629099363638776,-0.057113128726807
"18524",-2.10723995001415,-0.0178699194798427,-0.0426280724877974
"18525",-2.17833765932962,0.0105538478389206,-0.0672723116509765
"18526",-2.08809724425913,0.0451531182787595,-0.103340032532369
"18527",-1.98684663456759,-0.0553746884262987,-0.00385677022351514
"18528",-1.91950429792663,0.0170422534485994,-0.0645195699966187
"18529",-1.93636905886387,-0.00928660746927516,-0.03934461191427
"18530",-2.00120358540131,0.041373592518503,-0.0944230442580319
"18531",-2.08783894321693,-0.0377761607854144,-0.0318971861768827
"18532",-2.08837738204243,-0.0480985422878342,-0.0203030661239231
"18533",-2.03569926709654,-0.0241765456970945,-0.0397381586473627
"18534",-2.02707712878004,-0.00715371698156845,-0.0489405324654952
"18535",-2.02239999482595,-0.0068578743773433,-0.0547361003320256
"18536",-2.04039600047008,0.00165874053352156,-0.062163037245294
"18537",-2.0331431196491,0.0142048624820598,-0.0745912113571025
"18538",-2.05696097755941,0.0119242125244721,-0.0743495291193607
"18539",-2.10598613673927,-0.00769968112468681,-0.0587024400371367
"18540",-2.02832634408842,-0.0583345588712474,-0.00429198502247807
"18541",-1.99432684269661,-0.000396975943721646,-0.0484322114627038
"18542",-1.93827521336126,0.023813497526494,-0.0643221066482887
"18543",-1.99930746093321,-0.000596640836553421,-0.0541305021452627
"18544",-1.96474348863196,-0.00777971593060945,-0.0413081478977679
"18545",-1.96754967672781,0.0202549349735534,-0.0685363435679069
"18546",-1.96276743390494,-0.00763088880184159,-0.0443548467217235
"18547",-1.98320693353018,0.00116208817650915,-0.0522030785033529
"18548",-2.04529321774503,0.0149732016763708,-0.0721558992396459
"18549",-2.0539829181039,-0.00673849021808965,-0.0522345851982017
"18550",-2.06321816718326,-0.00108534724588223,-0.058005208841433
"18551",-2.08068123398036,0.0117275588027941,-0.0723067150006624
"18552",-2.06253630140324,-0.0708849266385316,0.00417922931112412
"18553",-2.02813925068024,-0.014776854275261,-0.0395088417416661
"18554",-1.98430479502863,0.00533715964053267,-0.0538305345113675
"18555",-1.88075063476475,0.107443889386346,-0.119603471091331
"18556",-1.91154146025047,0.0857916907557046,-0.112877467048404
"18557",-1.91702403368729,0.0479191884316793,-0.0828685983073256
"18558",-1.97221850822762,0.00922721235670662,-0.0600174722297704
"18559",-1.96015938873453,0.0317065867112951,-0.0768285947245645
"18560",-2.00613373288717,0.0519567098651917,-0.0991368660201935
"18561",-2.06201842261454,0.00643260141595227,-0.0677116298933016
"18562",-2.0047384116094,-0.026774049279561,-0.0274736450415666
"18563",-2.01940478714564,-0.00480708331984507,-0.0533847849011307
"18564",-2.0141873697471,0.0125591695326231,-0.0723235586466395
"18565",-1.98418364769082,0.042215921459082,-0.0854069434288528
"18566",-1.99487951263893,-0.0284822367455015,-0.0304748875641741
"18567",-2.05047269338953,-0.000282525243649687,-0.0541642727005276
"18568",-2.02577902287599,0.0151704279867456,-0.0702155795424916
"18569",-2.0065131442052,0.0177031520192428,-0.073226181837527
"18570",-1.99473329212211,-0.00972569532608807,-0.0512323974333406
"18571",-2.03149046835093,0.00570717430247202,-0.0646431903347399
"18572",-2.06723154403386,0.0220398606611723,-0.0818735758828186
"18573",-2.11329972635954,-0.00809137763409396,-0.0510881093593132
"18574",-2.10918998386958,0.00568283017609546,-0.0635632439252012
"18575",-2.05701478467901,6.9209730578401e-05,-0.0594396497578209
"18576",-2.03910436053661,0.0100361411841094,-0.0676834986682446
"18577",-2.03127266566884,0.0207443395675442,-0.0738478126008807
"18578",-1.99401882342456,0.0123683052841016,-0.0668079859399253
"18579",-1.99062691583635,0.0111170558978291,-0.0657800300516532
"18580",-2.00266140685461,-0.0394016773002747,-0.0231850872267527
"18581",-2.01536571133368,-0.0418770484722933,-0.0212194921048702
"18582",-2.13471555239642,0.0660004381540218,-0.105475833485961
"18583",-2.15557301677927,0.104598929743734,-0.136118790128941
"18584",-2.21875081382099,0.190002583367168,-0.205936095238527
"18585",-2.2243013851962,0.132812030013491,-0.162268517945987
"18586",-2.16990106551452,0.0466548126305035,-0.0958701273126243
"18587",-2.14740039809107,-0.00122545741620725,-0.0565402460387391
"18588",-2.09712477856221,0.00313659881268891,-0.0640055876561247
"18589",-1.99226822432855,-0.0169709971313282,-0.0319967941437235
"18590",-1.93385052194003,-0.00340010255982181,-0.0396181508436599
"18591",-1.92872545199135,-0.0629788106220516,0.00534426210692832
"18592",-1.88093418317252,0.0211504295532344,-0.0609307084220562
"18593",-1.90227318151219,0.0812402171319967,-0.114712326314665
"18594",-1.97238278464535,0.0379021039555609,-0.0854750011829948
"18595",-2.05716224073906,-0.0342767588699261,-0.0286063243541913
"18596",-2.17843192416682,0.0502203252331937,-0.0969428002951287
"18597",-2.16398938408615,-0.014044835144904,-0.0482825127085619
"18598",-2.07765710574339,0.017361239582463,-0.0801136719890832
"18599",-1.9999521679284,3.24856647638984e-05,-0.0538418186850047
"18600",-1.93277881967877,-0.0495305381155514,-0.00596578972168235
"18601",-1.89004325050792,-0.00450851954041527,-0.037932433648734
"18602",-1.94455595780016,0.0138132492948332,-0.062472831870527
"18603",-1.88734061540714,-0.021419283465032,-0.0261282616743407
"18604",-1.95555083303787,0.063328977970284,-0.109694301860304
"18605",-1.990150798741,0.0188718800088209,-0.0757580947919557
"18606",-1.9682846776366,-0.0312309338836263,-0.0225376252610534
"18607",-1.97019399170164,-0.0168061554875686,-0.0354032702843979
"18608",-2.0452199608116,-0.0196507229229725,-0.0438373120256418
"18609",-2.04670777510692,-0.020323262380696,-0.0432624481131743
"18610",-2.08738908666254,0.02872858618454,-0.0870098417528113
"18611",-1.95306967501695,-0.0721884888332992,0.00947755601416642
"18612",-1.91440536153669,0.0546812825728842,-0.0953175755205717
"18613",-1.96323193875502,0.0190664951691176,-0.0731356195455108
"18614",-1.98109134151842,0.0246521148775249,-0.0773718859241861
"18615",-1.99493620593168,-0.0312448999641077,-0.0303792419964834
"18616",-1.91880479260958,-0.0238153771609724,-0.0342390420816747
"18617",-1.9308486970618,-0.000331429435297497,-0.0571836490944934
"18618",-1.90872564116237,0.000579982172557988,-0.0461362278785082
"18619",-1.90604483361154,-0.015226318871078,-0.0321552862597602
"18620",-1.88733103988842,-0.0320391666283455,-0.0169308884320985
"18621",-1.84502461768232,0.0254617764946011,-0.0635204365452252
"18622",-1.90118992935414,0.0292363880579389,-0.0738522779088642
"18623",-1.9723724083612,0.0136823384813098,-0.0711001168447118
"18624",-1.94809513455137,0.0027190327571448,-0.0548115290307568
"18625",-2.01621201788769,0.0540672728237055,-0.103333299895004
"18626",-1.95374298542589,-0.0346731506708009,-0.0245847891933412
"18627",-1.92276432074264,-0.00846207638011664,-0.0405849739086422
"18628",-1.94103480090291,0.0326156742753059,-0.0848852163918945
"18629",-1.93005541878881,0.011665047017184,-0.0663595220166944
"18630",-1.92509957530039,0.00540438460323881,-0.0613309801936561
"18631",-1.95499538940501,-0.0254500667335713,-0.0359656384177483
"18632",-1.98649019247531,0.0232177323219926,-0.0776000628781769
"18633",-2.03008701178878,0.0210024414386433,-0.0792777349207864
"18634",-2.07934390843673,-0.00305080035217079,-0.0590752019372784
"18635",-2.01624003395875,-0.0293647961081762,-0.0237480349208572
"18636",-1.95926389419573,0.0573547273832067,-0.0939876586468854
"18637",-1.90144346816057,0.0369906472457495,-0.0761158811525793
"18638",-1.85749297718567,0.0197325119487279,-0.0577277374287161
"18639",-1.88304853729999,0.0682227157304978,-0.106140815038283
"18640",-1.89428465759765,0.0458738059140972,-0.0826117640748096
"18641",-1.91011555328561,0.0632131641435169,-0.100356324976867
"18642",-1.91983908884012,-0.0389129062905563,-0.0161228027572695
"18643",-1.92505487583475,-0.0707512848638742,0.00973529846569074
"18644",-1.941666508066,0.0146634740310042,-0.0692986883503403
"18645",-1.9412781159792,0.0148777068288421,-0.0692690917996059
"18646",-1.97065968460388,0.00669313172594836,-0.0641803237192905
"18647",-2.00520757897005,-0.00528394978964993,-0.0566659577812706
"18648",-1.99752226523445,-0.0323467489335434,-0.0319233332129169
"18649",-2.01425724441131,0.0158202444109836,-0.073300600152769
"18650",-2.03112805857633,-0.0137119209653144,-0.0431300593523409
"18651",-1.97011609619913,-0.0675719024669758,0.00663810483633984
"18652",-1.98829694218485,-0.0073219008205504,-0.0505402179487511
"18653",-1.99869903998663,0.019562919358166,-0.0762210690111346
"18654",-1.99591726162972,0.0441537742709271,-0.0913766547726733
"18655",-1.98499321097655,0.0185027916253903,-0.0733938882158577
"18656",-1.97807307154486,0.0468114887200232,-0.0974072332703317
"18657",-1.91408266181047,-0.010214702076161,-0.0368782666881945
"18658",-1.97036481821561,0.0605630132740231,-0.106250672225471
"18659",-1.99541915478659,0.0352087164457832,-0.0810018909402821
"18660",-2.00767142155042,0.0027917637737313,-0.0560159478392723
"18661",-1.9996925037833,0.000232506634825666,-0.0586580817961547
"18662",-1.98229024833623,0.0358157162724766,-0.0859712786491134
"18663",-1.95303621926527,-0.00506251413881062,-0.0535955842321254
"18664",-2.0131069878815,-0.0297894884962861,-0.0302903412421869
"18665",-2.03296443561774,-0.0424850035664899,-0.0217990059705711
"18666",-1.9993540798984,0.0011049360765004,-0.058736943738582
"18667",-1.98371993092721,0.0259194970533001,-0.0817095222043188
"18668",-1.91825397257944,-0.0384137091791619,-0.0166572262545039
"18669",-1.89583523668794,-0.0570298527814128,0.00144287844232668
"18670",-1.90905536577908,0.0462305273678868,-0.0900843181617392
"18671",-1.9165237358393,0.060199700951659,-0.104879995595557
"18672",-1.89586086844976,0.0320960628430775,-0.0815618729430435
"18673",-1.83418499181021,0.0235588512743634,-0.0616324562920447
"18674",-1.87848405316416,0.0993642660138369,-0.131667335275347
"18675",-1.92158028955252,0.0926281872493285,-0.129141748395314
"18676",-1.88239928408222,0.074343249361494,-0.109136549859549
"18677",-1.96131467326685,0.0319560320940551,-0.0786002143082254
"18678",-1.91946706395185,0.0141496122862443,-0.057574774805428
"18679",-1.8170619857164,0.0253613990656091,-0.0588200248024453
"18680",-1.80338922320506,0.0285205524742846,-0.0608571772837683
"18681",-1.84643303772224,0.05487955912347,-0.0832941668159676
"18682",-1.87301413922529,0.0638386684524967,-0.10097503714712
"18683",-1.91641433581082,0.0207941228857281,-0.0672220986663425
"18684",-1.9155006675348,0.0421364847321202,-0.084577888469237
"18685",-1.85004188710681,0.0567970454029774,-0.0848388924672287
"18686",-1.84377559648619,0.12648344554806,-0.132898494107994
"18687",-1.82239117001062,0.117563791497287,-0.12520369698764
"18688",-1.81693947218499,0.106726885744072,-0.118249525937829
"18689",-1.85629605354751,0.0722643751103353,-0.101206163857308
"18690",-1.93189294367127,0.088003899180308,-0.125642558722763
"18691",-1.88336027173064,-0.0461181832721202,-0.00683245200137888
"18692",-1.93427510601335,0.0273472552104408,-0.0799775388838819
"18693",-1.88658553607732,-0.00306820036154042,-0.0416465423281125
"18694",-1.95706170029179,0.0548091147980025,-0.103493317736016
"18695",-1.91847875339771,-0.0206295908977026,-0.0335182164585884
"18696",-1.92683107838309,-0.0109844841655332,-0.0354416459944008
"18697",-1.87640324915995,0.0290275186059276,-0.0666277955069443
"18698",-1.87388046125251,0.030582387988576,-0.0679333180815657
"18699",-1.88437093816911,0.0625830356347502,-0.0941069532806119
"18700",-1.85941279088799,0.0827106998845399,-0.10575133473137
"18701",-1.87140282141655,0.0257835745855189,-0.0686413129469474
"18702",-1.88329758414901,0.0659623724844402,-0.101181567681518
"18703",-1.87456160278807,0.0323056668637619,-0.0722790208879879
"18704",-1.90865165477984,0.0360269964349462,-0.0771968385218533
"18705",-1.91294251583161,0.0258071088408417,-0.070239503114038
"18706",-1.89368794419021,0.0281256453654356,-0.0652778217857669
"18707",-1.88777476154228,0.0290937418576555,-0.0700536822862723
"18708",-1.81848596518942,0.0370414984808007,-0.0674466255693675
"18709",-1.85302850236686,0.063223827602068,-0.0894315325110756
"18710",-1.82047035346522,0.043554338354677,-0.0726504642255436
"18711",-1.85781263737441,0.0736428371304415,-0.0985044795729124
"18712",-1.83176555836978,0.049479059572102,-0.0781081589015482
"18713",-1.90868758678008,0.0455230414074361,-0.0855604614096774
"18714",-1.8864045822891,0.0445408257255707,-0.0842099672865335
"18715",-1.88780352895587,0.115600258536829,-0.139964616248789
"18716",-1.98146591107586,0.0680548347512703,-0.111714117043782
"18717",-1.96339841081978,0.045348000439932,-0.0949760193069241
"18718",-1.94415031869765,0.0397232982840253,-0.0889485466575101
"18719",-1.94957789872642,0.037208894830293,-0.0881545782590416
"18720",-1.88948512067371,-0.0278867223499276,-0.0201097306019835
"18721",-1.83466805497424,-0.0289411096088094,-0.016563895574407
"18722",-1.79822419586511,0.0293810706206489,-0.063667000705088
"18723",-1.76209018187843,0.054056361110387,-0.0810939115824562
"18724",-1.79772018531382,0.0932166309780142,-0.118331421484694
"18725",-1.82489898605926,0.0692706774954305,-0.104277193166924
"18726",-1.88063938777076,0.0788505568675933,-0.112476496690096
"18727",-1.91313118108573,0.0345792533535647,-0.0789983046720068
"18728",-1.91450542801732,-0.0494321948331375,-0.00543155881856207
"18729",-1.92810435343395,-0.0161315177536813,-0.0289173113422506
"18730",-1.94496388865787,0.0475301004292231,-0.094585067188615
"18731",-1.89008340023242,0.038373562901909,-0.0859078605016073
"18732",-1.84895580587904,0.0378734246664669,-0.0834348854354024
"18733",-1.82899491144375,0.00875809684627723,-0.0585477551256454
"18734",-1.85483737719497,0.0671293832111571,-0.104847918797735
"18735",-1.85742525899378,0.0487163472578001,-0.0913686756205422
"18736",-1.87908048757814,0.0195394343337928,-0.069802530076431
"18737",-1.82031604317002,-0.0607167979281763,0.00581591093802909
"18738",-1.87053878461682,0.0304812790569393,-0.0794568847167765
"18739",-1.94680461216211,-0.0350465584248477,-0.024605732731893
"18740",-1.94579688802514,0.00590504583546308,-0.060508290434758
"18741",-1.87280186854641,-0.0669078053563038,0.00942676848164627
"18742",-1.84575636911959,-0.05084000922539,-0.00237198575152776
"18743",-1.81532659998651,-0.0314041096929968,-0.0162667208367948
"18744",-1.82291141583105,-0.0108396119219703,-0.0346335356505273
"18745",-1.83331237571697,-0.0152808541677179,-0.0366598872167499
"18746",-1.84328321108143,-0.00785415220712923,-0.0438090855906304
"18747",-1.86459759600685,0.0501810033318538,-0.0894454865884276
"18748",-1.83667088875938,0.0584439011250452,-0.0915844696740732
"18749",-1.78271688898592,-0.00513634899331551,-0.0346831834732169
"18750",-1.78471035610341,-0.0199350325507961,-0.0235466327546654
"18751",-1.81404282127,-0.0093288850934288,-0.03301736594066
"18752",-1.79943291202992,0.0321047037595636,-0.066514996754191
"18753",-1.84888267226304,0.0232430177704874,-0.0676496798161495
"18754",-1.80293831998368,-0.0273936950265807,-0.0194150269459539
"18755",-1.78268967983807,0.0120393706481496,-0.0478043166110791
"18756",-1.81333079924292,0.0227638501777006,-0.0655106105157975
"18757",-1.82607193016749,0.0217632815080982,-0.0617976253721422
"18758",-1.89359753548718,0.00164497218374027,-0.0553777399376116
"18759",-1.87720117192814,-0.0188820844541716,-0.0363631789356263
"18760",-1.89756342862699,0.00357857936414694,-0.0587915554307003
"18761",-1.9200531080252,0.0606751802896141,-0.104844930400687
"18762",-1.85565959492523,0.0105790286235972,-0.0484829353013984
"18763",-1.77328238762139,0.0976496228842936,-0.112784902157529
"18764",-1.75299762298266,0.0353286572925272,-0.064876953090455
"18765",-1.7386539888012,0.103627896417258,-0.113516508841619
"18766",-1.77293038312714,0.0127075735842209,-0.0479372251949661
"18767",-1.83860899686856,0.0888459935308685,-0.118630290279006
"18768",-1.86198550237635,0.0902972204105338,-0.119779489939383
"18769",-1.81750617481365,0.0198008510617264,-0.0621859031077337
"18770",-1.81455574627424,0.0506519508539785,-0.088391159327084
"18771",-1.83690334538483,0.0242680311602028,-0.0707895714049676
"18772",-1.8875192478165,-0.0204332714755768,-0.0336481950240697
"18773",-1.86391363377039,0.013886460952355,-0.0597672120592099
"18774",-1.86688970028595,0.0273319429666776,-0.0718757775782621
"18775",-1.82723016969653,0.0532234971519645,-0.0874115277197384
"18776",-1.83172104663199,0.0419534317429321,-0.0800053387751338
"18777",-1.81801515705064,0.015258019238658,-0.0577594436328421
"18778",-1.84652890739267,0.0307883671117557,-0.0771715417636172
"18779",-1.87172814764098,0.0105191344181499,-0.0596920323545815
"18780",-1.90063719599886,-0.0266100742327088,-0.0294303406551608
"18781",-1.86896317813161,-0.012118452207317,-0.0399677838191935
"18782",-1.86769109455733,0.0155176871417833,-0.0651661311600587
"18783",-1.83936927238798,0.0378488874719913,-0.0809387982695883
"18784",-1.85599849427446,0.00847363445195037,-0.0603139513739801
"18785",-1.90778750639211,0.00927486026352364,-0.0626863476148859
"18786",-1.94364069873332,0.000748738036863575,-0.0501227603362421
"18787",-1.89560230711023,0.0118517412730748,-0.0623860744346554
"18788",-1.87369600028401,0.0271252898157298,-0.0732082560015113
"18789",-1.83538570795631,0.0664704942789434,-0.10128426781091
"18790",-1.79524212351452,-0.0165323632045703,-0.0317733603726169
"18791",-1.81949031474092,-0.0131141774920066,-0.0358918786187339
"18792",-1.78579184724408,-0.0204104112632723,-0.0241097721122415
"18793",-1.84473367925458,0.0362940469049712,-0.0813715692155307
"18794",-1.86715953495614,0.0403497325804756,-0.0853864205385285
"18795",-1.86427971998512,0.0301369501835158,-0.0752151845660529
"18796",-1.8445021891649,-0.0161041074325892,-0.0347187916733832
"18797",-1.80529421129706,0.0247091166239261,-0.0607353822342385
"18798",-1.811197854348,0.00841434816420977,-0.0460211476788114
"18799",-1.85059376596712,0.0228588400160589,-0.0647064410532287
"18800",-1.8444993545448,0.0658542491183681,-0.10310082107822
"18801",-1.86200525220435,0.0214140624002546,-0.0664449795443291
"18802",-1.80498763582454,0.0168436993003011,-0.0523717481073388
"18803",-1.80003625045165,0.0542255897141086,-0.0834113460099766
"18804",-1.74136301836914,0.00999928305723698,-0.0484258817860007
"18805",-1.78061931951825,0.0519497840133266,-0.0898531526136564
"18806",-1.78168763740244,0.00616703684876357,-0.048722727076421
"18807",-1.75279553016288,0.0254724070422055,-0.0562772651723877
"18808",-1.75226319924559,0.0165990914049989,-0.0500891195445999
"18809",-1.74899415437942,0.039657278337028,-0.0669023453107855
"18810",-1.77308556644901,0.0600941906887747,-0.0926477242054719
"18811",-1.80130601705121,-0.00283116598539291,-0.0459731564549569
"18812",-1.79853705450814,-0.0112163998159567,-0.0339249625355183
"18813",-1.83755946449885,0.0694271760862611,-0.105951667930968
"18814",-1.82285418621673,0.0424061922248515,-0.0853502779559197
"18815",-1.82812523700287,0.0345119783548234,-0.0773994961930411
"18816",-1.85807878357841,0.0378930844886195,-0.0838121899077122
"18817",-1.82782039034003,0.00586051010488721,-0.0461343177459488
"18818",-1.75758216638927,0.0718135565851892,-0.0921432523678836
"18819",-1.75534900687869,0.034906939239892,-0.0651095337152748
"18820",-1.77027684990799,-0.0114205975507897,-0.0308028472413726
"18821",-1.77881599280925,0.0290519816098187,-0.0633711861888611
"18822",-1.74542567531358,-0.0114386942394897,-0.028355045667513
"18823",-1.78560461156154,0.0213384705409793,-0.0601032189067141
"18824",-1.80968377642602,0.0455063864370844,-0.0845374048042253
"18825",-1.79282855113289,-0.0148152396459367,-0.0322521705011188
"18826",-1.76580372531128,0.00240256325580885,-0.039448288332444
"18827",-1.76713644604714,0.00719300792894966,-0.043232590194745
"18828",-1.72020026205674,0.0532830867929768,-0.0757320030080011
"18829",-1.67002806103082,0.0470937596884972,-0.0700213594360885
"18830",-1.66668087167584,0.0499637348009958,-0.0723156085340768
"18831",-1.69286297873911,0.0418149379127264,-0.0651154747648441
"18832",-1.71397832438555,0.0186808263576257,-0.0501464333538304
"18833",-1.71607857036738,0.0219867370407578,-0.0527809877519972
"18834",-1.74252356417905,0.017233956329784,-0.0495363887560853
"18835",-1.77569228911804,0.0388080339330214,-0.0799197883934382
"18836",-1.78164395986926,0.0142205800045339,-0.0604632453188088
"18837",-1.77331734546211,0.0353981342867674,-0.0738550058470631
"18838",-1.78390806753856,0.00477039266239449,-0.0442951675137319
"18839",-1.73537723355373,-0.0331400171757435,-0.0113614530406627
"18840",-1.70649956089334,0.0352012647460738,-0.0609575062718739
"18841",-1.70396083696371,0.0199394306339882,-0.0514156679749624
"18842",-1.74081641250663,0.00542887065120866,-0.0476111257261312
"18843",-1.71195709276331,-0.00991060892573045,-0.028771131598624
"18844",-1.80083017248896,0.0302368489696716,-0.071573428065704
"18845",-1.81736441680824,0.0213298481297164,-0.0666145592322646
"18846",-1.81210042027247,0.0562758298388341,-0.093204441940659
"18847",-1.77361065640116,-0.0552301396820775,0.00278426960511598
"18848",-1.74998016749991,0.00324160810465113,-0.0403710197321954
"18849",-1.78102423155351,0.020736432090124,-0.0598527650199761
"18850",-1.77030633884722,0.0318038407844068,-0.0698643080503824
"18851",-1.82523717012423,0.0149541199923053,-0.0586264046127544
"18852",-1.8343284151837,0.0190862372373775,-0.0647599486493616
"18853",-1.78991789437592,0.0198851213437363,-0.0614405671861904
"18854",-1.75218199755986,-0.0112263828847556,-0.0341544933053761
"18855",-1.80786919328926,0.0141980360674578,-0.0623168152239784
"18856",-1.80874308092204,0.0564206530390695,-0.089138961888334
"18857",-1.81069226040402,0.0581430448407209,-0.0945875454648886
"18858",-1.84271363536179,0.0295334516682474,-0.0727532492105724
"18859",-1.81707507968811,0.0538370238703222,-0.0877035108862398
"18860",-1.74862621352881,0.00966369301991831,-0.0454768416580034
"18861",-1.74316855612167,0.0580344919610822,-0.0888765591093835
"18862",-1.71735390802157,0.0190675206868253,-0.0563410254576657
"18863",-1.75709217553246,0.0356845650250899,-0.0735466344030571
"18864",-1.81232041648951,0.0137296228055465,-0.0530215470710052
"18865",-1.82679997147388,0.0346403343339352,-0.0679459311761218
"18866",-1.83478549294507,-0.0079970982167687,-0.0403120188593668
"18867",-1.85951715776369,0.0521975686305592,-0.0821855000950921
"18868",-1.89124301018669,-0.0296230261576812,-0.0255623286978544
"18869",-1.86655012628713,0.00534314743993382,-0.0531981035272819
"18870",-1.87159702996998,0.00499057583235467,-0.0520966542385607
"18871",-1.80274938531639,0.0351474502420924,-0.0688635229646118
"18872",-1.76684489159336,-0.00607861103616385,-0.0356512342778779
"18873",-1.77025945028622,0.00914090657879468,-0.0543963833783395
"18874",-1.77905869730186,0.0204837422735993,-0.0599840885486719
"18875",-1.78527208586897,0.0168921444525853,-0.0633068008648875
"18876",-1.82973702546891,-0.0195493413912843,-0.0324968592306343
"18877",-1.87313695489294,0.0113800249113287,-0.057133529279105
"18878",-1.81656526159042,0.099117254735048,-0.111252600296124
"18879",-1.7257560318136,-0.0498050296901333,0.000404587833185386
"18880",-1.69544220085806,0.0631006566895934,-0.0801127472644084
"18881",-1.66156613534112,0.0259499777427346,-0.0543561018099216
"18882",-1.72302123653021,0.0453947725617616,-0.0736775149641222
"18883",-1.70392688687538,0.037009875612049,-0.0657140490839005
"18884",-1.65478908250113,0.0791757529410703,-0.0901342015337294
"18885",-1.62321134493634,0.0514753107615618,-0.0682151927348862
"18886",-1.6213774679112,0.0714532541616417,-0.0828125433041431
"18887",-1.65365976505433,0.116687642666404,-0.115985941313189
"18888",-1.73948071125793,0.0189869648390131,-0.0619520891138184
"18889",-1.79332429150016,0.0406185214317217,-0.0794938769645053
"18890",-1.79458389184994,0.0218777634579971,-0.0645734042791387
"18891",-1.81042268196803,0.0350026427605684,-0.0762707153804661
"18892",-1.8246394610801,0.0582371586653668,-0.0961734250620578
"18893",-1.82567255951364,0.00782841262272182,-0.0510479528779184
"18894",-1.86429860317366,-0.00884295702869145,-0.0413266276741762
"18895",-1.79200823514476,0.0429328068613155,-0.074027493713699
"18896",-1.70734072014894,-0.0179856334226086,-0.0228493779250446
"18897",-1.67103599696319,0.0274535477724315,-0.054531259125084
"18898",-1.72815879592758,0.0349816202332656,-0.0740227973689326
"18899",-1.76527762074498,0.045348987488902,-0.0837471505113864
"18900",-1.80719766490307,0.0352720007019626,-0.0790344609389586
"18901",-1.760700846588,-0.0120268121879317,-0.0311537018422109
"18902",-1.7516095039881,-0.0189307068370573,-0.0247694537660783
"18903",-1.80039960598532,0.0301925847201244,-0.0700657265182507
"18904",-1.8193566999088,0.0269891340878088,-0.0682493657800696
"18905",-1.77270383147081,0.0542285300027762,-0.0870815809047493
"18906",-1.74643652871673,0.0668750150396595,-0.0961234156664776
"18907",-1.77988044553539,-0.0149472771998181,-0.032955902953824
"18908",-1.79285775707205,0.0240825155237328,-0.0671343212220944
"18909",-1.74765106538461,0.015202210547048,-0.0575622806305311
"18910",-1.68670939905829,-0.0429127137435524,-0.00359626589361622
"18911",-1.68444235550551,0.0294260967044519,-0.0607233206196458
"18912",-1.67818087194193,0.00797230382050115,-0.0409957132046065
"18913",-1.67955661765028,0.000799402852754896,-0.0371530799338666
"18914",-1.68620968182744,0.0250725119162315,-0.0643244477548278
"18915",-1.73621886681559,0.0648412196180088,-0.0928938329093727
"18916",-1.78829896144908,0.0688364632060093,-0.09718340937546
"18917",-1.82979560934334,0.0489148880476538,-0.0805190972804178
"18918",-1.85055314199792,0.0103954898334856,-0.052036404711427
"18919",-1.86056515859023,-0.0226688678323441,-0.0317629213984429
"18920",-1.87684537234292,0.0373345528817194,-0.0828145168817884
"18921",-1.83979341675525,0.0306847070281598,-0.0734008851283029
"18922",-1.71054141226252,0.0322522884574074,-0.0679477698472445
"18923",-1.72003356813221,0.0318693987849068,-0.067614914750362
"18924",-1.76277205570356,0.0105726031915994,-0.0485833983492798
"18925",-1.80371435964065,0.0058848591530053,-0.0463453613697342
"18926",-1.84222704125566,0.098104234202772,-0.114355047855901
"18927",-1.84486286691309,0.0804706452256621,-0.102064025824488
"18928",-1.87332175987931,0.0730716094827166,-0.0996462485313002
"18929",-1.81463675273765,0.0292603936855343,-0.0706195723139945
"18930",-1.77383196809515,0.0606141301205008,-0.0886130236020113
"18931",-1.71905194815907,0.051127449398668,-0.0774949111944122
"18932",-1.69830968854957,0.0435137492355872,-0.0751466264237129
"18933",-1.68172691297778,0.0274413919231132,-0.0632167775036608
"18934",-1.68255060292054,0.0290909913922351,-0.0645466400179107
"18935",-1.71794115234894,0.0364862465519373,-0.0726878945774723
"18936",-1.70307622599875,0.0939170063746136,-0.112054611362105
"18937",-1.76701647334079,0.0307582986598221,-0.0702751756250065
"18938",-1.78825011922285,-0.01171343536067,-0.0349734134989587
"18939",-1.84619230181442,-0.025127862052881,-0.0269121244889484
"18940",-1.78288962428653,0.0382890584263593,-0.0762602245202938
"18941",-1.77590532800668,0.0325500118425874,-0.07070857248466
"18942",-1.70052689271495,-0.013164207048326,-0.0268939278484511
"18943",-1.70441369877463,-0.00914666105931291,-0.0328183280137538
"18944",-1.74444861887732,0.0215027643675424,-0.061199346932263
"18945",-1.68859761934906,-0.0453954824103553,-0.00221198654251293
"18946",-1.65618189004224,-0.00039263101594382,-0.0332107676402729
"18947",-1.61772165360409,0.021875478891976,-0.0470952182254758
"18948",-1.67519311389066,0.0314499030811758,-0.0623552562450099
"18949",-1.68281234511897,0.0338600674489716,-0.0683985846930648
"18950",-1.72255077496162,0.0768884854046404,-0.0996772026495754
"18951",-1.77057674729211,0.0728925866335356,-0.0954120279013027
"18952",-1.79988001415405,0.05315402325638,-0.079938111972089
"18953",-1.86197818439635,0.177825806419302,-0.174195797964576
"18954",-1.84218904820926,0.115725062663855,-0.127996908157935
"18955",-1.83782756540575,0.13940935657785,-0.144274529847169
"18956",-1.78551663167469,-0.01906646612011,-0.03051553482669
"18957",-1.75755201409421,0.0407645441227365,-0.078997987060717
"18958",-1.77594838653519,0.0392450441947708,-0.0726728759218616
"18959",-1.7890972228467,0.00919102621748341,-0.0511540230512744
"18960",-1.78682354661412,-0.0056408918691533,-0.040936139695216
"18961",-1.82043477363185,0.00402582523156781,-0.0500239949464561
"18962",-1.77230971868406,0.0633582055656282,-0.0932949174760518
"18963",-1.67880424135625,0.00155389789192011,-0.0345300683534096
"18964",-1.660920996627,0.0170889576633029,-0.0470342755857213
"18965",-1.64794502394352,0.0268694926402336,-0.0533517832329257
"18966",-1.67319756636118,0.0238511159153814,-0.0566974662484666
"18967",-1.69897048815573,0.0661600317548943,-0.0930781100557232
"18968",-1.70728281558855,0.0201827150724982,-0.0595214620327579
"18969",-1.70490703029266,0.0354465190259282,-0.0695329184938757
"18970",-1.6654217583264,-0.00429872614967924,-0.0348339728244229
"18971",-1.66326760924765,0.0468360482087521,-0.073989234659689
"18972",-1.60770248025979,0.0431060102359417,-0.0627706417912532
"18973",-1.73944304735513,-0.0107699059747301,-0.0345249118602503
"18974",-1.82281484839681,0.0354592781444431,-0.0689311463671875
"18975",-1.7604699461548,0.0916845943211901,-0.106051252453484
"18976",-1.62343127133223,-0.00502588427052436,-0.030942613320693
"18977",-1.66662476281819,0.0308180278815368,-0.0639906939183697
"18978",-1.66872994754455,0.0247787466326787,-0.0611070062743317
"18979",-1.68996278667179,0.0798207863257321,-0.0988879941848499
"18980",-1.66350331463874,0.0692828959798492,-0.0931829343304201
"18981",-1.65672326076733,0.0357656622952861,-0.0685164322787798
"18982",-1.69359330156558,0.0467040637642669,-0.0813199344214247
"18983",-1.70469473331382,0.0502485859210556,-0.0829798859984839
"18984",-1.71866957764248,0.0622752548254609,-0.0936203388245058
"18985",-1.66628112238608,-0.0109963500801059,-0.0275463500189316
"18986",-1.67010010399525,0.0179506454107651,-0.0512770895746993
"18987",-1.65738758649588,0.0304782086003569,-0.064379431769281
"18988",-1.70000586957963,0.0215038375415408,-0.0560893839754438
"18989",-1.69779876144951,0.00810294951911469,-0.0484446141010166
"18990",-1.65751173785931,0.0512241832414631,-0.0801920058185209
"18991",-1.69712070490311,0.0476056432857791,-0.0785053729089554
"18992",-1.69543454269854,0.067042905028055,-0.0921189360890359
"18993",-1.7085175277534,0.119642045830546,-0.130674680425329
"18994",-1.7613047583492,0.0277867541472791,-0.0678745695585354
"18995",-1.74243489139105,0.0406863963813676,-0.0792150207864103
"18996",-1.69864759886777,-0.010779831948278,-0.0279041571352666
"18997",-1.72874825997727,0.0444861328839639,-0.0775528643321686
"18998",-1.74149946885022,0.0519368628574495,-0.083864970298552
"18999",-1.74376760788571,0.0292149088292242,-0.0690249742610568
"19000",-1.69664017540998,0.0252347825694963,-0.0607301345262736
"19001",-1.63338096308399,-0.0391117807842968,-0.00510089145118776
"19002",-1.57825540591808,0.0267707318829053,-0.0484750205878584
"19003",-1.52036675468395,0.0792189860602195,-0.0858662788548423
"19004",-1.51465290758259,0.0781098057007048,-0.0855495888434665
"19005",-1.56510675396407,0.0416767193908661,-0.0611909028082455
"19006",-1.65260859736064,0.0154985075837246,-0.0502236230590539
"19007",-1.67690699054971,0.0916433353106492,-0.111086037551171
"19008",-1.62648468588862,0.00281865508941992,-0.0360893483581545
"19009",-1.61265439437395,0.0409765801412539,-0.0622541120252962
"19010",-1.66510529693557,0.0665904010219788,-0.08338890358954
"19011",-1.65393182509977,0.0724954256050285,-0.0847623537718439
"19012",-1.67444941520629,-0.0149333836260397,-0.0233325106470642
"19013",-1.66142440533091,-0.00590058376583605,-0.029759728961086
"19014",-1.65091904071855,0.00673812305785317,-0.0379319360156639
"19015",-1.6327030785757,0.0395572847861486,-0.062054817789066
"19016",-1.62383554940504,0.0411654842113211,-0.0628612253927344
"19017",-1.62916358426568,0.0330604262308224,-0.0576456516522369
"19018",-1.61105195629298,0.0409484426005945,-0.0621580736858794
"19019",-1.60649560799086,0.0364309584639159,-0.0584246561117207
"19020",-1.64277180896838,0.0383970164867464,-0.0618155756597201
"19021",-1.62396444972001,-0.00272488394068838,-0.0304769710185205
"19022",-1.62565324938762,0.0246476030351526,-0.0508273548667367
"19023",-1.57302179956145,0.0491271594292937,-0.0690663932293309
"19024",-1.61474755964391,0.056892309072362,-0.0722111622502486
"19025",-1.64418870323583,0.078650297145419,-0.0908693211879895
"19026",-1.59643953797646,0.0651125190764767,-0.0789024821277519
"19027",-1.63051061813043,0.0484486031348494,-0.0673261003516538
"19028",-1.5844560973972,0.0870912903225497,-0.0921656456827392
"19029",-1.5067119347457,0.0879736216704439,-0.0902311839550419
"19030",-1.53442735359479,0.0985657597009992,-0.0997496868524527
"19031",-1.58314838587374,0.0475127345224013,-0.0660546753857256
"19032",-1.60149375972061,0.0194654184671119,-0.0477803844100575
"19033",-1.54683173654831,0.0401981717169601,-0.0592352199906636
"19034",-1.62674769231467,0.0451353279080028,-0.0747396506529993
"19035",-1.65504652091703,0.0321293820986255,-0.0682862656423026
"19036",-1.67770037687671,0.0652147306750449,-0.093803109574076
"19037",-1.66692376151953,0.075362208631582,-0.099531897463479
"19038",-1.65006690931556,0.0196895303874823,-0.0523427991703767
"19039",-1.69983498632736,0.0567498293855205,-0.0842711171595108
"19040",-1.7760238842001,0.0531762075182527,-0.0791873633026937
"19041",-1.81650291979554,0.0320710721803841,-0.0655765218625728
"19042",-1.76318972538096,0.0205408513582678,-0.0602003488815066
"19043",-1.77005676745076,0.0966156222777596,-0.111625756771784
"19044",-1.67320224670026,0.0425278892882681,-0.0666921575927522
"19045",-1.62062583230807,0.0024047467274917,-0.0345730168214933
"19046",-1.58962417844872,-0.0270889529013927,-0.0127754269787496
"19047",-1.51866047742663,0.0568474388146718,-0.0725125909854668
"19048",-1.55423589132276,0.0496057531502085,-0.0663423224921737
"19049",-1.62595779242266,0.0659252674684077,-0.0860863351713797
"19050",-1.68500591222418,0.0557310206577928,-0.0850579375509457
"19051",-1.69310036403295,0.0490567066169638,-0.0780698139179955
"19052",-1.68777947201346,0.0696098772120635,-0.0906647823399647
"19053",-1.62058706635225,0.0112545137494571,-0.0414333202093899
"19054",-1.59704418239042,0.0331432917163468,-0.0562638407477867
"19055",-1.57208136308375,0.0251426023507392,-0.0482386553890846
"19056",-1.58563759846942,0.0690157468723054,-0.0800611731086881
"19057",-1.60538516025942,0.0373262916197204,-0.0595686471695294
"19058",-1.59007927265848,0.0279122754243296,-0.0535552368001194
"19059",-1.57443284831568,0.0543052646449524,-0.0679252783582864
"19060",-1.56947996031174,0.080587238990588,-0.0874839848831346
"19061",-1.58466445722246,0.0352129053978679,-0.0562005523045017
"19062",-1.62251761912062,0.0303847996245535,-0.0596473564512995
"19063",-1.62208680606726,0.0606332693059864,-0.0838323742773946
"19064",-1.62092899441984,0.0658581187215671,-0.0886409148427763
"19065",-1.61017539471997,0.0659857004950083,-0.0792671672671815
"19066",-1.60131783754233,0.115216985374422,-0.113299771451785
"19067",-1.66397382659015,0.0527460897058025,-0.0735900643606147
"19068",-1.66034802466483,0.0375491784315339,-0.0608318701144176
"19069",-1.65737726037548,0.0415815696584653,-0.0636865796061953
"19070",-1.63878526546029,0.0690849312840287,-0.0837772403604025
"19071",-1.66858122517337,0.0656947740205867,-0.080827783765939
"19072",-1.60921844029055,0.120443770034413,-0.122373429689057
"19073",-1.61119156094434,0.0349113032908179,-0.0576119678927392
"19074",-1.63330869868177,0.0480038925555804,-0.0686320128714163
"19075",-1.62277648126271,0.109965172601322,-0.116044552372337
"19076",-1.67495178987635,0.139593118686359,-0.135207528231089
"19077",-1.74039377612948,0.27210502270418,-0.223786675751855
"19078",-1.76535171666531,0.32450897701228,-0.261322624088353
"19079",-1.75292281537397,0.227957164614702,-0.193879685240153
"19080",-1.7685974373618,0.305406008952972,-0.248741991253126
"19081",-1.72424570585714,0.123861437784883,-0.123326714593115
"19082",-1.75002308057144,0.0866940938114713,-0.099741077552249
"19083",-1.74153268133209,0.156701479408131,-0.152901484823727
"19084",-1.67755204639752,0.0125432988890772,-0.0492711315002725
"19085",-1.67482095994368,0.0714054645577708,-0.0906220468592218
"19086",-1.61211070801535,0.0679918057911866,-0.0840560275122543
"19087",-1.58008094164797,0.0417320659759272,-0.06875243132663
"19088",-1.59884308096647,0.0625191360075023,-0.0869057360977474
"19089",-1.63705769666309,0.0647723258925033,-0.0878990297256463
"19090",-1.66540363595457,0.0733082057040215,-0.0911586812763821
"19091",-1.67952817690618,-0.00480371272846823,-0.0356902799126371
"19092",-1.66579435486058,0.0627275167950894,-0.0872630642279029
"19093",-1.65042874784357,0.0470316120380682,-0.0758457636290799
"19094",-1.67273664841778,-0.00782579329768621,-0.0343874134116497
"19095",-1.64496836300872,0.0583520939738433,-0.085129938397346
"19096",-1.64484713098982,0.044982104530667,-0.0753883231988157
"19097",-1.6247683206472,0.0348274929970847,-0.0652003463274584
"19098",-1.65375688836348,0.0732913434616284,-0.0917692515673817
"19099",-1.61987573034397,0.0707402327827168,-0.0905136670852728
"19100",-1.57501520504384,-0.0192621215818822,-0.0181934050358329
"19101",-1.59413538528966,0.0218306131977181,-0.0516304971596107
"19102",-1.63826213045164,0.0597744995807911,-0.0871577015375249
"19103",-1.64192978028597,0.0591473972087738,-0.0869249212292618
"19104",-1.60159914424728,0.00791891075115423,-0.0387704999532964
"19105",-1.62879485543841,0.00970593080370738,-0.0439521793841328
"19106",-1.59227404026014,-0.0341924407357575,-0.00819051225046176
"19107",-1.52959592106891,0.0322981057374241,-0.0497747339452584
"19108",-1.51562032911138,0.0512079882558731,-0.0672204971814484
"19109",-1.56585831462782,0.0136694666357908,-0.0396562629524025
"19110",-1.55353575874482,0.0366956174266507,-0.0548569016026731
"19111",-1.56404333118604,0.0842714630443338,-0.0884661183312144
"19112",-1.52677971225223,0.0511030276840404,-0.0657742997625109
"19113",-1.53056971846286,0.0555263604200608,-0.0691847635339011
"19114",-1.64010336240835,0.11906889516062,-0.125520318248547
"19115",-1.67154547371267,0.0787938940060377,-0.0975687094819899
"19116",-1.68415399062435,0.0404520346590744,-0.0736074722730327
"19117",-1.72906468521352,-0.0132582644351825,-0.0331294552791549
"19118",-1.68815768266024,0.0863248736375718,-0.106166312518572
"19119",-1.66632312911703,0.0532927897169106,-0.0805191640199056
"19120",-1.63284660376643,0.00573399299122098,-0.0382410918144499
"19121",-1.5874840122586,-0.0190284943363717,-0.0175372827252107
"19122",-1.51819024507051,0.046678201113217,-0.0610855462617335
"19123",-1.46395985500951,0.0610364923046369,-0.0714201614542511
"19124",-1.50019101335123,0.119138435653052,-0.11428193178342
"19125",-1.50066152807791,0.0648804450086881,-0.0740427155725769
"19126",-1.46778456767917,0.0277828750562822,-0.0460548687204332
"19127",-1.47673140981507,0.0257063972634777,-0.0464275140352965
"19128",-1.49778387416288,0.0226231249333798,-0.0447740250855118
"19129",-1.52870534757719,0.0764430318895284,-0.08564389744197
"19130",-1.54297337800076,0.0355729827141749,-0.0580777252796942
"19131",-1.50564710725072,0.0195835610015731,-0.0433194206384556
"19132",-1.54799871691297,0.0538450088367477,-0.0765151400737943
"19133",-1.54807922639524,0.052146713996844,-0.0741119888366456
"19134",-1.59555231695566,0.0875577471478358,-0.104801355730175
"19135",-1.62381600732945,0.0553651245704288,-0.0763617212745381
"19136",-1.66793075108958,0.0497787954318872,-0.0744113356315969
"19137",-1.70970686088111,0.0167028924822419,-0.0510759098505184
"19138",-1.70817890282908,0.0269545889393021,-0.0621270739899593
"19139",-1.66219560153478,0.0673675245451216,-0.0905306728786912
"19140",-1.54893419636519,-0.0293435654430962,-0.0101278025143195
"19141",-1.51885845112838,0.0221825731276717,-0.0426716964788952
"19142",-1.52377808394482,0.0193344689058366,-0.0424444191194399
"19143",-1.54834713764129,0.0899175210999937,-0.0913576199818385
"19144",-1.53190479976778,0.0463662648642876,-0.0614453723967257
"19145",-1.55154396733803,0.0182826647258543,-0.0442090442701189
"19146",-1.58608826566521,0.10303988960663,-0.111322248961514
"19147",-1.59335045417372,0.0757809021084639,-0.0939448681189029
"19148",-1.59435168466288,0.0617959559060121,-0.0845714773278584
"19149",-1.61095222211528,0.0401813423676788,-0.068875658028659
"19150",-1.58511666943748,-0.00775438927712107,-0.0268130539362462
"19151",-1.52586804324998,0.0549401837108859,-0.0703054087092817
"19152",-1.54250535523471,0.129795447451027,-0.121143190432932
"19153",-1.55286903170367,0.0973909819302115,-0.0963234850644904
"19154",-1.55367867097551,0.0599478639947641,-0.0709034632924896
"19155",-1.5191151439159,0.0586511796055858,-0.0689974327854258
"19156",-1.51894195089806,0.0739477384420529,-0.0834726529309556
"19157",-1.56080407744045,0.0426601121080351,-0.0707491184060288
"19158",-1.58303794515055,0.0508949213176717,-0.0745365507512429
"19159",-1.61724945970862,-0.00241151983101801,-0.0356248572078794
"19160",-1.6384813186592,0.0248375007805311,-0.0555742415561545
"19161",-1.64872214042001,0.025137210277803,-0.0590354308716735
"19162",-1.59434684219146,0.032977480265612,-0.0606367223139909
"19163",-1.60819763206967,0.0373444106627015,-0.0694596922137494
"19164",-1.62751477328254,0.0287511377993993,-0.0616669305157635
"19165",-1.63212514585087,0.0499069384027792,-0.0733034068112679
"19166",-1.59866948959907,0.173154116555802,-0.155832624462549
"19167",-1.56428302639305,0.153509137908041,-0.139392177444143
"19168",-1.53352471124426,0.126798413400707,-0.120190893005702
"19169",-1.53565802201394,0.0535084157214522,-0.0702528279304912
"19170",-1.51876027334138,0.0303636917531486,-0.057867282885162
"19171",-1.56426494580314,0.0182903365338512,-0.0473629285193711
"19172",-1.68174466306832,0.222116675161417,-0.186364851827715
"19173",-1.74589701617962,0.249496639063114,-0.208289472014586
"19174",-1.69190773555165,0.0950808421173116,-0.102693327092001
"19175",-1.62796557433712,0.0995434147406108,-0.112864123885824
"19176",-1.60664041972001,0.0661416120103491,-0.0850950076477765
"19177",-1.37784582095358,0.0734962315494856,-0.0775423689741978
"19178",-1.35957426571529,0.0987646832485017,-0.090976294052767
"19179",-1.38885019630837,0.0574565399417059,-0.062591749021977
"19180",-1.53745384418159,0.103921625850102,-0.107314438725839
"19181",-1.52614701930685,0.0427288996389651,-0.0661566711973144
"19182",-1.55336522831437,0.0724149935055214,-0.086291086518676
"19183",-1.59766096963599,0.0502764246945004,-0.0704769053891081
"19184",-1.59410140489685,0.0367623407033626,-0.0617592853656886
"19185",-1.59718021017933,0.030877895022242,-0.0615339736250887
"19186",-1.52893817522453,0.0190984702942477,-0.0422580102532795
"19187",-1.49897386806564,0.0202462919707241,-0.0433284607241713
"19188",-1.52292371092887,0.070027933630569,-0.0833997775634691
"19189",-1.55664734272991,0.0737955501294169,-0.0908177659241027
"19190",-1.58355852248542,0.0314111942209807,-0.0609750057912534
"19191",-1.56443921960371,0.0751246397092497,-0.0873795126701745
"19192",-1.54882434316453,0.0451893777988798,-0.0692778517897652
"19193",-1.52726225560621,0.0476323988729984,-0.0696699305109943
"19194",-1.50539545812009,0.0471113154272681,-0.0652653624867641
"19195",-1.5075194294146,0.061724780933534,-0.0753915230467571
"19196",-1.50200184605326,0.0883166042917592,-0.0975701433485815
"19197",-1.53533270275847,0.0524564019911744,-0.0722714402258952
"19198",-1.51747615186547,0.100957163607574,-0.108323700361749
"19199",-1.54340499198599,0.0879409862238567,-0.100310190945766
"19200",-1.55686678808052,0.126855711039784,-0.127671046748086
"19201",-1.58404602352827,0.0810957554861804,-0.0979252904120223
"19202",-1.61494598667511,0.123019183802916,-0.12517286851212
"19203",-1.60058534253957,0.155974028435378,-0.146759082983227
"19204",-1.49680417187402,0.0661350994010078,-0.0759610805284718
"19205",-1.48042747615316,0.062784563762569,-0.0735675280337734
"19206",-1.49318724388753,0.0667634488775841,-0.0770354593394689
"19207",-1.54280586735598,0.0955412070975208,-0.104132644759918
"19208",-1.53022554053334,0.0596047999872044,-0.0771993678605822
"19209",-1.49616558723355,0.0511192589121428,-0.070069475673285
"19210",-1.47618925404071,0.105565529736379,-0.104687515920441
"19211",-1.51058321807642,0.117695641462835,-0.115692612377562
"19212",-1.53471914199354,0.129775171762456,-0.129060205539708
"19213",-1.53064182620718,0.113128931591103,-0.11584225997184
"19214",-1.53551177401233,0.0677562514986484,-0.0861563761638117
"19215",-1.51081080928749,0.0522793663893521,-0.0655989911768672
"19216",-1.53730640896561,0.0361023686365803,-0.0614862431744575
"19217",-1.53428958214305,0.0630038518329769,-0.0796246597241263
"19218",-1.56287531921167,0.00289917854866551,-0.0367466622798507
"19219",-1.55104684139242,0.0360071739525909,-0.0629442435834815
"19220",-1.58128875792577,0.026745165046538,-0.0546394547742399
"19221",-1.51171119025108,0.0441026647702283,-0.0616702330883378
"19222",-1.53579760535363,0.117010062984319,-0.114082798384491
"19223",-1.54382726491949,0.0151917112830364,-0.0417150182310436
"19224",-1.54454375784685,0.0145279308660383,-0.0412489883065379
"19225",-1.48522982450411,-0.0221040691012556,-0.0132782501443052
"19226",-1.43367333297113,0.0455578815324178,-0.0576197281872629
"19227",-1.44141835156756,0.0465409297561908,-0.0590071107229392
"19228",-1.46348327425957,0.0617189174333901,-0.0751296199709296
"19229",-1.51775887300652,0.0232907586062461,-0.0494468352950337
"19230",-1.56136406436573,0.149930465094959,-0.139448264630937
"19231",-1.52176048999834,0.15433195742032,-0.144997720490583
"19232",-1.51494561948661,0.0976932724575319,-0.100416982320719
"19233",-1.51863385353907,0.138485743641811,-0.12911802895997
"19234",-1.53731684563288,0.165984888827166,-0.152469816065348
"19235",-1.46096158922636,0.103771575631176,-0.103139785596183
"19236",-1.49459863885901,0.10225182068635,-0.104789814168309
"19237",-1.50670729059158,0.104707134546833,-0.105314674283907
"19238",-1.50719709225062,0.161397359246274,-0.148606237254486
"19239",-1.47751403091691,0.117831146008332,-0.117281230223539
"19240",-1.51889860777429,0.152344267709404,-0.140334630007604
"19241",-1.55407482879393,0.145771645522077,-0.131790889293778
"19242",-1.56011961367807,0.125440652868934,-0.117685935606474
"19243",-1.54675957162918,0.173912454159882,-0.157945210100645
"19244",-1.50655397352393,0.0710149440706196,-0.0803998362487203
"19245",-1.56430003841137,0.125397510984054,-0.117143969472631
"19246",-1.62782269500393,0.116058322016613,-0.111212249924033
"19247",-1.60724424766837,0.107274144907801,-0.107623854745724
"19248",-1.56159668271436,0.10732493743944,-0.106645629350633
"19249",-1.57000775280474,0.0887870112223018,-0.0945037591854843
"19250",-1.56079402957315,0.0737750021876556,-0.0885728119615018
"19251",-1.50599044591287,0.0709394952279056,-0.0827835829341692
"19252",-1.4379272043307,0.0519376054526625,-0.0643622751241914
"19253",-1.39887924990127,0.0322892583899279,-0.0486702167314105
"19254",-1.41543294953936,0.0571802099673402,-0.0688628343693058
"19255",-1.45132803966699,0.0698960189358818,-0.0775398705022196
"19256",-1.43777211530793,0.0453968319094094,-0.0600740653353725
"19257",-1.42366257799275,0.0800549410652401,-0.0811973731090492
"19258",-1.49409436460625,0.0773813951857723,-0.0907052574486523
"19259",-1.46745729621572,0.0414071494958176,-0.0583366635859288
"19260",-1.43658892362048,0.0278544237433984,-0.0472963922271711
"19261",-1.49228175707656,0.069587039523724,-0.0837974774414187
"19262",-1.47986985364592,0.0593235123458741,-0.0754554206839287
"19263",-1.43999487313948,0.0701956593723716,-0.0767879833025091
"19264",-1.42438851453606,0.0404690938199117,-0.0550847307644653
"19265",-1.4097427571172,0.0320553650587518,-0.0463807774482956
"19266",-1.45009356358745,0.0432513546352362,-0.0570076317223842
"19267",-1.44558884164706,0.0288459079661316,-0.0467408398570844
"19268",-1.46198380899733,0.0250720261529869,-0.0459836357982459
"19269",-1.5250649696717,0.050796484216265,-0.0727855184906376
"19270",-1.50310007213243,0.0388628608967173,-0.0585736410915971
"19271",-1.56340602273121,0.0488372865392927,-0.0755661031076216
"19272",-1.53333632455342,0.0417162556404548,-0.063620820229181
"19273",-1.5803253711636,0.0901036320114131,-0.103989188340094
"19274",-1.52125138900216,-0.00660808354858074,-0.0250622414108207
"19275",-1.45768518195513,0.045092097642511,-0.055353412617204
"19276",-1.44456899273667,-0.00260333223492036,-0.025427203900949
"19277",-1.4093095370027,0.00640807352476433,-0.0292350498230057
"19278",-1.42813719212369,0.101354188029515,-0.094504282071635
"19279",-1.50683302315312,0.071848692140972,-0.0801696964332528
"19280",-1.49837046265549,0.0365058687156887,-0.0600794319270042
"19281",-1.51594468525105,0.00766666928054797,-0.0384968529961418
"19282",-1.51890033786212,0.0391613491997161,-0.0649320098448361
"19283",-1.54517506206396,0.0292105132289188,-0.0534338905127137
"19284",-1.50327120044666,0.0716560368283879,-0.0871990352577761
"19285",-1.51911998736639,0.0914698891239877,-0.100887727804333
"19286",-1.42023008628655,-0.0149257226510751,-0.016401988475619
"19287",-1.45519359750269,0.0520150899866836,-0.0657579024473838
"19288",-1.44682369148601,0.0369943002983196,-0.0545459100137721
"19289",-1.41306888142541,0.0405653138081593,-0.0570798306183326
"19290",-1.43416173230852,0.07606927490129,-0.0831384560253533
"19291",-1.41311961182022,0.0963096796959678,-0.096464098317737
"19292",-1.42753316327012,0.0527068284405745,-0.0672843448067113
"19293",-1.42419283161857,0.121956205269244,-0.115063513514442
"19294",-1.40915152802342,0.0912727647990431,-0.0909514906678207
"19295",-1.45317608984087,0.0772024034002934,-0.0876304933894583
"19296",-1.46332725037472,0.0877347113433884,-0.0928511401379798
"19297",-1.46171086970551,0.048968105386902,-0.0668357208992423
"19298",-1.46076371565242,0.0403293636977804,-0.0610164977161061
"19299",-1.46128031812732,0.0742023958015368,-0.082891599467535
"19300",-1.41513740870597,0.0743992967167427,-0.0786965766186088
"19301",-1.35692858420401,0.0408114966525096,-0.0527473049429429
"19302",-1.34785005718251,0.0288061877150946,-0.0444731813354878
"19303",-1.3837195942002,0.0440283370352558,-0.0558460856346372
"19304",-1.36178884628823,0.037610848767702,-0.0474336354846442
"19305",-1.38069456415561,0.0567125869648367,-0.0604260216639694
"19306",-1.39419438189165,0.0487284816535503,-0.0557046796646862
"19307",-1.38122684897904,0.0791793336519244,-0.0794316455158136
"19308",-1.36684063285078,0.0429153800610494,-0.0515083706973861
"19309",-1.36568568449874,0.0508943310178452,-0.0570352322638232
"19310",-1.35540842761287,0.0886094305244403,-0.0864974247615556
"19311",-1.35165826273401,0.0973980590265322,-0.0904801451367537
"19312",-1.42899611645131,0.0731110459329684,-0.0760331251582697
"19313",-1.42445729066572,0.0804494449552882,-0.0815101116214242
"19314",-1.41727909810298,0.0656824962692542,-0.0717245854595424
"19315",-1.35885528063702,0.0839601865086752,-0.077170289006327
"19316",-1.32930027773359,0.0782659677559092,-0.0773202954438268
"19317",-1.26513752918005,0.113730749872816,-0.0863374067494765
"19318",-1.31500443401177,0.135089431031459,-0.111661268723558
"19319",-1.32880552067579,0.00515223512561751,-0.0257431751343127
"19320",-1.36046371490081,0.000598199743414486,-0.0240637046271937
"19321",-1.33566100514979,0.0244195213372111,-0.0378334403527445
"19322",-1.39943878995876,0.100460482555661,-0.0969687655889996
"19323",-1.46460003085537,0.012731009130301,-0.0415704558303181
"19324",-1.48134780978649,0.036390637587391,-0.0563959035367423
"19325",-1.53049189561993,0.0627811853055174,-0.074781268411043
"19326",-1.5308075061686,0.0377448219560584,-0.0584379533632112
"19327",-1.51954992307573,0.0410225172045776,-0.064932043945906
"19328",-1.48288895645279,0.0704599802884885,-0.0828819545979056
"19329",-1.47269153952303,0.0572103655858663,-0.0744427877026118
"19330",-1.42454686095372,0.0551506993566896,-0.0654497100176168
"19331",-1.39102731487229,0.0281817773435712,-0.045165384924046
"19332",-1.37062476367007,0.0306754260842391,-0.0463341895216449
"19333",-1.3440567121673,0.0332303042180911,-0.045330478899583
"19334",-1.33376053032572,0.0523211860904991,-0.0582027093922476
"19335",-1.3772663314275,0.102186508911721,-0.0940316401631499
"19336",-1.32415019526085,0.0706916522229846,-0.0677399774372982
"19337",-1.31545539398944,0.0581959790075001,-0.0591061505086095
"19338",-1.30957230310303,0.0724429177636133,-0.0683100462041384
"19339",-1.35538906944632,0.127048287957769,-0.103993495069498
"19340",-1.39912299838441,0.0867770129636295,-0.0844080250797135
"19341",-1.38799243006449,0.118644019030345,-0.101346228343881
"19342",-1.35296004916136,0.167585129444422,-0.130560380907872
"19343",-1.41661102045237,0.0428718703809087,-0.0539940640383379
"19344",-1.45112333501176,0.0757810750946599,-0.0814249265191345
"19345",-1.50662883331395,0.0437218854443862,-0.0655104581230227
"19346",-1.48048137656219,0.0621369588544743,-0.0735827877606645
"19347",-1.43320228000891,0.0246894044744513,-0.0448215452962364
"19348",-1.39500345003712,0.000701341974194842,-0.0239001731426366
"19349",-1.3414280429587,0.082970457389184,-0.078990444784492
"19350",-1.33845356913449,0.0967270009472452,-0.0878124811113434
"19351",-1.2946724613454,0.0836304147232313,-0.0699964664357217
"19352",-1.30544311545987,0.114995549608461,-0.0953726506967791
"19353",-1.32946510585455,0.0327206652294101,-0.0439328013229863
"19354",-1.32873194930648,0.0235355617767894,-0.0377458310724507
"19355",-1.34490353078398,0.0167654854671348,-0.0367895524684322
"19356",-1.40346428543575,0.111448350688037,-0.103421126910131
"19357",-1.37244701639921,-0.0101132890330414,-0.017767597573961
"19358",-1.3300049599739,0.0320551221085823,-0.043095570773756
"19359",-1.34072331275501,0.02367974431734,-0.0378059306377576
"19360",-1.33817536908042,-0.00720200216103873,-0.01822389097644
"19361",-1.37821967135165,0.0790777983143786,-0.0798933647466066
"19362",-1.34459346112179,0.0790137052916511,-0.0760536528487684
"19363",-1.31382062187683,0.108072679905768,-0.0920746304306402
"19364",-1.30695224826439,0.0695908509800925,-0.0660774105007724
"19365",-1.30594515662632,0.0327189343246529,-0.0427639992338774
"19366",-1.31997267937779,0.00481677801665254,-0.0260870979646971
"19367",-1.41059639096018,0.0615057526047496,-0.0688924524699004
"19368",-1.4056277766582,0.0755475576645188,-0.0797207526365762
"19369",-1.39334381930392,0.0587197924135934,-0.0668524709860658
"19370",-1.41005394718125,0.0833284983119339,-0.0860380632906735
"19371",-1.39165974935247,0.0046539722634394,-0.0302922405142296
"19372",-1.39107249924731,0.0709141593753115,-0.0757355749481234
"19373",-1.36045620479874,0.0303870953666992,-0.047003479036274
"19374",-1.38972249147605,0.0271950242257948,-0.0452884968018099
"19375",-1.39644422585742,0.0502525754134304,-0.0614243797744062
"19376",-1.37393662229536,0.0167022030860635,-0.0375781715971546
"19377",-1.3380688715538,0.00413334205955358,-0.0258243267765863
"19378",-1.31304816438565,0.0940560337105815,-0.0863709824702721
"19379",-1.33022318773022,0.0518424062849998,-0.0575403495208395
"19380",-1.3449447421218,0.0789913681211187,-0.0741420594287272
"19381",-1.44605531585817,0.121301572833967,-0.112000950444298
"19382",-1.41091552165936,0.104900839507152,-0.0980973721866606
"19383",-1.43613240893349,0.164426300896044,-0.146694449587965
"19384",-1.43941930124464,0.185342841258814,-0.161740382787907
"19385",-1.44185889092215,0.185508169381452,-0.157955590507391
"19386",-1.43921502110082,0.159695838669829,-0.137694946738457
"19387",-1.40621515444615,0.127109469476119,-0.117844225407107
"19388",-1.41430238111555,0.193073120744458,-0.164203590663362
"19389",-1.42187070983083,0.189455572697125,-0.161405436070833
"19390",-1.4478897821856,0.141376346559483,-0.122073323460714
"19391",-1.49916323722896,0.143983246067362,-0.124671483839159
"19392",-1.46260387836911,0.138763480051252,-0.123920253306758
"19393",-1.44457429193859,0.10828643801175,-0.105070391803683
"19394",-1.45271224713589,0.143816946146561,-0.127772848647292
"19395",-1.43915120076067,0.174663482602985,-0.152253533609151
"19396",-1.44468811689219,0.172425459893681,-0.151602709007242
"19397",-1.48981377778445,0.17290034437183,-0.153058632618412
"19398",-1.38026582636007,0.10730829996958,-0.100315835748529
"19399",-1.33677205142264,0.0936103851618392,-0.0879157770792125
"19400",-1.33751682542371,0.0675775530920981,-0.072524283942341
"19401",-1.35739277048394,0.0151476161583592,-0.0362782442953872
"19402",-1.36325260073612,0.0784390497638677,-0.0816673101381791
"19403",-1.3603635869804,0.106511106259719,-0.100358434757316
"19404",-1.39430296363091,0.110149730851285,-0.107689945659429
"19405",-1.3693145364941,0.0494717261664441,-0.0623133738438577
"19406",-1.39391261974996,0.115859924588572,-0.110155124816015
"19407",-1.37524333742077,0.0550925244592028,-0.066314303127356
"19408",-1.33307836534564,0.0368947734309462,-0.0508562525723781
"19409",-1.34532925889859,0.0140923365986781,-0.0354075940984781
"19410",-1.30941316800699,0.0211576279030561,-0.0387600922834393
"19411",-1.30152778035811,-0.00278133198574913,-0.0209465264043831
"19412",-1.319329600072,0.0473187814039598,-0.0543210639210702
"19413",-1.28669526433486,0.0878645130487882,-0.0778752481844976
"19414",-1.24651191441381,0.0973810168234446,-0.0807471875927967
"19415",-1.24941398070061,0.109421226907982,-0.0850064931712557
"19416",-1.30893254745212,0.178437496981554,-0.139488848916577
"19417",-1.31212105649918,0.0593815323988289,-0.0626574221541809
"19418",-1.36841307091901,0.0443688401529504,-0.0532253227954249
"19419",-1.35584806263591,0.0773887947040167,-0.0757507010431143
"19420",-1.37140506871077,0.0733493913669966,-0.075411289430582
"19421",-1.33626053568612,0.0826683350081171,-0.0790987398691385
"19422",-1.31308785760229,0.0477017514791641,-0.0535073407238464
"19423",-1.37344498834409,0.103654669140006,-0.0977609463538279
"19424",-1.39691148767001,0.0906654613445279,-0.091441691432653
"19425",-1.45062141283134,0.103599601175493,-0.105414827563035
"19426",-1.41898239202654,0.0434847352255419,-0.0605795847656434
"19427",-1.44214067672929,0.116290241137931,-0.115004507579998
"19428",-1.4422167880647,0.11639043441363,-0.113117161331807
"19429",-1.4028217047085,0.0559909389501066,-0.0684214388908481
"19430",-1.377443485537,0.0764932240658382,-0.082708299668185
"19431",-1.32808701413389,0.00811694150226396,-0.0262414366368897
"19432",-1.31740111006316,0.0842132173270162,-0.0834145429561162
"19433",-1.36686960826832,0.0568660111267097,-0.0695318300866754
"19434",-1.38159423178299,0.0855814550631375,-0.0874505614421037
"19435",-1.42000864607531,0.136921073012529,-0.12160813371687
"19436",-1.44148597251717,0.07858545872126,-0.0852467955403868
"19437",-1.3806409975889,0.0881928288357167,-0.088697010976306
"19438",-1.36594952453384,0.0969708100215959,-0.0933435604502076
"19439",-1.40836933329194,0.018433541047332,-0.0434844791182639
"19440",-1.46842816691342,0.145513293786227,-0.130841873711509
"19441",-1.50322681533743,0.142469505571917,-0.126673373668349
"19442",-1.50290660821322,0.176774027824809,-0.152134053097376
"19443",-1.41238931187871,0.135772651624795,-0.122912628326839
"19444",-1.37640405600594,0.102790842818691,-0.0985488036646459
"19445",-1.37546559665506,0.107179507286766,-0.101849419172641
"19446",-1.32382366760804,0.104288807900388,-0.096670360132398
"19447",-1.34807765285061,0.0971437590231937,-0.0925497751055905
"19448",-1.34470363597927,0.0790955579476965,-0.082382495078459
"19449",-1.36464328679073,0.0526625975352013,-0.0644448454369975
"19450",-1.36857154530789,0.10562551567709,-0.0984437575050137
"19451",-1.37099373034658,0.0980171940838768,-0.0938173319269596
"19452",-1.38709895747201,0.0717074039064707,-0.0794181036548276
"19453",-1.38714268908534,0.0672228433722158,-0.0764544440991583
"19454",-1.34046359506735,0.0301212132258431,-0.044131271891039
"19455",-1.3164638834923,0.0383489746333283,-0.0480252724761446
"19456",-1.30118909944842,0.0272429986748608,-0.038678296126524
"19457",-1.27618078355478,0.0628242920048578,-0.0624550024717486
"19458",-1.28779468791595,0.120884514149159,-0.102294697289394
"19459",-1.24680307212975,0.0800141047517852,-0.0682519252170464
"19460",-1.20449154249379,0.0840499089073472,-0.0668709175006711
"19461",-1.24315509362176,0.130574217159444,-0.0990490303999814
"19462",-1.32544810712544,0.0998810228591014,-0.0915302882332683
"19463",-1.31611046345554,0.0317030061134928,-0.046212359101291
"19464",-1.29706528664311,0.0440558729628043,-0.0541916975975158
"19465",-1.28684776724909,0.0721568885909094,-0.0735554762002741
"19466",-1.28472857586976,0.107391206229714,-0.0972062057025412
"19467",-1.31741473118436,0.134341342050183,-0.116156377540413
"19468",-1.28219455846841,0.0337457122278586,-0.0451843656936878
"19469",-1.26491775453344,0.0114587515655753,-0.0294057051419418
"19470",-1.34769890199774,0.0764200049205362,-0.0804999566382377
"19471",-1.35739930468171,0.0956349066309844,-0.0926716439750313
"19472",-1.38525326391626,0.0883349727743486,-0.0889629720525408
"19473",-1.39060668403404,0.111607876456973,-0.107651281271553
"19474",-1.40309193164456,0.147693054717266,-0.13532768697979
"19475",-1.39969242456446,0.128087998720768,-0.116802301609088
"19476",-1.34565507598193,0.0671603420978061,-0.0686463806798387
"19477",-1.37351551834281,0.116837181864661,-0.1030418375131
"19478",-1.45676131172851,0.111467180717677,-0.110131702430384
"19479",-1.42757593008428,0.0624328340766825,-0.0754573650860818
"19480",-1.39906439633251,0.0400045763729461,-0.052491085616666
"19481",-1.35477834324469,0.0590310302341877,-0.0621894588984016
"19482",-1.33292853929733,0.109528790864252,-0.0968348821154028
"19483",-1.29695489775788,0.0680401231205764,-0.0682814582475454
"19484",-1.27192111770911,0.118555273241879,-0.101884300631024
"19485",-1.2666421575222,0.0612277700638072,-0.0646150090217158
"19486",-1.33797253663616,0.0688085937701269,-0.0695857380717976
"19487",-1.43272134399103,0.129078042168282,-0.11730914466311
"19488",-1.45508661363583,0.132648283264216,-0.120037571718296
"19489",-1.50466540770268,0.133046257982575,-0.11869802245611
"19490",-1.42827286042538,0.243486397566681,-0.194215261639538
"19491",-1.31528260943219,0.113755078940049,-0.0987818575284122
"19492",-1.32515598269878,0.0653261685206248,-0.0707429584282169
"19493",-1.31378593051327,0.0841587318788912,-0.0825466453279828
"19494",-1.25605299584076,0.0244151974248232,-0.0397485343019979
"19495",-1.20486362753659,0.0208593952170081,-0.0314518190642744
"19496",-1.21094403167683,0.0129917922185008,-0.0291226712030186
"19497",-1.28116176897968,0.0231432847995115,-0.0389413978506054
"19498",-1.31621380758397,0.0339108857394926,-0.0479810651192769
"19499",-1.3664905396619,0.0358298338861424,-0.0524516701204956
"19500",-1.37137254912137,0.0501059068051276,-0.0592045444224086
"19501",-1.43142250373413,0.124220859858278,-0.118858759215675
"19502",-1.41356534589292,0.102475848350873,-0.100763395382644
"19503",-1.32329948609282,0.00794890131499489,-0.0266217968019543
"19504",-1.32867527948108,0.0825180742708768,-0.0841159804369649
"19505",-1.33000122000678,0.054379982030711,-0.0641037981993528
"19506",-1.30206443050401,0.0192407652568293,-0.0379760415763622
"19507",-1.25416447071427,0.00251771535268422,-0.0231521314615879
"19508",-1.2592340376526,0.0265874593591874,-0.0403158946275824
"19509",-1.29584309776746,0.0690103308510231,-0.0689326020434252
"19510",-1.26336960917884,0.0151068765308038,-0.029975725844017
"19511",-1.21002589476381,0.00721838301352553,-0.0245080614149796
"19512",-1.19971660118318,0.0468023836049764,-0.0484902703275756
"19513",-1.22627043851852,0.0422367294226474,-0.0472667875481509
"19514",-1.21104036404759,0.0718275673207454,-0.0663568600993777
"19515",-1.19088147375866,0.0818053239783407,-0.0689170960967223
"19516",-1.20524434360498,0.110636311583483,-0.0928473774943822
"19517",-1.2904250464643,0.0750454200439165,-0.071807036250736
"19518",-1.32460426857647,0.0608217176109635,-0.0692800389038588
"19519",-1.37821067394323,0.137232488431573,-0.117216945221433
"19520",-1.41490598954665,0.160595731643787,-0.133019434582105
"19521",-1.41364630087975,0.160057875209853,-0.134651494533547
"19522",-1.44045742401901,0.175296135478349,-0.142446704568085
"19523",-1.42728367543354,0.154529486365806,-0.128537177001462
"19524",-1.38846767918378,0.113478002523782,-0.104020130321902
"19525",-1.38957208872293,0.114883233306525,-0.10601553319553
"19526",-1.34371613573806,0.172089354250349,-0.141525288124296
"19527",-1.31448348858062,0.133419218470089,-0.11267170954999
"19528",-1.29552030670836,0.150187192164403,-0.124132938491341
"19529",-1.27617345602459,0.0817137730236454,-0.0806113716089731
"19530",-1.27568005689894,0.0610978928622105,-0.0670898166854547
"19531",-1.22288922365976,0.0649543435982895,-0.0633884337204379
"19532",-1.20012183742584,0.0906346899948079,-0.0779271428504147
"19533",-1.1747131097168,0.0918696853426691,-0.0808775421933545
"19534",-1.23507673586756,0.110552415879794,-0.0978728096271135
"19535",-1.21914541925336,0.114762649183704,-0.0975790164589702
"19536",-1.20642571161555,0.10535459925908,-0.0882879958174311
"19537",-1.20427588277122,0.0812938938685293,-0.0770363777742266
"19538",-1.18878906258224,0.0598179200257378,-0.0584073735654953
"19539",-1.17200627227742,0.012322730890965,-0.0284401106560324
"19540",-1.20587081546864,0.113736732937626,-0.0983300905241939
"19541",-1.22803257833349,0.025226047267329,-0.0364869715639441
"19542",-1.24591500521508,0.0541324900971432,-0.0563162076687421
"19543",-1.25679058339247,0.131848256490981,-0.106377292657194
"19544",-1.24719088530869,0.102460587624081,-0.0919093186450907
"19545",-1.24763214532493,0.0992144907486136,-0.088754613536731
"19546",-1.24276708028843,0.103520534147018,-0.0907049754600478
"19547",-1.28584950060693,0.0745179798923747,-0.076189047067981
"19548",-1.259900005004,0.031226504005559,-0.0444027568700498
"19549",-1.2055309040864,0.0447406438398627,-0.0439358123571424
"19550",-1.19382923242057,0.0759599796473692,-0.0681622568413042
"19551",-1.20792653566191,0.0348314281900906,-0.044717377741521
"19552",-1.22092281964032,0.0993892033824884,-0.0892942011491859
"19553",-1.22802901489504,0.117932938832408,-0.101217060721345
"19554",-1.22327283039296,0.0474675499614624,-0.0518281401389517
"19555",-1.25243673550374,0.0536563979517402,-0.0591547344361798
"19556",-1.26761962064129,0.0743446853641664,-0.0724426601759262
"19557",-1.32559398014196,0.108288872083414,-0.0970238293409054
"19558",-1.33228473947719,0.0773786867772167,-0.0744625224214797
"19559",-1.31470431609903,0.125566428372536,-0.104198884083796
"19560",-1.33579149926776,0.0980910511434507,-0.0903174551376321
"19561",-1.29002661225489,0.114938843942658,-0.0998682934910197
"19562",-1.21462377396331,0.110791979431901,-0.0848574198653546
"19563",-1.22046242952237,0.0472133355271822,-0.0488583683405627
"19564",-1.21132837320881,0.00771706601425903,-0.0261246860740411
"19565",-1.23264709917617,0.0975053492930474,-0.0858645961208356
"19566",-1.24361290745851,0.0693351039433944,-0.0658358556432762
"19567",-1.24826191851244,0.115995734994471,-0.0996307225153601
"19568",-1.18783759381176,0.0392460754768417,-0.0419827975372768
"19569",-1.16779606954845,0.0378001588444586,-0.0412455344601461
"19570",-1.16052906671056,0.051758121554892,-0.0503725510010505
"19571",-1.22234692146847,0.192688707985217,-0.1486177018972
"19572",-1.21269924574575,0.0305770561126038,-0.0398114737034371
"19573",-1.25493673193858,0.151229936789893,-0.12235821368901
"19574",-1.30782699521446,0.0649606830856377,-0.0708784140013618
"19575",-1.32881839454069,0.0181889622723738,-0.0372594447160052
"19576",-1.33191161458475,0.12092050599299,-0.108519125058683
"19577",-1.44173762977726,0.194155393902172,-0.160031422959806
"19578",-1.3236542936527,0.122336977074165,-0.102821400487572
"19579",-1.24068884090222,0.0339892535089737,-0.0404205319779138
"19580",-1.19292717745367,0.0872435796914064,-0.072419012345336
"19581",-1.10576900738399,0.122391087461421,-0.0830211046006382
"19582",-1.10960778014007,0.0851763622010769,-0.0632770814355143
"19583",-1.13312184922323,0.0929399160895409,-0.0711832093198047
"19584",-1.163458239584,0.0850859540306344,-0.0703575112144652
"19585",-1.32492258242744,0.105324995391888,-0.0969042656442091
"19586",-1.28118778330822,0.0838677402662127,-0.0769072398832427
"19587",-1.26029565765483,0.0667947561286711,-0.0673318025663337
"19588",-1.26073007591034,0.0610487690912148,-0.0633954753768122
"19589",-1.30151575969805,0.0482884260862185,-0.0581335311240541
"19590",-1.33714778454844,0.104948544654632,-0.0966429203186704
"19591",-1.22335462085642,0.0680717606588752,-0.0619380290284773
"19592",-1.17709412989975,0.115448503474222,-0.0907876044604334
"19593",-1.17604663718978,0.113915748627147,-0.0902610697643063
"19594",-1.16140024941456,0.0626361261206396,-0.0571969726608749
"19595",-1.10993085048833,0.103939343622145,-0.0774916814544436
"19596",-1.0902947025478,0.19032995628427,-0.128881444292846
"19597",-1.15529659295696,0.099188110203527,-0.0793056873695476
"19598",-1.16940942972265,0.0560653365847356,-0.0542769341806424
"19599",-1.17209272974273,0.01962671188603,-0.0311287747388701
"19600",-1.17131110150864,0.0377122982445766,-0.0408188429978658
"19601",-1.21082710285826,0.158706179851203,-0.124619051312724
"19602",-1.21053259647531,0.0809188963673624,-0.0749554225428449
"19603",-1.18891671084158,0.120495014156208,-0.100317146788309
"19604",-1.20812461700076,0.0973673395678792,-0.0880330130184711
"19605",-1.19665319849694,0.101344058550295,-0.0884978032080426
"19606",-1.18064396033907,0.0908834508209728,-0.0741111054751917
"19607",-1.18476397057593,0.0421902834766638,-0.0466193348751021
"19608",-1.22143592347245,0.161485258703508,-0.127014967593131
"19609",-1.2441994733957,0.076934214512076,-0.0763880771762868
"19610",-1.19925578139848,0.0497240411165046,-0.0495351930202819
"19611",-1.15771695538051,0.0609144079166241,-0.0555672892149451
"19612",-1.13402704411902,0.10568522724364,-0.0787936327895341
"19613",-1.11894018488403,0.067120884416655,-0.0582164264742214
"19614",-1.14348811315684,0.0874379713044875,-0.0739607123134067
"19615",-1.16717230900495,0.0958673688849472,-0.0818745424913131
"19616",-1.24289835800593,0.179876771945369,-0.139789971592706
"19617",-1.24490584324336,0.0973288057982211,-0.0888962671328932
"19618",-1.23712898801217,0.0944948794895602,-0.0871987409193648
"19619",-1.17503665664499,0.085055033993687,-0.0775812577658751
"19620",-1.15102621829686,0.0464640303695799,-0.048550031692856
"19621",-1.17777437511973,0.0768039934876702,-0.0715551005036024
"19622",-1.20439657634344,0.0862828279026461,-0.0801757002575282
"19623",-1.19460144650284,0.0770573779940277,-0.0718464618692231
"19624",-1.22483143599565,0.102411064444046,-0.0914379933658972
"19625",-1.26582639942992,0.0905225591978511,-0.0853500189104359
"19626",-1.19703543993107,0.115690106121572,-0.0864303018138149
"19627",-1.12576358010381,0.0427183589135355,-0.0430921226135701
"19628",-1.13056868578685,0.0164896838753173,-0.0297198791421969
"19629",-1.18451370048237,0.0658443428989674,-0.0615855018626689
"19630",-1.26175132128273,0.0669232295626855,-0.0694690461940396
"19631",-1.23252677701071,0.0889861302176912,-0.0792641668855243
"19632",-1.2144359595869,0.0624490612836187,-0.0602017058247611
"19633",-1.2111261650753,0.0839781650244488,-0.0752329976683582
"19634",-1.20735526888951,0.140177104279799,-0.112887731065886
"19635",-1.21758412942305,0.0796464584263503,-0.07223046782812
"19636",-1.06371218487445,0.176818805657693,-0.120255220948128
"19637",-1.07710473024515,0.0670594629236357,-0.0557389435523443
"19638",-1.09416753586157,0.103240840248887,-0.0852433049957449
"19639",-1.14679309711638,0.0751689455066824,-0.0700534798126956
"19640",-1.02938836498036,0.0628514478644904,-0.0532506004974672
"19641",-1.10347541776625,0.0367701739286724,-0.0384075244430001
"19642",-1.13239715014989,0.0664043101422249,-0.0577384802911266
"19643",-1.13843025293176,0.0933415954357041,-0.0731376470694308
"19644",-1.21311054657474,0.233560391870754,-0.168897102758256
"19645",-1.31848777256216,0.178012875621214,-0.13961892671868
"19646",-1.29551363081758,0.128107639857375,-0.105335637579697
"19647",-1.34536422046981,0.139563263731531,-0.115817641482975
"19648",-1.29828959398163,0.171485710988871,-0.137419421053489
"19649",-1.22132437084214,0.0890986175872162,-0.0789437850284971
"19650",-1.22302304604476,0.0657988139656814,-0.067179935243268
"19651",-1.17541323349684,0.0620883815369225,-0.0598293812899859
"19652",-1.10668812335921,0.0808853241129602,-0.0644914182015976
"19653",-1.11209380975347,0.0298446989301803,-0.032909814982443
"19654",-1.0644127548025,0.120767169752986,-0.0866988302599786
"19655",-1.16923277136751,0.0923483970935024,-0.0761833886138898
"19656",-1.23247886916955,0.140098492797002,-0.111304022219285
"19657",-1.16112927640245,0.127494098098573,-0.103299545715325
"19658",-1.14237178265213,0.145679629030982,-0.108087576210146
"19659",-1.13170089718188,0.0777245909157241,-0.0676611629403886
"19660",-1.18387797807237,0.0892471205654892,-0.0810543454530578
"19661",-1.22064731875863,0.0564728132346888,-0.0570323150145945
"19662",-1.23238825385999,0.0347609591890875,-0.0431723746882007
"19663",-1.20150803998139,0.115024943261347,-0.0980893189302165
"19664",-1.18650189435906,0.0449746742581022,-0.0488798008964386
"19665",-1.18172741405158,0.0463242629123147,-0.0473231093504587
"19666",-1.16076108903208,0.0241964408767518,-0.0309976911363034
"19667",-1.12840495572312,0.065169246410041,-0.0559114767069023
"19668",-1.13918997212597,0.0442542973700345,-0.0437681906463568
"19669",-1.08451477540287,0.0693967618624272,-0.0557493791722476
"19670",-1.13403704289659,0.118590102813123,-0.0953711170991564
"19671",-1.14846548454305,0.0803154624387792,-0.0681351642066771
"19672",-1.16679103224247,0.0732386764194714,-0.0635855411533749
"19673",-1.21212444673828,0.128976000924398,-0.105429389366405
"19674",-1.16904098513911,0.141267364344513,-0.112031822421841
"19675",-1.13267552990876,0.0822982659089292,-0.0727650120199434
"19676",-1.16232302228493,0.129009000410764,-0.104806714690794
"19677",-1.16613939143751,0.0860785182083891,-0.078348258318347
"19678",-1.17634257744236,0.0933327551680338,-0.0804370492953904
"19679",-1.12680819967803,0.0837804294149282,-0.0727323750887745
"19680",-1.16634762089388,0.114680842450972,-0.0903947140748796
"19681",-1.18672200881093,0.029655489745201,-0.0379147414968597
"19682",-1.22831507026422,0.0309006090590013,-0.0415110886129498
"19683",-1.2195562348228,0.0854186172511988,-0.0806592504225934
"19684",-1.22148149314058,0.0569660954663223,-0.0583733270690736
"19685",-1.18143441357012,0.0507175531152153,-0.0504632267921097
"19686",-1.16664682884063,0.0121693152698349,-0.0266746631561578
"19687",-1.11451301911885,0.0699809762203815,-0.064794055787938
"19688",-1.14251566842031,0.0343327290357053,-0.0392348159721602
"19689",-1.15062994600072,0.0510327386636521,-0.0507033037711945
"19690",-1.15373966817128,0.0411427576881941,-0.0434969068140207
"19691",-1.16410224383628,0.117664941319963,-0.0983991624558438
"19692",-1.1882047643029,0.109690537913431,-0.0925996172453472
"19693",-1.17219946794942,0.108352914748657,-0.0903802105166623
"19694",-1.10715431843303,0.064695815131792,-0.0566924563516051
"19695",-1.0679575134112,0.065257362755633,-0.0556197765369033
"19696",-1.07564370292146,0.0652284681814901,-0.0578418029148262
"19697",-1.05735158765336,0.146511721603174,-0.0996861422009743
"19698",-1.09699304177216,0.0478702136346224,-0.0494987027633882
"19699",-1.14034414529282,0.0973650308004594,-0.0837188637983219
"19700",-1.18049062544505,0.0786087646749591,-0.0734932333340668
"19701",-1.21453496975188,0.173514301052719,-0.135377560673986
"19702",-1.20677943228103,0.0723463998922336,-0.0697736338206639
"19703",-1.18586722121142,0.100919533714014,-0.0886188505117263
"19704",-1.15963516580184,0.0401383519782216,-0.0461590417326928
"19705",-1.10892836976006,0.0898613859998111,-0.0752094770911927
"19706",-1.1385411719819,0.0888814505139308,-0.0797658288135476
"19707",-1.17558809895815,0.125281849845168,-0.0992103982520338
"19708",-1.2276525775175,0.143666143264891,-0.116023143540734
"19709",-1.176797310741,0.0714866090829389,-0.0689199018226205
"19710",-1.08552394726905,0.0467097094130634,-0.042859911690573
"19711",-1.06853562725555,0.0348162249637076,-0.0344045834350986
"19712",-1.08802740115833,0.104427865932373,-0.0848529203887232
"19713",-1.17419837919569,0.214062093376807,-0.161532842041386
"19714",-1.20382380736958,0.212186050093144,-0.155921363751524
"19715",-1.17204139939972,0.140281429230163,-0.109931466632664
"19716",-1.14927761652645,0.0779007367482373,-0.0699644501308891
"19717",-1.18539578656576,0.136858299417763,-0.108269222406295
"19718",-1.19222755459178,0.117359845111076,-0.0973915600061819
"19719",-1.17127215265059,0.0843738420442803,-0.0720786001241308
"19720",-1.13779175210877,0.108065683306732,-0.0901384170904388
"19721",-1.17563440183883,0.118543665341272,-0.0973475839526458
"19722",-1.15720444903422,0.124926734898906,-0.0988684878096626
"19723",-1.13443216667978,0.0772886865821479,-0.0678200947624217
"19724",-1.11446772362122,0.0452601492646062,-0.0502263558643988
"19725",-1.12838718365781,0.0805657730927426,-0.0728701456506591
"19726",-1.14201744493928,0.0786793971503856,-0.0667998864401115
"19727",-1.12349893731092,0.0969076534793193,-0.0830891263283382
"19728",-1.14260852941676,0.0946797165367928,-0.0827918488702513
"19729",-1.19318185787831,0.0509502272105095,-0.0517531866591042
"19730",-1.1637898021394,0.109953900079152,-0.0894884036384413
"19731",-1.15639518244758,0.0688243561146112,-0.0629112760288496
"19732",-1.12122439401423,0.0677017911727453,-0.0576371017080932
"19733",-1.15300826942002,0.0857780604729253,-0.0694740343176512
"19734",-1.09003856557161,0.149801320188618,-0.108174352784184
"19735",-1.04529438580968,0.146502071974973,-0.0920993329024376
"19736",-1.04805322381862,0.111279981852247,-0.0775313523483108
"19737",-1.0463254689469,0.140125096591058,-0.0941592494110885
"19738",-1.05617717928724,0.0527260239417629,-0.0518791816197182
"19739",-1.12927402902736,0.119651032690125,-0.0934908134572899
"19740",-1.1708088579681,0.136774032687533,-0.109150854279409
"19741",-1.18249265563351,0.173620174847182,-0.134359499775707
"19742",-1.17207304803714,0.182836617221366,-0.139625390602546
"19743",-1.10146934565428,0.0627273778041087,-0.0576825309210135
"19744",-1.04210482658676,0.0698698897272347,-0.0622940949392128
"19745",-1.01661391133563,0.0727651624742566,-0.0630363634074983
"19746",-1.10053961186649,0.0943983299649022,-0.0768446255397615
"19747",-1.12229742669747,0.110473846537272,-0.089097396305105
"19748",-1.10021190842967,0.0686698128595527,-0.0571714898809694
"19749",-1.08579385580479,0.0912661031015304,-0.0703141199302833
"19750",-1.11659591591661,0.0868912247137096,-0.0686398947495722
"19751",-1.11319664131936,0.132113097044651,-0.103241264366083
"19752",-1.09426085539999,0.119671941510968,-0.0920306781146285
"19753",-1.08656845643224,0.0834019247252299,-0.0691674464702093
"19754",-1.08911810959151,0.0479442354817068,-0.045765387787475
"19755",-1.0863012909236,0.0184854863673031,-0.0279133482320669
"19756",-1.06811435561423,0.0479037852061724,-0.0448460013680399
"19757",-1.09773244740058,0.134456899023449,-0.101220187262855
"19758",-1.04415910680461,0.023018210522021,-0.0292753455386981
"19759",-1.0547344165194,0.0858176768561813,-0.069612371481661
"19760",-1.09153354011017,0.0987753313433731,-0.0780423039202409
"19761",-1.11813688859105,0.155770184862886,-0.115790468244718
"19762",-1.0611437552104,0.0887842465021235,-0.0679248680768385
"19763",-1.01749380545431,0.159457038418627,-0.108871627127595
"19764",-1.02606751507761,0.180723517705436,-0.119580308066503
"19765",-1.01323775721687,0.155904238226662,-0.103549898717047
"19766",-1.02179006006103,0.151106929795828,-0.100937777229805
"19767",-1.01096204145148,0.133630903746155,-0.082836020852271
"19768",-1.00922936268878,0.185631634133294,-0.122190675513023
"19769",-0.988887786543803,0.142392558954418,-0.0931386122922978
"19770",-0.9509969624401,0.207432403105007,-0.124653782870525
"19771",-1.00153369133499,0.1155896782541,-0.0794795035291514
"19772",-1.07112469930539,0.0752082896686262,-0.0646881582437065
"19773",-1.10474204513243,0.115137587437529,-0.0925332296525516
"19774",-1.17241347505623,0.210283962408931,-0.155745399158489
"19775",-1.16804054748891,0.152824669802885,-0.118739327806209
"19776",-1.09394278541309,0.0924118285476501,-0.0781212590660853
"19777",-1.02818033938308,0.038942676365868,-0.0351588683358628
"19778",-1.04826654430723,0.120457771750461,-0.0942415223054234
"19779",-1.1590720084116,0.16871528691106,-0.125813290008351
"19780",-1.17035343091291,0.222600958406348,-0.160072168737565
"19781",-1.17015761226533,0.199043495789089,-0.144614738671471
"19782",-1.14893898918536,0.150993808678817,-0.114931908086599
"19783",-1.156191918445,0.192149095457889,-0.139792850205805
"19784",-1.18000482902917,0.15674736904801,-0.118718897960089
"19785",-1.12775133608713,0.128724499991433,-0.102342757239674
"19786",-1.09355192678629,0.0820503921644881,-0.0705597728833113
"19787",-1.11339440383742,0.0547022280817124,-0.0543192757332556
"19788",-1.08631318619089,0.0484796352603649,-0.052083683208004
"19789",-1.11991603699452,0.116006646431869,-0.0949666009711238
"19790",-1.12108551380843,0.0887604320413553,-0.0736162468470733
"19791",-1.08401747682215,0.0648444094963974,-0.0532862976035413
"19792",-1.07856857493303,0.0908554401670687,-0.0683418746314474
"19793",-1.03549921859204,0.104127395756152,-0.0690034000075192
"19794",-1.02825037628602,0.0958898435751523,-0.065866649530965
"19795",-1.0335171973227,0.0749249445076326,-0.0557469753394019
"19796",-1.04461042115515,0.0980766416757241,-0.0724435484027379
"19797",-1.06058493290194,0.063535662259991,-0.0587082278424843
"19798",-1.03322597108352,0.15028587348236,-0.105399351466722
"19799",-0.978922637212261,0.0663990690762024,-0.0521694863850926
"19800",-0.915250610398027,0.139925358491874,-0.0862526671481818
"19801",-0.905158503311549,0.164341621672999,-0.106080504910118
"19802",-0.952051974216496,0.0322242393708598,-0.0318167207167876
"19803",-1.0544645767351,0.0905117091202032,-0.0676370480363935
"19804",-1.05677979722758,0.0414174219199681,-0.039413783503906
"19805",-1.06281407029445,0.0497442229844805,-0.0446796717308452
"19806",-1.0268101986937,0.0559177066347911,-0.0531677035676217
"19807",-1.08714136598451,0.0834207717716131,-0.0711099034502953
"19808",-1.04998978305759,0.0525029308790067,-0.0532506648574621
"19809",-1.08363865287044,0.115092521910897,-0.0859302165736026
"19810",-1.13251222380787,0.138802581998326,-0.105443821472861
"19811",-1.06343077782908,0.0591296196512033,-0.0542337774108145
"19812",-1.0163391759638,0.0667984174324755,-0.0606165192096764
"19813",-1.02324623496097,0.0549387678254741,-0.0541542621470995
"19814",-1.08623438303377,0.113659634619593,-0.0832581022700061
"19815",-1.06427330843675,0.0726207422276431,-0.0591714787119322
"19816",-1.06036380854224,0.071664961952993,-0.0610280269311891
"19817",-1.05020443818697,0.110386733057918,-0.0849558427147999
"19818",-1.14663631642649,0.182483635405826,-0.133018247139173
"19819",-1.17020092903255,0.160678568371404,-0.120829617268839
"19820",-1.11972655957924,0.0835638229629924,-0.0664503083420856
"19821",-1.07225540300171,0.109396134412957,-0.0866061101683036
"19822",-1.02789167823996,0.105905215752191,-0.0767549008073071
"19823",-1.01967086582486,0.0874405961214335,-0.0644734911260362
"19824",-1.06592112540714,0.0324296276207362,-0.0352429538772612
"19825",-1.04914203076232,0.0583444068821695,-0.0502762519707233
"19826",-1.04036555976992,0.09544561008297,-0.0688586397602986
"19827",-0.976659412660627,0.100131699214483,-0.0640716902173179
"19828",-0.988546817265523,0.124940646514581,-0.0844355212069826
"19829",-0.988880667451712,0.121510360773336,-0.0785023136141167
"19830",-0.972376542330006,0.138056751147036,-0.0874136381329531
"19831",-0.958621972039157,0.171955141626552,-0.112061383921052
"19832",-0.957059127822201,0.144575288310185,-0.0949424714693916
"19833",-0.966096416375941,0.0917118687367837,-0.0653871682205415
"19834",-0.974959917324247,0.0676202716539738,-0.0527969707689793
"19835",-0.971140053184354,0.11313010550051,-0.0782010976666066
"19836",-1.00174581516387,0.0278343245596556,-0.0311592561067286
"19837",-0.972670552718759,0.0741561851087275,-0.0569962665076778
"19838",-0.990544609271565,0.0620255248401155,-0.0519543023247142
"19839",-0.986865255392533,0.0942065325764643,-0.074449401225127
"19840",-0.971937990352765,0.134608401137431,-0.0877766398308231
"19841",-0.909980008993938,0.103168562509494,-0.0580013602224801
"19842",-0.898698935826034,0.120804208306379,-0.0668942825125616
"19843",-0.936500810475057,0.137322187215424,-0.0879482400063757
"19844",-0.915796684997448,0.146365933689611,-0.0910607786703903
"19845",-0.928454293485558,0.101486132068101,-0.0689368352315298
"19846",-0.935149411281208,0.15106600407175,-0.0966603672220964
"19847",-0.927717742280993,0.0965122518869059,-0.0667795492679651
"19848",-0.944581307357171,0.0715452805198395,-0.0543728933930409
"19849",-0.991743630198984,0.0720013253743569,-0.062536413867986
"19850",-0.937371081021265,0.0818636071311897,-0.0592621296317524
"19851",-0.972434411160883,0.0722422116934823,-0.0625385803326087
"19852",-0.960960464829533,0.109640596071035,-0.0815020740522058
"19853",-0.97886639615793,0.0456946943745943,-0.0471398986516822
"19854",-1.01585191418895,0.0740876273099527,-0.0602777891645305
"19855",-0.986235410258576,0.0733480328129616,-0.0611398923638306
"19856",-1.01034238258065,0.101438447953387,-0.0724134874774152
"19857",-0.997386268768466,0.118333272805925,-0.0898360490505833
"19858",-0.975324864125496,0.108823276395307,-0.0772406950711744
"19859",-0.983254434110808,0.142000648896284,-0.0969703500021833
"19860",-0.914640371200938,0.127480411861764,-0.0741888141215648
"19861",-0.92111106711833,0.197263522294136,-0.124634201204909
"19862",-0.958836604449852,0.184269067957668,-0.121294385746211
"19863",-0.961955340914419,0.158024051750693,-0.105518885901084
"19864",-0.93831278240337,0.163402715672021,-0.100192569247455
"19865",-0.960885125506339,0.152310275016342,-0.101644970621057
"19866",-0.964321456945879,0.108225379073134,-0.0719189112758615
"19867",-0.952161154039247,0.195860284129711,-0.124934463365971
"19868",-0.948758277495553,0.269875237012206,-0.164245057666276
"19869",-0.950435787878694,0.189525317010138,-0.117742209547347
"19870",-0.961885158474912,0.169762120267,-0.108197237137119
"19871",-0.976464904201023,0.13866965007893,-0.0925386891045112
"19872",-1.00627809369164,0.0904438871016898,-0.0695301449483531
"19873",-0.993640176561299,0.10605022689217,-0.071293633851108
"19874",-0.998567442852293,0.157704206412418,-0.105281025822524
"19875",-0.970370642233343,0.140814890967346,-0.0881060567667669
"19876",-0.938025583316192,0.140278588328602,-0.0808754584845033
"19877",-0.955399275492071,0.154930773248507,-0.0989591199809119
"19878",-0.929688966228391,0.152291328241164,-0.0967050961393206
"19879",-0.966487396547152,0.0711745777455714,-0.0570577816403511
"19880",-1.01322546880523,0.0853575960477471,-0.0707348279425185
"19881",-1.01290045478116,0.0608917549071748,-0.0568284996395431
"19882",-1.0241352642507,0.0678409172103398,-0.060122325108433
"19883",-1.02274796384273,0.12032898209406,-0.090294200422215
"19884",-0.979009355298279,0.0830569942923188,-0.068366472014506
"19885",-0.978068675924337,0.0892273114006742,-0.0721927401592868
"19886",-0.990673023632594,0.105625911678585,-0.0727446804291772
"19887",-0.962087223412815,0.103936043751304,-0.078133525147615
"19888",-1.01755900317106,0.0637116594629327,-0.050996972315747
"19889",-1.02092011111335,0.0426885916310965,-0.0416787750503058
"19890",-1.04045311544134,0.0563357917415337,-0.0486854759961838
"19891",-0.971152121178798,0.0752181661470239,-0.0585869483738944
"19892",-0.952494764341052,0.111464648008975,-0.0821067072632754
"19893",-0.937049121371682,0.0711114170437765,-0.0560395034377855
"19894",-0.901590456360517,0.0534563703720897,-0.0490730997566758
"19895",-0.877623007166385,0.0948467336424126,-0.0699903001048965
"19896",-0.907413114248402,0.102838208445077,-0.0774957347941223
"19897",-0.989172063495007,0.1856098922574,-0.122550440701555
"19898",-1.00182011011927,0.171275278421824,-0.114482698592727
"19899",-1.01153808374125,0.123315599585149,-0.0861940799417508
"19900",-1.00905995093942,0.120328879853336,-0.083005194858959
"19901",-1.01759747779158,0.131887551200045,-0.0917608003947465
"19902",-1.04432084181547,0.0936215794467079,-0.0700857107324763
"19903",-1.06392662935243,0.210990786017032,-0.138918096243666
"19904",-1.09810126882461,0.161904348995451,-0.111510552744244
"19905",-1.09143236444302,0.157469107311857,-0.114425824856272
"19906",-1.05402608649756,0.0974417018766731,-0.0704474596945213
"19907",-1.06363067229518,0.113599252450207,-0.0811116048232784
"19908",-1.08593159981097,0.1422775081081,-0.103874916877101
"19909",-1.10789916324753,0.159266221902155,-0.113807650870337
"19910",-1.08379167331347,0.139579067724345,-0.101384782512527
"19911",-1.01690464747802,0.0860819508449013,-0.0699440475954507
"19912",-1.01304299487493,0.0649112599207702,-0.055965411549354
"19913",-0.978898629281094,0.0608160028172828,-0.0558640213378423
"19914",-0.965825722682869,0.0461452038593709,-0.0374293320269638
"19915",-0.917837431544345,0.131791878653476,-0.0823394811584645
"19916",-0.883107580621443,0.102215550005114,-0.0685701176916038
"19917",-0.875684432467043,0.0977480128803611,-0.0650281646182074
"19918",-0.920819411009779,0.169456540275502,-0.1063549711077
"19919",-0.90281893887675,0.1065566950052,-0.0716770801542491
"19920",-0.905569810817403,0.0377321298118892,-0.0348569394338176
"19921",-0.981530827891034,0.11874638648349,-0.07935802079846
"19922",-0.942724816063266,0.0496823949580141,-0.0481272302305586
"19923",-0.955999845413387,0.0552245016804961,-0.0518170313016137
"19924",-0.956371111061414,0.0574026809453823,-0.052957177870895
"19925",-0.943051333862863,0.0719951552454363,-0.0604229404155193
"19926",-0.938824032754644,0.0750236528994565,-0.0631901776321105
"19927",-1.010615349569,0.0690530493843826,-0.0555170763359222
"19928",-0.971856188351458,0.0776231556802104,-0.0651034572730652
"19929",-0.964903483504554,0.0706840548738005,-0.0582409817341651
"19930",-0.975556340857155,0.0870844285062662,-0.0701247475557501
"19931",-0.96150295495371,0.0688471720759361,-0.0601010140341759
"19932",-0.947947610811389,0.104666038469077,-0.0793942386185326
"19933",-0.978940634116403,0.0659458881849407,-0.0515642775048228
"19934",-1.00146233179539,0.0601207632570475,-0.0495461716759268
"19935",-0.955616211500893,0.125932098706348,-0.0922424569752352
"19936",-0.938737711682915,0.114103555922799,-0.0819736898459778
"19937",-1.01854423237303,0.126433137588089,-0.0857660855967039
"19938",-1.04935511206942,0.149813765342978,-0.102221763220471
"19939",-1.05887803430236,0.164476066901567,-0.114777188905886
"19940",-1.00694796585664,0.0904079250394977,-0.0639093939261957
"19941",-0.974418181337811,0.0693074231215622,-0.0538675988353187
"19942",-0.971881294668161,0.148830642224767,-0.0970925644086051
"19943",-0.911611832589521,0.0598093064273607,-0.0528117472291598
"19944",-0.934862097548199,0.0703636799826346,-0.0545434644049879
"19945",-0.979124530861676,0.0945325780803355,-0.06666438745731
"19946",-0.967167754018755,0.107650321339643,-0.0734654350374112
"19947",-0.990255754146928,0.146399817148794,-0.0993045301297916
"19948",-0.997884518969648,0.213393312960395,-0.13784857431379
"19949",-1.05358447641827,0.112610426438113,-0.0818720126474748
"19950",-1.04032119053345,0.149253475497281,-0.104047794603417
"19951",-0.988136216455954,0.0621969213564667,-0.0532540750851213
"19952",-0.927400076946752,0.0993696916599435,-0.0697477479505486
"19953",-0.921569416974183,0.1125431015364,-0.0755106011029097
"19954",-0.926839913772616,0.115134361352536,-0.0752895194125488
"19955",-0.933031594686425,0.123336433881988,-0.0817035223655941
"19956",-0.906435357995507,0.167073594222924,-0.104543705089581
"19957",-0.892302329102037,0.197148438610227,-0.120921721390324
"19958",-0.827174454728144,0.115560180709975,-0.0638043936710284
"19959",-0.806539899181063,0.134811125035452,-0.0731208901241781
"19960",-0.848022370808569,0.147973789518975,-0.0861057390801958
"19961",-0.891533349361475,0.108144125482831,-0.0735602802913942
"19962",-0.96733324779843,0.104881233917214,-0.0774350525990336
"19963",-0.917708310649628,0.0858843708069139,-0.0626737746758069
"19964",-0.896135043037463,0.0791278060636814,-0.0597311748933925
"19965",-0.893101842507717,0.0944751500781112,-0.0680673937551921
"19966",-0.916728428429247,0.0768734983766707,-0.0583824032750214
"19967",-0.939357645984889,0.109544244162376,-0.0760957552595985
"19968",-0.915690107108068,0.0525445344191767,-0.0416135767131595
"19969",-0.875101441595167,0.138168553840687,-0.0850916416762044
"19970",-0.832424896585438,0.142611877754983,-0.0844573361994419
"19971",-0.847973454060547,0.162558618870749,-0.0989539732342315
"19972",-0.842887637991349,0.149382956157392,-0.0935827419644504
"19973",-0.877957518812193,0.0726781033946524,-0.0540827536749219
"19974",-0.910759330394734,0.101047931824131,-0.0745755359204805
"19975",-0.945248246853319,0.0487801723609574,-0.04755022981976
"19976",-0.912634972591137,0.10212798677161,-0.076029249024589
"19977",-0.832700735876655,0.193801059011206,-0.119833023841538
"19978",-0.82849374572871,0.175608760324325,-0.105961345462597
"19979",-0.832441559877533,0.135636123997223,-0.0829141853526319
"19980",-0.822548058824479,0.225908230718604,-0.132561177012719
"19981",-0.879167698557948,0.147419687025979,-0.0984737492467945
"19982",-0.906700128201847,0.160823326890609,-0.108151421148794
"19983",-0.995187951400986,0.235241863267854,-0.149077017746434
"19984",-1.03767919251718,0.269962880377484,-0.171509370772263
"19985",-1.04423763315487,0.217888741112567,-0.142786437683818
"19986",-0.984641833672334,0.140863500192923,-0.093802234583826
"19987",-0.995293177555641,0.112917930068506,-0.0789071184963594
"19988",-0.957023856011397,0.140413755988264,-0.0925186598397023
"19989",-0.903696741179872,0.152485032671717,-0.097025326449699
"19990",-0.98508105324521,0.207822688478892,-0.131264113780669
"19991",-1.02916510140918,0.252998412636655,-0.160793330233007
"19992",-0.966496944438236,0.139758695887593,-0.092824849617565
"19993",-0.851647014118383,0.0476601888941329,-0.0390355864404076
"19994",-0.819571487894961,0.177132429017597,-0.105216811448933
"19995",-0.815000189868515,0.128847603453696,-0.0788856397574495
"19996",-0.90474809202358,0.0934263102896189,-0.0695051260764587
"19997",-0.936507744899262,0.076491711521857,-0.0594891152126532
"19998",-0.957399544601758,0.0631045798365924,-0.0483364985282076
"19999",-0.911687474240689,0.0645997741774446,-0.0555984537080619
"20000",-0.863982953271785,0.0574605554068658,-0.0503036714515512
"20001",-0.853771966750954,0.0984864198942354,-0.0716958530643072
"20002",-0.869715698375346,0.127713497285065,-0.0880682276908297
"20003",-0.898440950914888,0.131714666647382,-0.0818188271598803
"20004",-0.943384201459457,0.182652107443602,-0.117054267181437
"20005",-0.949383022255321,0.129754153175239,-0.0853488981868784
"20006",-0.974210942006843,0.198368190464932,-0.12496889491905
"20007",-0.978309377781881,0.119569440975707,-0.0801675817293161
"20008",-1.04453554213216,0.241179753450788,-0.152459647637764
"20009",-1.06549427472144,0.220740601683724,-0.150510166037597
"20010",-0.998778034628523,0.187145075125147,-0.126979693983361
"20011",-0.958065437722536,0.160263364121133,-0.110033957934142
"20012",-0.899586613959565,0.123033730047638,-0.0812125646748119
"20013",-0.867217347233338,0.178584689823851,-0.106409827755894
"20014",-0.825263767872581,0.115737186411062,-0.0735441391545485
"20015",-0.799593354853189,0.156853067139906,-0.0955938196105005
"20016",-0.796335345885145,0.17413147730187,-0.102635191968917
"20017",-0.832800580347967,0.0614755691650959,-0.0449196710958629
"20018",-0.868182890095927,0.0579322678104706,-0.0437192897920982
"20019",-0.866891049794468,0.134916110362142,-0.0856597265875928
"20020",-0.870212404050373,0.0748944864603339,-0.0565179762461914
"20021",-0.85533742392253,0.0434904878945994,-0.0371351297706351
"20022",-0.934850805025688,0.0931694503371565,-0.0681113793367755
"20023",-0.879512308974006,0.0632396952988996,-0.0538120627812568
"20024",-0.861439550857382,0.13763437947138,-0.0923677189536407
"20025",-0.835392947585866,0.0761199496770731,-0.0573655212782309
"20026",-0.834588181618225,0.0621763027187012,-0.0476365613642662
"20027",-0.875990962151617,0.131304097911309,-0.0899329861817749
"20028",-0.956794107227378,0.152707405728138,-0.0967079066291598
"20029",-0.994303460317247,0.219264280075309,-0.137331765657594
"20030",-1.02572993746009,0.187117293825328,-0.119379695345407
"20031",-1.03143865645803,0.167902228214232,-0.10767523647
"20032",-1.03229838315927,0.175676618915752,-0.117147215495084
"20033",-1.02372317529192,0.213191262599451,-0.139418354932369
"20034",-1.01258746580796,0.199366018954518,-0.132374503843368
"20035",-0.968357791010957,0.16995470359362,-0.109416436901207
"20036",-0.951750168525867,0.115974488472788,-0.0758246892149779
"20037",-0.919513519821369,0.132317271808321,-0.0848836756436977
"20038",-0.982669087714243,0.184226402647848,-0.121289121054158
"20039",-1.02164977693558,0.303848395792531,-0.185333458984454
"20040",-1.01810449946125,0.219439259726047,-0.140342122206189
"20041",-0.983263670903653,0.178325212442817,-0.118608389442163
"20042",-0.983264096390253,0.224021322777501,-0.143482278407885
"20043",-0.973312002421267,0.1801229840636,-0.118080245126215
"20044",-0.949927466339927,0.114336318584628,-0.0761403972745597
"20045",-0.909127571502058,0.110450773922503,-0.0769990608806921
"20046",-0.928124154600462,0.097796133343449,-0.0685100541816826
"20047",-0.895268800009005,0.100275881958906,-0.0733644368927799
"20048",-0.905379007588668,0.116911487166699,-0.0799229277241094
"20049",-0.912024463224985,0.153051064360782,-0.0991741331875235
"20050",-0.88728035221747,0.0981626569090454,-0.0698980130658408
"20051",-0.841372920559555,0.110075870454916,-0.0751533304490276
"20052",-0.825633692488763,0.1238228838558,-0.0848349325515822
"20053",-0.759154689473204,0.159997012097815,-0.0966646378274713
"20054",-0.805679089920487,0.154535579034689,-0.0944999486726926
"20055",-0.862678716200897,0.18685610827463,-0.118469816831655
"20056",-0.847613097953932,0.137035414040962,-0.0911336337282821
"20057",-0.854605940305094,0.214671315912718,-0.136693937958331
"20058",-0.837208880213334,0.163173641741988,-0.10344145851528
"20059",-0.854604669524421,0.130735789005577,-0.0862406077265222
"20060",-0.83985945187891,0.166745432738074,-0.105618374364194
"20061",-0.807070815113021,0.211914071670028,-0.117903788457342
"20062",-0.800286862579995,0.153492767368615,-0.0861392128565891
"20063",-0.77425207884062,0.146537399861101,-0.0807115103341731
"20064",-0.816831980139607,0.184928746277978,-0.111125654968939
"20065",-0.851510589991824,0.103217288760351,-0.0697407032046553
"20066",-0.844391400101302,0.268101728383167,-0.1550958282785
"20067",-0.781700706256233,0.166662494648534,-0.0951710253220938
"20068",-0.80423357698914,0.087215646774922,-0.0568836662289488
"20069",-0.811419954213947,0.0469710157422279,-0.037022052361504
"20070",-0.832876827812047,0.0874915885468082,-0.063217144184999
"20071",-0.85938944058419,0.0892064581465882,-0.0679568131651976
"20072",-0.900765340067396,0.119085137545362,-0.0805999830280536
"20073",-0.824430340563649,0.0777919771510896,-0.0590471889151511
"20074",-0.803905447598697,0.0809087181594878,-0.0596938983605577
"20075",-0.82863229770528,0.080689471114197,-0.061780800213616
"20076",-0.833608517791719,0.0590892461462813,-0.0494604339647303
"20077",-0.818824847676547,0.144812868903522,-0.0953310887610988
"20078",-0.830911387765364,0.13089591514559,-0.0898089589172959
"20079",-0.883763573325088,0.139842925459017,-0.0979797328106077
"20080",-0.840930292077388,0.105075743164261,-0.074048191604686
"20081",-0.85679966226476,0.125480547016072,-0.0882547055041964
"20082",-0.807177174512318,0.198931502952599,-0.119457492959403
"20083",-0.810214920024692,0.0627315019287274,-0.0449386453646205
"20084",-0.83036278474664,0.181286587562697,-0.108373540990639
"20085",-0.83493770838791,0.135690002211403,-0.0871466075586986
"20086",-0.769075084724999,0.188110270110997,-0.110847050496327
"20087",-0.764871815669259,0.170820017915987,-0.100446748326409
"20088",-0.732723220367957,0.162229885652178,-0.089291468429037
"20089",-0.742128255488183,0.131373432888541,-0.0804239485893659
"20090",-0.854437002443304,0.22545625527912,-0.138207424200592
"20091",-0.877199924933469,0.208175992693432,-0.125122516616027
"20092",-0.88026763893347,0.175823840224908,-0.10762511901175
"20093",-0.869588935697259,0.161132027869449,-0.106972878965194
"20094",-0.879884625387432,0.291570896298376,-0.182298432846526
"20095",-0.813473342224682,0.127634674627023,-0.085900703990244
"20096",-0.794849415441896,0.0739830012261932,-0.0542320566013516
"20097",-0.767913782682921,0.0512461071246315,-0.0385592510279788
"20098",-0.794506692696856,0.10062496195287,-0.067651321645087
"20099",-0.830595667930449,0.108998082845548,-0.0768689427716828
"20100",-0.834194513467366,0.139533904289307,-0.0925468258442278
"20101",-0.798958347161626,0.133158871796151,-0.0902448364981566
"20102",-0.83362721567413,0.177063999330376,-0.114798461690937
"20103",-0.87267076455385,0.176439385698435,-0.106576466301527
"20104",-0.873414198267445,0.151219086824806,-0.0974300093216728
"20105",-0.822594878137397,0.150050872178269,-0.0975614597618161
"20106",-0.867684660897444,0.142945940478631,-0.0874226886630697
"20107",-0.831462030757517,0.14206133850126,-0.0943860262014819
"20108",-0.840726861573436,0.15281514437431,-0.102543803744526
"20109",-0.852572109879707,0.11979112005839,-0.0841812975542687
"20110",-0.815032230961283,0.157266145071847,-0.0965536062141954
"20111",-0.805199679742276,0.160770243853228,-0.0991128805216671
"20112",-0.819236537776651,0.159700118256273,-0.100457734415504
"20113",-0.818347308541741,0.2158386710139,-0.130858877661131
"20114",-0.839069495271504,0.101654120212758,-0.0687580578320972
"20115",-0.829274536308343,0.14974382244011,-0.101172894274041
"20116",-0.811041157226059,0.109844739055039,-0.0734362834050052
"20117",-0.865905160088476,0.212840674747126,-0.123941961784402
"20118",-0.794626285417042,0.10385246991776,-0.0720719577146654
"20119",-0.797171196173714,0.133002857141396,-0.0886617140241266
"20120",-0.86798398616477,0.195594628898546,-0.115718702979586
"20121",-0.9041998535442,0.125628701015075,-0.0771916342981923
"20122",-0.930822438399883,0.2279158440659,-0.137451551467795
"20123",-0.934024095996921,0.183203783738449,-0.11654111581986
"20124",-0.884372059125312,0.1798094821564,-0.111705455433366
"20125",-0.872367596504627,0.154817111916841,-0.100115848584755
"20126",-0.911601695366799,0.169958797370101,-0.105463571730622
"20127",-0.854164938840926,0.123545321929654,-0.0800513240523673
"20128",-0.897493966133315,0.226323067387678,-0.138563876782041
"20129",-0.900015725046409,0.194676922498981,-0.119092030412304
"20130",-0.888238554369944,0.204644301878877,-0.122655545575487
"20131",-0.836965341032986,0.14606578764304,-0.090930222889744
"20132",-0.838399325395227,0.186800095913883,-0.110612349926995
"20133",-0.834580122227452,0.305653304762299,-0.182890547320366
"20134",-0.927703463937872,0.223541322041308,-0.135820811477594
"20135",-0.888415817558197,0.272421703284284,-0.159110131578943
"20136",-0.879964798501521,0.287942438429716,-0.178314292695894
"20137",-0.874925585306539,0.180378395309647,-0.117716848649558
"20138",-0.796908140865563,0.11991069847939,-0.0793899897448407
"20139",-0.785602665265995,0.204465364762338,-0.122608537134794
"20140",-0.738272403527098,0.123628639662186,-0.0610507125731205
"20141",-0.709249144744953,0.145872738765766,-0.073022802153677
"20142",-0.748913702638078,0.169443725003522,-0.0950133456990566
"20143",-0.754190848465934,0.18425385615095,-0.106265650481793
"20144",-0.72983505749523,0.173545577285668,-0.092748043572261
"20145",-0.704733783136974,0.152223740135608,-0.0776836363583
"20146",-0.849357438755699,0.134867634432481,-0.0810637027257274
"20147",-0.748266661353258,0.0668790362168057,-0.0503465684794776
"20148",-0.755884637131759,0.0862242377504577,-0.0610197388890173
"20149",-0.809225140059228,0.111422935631599,-0.0732162519075709
"20150",-0.810139965250158,0.159842783845934,-0.0960620391424243
"20151",-0.833108527986017,0.19152283603903,-0.111911707238323
"20152",-0.859744674851062,0.148212846554785,-0.0889686798425245
"20153",-0.87020547781347,0.167174214139688,-0.10004066310385
"20154",-0.936197066744014,0.195595093765303,-0.119234457880028
"20155",-0.959038983787375,0.209295574210339,-0.132021415351924
"20156",-0.911618752644389,0.166456745318698,-0.10386030305628
"20157",-0.797113214955655,0.0621591714241978,-0.049556641043494
"20158",-0.740653682855167,0.104653875729312,-0.0665090335893438
"20159",-0.71891760649774,0.176236812852947,-0.101525338316479
"20160",-0.689539717948688,0.152476154384644,-0.0894046920800432
"20161",-0.708176461892292,0.148891903694248,-0.0871477157627008
"20162",-0.713087674733884,0.0584666713013466,-0.0408270843083359
"20163",-0.722625897789826,0.0557936417119261,-0.0394900059201915
"20164",-0.805530647256896,0.1713917473869,-0.106437701665384
"20165",-0.820837289038378,0.132476706374303,-0.0876801189011993
"20166",-0.862637947263797,0.240767780434123,-0.145995875272938
"20167",-0.880811388564984,0.203921357042969,-0.124706680823321
"20168",-0.872626902824109,0.172820995116655,-0.102798913078698
"20169",-0.912953984634738,0.228473771195016,-0.134686843221943
"20170",-0.881763510107717,0.203081821131661,-0.123193375066447
"20171",-0.827376758012606,0.217408196875706,-0.133413573161657
"20172",-0.713852972453799,0.108502691309365,-0.0687358766890333
"20173",-0.697424519113048,0.113392395473235,-0.0685963653352465
"20174",-0.702980204629389,0.113772808984574,-0.0693751099903277
"20175",-0.710825524432917,0.159829146924331,-0.0989466667906507
"20176",-0.751385554572731,0.155966716367254,-0.0984399317599189
"20177",-0.834332153172929,0.184591468571463,-0.105962193218609
"20178",-0.875241588239433,0.233908621932124,-0.135341389473568
"20179",-0.946787011010874,0.235844212649388,-0.139377202882461
"20180",-0.955903995442203,0.177097476847831,-0.108680655197476
"20181",-0.9287972681279,0.184233635563616,-0.116692475137017
"20182",-0.864045181352692,0.250199639381953,-0.151283103728792
"20183",-0.757987039355143,0.146536460974672,-0.0901809241122713
"20184",-0.74918167367149,0.161296836022004,-0.0978668509102915
"20185",-0.786666788820833,0.206625506998081,-0.131323841614042
"20186",-0.793419222956263,0.229478912442692,-0.131358792236681
"20187",-0.809038550585863,0.240330693244778,-0.135938722696605
"20188",-0.816151567244968,0.258851277634273,-0.146099270020685
"20189",-0.820126574899411,0.298436508675777,-0.168856518934017
"20190",-0.854733305324374,0.276557921243544,-0.15704799494754
"20191",-0.838595421340759,0.207200682596817,-0.121487209820798
"20192",-0.829213850557477,0.276321518458321,-0.157540983062306
"20193",-0.844399888317523,0.317123246681553,-0.177207638072082
"20194",-0.876530871303672,0.214503697232902,-0.123647428337774
"20195",-0.909870424283283,0.182095779969648,-0.107415607285647
"20196",-0.932739898512999,0.251014576024823,-0.146252387443311
"20197",-0.672725458398972,0.0607124610932904,-0.0442316955721831
"20198",-0.70755081034651,0.102703032971537,-0.0693306822696184
"20199",-0.722521086698759,0.136694154036506,-0.0870323912335004
"20200",-0.741366154184898,0.200936912303611,-0.122579590284065
"20201",-0.790767244016519,0.298279017002185,-0.164716409942816
"20202",-0.793318938538133,0.201560382482688,-0.1142565556294
"20203",-0.80115898343903,0.191149263151683,-0.113086027864123
"20204",-0.738820795145649,0.21580270578978,-0.128178838657715
"20205",-0.744402673855162,0.191299604656536,-0.115402282084459
"20206",-0.715415151410326,0.103790668154529,-0.0664748730545457
"20207",-0.745107780508225,0.0787077305072709,-0.0560562455330064
"20208",-0.708372077059977,0.0806992898223926,-0.0551294437244044
"20209",-0.696032452130958,0.104309145805157,-0.0635465545054672
"20210",-0.673729384691724,0.168995949776265,-0.0919157306738189
"20211",-0.644878774812915,0.188039194084177,-0.103418437229207
"20212",-0.647506701769249,0.186465345288292,-0.102862562606836
"20213",-0.706498614143234,0.19617222895217,-0.115404476494316
"20214",-0.713358868673158,0.187256164577819,-0.111652374581864
"20215",-0.691838774934317,0.144966316752647,-0.0866582980709492
"20216",-0.687960625012472,0.141203332991722,-0.0873608685238673
"20217",-0.663933474152157,0.111495549462163,-0.0666955447407307
"20218",-0.734490276572535,0.137801775697987,-0.0889762618934182
"20219",-0.772598719802558,0.13244120363388,-0.0879893855333599
"20220",-0.815494971465298,0.218537186227983,-0.127449587703578
"20221",-0.821300891794203,0.211655885156328,-0.11949064138086
"20222",-0.865192435166905,0.281175960732112,-0.165732988389855
"20223",-0.885428338994799,0.225004346159428,-0.133901582671884
"20224",-0.904403353413385,0.24744671145424,-0.14523474657567
"20225",-0.80163082587331,0.142283033346388,-0.0915897404573485
"20226",-0.722657528289829,0.128980650939895,-0.0792464572948979
"20227",-0.71542133973567,0.0870479958216578,-0.0580762814247118
"20228",-0.74217425567309,0.15881443176518,-0.0975167370066267
"20229",-0.724535327316052,0.11800303967712,-0.0753244492778894
"20230",-0.794743958113509,0.238934884169011,-0.132658915702029
"20231",-0.837728971268186,0.31921993413618,-0.177219614715697
"20232",-0.816832880996645,0.401772032694374,-0.220456850204943
"20233",-0.744329452605758,0.22199247710807,-0.125257281861436
"20234",-0.727478306164921,0.273618292605555,-0.15847161601013
"20235",-0.752851080568031,0.151412419117608,-0.0958982173661045
"20236",-0.742594153011823,0.203586812249357,-0.124028959402533
"20237",-0.821690578278485,0.177746516506633,-0.100759023498039
"20238",-0.878029673032104,0.300692212029912,-0.17099115031593
"20239",-0.8099959250661,0.325684102449531,-0.185202254375836
"20240",-0.807879321395984,0.239257306214294,-0.133417751338271
"20241",-0.845744582728194,0.199178266118323,-0.115562615440424
"20242",-0.82657366845719,0.234759505821042,-0.131498967574299
"20243",-0.876422110768994,0.219587247770009,-0.125282231752154
"20244",-0.843830075828475,0.223193751677126,-0.126976036916567
"20245",-0.839515879913016,0.221920255895314,-0.128934696845462
"20246",-0.808237889489538,0.209829315528384,-0.119782517837763
"20247",-0.82161256084852,0.273126703173,-0.153716686034226
"20248",-0.78769667206401,0.209603198768813,-0.114383136806742
"20249",-0.820583309240684,0.197539485229045,-0.107890079882675
"20250",-0.798282575632419,0.179033810947242,-0.0985490938867768
"20251",-0.793119480593193,0.238069118958717,-0.132983764139839
"20252",-0.812090613004254,0.13343923323382,-0.073491035144293
"20253",-0.837404662189252,0.131071754483883,-0.0740975276040383
"20254",-0.817282576311674,0.246142693924925,-0.139987250406828
"20255",-0.803029400270035,0.226270203944127,-0.128542534316234
"20256",-0.76730164106122,0.224324707238533,-0.132052156080099
"20257",-0.759419438946093,0.236870423866492,-0.139197854419594
"20258",-0.750980907313873,0.211590803151929,-0.131018369794618
"20259",-0.790825853848901,0.226134888066022,-0.1263395318802
"20260",-0.74371649172799,0.237833388494932,-0.141710675783382
"20261",-0.715550422025949,0.201603354045875,-0.12153117351769
"20262",-0.7599980040336,0.263807434257652,-0.143844227773144
"20263",-0.752006743833014,0.196807588688251,-0.112454485114126
"20264",-0.793312127128129,0.270067043862831,-0.148668006549071
"20265",-0.715041736214712,0.223352485528811,-0.133010662778232
"20266",-0.651390146445106,0.194729036924444,-0.110292489220572
"20267",-0.704492183594676,0.265943837813939,-0.149079465134725
"20268",-0.747530546276192,0.299081067013039,-0.157963314594274
"20269",-0.799997047600139,0.242628687629726,-0.129587070103305
"20270",-0.806053127565034,0.37676214059654,-0.206798666547197
"20271",-0.794818447636884,0.329728234341624,-0.183889343020481
"20272",-0.792904234312474,0.341390763679975,-0.188137649362019
"20273",-0.818633117682935,0.389726903920509,-0.211821562082375
"20274",-0.770004161569949,0.237219618637262,-0.134261396318669
"20275",-0.759327511103101,0.220204409308151,-0.131927450553776
"20276",-0.754663608582039,0.19258728527574,-0.117725877780226
"20277",-0.765436514341058,0.114263964749198,-0.0755396780616221
"20278",-0.743679685982841,0.164875118440038,-0.103545690531713
"20279",-0.706512497293367,0.0679185338041201,-0.0479105787157402
"20280",-0.637553223579667,0.135007995693705,-0.0602183972239449
"20281",-0.61625273307459,0.16335648478181,-0.0776848531900789
"20282",-0.611326576560881,0.159373536825958,-0.0764432482352837
"20283",-0.631784920422389,0.175513037348745,-0.0939527988904143
"20284",-0.672312959670931,0.166022337421943,-0.0944639102544973
"20285",-0.664499560003534,0.211462697313463,-0.114028850602038
"20286",-0.667244571300848,0.15660265276001,-0.0881565333297562
"20287",-0.693548294309095,0.236629494518482,-0.134047450729288
"20288",-0.663727536922899,0.150452185006575,-0.0895523866167427
"20289",-0.640768681297778,0.144917184595175,-0.0879907094201439
"20290",-0.634014538113353,0.210674403047067,-0.116060146842176
"20291",-0.666334932181359,0.0872735454687601,-0.0564539017861345
"20292",-0.660022014925809,0.0912158826176499,-0.0602543161263563
"20293",-0.712479417498309,0.183601544271819,-0.111674026154088
"20294",-0.665978503039838,0.0650878523378445,-0.0446192380410494
"20295",-0.666133765609377,0.17380322535263,-0.0964956515504686
"20296",-0.668199035568779,0.127668846493924,-0.0739477778237199
"20297",-0.671793410362748,0.0889824485632748,-0.0582436630716881
"20298",-0.698192226515921,0.15465182675827,-0.094013859229003
"20299",-0.864018903278674,0.437066568345305,-0.243219934820808
"20300",-0.86452870166328,0.295577181303443,-0.165541552135607
"20301",-0.889116681398327,0.362753619307674,-0.202103111369743
"20302",-0.870116142171406,0.378134409783168,-0.211166021527172
"20303",-0.803215212262509,0.279669287022729,-0.154836901709063
"20304",-0.67048827395261,0.258744207581031,-0.142991181472905
"20305",-0.604658610535315,0.233481735930781,-0.125796316342128
"20306",-0.599546449697723,0.127054727158926,-0.0761778168546073
"20307",-0.659402544719597,0.277075059624399,-0.155215879656299
"20308",-0.703203550585121,0.252484346940987,-0.143542576414288
"20309",-0.653784131387419,0.2126118912082,-0.123017481745083
"20310",-0.707804777753652,0.263672957107143,-0.151785077967803
"20311",-0.734607991073388,0.288491008707988,-0.161180541071212
"20312",-0.764357581657061,0.214775339198004,-0.118779084423993
"20313",-0.755302910685583,0.267554318534675,-0.149036709806167
"20314",-0.73231494903599,0.214023139964837,-0.129369321858564
"20315",-0.696861800494988,0.191795891322145,-0.11312088063817
"20316",-0.635490950142475,0.111117303172972,-0.069085930757415
"20317",-0.623583949236604,0.204397783467229,-0.11726562303979
"20318",-0.646819269415849,0.12531157507369,-0.0751069844712498
"20319",-0.731453819004235,0.221482794566039,-0.132722632848304
"20320",-0.721773234202653,0.191087876762337,-0.115098341508968
"20321",-0.707614127116115,0.228465450420506,-0.135465763750021
"20322",-0.672386632322211,0.106028653300075,-0.0694739164531827
"20323",-0.628164356684345,0.0652220596659953,-0.0454397618574285
"20324",-0.674740168149801,0.202748902396868,-0.117139615136846
"20325",-0.678112245380041,0.152187444223282,-0.0919457167254077
"20326",-0.68013246420461,0.121662560922349,-0.074568090085126
"20327",-0.720156334070259,0.193002520931072,-0.115188431286145
"20328",-0.752845561473671,0.229719429633228,-0.124851991140974
"20329",-0.776953122685891,0.269990953738675,-0.14713987479712
"20330",-0.784685201339374,0.315732719187115,-0.171679842988137
"20331",-0.688280143856053,0.197774249009074,-0.115909029957707
"20332",-0.693568488215374,0.241751751654999,-0.133694881564919
"20333",-0.704636721240452,0.254975763632415,-0.146368746568968
"20334",-0.764151771247299,0.271278107542091,-0.147276045329841
"20335",-0.731369665076187,0.192332026071413,-0.116001090102878
"20336",-0.675420732346075,0.108994850928225,-0.0686490611082464
"20337",-0.647857619435951,0.190586952538112,-0.104245387433832
"20338",-0.639719859560344,0.226953085629026,-0.121537308273965
"20339",-0.623905574383363,0.153725485527834,-0.0826397212508584
"20340",-0.589223561155161,0.221208051105337,-0.102622683456123
"20341",-0.591047793868984,0.156002693874172,-0.080645735017804
"20342",-0.61208326186022,0.172762031935613,-0.0875707534015637
"20343",-0.579833733607778,0.21660517324545,-0.108154221607948
"20344",-0.572541895224502,0.205800591470883,-0.103840079519208
"20345",-0.616579461157918,0.168619577418252,-0.0903086993150715
"20346",-0.636769838647535,0.162696763410269,-0.0911562290819851
"20347",-0.639285496816297,0.155891846383884,-0.0878302892175152
"20348",-0.661189688056251,0.145400742097475,-0.0822383172727525
"20349",-0.641784222267611,0.211737007232267,-0.115099608943645
"20350",-0.687997015671177,0.197531084406662,-0.116103431848458
"20351",-0.635085041867073,0.161148876986007,-0.0939310766614979
"20352",-0.577496049940989,0.198148699064361,-0.103113589143017
"20353",-0.564124067807151,0.147209934978407,-0.0694025405697641
"20354",-0.54857605652909,0.185076838101944,-0.0922404862998613
"20355",-0.551312041234492,0.172716377477574,-0.0913435332557027
"20356",-0.551060755484045,0.154697607415835,-0.0855151184669952
"20357",-0.587507668125475,0.130194856125563,-0.0761859386092583
"20358",-0.675852966729908,0.356395734917443,-0.194455275387216
"20359",-0.67971591588575,0.193678198628097,-0.113248843858093
"20360",-0.70252628132014,0.239731143823847,-0.13912713539766
"20361",-0.603856610331877,0.117416278477962,-0.0707220572494301
"20362",-0.621933839547171,0.111253902431728,-0.0701795594064898
"20363",-0.665991562727286,0.287155692430384,-0.160532809219539
"20364",-0.727109230842844,0.273606652575854,-0.148976505879297
"20365",-0.721316316553387,0.257639906002458,-0.148857104809815
"20366",-0.784244536263224,0.222610686087576,-0.120619885544592
"20367",-0.754917300887904,0.250023783055226,-0.135179044401939
"20368",-0.781671139445145,0.233237721619738,-0.127967181459296
"20369",-0.717380039386781,0.266525368479507,-0.144526644008864
"20370",-0.697362294161254,0.252130185040688,-0.145497194057612
"20371",-0.701557389929765,0.220394552330101,-0.116825625638649
"20372",-0.704820276169526,0.254163579769805,-0.147280045232142
"20373",-0.673059851972725,0.236049782341339,-0.136166853714462
"20374",-0.646691434203431,0.220995374345468,-0.125868291508865
"20375",-0.636783508134818,0.2332419676355,-0.13095347061713
"20376",-0.643328901351901,0.197751669118415,-0.112841359845443
"20377",-0.65874074154181,0.213738620141997,-0.122329524515379
"20378",-0.639124122483924,0.239525068598812,-0.135012663433759
"20379",-0.593651138366283,0.156595280317244,-0.0880724638070225
"20380",-0.665653144029686,0.224526776270037,-0.119318734132177
"20381",-0.695420176792384,0.166508982787937,-0.0841640912442266
"20382",-0.751135498213521,0.13990429378132,-0.073583878159659
"20383",-0.814901633749482,0.245169009434885,-0.131375601682143
"20384",-0.829263867453595,0.322319703358322,-0.175164660238134
"20385",-0.736800776661622,0.227108441410558,-0.130471352070904
"20386",-0.702732102437197,0.207290962864274,-0.123831581900513
"20387",-0.66545235570743,0.192331602794643,-0.111417960112747
"20388",-0.667737165763512,0.215381950840685,-0.120087230105723
"20389",-0.731348264251967,0.274255073270856,-0.149292007957037
"20390",-0.76253526920248,0.282825934835327,-0.152218872008157
"20391",-0.710016946152518,0.252237246201366,-0.144769986574476
"20392",-0.720811555869211,0.224090701254787,-0.119468545615979
"20393",-0.666150799481558,0.233772713720206,-0.131649749002595
"20394",-0.639539034918654,0.242331009772728,-0.1348266472812
"20395",-0.66715693370841,0.250765076274478,-0.141481079205495
"20396",-0.633858328529975,0.202080805939034,-0.113231046673193
"20397",-0.617889871099918,0.168238154168543,-0.0951324204541019
"20398",-0.630790914616979,0.180041025975589,-0.101336577031112
"20399",-0.600492136243939,0.111678777538786,-0.0694490689731425
"20400",-0.625860495337132,0.108554168771375,-0.0664557453080358
"20401",-0.475133954432535,0.156551236926665,-0.0795715226414545
"20402",-0.489936056909168,0.179012222251834,-0.0924052318178831
"20403",-0.589577811629586,0.366602891138176,-0.188932635250712
"20404",-0.672661017822426,0.308569176164858,-0.148877420852476
"20405",-0.660471727390038,0.346506913932332,-0.174853773512161
"20406",-0.631752449211858,0.253203153763267,-0.133173365337079
"20407",-0.682026192996265,0.296161437614787,-0.148290215222075
"20408",-0.654370185379242,0.256793553443792,-0.140602545767902
"20409",-0.642706051397194,0.249025791126329,-0.135387384081749
"20410",-0.605828062109102,0.173069654757968,-0.0992442080733676
"20411",-0.604961447036812,0.190365703799787,-0.10775504245053
"20412",-0.558414431279496,0.205212674641563,-0.107058388703583
"20413",-0.523079933461055,0.165774912353237,-0.0843380321833497
"20414",-0.5236197102972,0.133301985710156,-0.0718439879424115
"20415",-0.577028156112271,0.152370024086055,-0.0890853564817999
"20416",-0.569032743649303,0.0692670326606931,-0.0445159639132367
"20417",-0.539048785425374,0.175957544940056,-0.090223865303576
"20418",-0.545560473246464,0.16948910617206,-0.0804572057775629
"20419",-0.589707118190096,0.154009665580528,-0.0867087276323433
"20420",-0.593804099722248,0.142632934327148,-0.0830316020656754
"20421",-0.644485367236381,0.248902037270285,-0.137671370730835
"20422",-0.638942691300406,0.236851805491047,-0.131105040863582
"20423",-0.548354861735701,0.140924799822464,-0.0818612727362891
"20424",-0.589678926120795,0.258766985478834,-0.137419084064646
"20425",-0.657802239023105,0.323179756135504,-0.176902222951594
"20426",-0.602401006717585,0.277306527779651,-0.147063999030635
"20427",-0.594356026146014,0.298874203069262,-0.157642617226669
"20428",-0.67106485826258,0.228591448016844,-0.118151830112233
"20429",-0.655402332736056,0.254985039605585,-0.130171197572945
"20430",-0.682386214777435,0.223081277577982,-0.117124058486435
"20431",-0.633693840110645,0.269130801481615,-0.146074125971929
"20432",-0.628777951788185,0.278377892940716,-0.152198428887314
"20433",-0.642415174510565,0.379281205021118,-0.197662906168387
"20434",-0.693412490352924,0.284109519484914,-0.144817700112671
"20435",-0.659968630153107,0.316501438672499,-0.170789472741852
"20436",-0.606098912517009,0.326760606404943,-0.172436350575647
"20437",-0.634124887343432,0.307994361318089,-0.154203550796214
"20438",-0.650333573948371,0.288012832949703,-0.144916820503345
"20439",-0.653144490619078,0.354523479631706,-0.178471274927585
"20440",-0.646046898122738,0.266571881910802,-0.134105066713909
"20441",-0.669887501071092,0.194914778768338,-0.0951099070513332
"20442",-0.650502321079165,0.294264189498698,-0.147648645634913
"20443",-0.654042143433266,0.155194643749564,-0.073047288810584
"20444",-0.672616544008726,0.193062858169996,-0.0920568180466468
"20445",-0.665423086661563,0.26609216711197,-0.13397451679666
"20446",-0.656964344391092,0.149091028021398,-0.0732278074984669
"20447",-0.663284320093811,0.335222224367168,-0.169275224502212
"20448",-0.655104565128974,0.239124493003223,-0.120069552818664
"20449",-0.613953670381094,0.261841598105209,-0.14040344211692
"20450",-0.57031335609493,0.115727561486094,-0.0697522480212849
"20451",-0.526226831161028,0.0869456148929392,-0.050639988231967
"20452",-0.493465967371983,0.183944389107725,-0.098403066456095
"20453",-0.500041408065409,0.177695303839861,-0.0938565137024897
"20454",-0.4696045847218,0.178014528088431,-0.0930987830423692
"20455",-0.50542116820696,0.144741969481804,-0.0819518183591966
"20456",-0.549777417383529,0.221315856196041,-0.120268306533422
"20457",-0.512265073581122,0.119424777407582,-0.0700801596111049
"20458",-0.588146046150523,0.231621299975723,-0.120356310322165
"20459",-0.537162922770148,0.222344039997662,-0.119964581979945
"20460",-0.507530079854552,0.121025357484302,-0.0691040445489967
"20461",-0.476644730774942,0.0769731553859311,-0.0447726068461092
"20462",-0.484385314613518,0.15921614164682,-0.0860258314815334
"20463",-0.535006988649847,0.208957356494093,-0.113428233376787
"20464",-0.587460368337911,0.245273838375317,-0.133767046334194
"20465",-0.600472228432801,0.218104503489931,-0.121917017249408
"20466",-0.541871414509049,0.220372971092532,-0.116365489920207
"20467",-0.600390667111982,0.216301113600779,-0.119583178174483
"20468",-0.659566289634687,0.275134682995664,-0.147905040489184
"20469",-0.647039437053821,0.185926598074797,-0.0933365322598814
"20470",-0.759005555286213,0.183885505488501,-0.0938119081344573
"20471",-0.731519145357128,0.256066902817048,-0.133229292122985
"20472",-0.644983702247641,0.354950731209798,-0.187532589058579
"20473",-0.585613186545757,0.34636619459134,-0.180480995041565
"20474",-0.580566988678481,0.288577338103492,-0.152074734469472
"20475",-0.56266317128519,0.255451348048959,-0.134150478153795
"20476",-0.622771137080202,0.272666906594437,-0.133766608295362
"20477",-0.601808751317842,0.170842454107059,-0.0820165197486898
"20478",-0.626865279973766,0.151425609739011,-0.0717534310943993
"20479",-0.607780721829775,0.156411280994411,-0.0729137358382287
"20480",-0.634211378652729,0.177259321958742,-0.0848305198070963
"20481",-0.657040510456386,0.170095891837965,-0.0802710904666642
"20482",-0.66298100801929,0.30064771842252,-0.149571501538006
"20483",-0.667912773062643,0.177183388516959,-0.0847254270673239
"20484",-0.676125896718405,0.228695854728408,-0.114115272454819
"20485",-0.654271637199084,0.159683247618937,-0.0783557248386615
"20486",-0.648899214548402,0.161401680317945,-0.0799209155610185
"20487",-0.636286690284041,0.262459793457991,-0.137201580592598
"20488",-0.648985373367853,0.314952917032752,-0.15955251351684
"20489",-0.693014904296441,0.145598386131025,-0.0728194417500436
"20490",-0.713941504041728,0.268989819851979,-0.143994274534078
"20491",-0.724213856653734,0.218397338300846,-0.11650439264643
"20492",-0.599150554730886,0.123944662542793,-0.0725630452298969
"20493",-0.567867010428764,0.113910797375267,-0.0662680731929105
"20494",-0.515749255054779,0.210957983209309,-0.108053535373416
"20495",-0.506388238165077,0.202285777378382,-0.10533639793148
"20496",-0.53722532506433,0.135848171746794,-0.0770411411360409
"20497",-0.497439937999778,0.160432040400463,-0.0863392314416132
"20498",-0.514626502975046,0.152424135197945,-0.0853110665916205
"20499",-0.498060807952897,0.124196975031384,-0.0684275447358353
"20500",-0.51295976448618,0.0750959002700531,-0.0460028511628458
"20501",-0.492096045163812,0.188872647719877,-0.0999420732206168
"20502",-0.457283245314446,0.273689258071602,-0.138294242242887
"20503",-0.581434522921065,0.197475923503999,-0.110552567235251
"20504",-0.601080479924029,0.215566396235689,-0.117235500445413
"20505",-0.505673803954286,0.13649416450862,-0.0733415448853468
"20506",-0.496328768610598,0.239119696701833,-0.108739557067234
"20507",-0.491449064309324,0.23613785548049,-0.106272804739038
"20508",-0.476505568586429,0.181733461414889,-0.0927988249441408
"20509",-0.471276835247365,0.138552142899447,-0.0725697533782607
"20510",-0.471914141132247,0.166066458443501,-0.0858812033022756
"20511",-0.46752708759395,0.204219826508804,-0.104031379750768
"20512",-0.471633656997762,0.162208034859053,-0.0811485947644517
"20513",-0.465499562412766,0.443776195559519,-0.194079800293893
"20514",-0.436578435612287,0.220841361972277,-0.11282881801074
"20515",-0.446573274322348,0.245918432645207,-0.122515152337511
"20516",-0.479632746275925,0.226780776893764,-0.119119246270014
"20517",-0.486045358379802,0.205985927675668,-0.107957820967949
"20518",-0.548452818853581,0.296622316294359,-0.151452509178134
"20519",-0.551067069642291,0.223227260470723,-0.120771185800953
"20520",-0.538503981977285,0.299954765305504,-0.156198194126551
"20521",-0.490421323505865,0.186300023698241,-0.0991596854865963
"20522",-0.501135819295664,0.231324518559939,-0.120082918059734
"20523",-0.49080470891718,0.242736680862369,-0.123953865152483
"20524",-0.502217131522352,0.258757936805904,-0.132703216079955
"20525",-0.525572048507237,0.32521587403625,-0.16570627543677
"20526",-0.606908455737213,0.255905531827395,-0.12683139406833
"20527",-0.628842525330045,0.227212937427862,-0.12123240327579
"20528",-0.554388657332604,0.116916476667936,-0.0707496486559081
"20529",-0.517474738748997,0.155955733132446,-0.0850948033906496
"20530",-0.50890249426266,0.208429331016027,-0.106803427203765
"20531",-0.453252727675599,0.19406578885764,-0.0982382978062276
"20532",-0.459750796453597,0.261442964354072,-0.130562658798837
"20533",-0.440415366899672,0.180156517008193,-0.093574112411095
"20534",-0.451622520806262,0.205241912629724,-0.1063879612797
"20535",-0.46825150068431,0.245114220259975,-0.124120493563301
"20536",-0.506621270706426,0.159712516786893,-0.088500805984507
"20537",-0.571558274613933,0.375488478651016,-0.19427355461123
"20538",-0.545790093077551,0.174157907641627,-0.0945775129089348
"20539",-0.500083547233499,0.155925143721602,-0.0717039823827165
"20540",-0.467273467657989,0.305856889855157,-0.136122415336365
"20541",-0.462662167308475,0.359015135430314,-0.159159654524405
"20542",-0.405267512947714,0.251926490555888,-0.117970936016315
"20543",-0.428898611743027,0.143876932219175,-0.0738726310429192
"20544",-0.466392150886934,0.149902506534655,-0.0823455096908071
"20545",-0.481102568975492,0.206636171890815,-0.110290103923864
"20546",-0.504962081541003,0.251578559982533,-0.131955935824269
"20547",-0.552837612160679,0.262210264637417,-0.13848277452531
"20548",-0.549163782553288,0.207290256677004,-0.111172829748365
"20549",-0.579731804015932,0.264407832911116,-0.138398739363046
"20550",-0.599957888939248,0.202688065847247,-0.112593836882874
"20551",-0.630465659258432,0.234188068292671,-0.124002054440074
"20552",-0.609903331491401,0.298323280159523,-0.158789613533914
"20553",-0.590832678001714,0.299061067377251,-0.156349217848042
"20554",-0.435650465685179,0.149147757103611,-0.0782006626753602
"20555",-0.439176851301292,0.186537262538326,-0.0972992356465372
"20556",-0.41208921536668,0.14071415967714,-0.0716636232403258
"20557",-0.384235984890692,0.221121764134691,-0.106072635319388
"20558",-0.383171656371598,0.182408233140663,-0.0878395129931015
"20559",-0.441772293877742,0.265034682137518,-0.13268328649754
"20560",-0.438210674984605,0.235261855062465,-0.118558381029902
"20561",-0.5414209577525,0.28844940150203,-0.133202194595648
"20562",-0.543565695997284,0.330209398180653,-0.166601951964405
"20563",-0.524111651944413,0.360976445385965,-0.181515756030228
"20564",-0.499471796695904,0.305009205177346,-0.153906563254077
"20565",-0.504365052107139,0.329845902674199,-0.16619085318069
"20566",-0.472248959018351,0.237690942696979,-0.118804424858415
"20567",-0.396003638941733,0.281169866902458,-0.129623914816986
"20568",-0.365687750534451,0.25296101576713,-0.114396710943353
"20569",-0.414044151253026,0.130264021194035,-0.0662489033870062
"20570",-0.459679263610371,0.127885651271923,-0.0684813225952157
"20571",-0.527774448607479,0.201894377401595,-0.108548364122333
"20572",-0.501542118289757,0.165013576356263,-0.0888985733576431
"20573",-0.490821002628974,0.107851288493435,-0.0612699825276786
"20574",-0.460062279992794,0.14244408674737,-0.073405603709487
"20575",-0.458210784121961,0.139927821023632,-0.0718209720976983
"20576",-0.444051207807734,0.246825927538782,-0.119278656184919
"20577",-0.437353159074831,0.18586303172563,-0.0929442063936173
"20578",-0.466578963457196,0.148417528491555,-0.0817732565857864
"20579",-0.464181886221044,0.19872729676111,-0.103559265680291
"20580",-0.502596286163844,0.26065444087858,-0.132100455488694
"20581",-0.459549795073321,0.125040595317337,-0.0687002234031585
"20582",-0.525983342404739,0.225341802152349,-0.119726912268294
"20583",-0.549249842798341,0.246835894643462,-0.131705609472772
"20584",-0.515595422629266,0.247528604505013,-0.131118377129358
"20585",-0.48994061478821,0.21238883781652,-0.11148802332559
"20586",-0.484014098718566,0.168437541476395,-0.0906508650223911
"20587",-0.447627903941816,0.106602182605888,-0.0587781858159386
"20588",-0.424138487009665,0.151580503894239,-0.0788715419514664
"20589",-0.444469241031227,0.180873467306269,-0.0957496727430151
"20590",-0.443142431464265,0.126989782689906,-0.0692798250276971
"20591",-0.414181876106877,0.147393759010845,-0.0750537980824474
"20592",-0.382685168605869,0.23148916005202,-0.110408889183182
"20593",-0.389167999118897,0.214243803755917,-0.105870722137254
"20594",-0.422444675815344,0.234439964420152,-0.117544416891912
"20595",-0.445416173773909,0.286107425163815,-0.144937185542209
"20596",-0.534845871564283,0.28645751322296,-0.131561460644681
"20597",-0.664162670120963,0.217849221292941,-0.097375149184239
"20598",-0.656026575386052,0.204385062639563,-0.0961957813204264
"20599",-0.660272665860101,0.202358655836089,-0.0966744954493794
"20600",-0.659202308082501,0.330646372896984,-0.166826119670423
"20601",-0.671394069541904,0.32392057307233,-0.16193178370509
"20602",-0.530344136792044,0.198020344326033,-0.10330805160937
"20603",-0.406838585564935,0.245252729522381,-0.121243048711679
"20604",-0.389480947296462,0.154247820640146,-0.0770742472336507
"20605",-0.477673109291878,0.307571640027424,-0.140831138744255
"20606",-0.570430613627151,0.30200715237238,-0.135467823272565
"20607",-0.611092876299934,0.159306585498003,-0.0729821964892461
"20608",-0.629340330965197,0.302762308011193,-0.147693136511152
"20609",-0.500025792662769,0.230013066779462,-0.120933119226035
"20610",-0.443615426993749,0.175855824857652,-0.0895051099364539
"20611",-0.426885647771858,0.19372606343326,-0.0960910351848554
"20612",-0.440012590932057,0.221397649165793,-0.112106677081271
"20613",-0.434812132926316,0.229728994761202,-0.115864534245191
"20614",-0.407678556296554,0.175473920802148,-0.0873129266094936
"20615",-0.374846699551213,0.161884757169127,-0.0838618353126595
"20616",-0.346465486487894,0.1611603028994,-0.078160750725262
"20617",-0.341088357288029,0.152477372805112,-0.0789148800873968
"20618",-0.38858752537665,0.131053863488369,-0.0679149640927927
"20619",-0.413226254070772,0.177940840020138,-0.0902385270553895
"20620",-0.40588328623651,0.151450631596053,-0.079181701053113
"20621",-0.418860787621987,0.178888689145294,-0.0909782999619487
"20622",-0.359395934869833,0.135752867081831,-0.0668150158220956
"20623",-0.380157621696084,0.240204812361493,-0.114444695946556
"20624",-0.415296619059413,0.219077873012421,-0.110323191231841
"20625",-0.443609392224685,0.166608363062133,-0.088806068978368
"20626",-0.461619928664865,0.226704880877955,-0.116148094403598
"20627",-0.447912881695023,0.181656517404501,-0.0958340821509007
"20628",-0.473517447657408,0.271137948493387,-0.136732427049435
"20629",-0.524643759616144,0.215172508053035,-0.105620402712946
"20630",-0.463921368422279,0.124374274367141,-0.0705092496935855
"20631",-0.433064571396151,0.177815817895974,-0.0934202515353621
"20632",-0.427472503134312,0.0804726523871537,-0.0445025332813283
"20633",-0.475894256145255,0.263241384169998,-0.135416428668495
"20634",-0.556424482422962,0.179862037138686,-0.0859075101951387
"20635",-0.55637530360281,0.261286986956282,-0.136229256545114
"20636",-0.480490215088689,0.180901667983569,-0.0929048190120056
"20637",-0.442171347637712,0.211145395015958,-0.108316020783528
"20638",-0.438932866074443,0.214643246414317,-0.109295875830269
"20639",-0.415652715738495,0.170399899724543,-0.0849602624705289
"20640",-0.390523321160612,0.147034642158996,-0.074943241155297
"20641",-0.394725089448621,0.19881960356166,-0.102394570861522
"20642",-0.427824068850018,0.14876318293996,-0.0793905596071564
"20643",-0.434286061944124,0.169212540200345,-0.0879723833150441
"20644",-0.43360801714089,0.193733682356179,-0.0998525652142834
"20645",-0.453362670689939,0.198982908802833,-0.103507389655924
"20646",-0.421067870473721,0.128709541074678,-0.0708965253727228
"20647",-0.463775007041044,0.308255405797422,-0.153264239608704
"20648",-0.466676978814586,0.220258279670367,-0.103405617677281
"20649",-0.482350107245518,0.285429237410229,-0.143322901930357
"20650",-0.470625309140582,0.226383212583212,-0.114849688495131
"20651",-0.451409348433246,0.201636287455407,-0.0968161220028063
"20652",-0.51317963724335,0.178864363170494,-0.078481587963693
"20653",-0.550233137873722,0.162227081801216,-0.0728090471373807
"20654",-0.471932674240384,0.303413897098982,-0.142969534885647
"20655",-0.444313076529114,0.30775947717711,-0.147137694174902
"20656",-0.444360667489476,0.245220527082393,-0.112480450261365
"20657",-0.416295738910241,0.399237719134833,-0.186720133883497
"20658",-0.420515750666526,0.367300124528334,-0.16492237942986
"20659",-0.507407853125702,0.398735416794365,-0.170149536388848
"20660",-0.515794251844948,0.369470798506989,-0.157956508987909
"20661",-0.482240523617054,0.271600091430863,-0.112123083912098
"20662",-0.532568783579602,0.422404164645143,-0.179611646899958
"20663",-0.544229567685946,0.508813087859721,-0.220399209747197
"20664",-0.529855247291319,0.436442803159598,-0.18615140039059
"20665",-0.477045497324829,0.34445378583898,-0.143475697450624
"20666",-0.478256943742624,0.368440624969587,-0.152059497096937
"20667",-0.559359438306112,0.642256530772267,-0.279618639390196
"20668",-0.585250970200384,0.793494145433942,-0.348599503901933
"20669",-0.568266728528154,0.788039264181539,-0.348204963583078
"20670",-0.560093399944212,0.623763950314419,-0.274465112830981
"20671",-0.572126571696371,0.687557226933968,-0.300549790429407
"20672",-0.543072420935799,0.452475327456862,-0.195320403608029
"20673",-0.501769802321436,0.215504530540837,-0.0883593813702101
"20674",-0.425901281216735,0.215563942808158,-0.0832448346225233
"20675",-0.406763951454998,0.185696467061235,-0.0734800792459613
"20676",-0.41117258768288,0.247402996634505,-0.0980302819541522
"20677",-0.453183476910386,0.238071233819347,-0.0941360005039144
"20678",-0.439985205611332,0.211827814813504,-0.0843541969663064
"20679",-0.439418158725236,0.206043450557686,-0.0861101781269603
"20680",-0.515645526953024,0.271661948456502,-0.11343853116041
"20681",-0.48898291576118,0.172565048299477,-0.0714854193611906
"20682",-0.496455306891674,0.161801337186339,-0.0671412205910212
"20683",-0.478631099684018,0.169321684868811,-0.0688044671999193
"20684",-0.502615937774807,0.168119493763068,-0.0704528548678567
"20685",-0.52687104491182,0.222587156058621,-0.0961869302508445
"20686",-0.52741856302242,0.200767033970358,-0.0859204463401682
"20687",-0.564829921994651,0.277109672820091,-0.122303812685631
"20688",-0.486697961236041,0.269609880862767,-0.133376346944265
"20689",-0.505125975043996,0.21327408731305,-0.0904567313804013
"20690",-0.499919533950933,0.165776290858412,-0.0682076111363116
"20691",-0.516989680399122,0.281931656511333,-0.117963951923292
"20692",-0.497057655895642,0.163154980689219,-0.0667309294282825
"20693",-0.462238812727447,0.166087924155405,-0.069771558689354
"20694",-0.517778203556505,0.211533084298005,-0.0900861297686688
"20695",-0.558425363037489,0.231803489888216,-0.098357454675498
"20696",-0.561499333419376,0.155990524825204,-0.0677623576473104
"20697",-0.503562496327954,0.165189349239187,-0.0695623523372954
"20698",-0.497597085587042,0.269396881588937,-0.135252666166608
"20699",-0.504151907722178,0.188628099577812,-0.0861031795758713
"20700",-0.425286006298477,0.174662706723994,-0.0911753602601388
"20701",-0.399870443935121,0.132032404449094,-0.0661620034769903
"20702",-0.366133311395213,0.148990539662933,-0.0720872231353605
"20703",-0.395296019989446,0.168393465357252,-0.0844273423918316
"20704",-0.401736671343727,0.178683359615542,-0.0915863408286025
"20705",-0.382913165618913,0.0851048238985906,-0.0463123345664984
"20706",-0.379669190601249,0.155534402868497,-0.0786787142951209
"20707",-0.349873450161252,0.190999576345754,-0.0915446657563176
"20708",-0.372621775688038,0.198291458494709,-0.0997732967493264
"20709",-0.351152206418615,0.225410986275052,-0.106634423321578
"20710",-0.421633244872681,0.175238303160792,-0.0731929440958914
"20711",-0.462913004035316,0.189831816068161,-0.0757045066625172
"20712",-0.471697772846004,0.244981488452264,-0.0969143973228261
"20713",-0.507255710685888,0.338656061646915,-0.13897192260332
"20714",-0.474823310369259,0.240872740760885,-0.0955793745944043
"20715",-0.426795651077535,0.175332456181619,-0.06536476877307
"20716",-0.461950546716287,0.275786396026298,-0.108579779256978
"20717",-0.56637147992849,0.616054347999281,-0.269918073002381
"20718",-0.569653208624353,0.727434056512706,-0.319183163202734
"20719",-0.56193349712636,0.512994547637075,-0.22680766277101
"20720",-0.555452393121933,0.372858719155391,-0.164756985923929
"20721",-0.544824385973216,0.386672136714054,-0.16744982609769
"20722",-0.524373163918023,0.301547727807652,-0.125319223155688
"20723",-0.482050066539815,0.194645637619964,-0.0786961834570111
"20724",-0.513546600756862,0.191308597754893,-0.0789622094220104
"20725",-0.405289990761581,0.168417798156521,-0.0650708719953774
"20726",-0.319120177971059,0.23537809904027,-0.110069419408594
"20727",-0.296100316623294,0.254818193314423,-0.116500105989156
"20728",-0.303891306143377,0.213168107895166,-0.0876999770579786
"20729",-0.243389044841531,0.4239004436108,-0.171516788678102
"20730",-0.240827135451641,0.377879856045725,-0.154895552810932
"20731",-0.258273414008025,0.205645723545556,-0.090941436690845
"20732",-0.31975797811175,0.24496037080333,-0.112148310757209
"20733",-0.29773911278167,0.161672691580526,-0.0767989228198938
"20734",-0.302669802785175,0.184317616724686,-0.087848203653964
"20735",-0.352713441250102,0.221055979776077,-0.0946539279919832
"20736",-0.351839994171997,0.252582933603571,-0.108108251191125
"20737",-0.297213751043062,0.215775012619313,-0.0997866786375402
"20738",-0.350575393010091,0.258671869506941,-0.110238910913547
"20739",-0.322964587951065,0.224632619842464,-0.106337173501507
"20740",-0.328607238737376,0.205761983721197,-0.0864283281113774
"20741",-0.297631239279136,0.147837201627126,-0.0712167934181815
"20742",-0.357696367758379,0.224879886326329,-0.0969010788154812
"20743",-0.330881261878515,0.169332148086679,-0.0832495623078962
"20744",-0.334602733895069,0.159652922854863,-0.078262082811894
"20745",-0.335822651022868,0.135152715589562,-0.0669848525400152
"20746",-0.390640450331635,0.190881053993123,-0.0848204648854573
"20747",-0.45483732410077,0.183587675615205,-0.0767238679579558
"20748",-0.475217119715338,0.208699047880304,-0.0958294781088701
"20749",-0.516198661329167,0.182273627773899,-0.0827557196035041
"20750",-0.465678444834432,0.245614555258799,-0.111727868152472
"20751",-0.374188631283877,0.18265260360544,-0.0888102838981096
"20752",-0.341553701881278,0.261249901421654,-0.125015793979873
"20753",-0.28997519258944,0.722718227838237,-0.29815147851062
"20754",-0.246839310591421,0.74098695684821,-0.292819512088635
"20755",-0.264191830017578,0.626332708584934,-0.254132900873835
"20756",-0.330725080913255,0.257201109277653,-0.115499141860645
"20757",-0.362005592421021,0.339493649789392,-0.141722221575884
"20758",-0.42266521502594,0.200141387190651,-0.0752320466190069
"20759",-0.390156695744839,0.196775182441137,-0.072066552855939
"20760",-0.326053032827908,0.239834952611688,-0.0927839214026244
"20761",-0.32877625503577,0.220137296803218,-0.0846890296237835
"20762",-0.325504716788673,0.226578557079505,-0.0870280673302058
"20763",-0.321708098389649,0.193315139772619,-0.0735697836194326
"20764",-0.26710192996303,0.152536245043788,-0.0722896502983659
"20765",-0.322312870366603,0.254377087350516,-0.105803316373835
"20766",-0.349223479901582,0.191234428013242,-0.0749653881478386
"20767",-0.461457743580909,0.289511070461547,-0.115581662824305
"20768",-0.428336677491719,0.231512957750849,-0.0952599422895669
"20769",-0.437414049359319,0.193509200062529,-0.0750211748617456
"20770",-0.422007862527503,0.168751432600157,-0.0658326845436909
"20771",-0.459269285566478,0.165273015713985,-0.0639281405707949
"20772",-0.449430298433213,0.169709128102429,-0.0656411748841833
"20773",-0.384503157063255,0.225673606317394,-0.0884186966704103
"20774",-0.378687883161189,0.214857474952419,-0.08230450889009
"20775",-0.303870156768385,0.343522794614517,-0.152288012208321
"20776",-0.276953616934522,0.193153885994328,-0.0876312265715236
"20777",-0.262704414507675,0.265651768037632,-0.112520446380443
"20778",-0.229746776956887,0.603813338504447,-0.234067968666762
"20779",-0.224318677122265,0.726304472243719,-0.278327678266256
"20780",-0.20309279103204,0.785539303415524,-0.298658900601611
"20781",-0.214180223818148,0.571633282183869,-0.229755472339134
"20782",-0.242977442613094,0.422632750639052,-0.181615706942085
"20783",-0.275670178913407,0.158528527223216,-0.0783891458706266
"20784",-0.312557946678724,0.276305304740121,-0.127220798188792
"20785",-0.348496461946835,0.248358382983611,-0.105278780747486
"20786",-0.368115057124446,0.174057515250461,-0.0683419583632955
"20787",-0.302482717694037,0.139066250179677,-0.0681996235328619
"20788",-0.302865541202592,0.149531201584927,-0.0728086348429965
"20789",-0.329785002304327,0.208253047977005,-0.0871725458218883
"20790",-0.285013848623017,0.202986898201165,-0.0947184851344376
"20791",-0.265364963581387,0.187925718429178,-0.0839043313991081
"20792",-0.257192232055596,0.202435224661818,-0.0909410409212839
"20793",-0.351689484038149,0.262456160627524,-0.0974734175611129
"20794",-0.532037690038869,0.558174693423085,-0.238078178557724
"20795",-0.618066484510276,0.576766314774787,-0.255092146198246
"20796",-0.531907783189882,0.319403810384722,-0.136198951377562
"20797",-0.460357022378679,0.226624090720137,-0.0921668364537443
"20798",-0.372229258646452,0.22655431037753,-0.111126021688159
"20799",-0.319824154481788,0.295151512815429,-0.132602227591871
"20800",-0.280331646495411,0.265466209309282,-0.120488872997024
"20801",-0.250979536688415,0.268760258007635,-0.11960103486168
"20802",-0.23325115775446,0.453213399756383,-0.19222438101352
"20803",-0.235271709882598,0.339507061006604,-0.147111439789318
"20804",-0.243297748455681,0.312227242188074,-0.134773202641513
"20805",-0.277713324063693,0.2668193405934,-0.117480911595242
"20806",-0.332470495850126,0.328053751495249,-0.12823296183598
"20807",-0.344739114202179,0.263712788186133,-0.100004375403158
"20808",-0.414595829949121,0.294098103711726,-0.112454472524948
"20809",-0.31267646940114,0.289944961296113,-0.133576403000083
"20810",-0.337727489727514,0.208751138970244,-0.08064746148353
"20811",-0.354853126385331,0.221908261110393,-0.0871210729932855
"20812",-0.323633685570271,0.222265762002277,-0.0869679563746408
"20813",-0.247572069392833,0.195374404097639,-0.0867327666114747
"20814",-0.240973191929263,0.146542420949028,-0.0661802001488397
"20815",-0.227001989108221,0.210269129230008,-0.0957876438866894
"20816",-0.23181759105348,0.161918037277798,-0.0773085747947895
"20817",-0.216316538145109,0.223997548861733,-0.0958103812025281
"20818",-0.261107936416295,0.142497376053928,-0.0676006529845105
"20819",-0.329223925998251,0.177233086880295,-0.0666632913352872
"20820",-0.370617092049516,0.181758225481327,-0.0669356890384171
"20821",-0.419000040794933,0.239515864299912,-0.0907734395131741
"20822",-0.43650839029012,0.197353374833256,-0.0749260365415281
"20823",-0.420071226449895,0.19404409652906,-0.0756627289994918
"20824",-0.32013271124547,0.246746447209565,-0.10790328377844
"20825",-0.327554367367922,0.284155681233878,-0.133825403384045
"20826",-0.330490565310661,0.234402413613123,-0.106824728321266
"20827",-0.284634691478425,0.149267239159692,-0.0696760898860476
"20828",-0.263577650513886,0.095447996319134,-0.0466061570984325
"20829",-0.278189448541443,0.273377999384699,-0.122219237237647
"20830",-0.289972432884292,0.262636253145072,-0.114805908005387
"20831",-0.350973945025665,0.247644941745565,-0.0933847599663481
"20832",-0.298485578008556,0.183356004180742,-0.0702958505340959
"20833",-0.266058775356275,0.264981280842801,-0.109332622401813
"20834",-0.247790918230095,0.204051928950971,-0.092005205715128
"20835",-0.249855010592724,0.19369470512644,-0.087117089858915
"20836",-0.250317871086146,0.200216747027401,-0.0898270798985885
"20837",-0.254909451134051,0.220022078511704,-0.0990888919275729
"20838",-0.277660863050585,0.241319364323865,-0.108356848955721
"20839",-0.224403960568869,0.268488373078243,-0.116522526139885
"20840",-0.227362530013665,0.296719788379436,-0.127818226825815
"20841",-0.214794262553466,0.337911020772513,-0.136697372065511
"20842",-0.189999190238699,0.408887932375952,-0.164572556847732
"20843",-0.238029024609726,0.395647216461526,-0.165589966760427
"20844",-0.271964406435549,0.305063836641542,-0.120896340139049
"20845",-0.268418141408493,0.318724155006455,-0.13854169196458
"20846",-0.324728759254891,0.346798124179507,-0.143035555025982
"20847",-0.322831464275517,0.255056134108171,-0.105566437668091
"20848",-0.321377355973042,0.223986849182936,-0.0957231893666699
"20849",-0.317561499947769,0.225689651232446,-0.102947233295585
"20850",-0.292149076794905,0.143402805512303,-0.0680552314269168
"20851",-0.329765529405929,0.193322127972217,-0.0803637789542193
"20852",-0.321477157073654,0.198491874710249,-0.0957228874161625
"20853",-0.313494892855752,0.0910227605191711,-0.0463508697576654
"20854",-0.314799011366017,0.285157178756161,-0.131196730768679
"20855",-0.309802097575803,0.340757731938244,-0.153541465343966
"20856",-0.285512626351636,0.395255638461143,-0.170784498011569
"20857",-0.259999119708182,0.320543933048401,-0.139219433612441
"20858",-0.239901534980496,0.332753936488733,-0.142586919859136
"20859",-0.220777146836204,0.190311354904846,-0.0835158305542983
"20860",-0.23296269570411,0.233247805259023,-0.0892094666226792
"20861",-0.216966370143908,0.186594208102028,-0.0775571291241654
"20862",-0.267770338132995,0.182377464892165,-0.0646003871736495
"20863",-0.232589281307253,0.203115123299561,-0.0723028465556737
"20864",-0.25100566662379,0.260042504345115,-0.0967865639782894
"20865",-0.265554416379957,0.208436744246699,-0.0738321045902565
"20866",-0.243266977547152,0.195128520626241,-0.0710673774078216
"20867",-0.30775215767943,0.203843693046791,-0.069793987954173
"20868",-0.339684979146595,0.264153689731581,-0.0955230376213266
"20869",-0.351988910103687,0.240008738152242,-0.0858484636358609
"20870",-0.389835207149472,0.271051118342533,-0.0994456193282374
"20871",-0.308441014178144,0.222264455374976,-0.0829670062405641
"20872",-0.35009782541648,0.200500766703976,-0.0714113112367147
"20873",-0.396794095642852,0.281287800401557,-0.105975961785199
"20874",-0.349795562161843,0.193115253784218,-0.0708910475548232
"20875",-0.38155390358804,0.206514412842709,-0.0733463534130725
"20876",-0.367332346182865,0.198304713980187,-0.0729149539849084
"20877",-0.318961294593405,0.231632530760353,-0.0860336062188709
"20878",-0.287548901287068,0.224976376471162,-0.0943828558199926
"20879",-0.249060344920531,0.200288392102949,-0.0918324905258567
"20880",-0.262697348928764,0.249791374700144,-0.0996650980347979
"20881",-0.271732198106203,0.287446237231221,-0.127366966383086
"20882",-0.231745614774485,0.290708116448385,-0.126987443053109
"20883",-0.220318504595887,0.264841914495079,-0.12039808806692
"20884",-0.230811183779708,0.213512589398659,-0.0973611556710031
"20885",-0.255044392489878,0.198525815221959,-0.0903714068983242
"20886",-0.23846763380303,0.271699001056402,-0.120359369291328
"20887",-0.225229142554337,0.306316036832306,-0.132335136982517
"20888",-0.200134085677504,0.272720307317174,-0.11648716505712
"20889",-0.18637951335035,0.317318305660008,-0.137447463309489
"20890",-0.20122265868542,0.180620055109265,-0.0778018654956821
"20891",-0.194684127242233,0.212002590581749,-0.0947086419486772
"20892",-0.210296865877738,0.261855841993527,-0.111925656061607
"20893",-0.307656653798455,0.244292424748722,-0.0918984905679047
"20894",-0.373626300130732,0.19975294909574,-0.0713736979263544
"20895",-0.331030265313874,0.200666060111854,-0.0763760477687689
"20896",-0.34147922161642,0.174167063972928,-0.0634363506536278
"20897",-0.344230018999577,0.1725893085822,-0.0616686083961467
"20898",-0.316946625642515,0.17507983437617,-0.0612758292717196
"20899",-0.326894665032617,0.273112786405037,-0.101276199883358
"20900",-0.320699979563169,0.22175789749911,-0.0815981387009226
"20901",-0.334769497494912,0.198579651610767,-0.0690066306179568
"20902",-0.268656502751047,0.185451708902637,-0.0696645311305038
"20903",-0.23715179095272,0.209429092433996,-0.0942549224670801
"20904",-0.221751567634899,0.145390307368833,-0.0668707457144244
"20905",-0.291567600793678,0.180745384156496,-0.0659407492128486
"20906",-0.340886009379568,0.18310521867983,-0.0644355587870744
"20907",-0.284530926367197,0.229175694877078,-0.0868641477875608
"20908",-0.280435151961469,0.225531088130115,-0.0896184974435778
"20909",-0.299307409996714,0.250301935790221,-0.0950740437954717
"20910",-0.269361256897943,0.269318472609516,-0.106891564241897
"20911",-0.402264888465362,0.460296226723869,-0.1738438635523
"20912",-0.353068037615188,0.373433742422391,-0.134968112481091
"20913",-0.309936001890696,0.278548899386095,-0.0946354115234655
"20914",-0.236018431079173,0.299676459106702,-0.103416688031516
"20915",-0.226777661102631,0.202551363371464,-0.0645934496901901
"20916",-0.229331830859839,0.210462847457161,-0.0708904918386881
"20917",-0.28526087547622,0.230240609807611,-0.0739447592772529
"20918",-0.285940503311427,0.207017086321189,-0.0663585617566083
"20919",-0.347736028230847,0.319215859347044,-0.111764668771665
"20920",-0.254820931424348,0.218217352376502,-0.0736033456565545
"20921",-0.275726991635105,0.3177208242686,-0.107804193559237
"20922",-0.313644962204904,0.27187916722889,-0.0870031732544883
"20923",-0.350242710835484,0.546199962981139,-0.198864096715085
"20924",-0.338063269469001,0.349853352469165,-0.126072696142873
"20925",-0.308650876556752,0.270816010792121,-0.0922075153837001
"20926",-0.299897199199434,0.33431789581051,-0.117371617313274
"20927",-0.310516287492712,0.296764963392278,-0.104642721758918
"20928",-0.256427061269077,0.232353838409527,-0.0799102220899545
"20929",-0.216856335254728,0.253729138904437,-0.105041556027771
"20930",-0.206744167483003,0.246867802030767,-0.106058321453797
"20931",-0.17927607577514,0.302699647887428,-0.127541679329065
"20932",-0.169983464215746,0.337523134152485,-0.136729876547353
"20933",-0.16128521036877,0.387777494694205,-0.148739879076697
"20934",-0.165724050133879,0.37646226292724,-0.149634604368289
"20935",-0.207724972974401,0.269504609007441,-0.112515196590913
"20936",-0.236991986175178,0.308369886744177,-0.119150498327571
"20937",-0.297613445824436,0.201404554027272,-0.0745944484396638
"20938",-0.305608229535217,0.178708553079672,-0.0706086589201802
"20939",-0.293230572225977,0.310122358029108,-0.140079034272871
"20940",-0.225184986320942,0.121615492527383,-0.0559360166221228
"20941",-0.204819003323704,0.253066363074954,-0.110351227016235
"20942",-0.184464219145864,0.216854913191252,-0.0904209446197905
"20943",-0.253249939769579,0.404777053275722,-0.160538096636248
"20944",-0.266988367610978,0.309816568507838,-0.119290742758407
"20945",-0.246416154565443,0.294097681822898,-0.123806125018468
"20946",-0.259927983714241,0.330640921699097,-0.138766793805413
"20947",-0.254696867950344,0.248609916441408,-0.102253519718255
"20948",-0.24227732812189,0.187544247228839,-0.0681335391142517
"20949",-0.235012212419711,0.214193299633399,-0.0784098435563041
"20950",-0.221051815246162,0.2439404855677,-0.0944144482239426
"20951",-0.32165732938418,0.206392826982213,-0.0708218530050679
"20952",-0.386604159258517,0.240939232503303,-0.0868359608982471
"20953",-0.300490622710484,0.194708356941405,-0.0671466634007896
"20954",-0.260849144442622,0.181114339747984,-0.0676446675362809
"20955",-0.199627020489195,0.192560207737913,-0.0840685549428114
"20956",-0.178908057946877,0.134102927402035,-0.0595892127304323
"20957",-0.145708284276242,0.10515547015563,-0.0468536884942471
"20958",-0.133385495520953,0.299775784709925,-0.116655151946301
"20959",-0.12922156716394,0.233616815313231,-0.0946224762484207
"20960",-0.15826116756952,0.219042569261241,-0.0911092887144121
"20961",-0.150059853826834,0.204153462727467,-0.0847513877977751
"20962",-0.288208025355999,0.197220134537394,-0.0670090049524688
"20963",-0.238385098623066,0.292250084380487,-0.110861999555461
"20964",-0.192296541750548,0.241601469309782,-0.0894971911042864
"20965",-0.194116760139738,0.254083796234865,-0.0935299972592314
"20966",-0.211765941133278,0.208619780580986,-0.0834350011991516
"20967",-0.221841309924313,0.214617221911362,-0.0789702561091081
"20968",-0.188706381429875,0.188495889082987,-0.0627227502261684
"20969",-0.184217353070326,0.174041331296971,-0.0755530640556622
"20970",-0.148444971442832,0.184992828069766,-0.0768916120128934
"20971",-0.177107749948277,0.158350423373644,-0.0695167309074643
"20972",-0.16991730107161,0.146890760935236,-0.0681108612116613
"20973",-0.176063902194463,0.247131704010485,-0.091545146186886
"20974",-0.278236341541831,0.186631123060345,-0.0598791000141077
"20975",-0.244886432322458,0.235677414000067,-0.0878575523944911
"20976",-0.240190120265768,0.253418198575576,-0.0938354028156211
"20977",-0.245759891066185,0.199298184012988,-0.0653124530326002
"20978",-0.219031032891169,0.183037534393582,-0.0643685548288457
"20979",-0.220072113265443,0.18460554970987,-0.0608385297413143
"20980",-0.232871901909066,0.231987580219803,-0.0800407767509061
"20981",-0.20751787283887,0.23885410979782,-0.0909645902712167
"20982",-0.147535012747414,0.145541919679183,-0.0658524014327885
"20983",-0.122835145953948,0.273978166692484,-0.107962350577509
"20984",-0.125308265439607,0.272072158961311,-0.110926819471499
"20985",-0.154439928866695,0.24480387969378,-0.0874515959062334
"20986",-0.20098009438706,0.23747504776192,-0.0778122292522118
"20987",-0.189724715147748,0.28783576099622,-0.115868361678321
"20988",-0.190113966923261,0.297588809451074,-0.119753917412462
"20989",-0.167907345397877,0.257035059893491,-0.101792955050946
"20990",-0.211338932380469,0.295935997351777,-0.103417619701489
"20991",-0.182347617855226,0.293394819783532,-0.117249493131212
"20992",-0.161382318252743,0.250698948965443,-0.103801705872839
"20993",-0.151044435730137,0.289229183282492,-0.120994369562681
"20994",-0.169245584868614,0.262924150522715,-0.107512105831694
"20995",-0.156616173543881,0.264236843189529,-0.104873747805285
"20996",-0.158075172079319,0.343923244280027,-0.137362996124523
"20997",-0.174581899422924,0.249242109780912,-0.104285193317721
"20998",-0.197064850291329,0.10038584849042,-0.0461433529937032
"20999",-0.272994958877081,0.259616213050689,-0.09511418547351
"21000",-0.228121145840761,0.141014337671223,-0.0639250248172166
"21001",-0.197711016911324,0.358234783620034,-0.147827530597847
"21002",-0.181561888986481,0.326713653725892,-0.135355744697312
"21003",-0.171669390287263,0.345769602697765,-0.141307447633202
"21004",-0.14334267396222,0.258381331719767,-0.10754035352685
"21005",-0.149357314318422,0.434460501125432,-0.168440785796575
"21006",-0.110940235303994,0.61995416124394,-0.227677443515723
"21007",-0.12070761149124,0.456496352728962,-0.174647180323631
"21008",-0.120535112358906,0.363935287238859,-0.142700334278357
"21009",-0.10562500384163,0.59201330376117,-0.218666631504806
"21010",-0.104586426783716,0.404127741656314,-0.157629628841364
"21011",-0.138312649896627,0.252640278907732,-0.10116093823169
"21012",-0.251386730504531,0.26965017285278,-0.0878919657075445
"21013",-0.0985743681709789,0.164018883718262,-0.0672933779305353
"21014",-0.125911387497639,0.25205409122717,-0.102386076720484
"21015",-0.122909232074978,0.155656909644891,-0.0688513514188227
"21016",-0.101730380222386,0.148738536667803,-0.0647456552040684
"21017",-0.146442610826014,0.191877571573618,-0.0608362164871415
"21018",-0.184893019849264,0.213732015717725,-0.0687950658416791
"21019",-0.172055957807215,0.206339983876087,-0.0614538188671604
"21020",-0.242875144192262,0.268803456723759,-0.084224244814954
"21021",-0.213276789014675,0.24582393241758,-0.0803109611196917
"21022",-0.173944665922656,0.217899146692118,-0.0791911937040727
"21023",-0.116813032788841,0.315744084695168,-0.124481918546207
"21024",-0.102032987398937,0.293211457575409,-0.117878146256338
"21025",-0.0947713604732562,0.588419977572098,-0.220517944739339
"21026",-0.0795145537080141,0.276146603827832,-0.103346935795323
"21027",-0.0728423751838316,0.306894706116443,-0.114245625333034
"21028",-0.111660941269374,0.238651462216433,-0.0953329637692501
"21029",-0.210255943918657,0.2791365398007,-0.0948972629038086
"21030",-0.168662271914584,0.233588307574011,-0.0747342857906169
"21031",-0.201353784404329,0.231027518684219,-0.0765010252251685
"21032",-0.247885387614679,0.280930677131251,-0.0921925752421195
"21033",-0.217726775279811,0.312050949533099,-0.111880666620971
"21034",-0.18180116273899,0.212816129696057,-0.0725720081699441
"21035",-0.180142158984466,0.186473185666799,-0.0633456336362823
"21036",-0.187844356861382,0.237788084533392,-0.0820143783181519
"21037",-0.218409207314755,0.199873101917029,-0.0598408127116279
"21038",-0.180550768633474,0.24753129400382,-0.0905342899331785
"21039",-0.132661954308512,0.164214304065587,-0.0698362811558617
"21040",-0.103793775084151,0.347676247057263,-0.131791252712885
"21041",-0.127085363519802,0.222404541448918,-0.0777977966340488
"21042",-0.204686816008487,0.271651217870214,-0.0923977979647976
"21043",-0.173505689748619,0.295878073984527,-0.0975242404562704
"21044",-0.121109079959334,0.274979128498415,-0.109619224059203
"21045",-0.0500880245335697,0.298078274350448,-0.112682360332233
"21046",-0.129025037206367,0.41129357675759,-0.143381541555457
"21047",-0.251372003160587,0.363541352143184,-0.117210767850487
"21048",-0.248188407040684,0.271395695432122,-0.0824532903861039
"21049",-0.208577212837069,0.275976421913043,-0.0919294428383409
"21050",-0.183971398286099,0.30581114780976,-0.115041912364505
"21051",-0.163232340880279,0.250630312902755,-0.104198606252023
"21052",-0.123868467174451,0.292890806420699,-0.119714270616778
"21053",-0.10755534757169,0.357688158284894,-0.137252677665709
"21054",-0.108017260719654,0.352927823514467,-0.138657392127252
"21055",-0.116114091366825,0.515612401324416,-0.188022969755459
"21056",-0.0979582430892826,0.59703265498867,-0.223285672347443
"21057",-0.0898355237705796,0.581804422822855,-0.206305318245042
"21058",-0.104434654082122,0.172498166718647,-0.0691861242229692
"21059",-0.114781783675931,0.336991350404444,-0.134407737385838
"21060",-0.0857944275511814,0.258394552935634,-0.099862909126583
"21061",-0.105729340853319,0.288823324149253,-0.11002603767443
"21062",-0.0991221322032584,0.527299137165441,-0.198113844232226
"21063",-0.094895372569726,0.562759394549745,-0.199620711813744
"21064",-0.261984160697059,0.49365897874177,-0.151147777616977
"21065",-0.279860881546354,0.500286918815053,-0.156711412219332
"21066",-0.254064146654797,0.376113988600011,-0.116205991487509
"21067",-0.167668163401933,0.271574409708014,-0.0749346288118808
"21068",-0.15899786952155,0.394992150133259,-0.129299706111004
"21069",-0.15027704477132,0.303442501046765,-0.0930292094294231
"21070",-0.142745981446674,0.284916368604329,-0.0860380896098938
"21071",-0.11901667235464,0.304566959146072,-0.103639873644031
"21072",-0.166483592731891,0.269978941420011,-0.0848472330969783
"21073",-0.15176416931934,0.31271153127691,-0.0997384895729739
"21074",-0.119081695165972,0.297855453468964,-0.101378981267979
"21075",-0.0874179438892339,0.398317198024338,-0.143829571994098
"21076",-0.107111867725758,0.299353213845992,-0.111652818478947
"21077",-0.185971586284591,0.420826311352865,-0.141514777790799
"21078",-0.191517099516049,0.350128769823901,-0.115418260754196
"21079",-0.163226355039082,0.327257398191596,-0.110275396165543
"21080",-0.165712589549419,0.281961845687827,-0.0896825451680846
"21081",-0.171129822801314,0.275464176401522,-0.0897638565865033
"21082",-0.193297509931629,0.281676331966531,-0.0920140373054248
"21083",-0.185717258143015,0.262605910373104,-0.0843894123742405
"21084",-0.218414321746361,0.244948885517258,-0.0798913968902586
"21085",-0.165716189259,0.234388766691388,-0.0846596590283912
"21086",-0.154422583537835,0.250278520361009,-0.0808637504490809
"21087",-0.105556745917624,0.247669728679939,-0.0900493535942255
"21088",-0.148057623827767,0.243872929068348,-0.084802711444103
"21089",-0.109077576313906,0.249974490862086,-0.0997405838414085
"21090",-0.0621991495772794,0.296804448665104,-0.115915673214183
"21091",-0.0552512062403339,0.320213338873008,-0.123525053882581
"21092",-0.0762719696813778,0.220542998237131,-0.0866095497053631
"21093",-0.0928484044374754,0.488958627588895,-0.186139015578117
"21094",-0.101938231397239,0.239805988765099,-0.0944219471474547
"21095",-0.125258041515237,0.162710006046962,-0.0685277409734931
"21096",-0.103434647857772,0.189882399889979,-0.0768605105090637
"21097",-0.102451908239887,0.164585108037651,-0.0681141414245838
"21098",-0.115577745628216,0.184769295764819,-0.0785087107380472
"21099",-0.131680264013208,0.194613567245762,-0.0830716104321115
"21100",-0.0859090057143312,0.183078990711565,-0.0738735855454748
"21101",-0.104501501524248,0.369407253324698,-0.1442453625823
"21102",-0.095619315235282,0.109369895462961,-0.0472153620464729
"21103",-0.105393602182476,0.160971405810906,-0.0691762776669793
"21104",-0.108654884448192,0.242899417051171,-0.0967197115518655
"21105",-0.114339136603247,0.267387948969995,-0.102662197120918
"21106",-0.089551357411739,0.518613901665533,-0.194392199872963
"21107",-0.0780579032623479,0.226567077714815,-0.0862161142713478
"21108",-0.125884718595544,0.376691236078846,-0.131759402406502
"21109",-0.136063669957688,0.189919825900359,-0.061868006322613
"21110",-0.175536320390388,0.188696111077156,-0.0611784467127214
"21111",-0.120049307805281,0.232993266478899,-0.0962098045755992
"21112",-0.105189973495797,0.172606993192826,-0.0742670765936139
"21113",-0.100393186676866,0.173341297941044,-0.0713175275683051
"21114",-0.102934582920021,0.156799527510401,-0.0681165151559067
"21115",-0.186839118367735,0.27197594759383,-0.0857228140581048
"21116",-0.140593862285985,0.301282502572894,-0.100919238635006
"21117",-0.181410415696032,0.457804201111628,-0.148081854361933
"21118",-0.174026645227459,0.435679224896033,-0.15039779555885
"21119",-0.179858457585931,0.278324580961526,-0.0899249616101133
"21120",-0.0969566686523318,0.288637842663008,-0.112262567999238
"21121",-0.0869167138887398,0.332929388112641,-0.132160615554106
"21122",-0.0693262915823807,0.297253858994616,-0.111997000861299
"21123",-0.0633482501303608,0.522233732286097,-0.179964806219021
"21124",-0.0581750163208812,0.521081842644483,-0.180625882203449
"21125",-0.050763387802943,0.570808525058288,-0.20385407922373
"21126",-0.0464274844291635,0.538557843658296,-0.191965344104049
"21127",-0.0433284134810624,0.569199373133224,-0.196946699210155
"21128",-0.0343782009577921,0.421478569179126,-0.146296492650953
"21129",-0.0317619775161555,0.22994094972892,-0.0837145645154802
"21130",-0.0275155917126675,0.351222546534095,-0.125846211239503
"21131",-0.0583317901780164,0.160936009816538,-0.0681459441580633
"21132",-0.0684689941824626,0.241028876148479,-0.0942876325277747
"21133",-0.0854867222826467,0.316781392336647,-0.118008824305507
"21134",-0.146631128400828,0.299056249866273,-0.0944023386928897
"21135",-0.0776452384088254,0.285174720764958,-0.105160337764004
"21136",-0.0499709722636899,0.252220186189337,-0.0953802786686602
"21137",-0.122561378690181,0.365031658445647,-0.114658593906785
"21138",-0.127992613326191,0.302429529603488,-0.0938239548387526
"21139",-0.123344121062534,0.322070958289632,-0.103430356442701
"21140",-0.152579944049658,0.274540611396818,-0.0829596293950602
"21141",-0.104471919599871,0.331990410229214,-0.111344019035239
"21142",-0.134689121642862,0.362166252776833,-0.11593313487836
"21143",-0.20348127600115,0.322118866938092,-0.098875363248812
"21144",-0.176710079100924,0.311654367488092,-0.102747170581438
"21145",-0.228636013165877,0.208447091405076,-0.0595933994112923
"21146",-0.195309483570248,0.297925950535329,-0.0998612678015421
"21147",-0.1686232295018,0.209397658005968,-0.0708499826351403
"21148",-0.082717641749733,0.360126441320188,-0.133064599491063
"21149",-0.0791773150113316,0.17071829690553,-0.068294415650306
"21150",-0.0715025721935643,0.306775202767038,-0.113688696519066
"21151",-0.0556021355916685,0.428521510733573,-0.157929256455457
"21152",-0.0533122819838389,0.112060765408034,-0.0465792026290459
"21153",-0.0853492341445368,0.213092194692591,-0.0864012140812277
"21154",-0.116568421813314,0.212621637314124,-0.0681112563385698
"21155",-0.115319841178387,0.218133959081175,-0.0700678703858682
"21156",-0.0923365956928112,0.193394519439178,-0.0685945184068295
"21157",-0.108317740503497,0.241348056815421,-0.0795019036152916
"21158",-0.113739876624152,0.314101407162745,-0.108831956101178
"21159",-0.129356182126501,0.272848422878844,-0.083175145347555
"21160",-0.111092254009112,0.304074513821766,-0.107584213582098
"21161",-0.0829664135307364,0.31214399759415,-0.114136419017737
"21162",-0.0283382629376816,0.260227527992662,-0.0990090307778078
"21163",-0.0312530476184822,0.457900976730094,-0.166366535752109
"21164",-0.00567728158985553,0.440967119792508,-0.154695244189565
"21165",-0.107316788757139,0.47768626525586,-0.152019371362804
"21166",-0.131700766102585,0.329209855617156,-0.102969406875596
"21167",-0.146779459599583,0.28626633968338,-0.0867680245370113
"21168",-0.141987635270814,0.320199092828973,-0.10082772447705
"21169",-0.0986639209692404,0.286619574070464,-0.101854594047558
"21170",-0.0393940266376991,0.350871733237258,-0.128329009863757
"21171",-0.0186965902159098,0.263712534370412,-0.0981863085755992
"21172",-0.00283515538320222,0.159856633955972,-0.0605255400422348
"21173",-0.00336670911241525,0.244337196784243,-0.0882736549576011
"21174",-0.0188409656514428,0.35847504966654,-0.124789142946035
"21175",-0.0230041100635072,0.545794557014248,-0.189953716699643
"21176",-0.027111445824488,0.588053798080808,-0.206902144811616
"21177",-0.00150996970441356,0.457832994514508,-0.156997433006211
"21178",0.00853051639366529,0.276521719094045,-0.102315448103102
"21179",0.00250278727167428,0.437056081139407,-0.151542057526297
"21180",-0.0175813387048657,0.353352699700381,-0.125442372381088
"21181",-0.0188091843748709,0.574087443469048,-0.195671876374548
"21182",-0.00580898584149269,0.749237229287192,-0.252001706236768
"21183",0.00917884207288463,0.779287874030788,-0.246324305867969
"21184",0.00407141314511008,0.737937346243717,-0.235869239225804
"21185",-0.0244510256317616,0.388428668143246,-0.137127817717322
"21186",-0.0212344059167955,0.321351310280845,-0.117745643643409
"21187",-0.0227057244824251,0.48556790781827,-0.17390264867058
"21188",-0.0104429077201309,0.52444163386114,-0.173416195512025
"21189",-0.0134407648873029,0.441220915019037,-0.154665308456643
"21190",-0.0403046158777082,0.244949902747363,-0.0916427225184122
"21191",-0.0224207924906813,0.360346596530727,-0.1256567104026
"21192",-0.023355881143773,0.226711677106078,-0.0874711226895134
"21193",-0.0176528161926737,0.284477365101894,-0.100415363564279
"21194",0.0006285978664943,0.26871415236349,-0.0948006489563409
"21195",-0.0110044981663855,0.346017745627734,-0.11937045255558
"21196",-0.0198839108524345,0.345487483035162,-0.119852012945671
"21197",-0.0293349504321926,0.217009496336587,-0.0840125273320911
"21198",-0.0635075857844251,0.257859961196756,-0.0842887429231937
"21199",-0.130375145017927,0.236696116179975,-0.0635657734153216
"21200",-0.152871363238723,0.20205220683789,-0.053083278196214
"21201",-0.129752172796151,0.210311069866302,-0.0650857707875616
"21202",-0.114697064485973,0.249532376841922,-0.0773644888306432
"21203",-0.0812806995492047,0.283569957054416,-0.0885449302923605
"21204",-0.0749623413521001,0.332323416876374,-0.104655915000732
"21205",-0.0379543430550624,0.276232872181389,-0.101915377309209
"21206",-0.0612703339163619,0.393338304843447,-0.122387552909898
"21207",-0.0389882797317496,0.338344716693168,-0.107578874095849
"21208",-0.0894992160438232,0.210099636148261,-0.0568539915773968
"21209",-0.121141711414277,0.246220055522124,-0.0660498977367755
"21210",-0.178975813061481,0.281522840080036,-0.0786487453301212
"21211",-0.122601731461211,0.319800802017448,-0.0929353852364294
"21212",-0.132449614271721,0.261959815562761,-0.0669873860381574
"21213",-0.171012473234232,0.449081697657841,-0.135425013451586
"21214",-0.160825818281411,0.257673921210023,-0.0679811789890281
"21215",-0.121165802011466,0.353723243239329,-0.104192357176527
"21216",-0.137728455615749,0.259311707155956,-0.0662082289707611
"21217",-0.0247874952735884,0.568081358787905,-0.190543026434745
"21218",0.00492218397043636,0.696593427973058,-0.221833880301159
"21219",0.00465329621380739,0.673358276366986,-0.215804822879529
"21220",-0.0242074025313768,0.623008214125801,-0.207628051807704
"21221",-0.00419949797358433,0.717035985241579,-0.236569332211034
"21222",-0.000926236273128127,0.734398192013673,-0.235442638466895
"21223",0.0265579211174686,0.963862543020296,-0.29631431025741
"21224",0.0152273766894683,0.870539239436876,-0.272165862610291
"21225",0.0315606773676638,0.920478752625478,-0.283817775870377
"21226",0.0407611695279626,0.830633370638971,-0.254192653530733
"21227",0.00879577606085899,0.722238219105903,-0.237208489886714
"21228",-0.0241255973889153,0.68119169595243,-0.233248550347707
"21229",0.0146068713385341,0.641583956753359,-0.203197482643215
"21230",0.0149325090155335,0.544455940649766,-0.183738576290258
"21231",0.00120352264167641,0.542864364486975,-0.185554132841532
"21232",0.0304385024180256,0.625577004253576,-0.203562109446942
"21233",-0.00177148126976517,0.603049221776772,-0.203973267468399
"21234",-0.0193722664702013,0.609298212070491,-0.209413696383695
"21235",-0.00586294702518614,0.47602581282597,-0.160270317145927
"21236",-0.00947177575510245,0.52453898571593,-0.170205279604406
"21237",-0.0101695560296852,0.518175002285296,-0.180445058373468
"21238",-0.0166268522819695,0.629073326831887,-0.214379212240718
"21239",-0.0368621090725766,0.55709158105559,-0.196737991662313
"21240",-0.0186131881904273,0.372937461578191,-0.129365938770646
"21241",-0.00458343895261141,0.116108197545965,-0.046603955855104
"21242",-0.0606523574295522,0.231706381944491,-0.0718738769025718
"21243",-0.0391088909580886,0.233109374035206,-0.0843289710116173
"21244",-0.0296463022744387,0.296568498116364,-0.0897348111488506
"21245",-0.0698342599843595,0.213940988202182,-0.0607124349633901
"21246",-0.0569554602244214,0.261006312086841,-0.0761967150454182
"21247",-0.0640633975299143,0.273393324855188,-0.0806993365673663
"21248",-0.0900561950588691,0.283401731654283,-0.0837280749183891
"21249",-0.128910291227161,0.298770811321191,-0.0791868136925526
"21250",-0.0883966912973054,0.250751073334946,-0.0740121016376424
"21251",-0.045118895890902,0.289802609438519,-0.0969427482622982
"21252",0.00545210491030749,0.254798484792515,-0.0908346413870847
"21253",0.0222723741607523,0.229808249483888,-0.085069020507636
"21254",-0.0156046599836056,0.282578889522958,-0.102937432129727
"21255",-0.00795252639697555,0.357126990080653,-0.127912813383518
"21256",0.0391591981731457,0.32554910096113,-0.113913768614775
"21257",0.0131211437570411,0.343696966520829,-0.112837929523636
"21258",-0.0224893297742464,0.33961394502178,-0.100705050285285
"21259",-0.0722231696105559,0.365689128722468,-0.108063136989634
"21260",-0.0798911944326514,0.256601747165638,-0.0675252735236936
"21261",-0.0969918079208195,0.266247397084596,-0.0655424375546847
"21262",-0.0919375919882923,0.277614556156056,-0.0709068858936572
"21263",-0.091310135097067,0.275923407231727,-0.0745994396941516
"21264",-0.0557755945284852,0.345229351473635,-0.0989551386404667
"21265",-0.0442125096318676,0.421878681624173,-0.124309930075622
"21266",-0.0811580378447,0.433630465121998,-0.119253791872345
"21267",-0.0745898674399265,0.566166727504972,-0.16647729390249
"21268",0.0121304880153945,0.596385597107943,-0.205822234091467
"21269",0.0544809307639518,0.839072678845907,-0.266564929010997
"21270",0.0275870328003656,0.640371276391924,-0.210539246226549
"21271",0.0598958445004857,0.80263646054118,-0.257471384679012
"21272",0.0293433361217316,0.711459692517213,-0.236973999602233
"21273",0.0341918807547341,0.740470079557025,-0.238713619404942
"21274",0.0145021510700811,0.623332932010798,-0.204452929368186
"21275",-0.0361617798622755,0.55208381894133,-0.174325104886666
"21276",-0.0261133977180855,0.496678771364259,-0.155105213697145
"21277",-0.0121652606696717,0.519970605487734,-0.168879268187689
"21278",-0.0129980325917846,0.338790741445017,-0.120541340873565
"21279",-0.0636514945860567,0.397795388782034,-0.12828325092668
"21280",-0.0829053786598556,0.334027017556253,-0.100901204949884
"21281",-0.00991931284025468,0.321915899035759,-0.115014862740403
"21282",0.016466477273769,0.404969950197495,-0.145212826266454
"21283",0.0178780464394964,0.366292159648577,-0.127609101576943
"21284",0.0169518499190464,0.401557225577499,-0.138122421862204
"21285",0.00212341477400287,0.68532349527489,-0.234298836463527
"21286",0.0184840492553121,0.662291433264566,-0.217461351756137
"21287",0.0106632651630008,0.629793332649471,-0.211714090729232
"21288",0.0343988855661761,0.784640330696954,-0.244539413481698
"21289",0.0331542425960336,0.817899309705618,-0.254496474239269
"21290",-0.0058631072769866,0.605134749558593,-0.205103257718352
"21291",-0.00134699352129532,0.561095768751478,-0.189284930264918
"21292",-0.000519832157777923,0.639056891625728,-0.221430024762749
"21293",0.0118899599536767,0.386776279379135,-0.135181477212828
"21294",0.000672779724334808,0.483714728622323,-0.161969049205001
"21295",0.0213452238554359,0.338940607592647,-0.119409293525963
"21296",0.0142377641953867,0.292711732738065,-0.101775330333154
"21297",0.00414872096578116,0.479121451206337,-0.160700255800055
"21298",0.0290281524686421,0.55731981114242,-0.172757944816555
"21299",0.0588546566203734,0.617492822929875,-0.187116443199287
"21300",0.0273087324109724,0.696857686250402,-0.227315498503094
"21301",0.00948833084326743,0.590548574793459,-0.195803718809191
"21302",0.0227124890580228,0.548688663699298,-0.183524868971639
"21303",0.0442303069770011,0.51752258752882,-0.171618180580509
"21304",0.0467833755150049,0.53107031279476,-0.164782627408521
"21305",0.0199988869092844,0.318583776547287,-0.10846473664082
"21306",0.0144425201368516,0.236105827471576,-0.0857221062601793
"21307",-0.0239585263411752,0.265260229814926,-0.101743132070451
"21308",0.0463376511947119,0.119391377673021,-0.0456288493036563
"21309",0.0578974393745724,0.232907846769984,-0.0848007353904209
"21310",0.0588720500520616,0.276554916591125,-0.0969065318722897
"21311",0.0332639374701549,0.24387783066826,-0.0882553280157651
"21312",-0.0462222728864604,0.311511374535377,-0.0927660403973002
"21313",-0.0396065885893215,0.219822370379228,-0.055572168468796
"21314",-0.0682927304235427,0.388413106559595,-0.120611953416615
"21315",-0.0319844800063946,0.353872922260277,-0.110231490598942
"21316",-0.0376094710402253,0.215624991961075,-0.0586698576554456
"21317",-0.0651576665861041,0.242244791926772,-0.066401912526175
"21318",-0.110340229982925,0.29406322640675,-0.0801956114924716
"21319",0.022238868158676,0.429751450320596,-0.131093949434629
"21320",0.0285780533071167,0.442079447939476,-0.147896516481714
"21321",0.0204441391466437,0.620705282428956,-0.184278165465113
"21322",0.0145245256729895,0.579253327801793,-0.160871829422808
"21323",0.0372498075914118,0.588186381315039,-0.17548131807766
"21324",0.0382941843036146,0.612931557901352,-0.186151747212871
"21325",0.0766945481572614,0.782676401457164,-0.243458549997678
"21326",0.0826786062204191,0.718461031620037,-0.227673577394596
"21327",0.0799003088439149,0.585223640385222,-0.172126976568921
"21328",0.0859060723307464,0.579484670221658,-0.170297121805885
"21329",0.0624872226345766,0.576917343031442,-0.166985339010649
"21330",0.065997009566317,0.661286087888865,-0.190719868788381
"21331",0.0375207344272279,0.774673694644222,-0.213691774958986
"21332",0.0279258387137821,0.73254972837968,-0.200223071859841
"21333",-0.0727298653547292,0.799775764544164,-0.225997462880805
"21334",-0.165562800133639,0.615888828483215,-0.169360740467914
"21335",-0.114680591990717,0.506903470442035,-0.126254020421028
"21336",-0.0329152564188779,0.300681126914935,-0.0642773164581475
"21337",-0.0613090023989341,0.508673653585717,-0.133050142723191
"21338",-0.0527813031679075,0.453905761363608,-0.114784773079133
"21339",-0.0610626887549892,0.741772606789606,-0.204411845167642
"21340",-0.122905759710677,0.586434515537148,-0.15351105099296
"21341",-0.157284368607416,0.610266029502986,-0.166080841999997
"21342",-0.135085717472919,0.606057433193347,-0.161692193926365
"21343",-0.153280441903868,0.649299041711801,-0.179310803766746
"21344",-0.156602888590397,0.683968654231059,-0.191852341233447
"21345",-0.087850827524199,0.789469051632508,-0.219098100087768
"21346",-0.141497853699417,0.849968211069031,-0.246722251502519
"21347",-0.114564584667814,0.846407832349108,-0.242602983470487
"21348",-0.067055742258071,0.831419625532039,-0.243815738714622
"21349",-0.0419456421886376,0.771325127836057,-0.222474435398387
"21350",-0.0352235483753338,0.634935261750978,-0.182785576452328
"21351",-0.0503126976432587,0.535493185721328,-0.154671599554686
"21352",0.000357125054673375,0.626320737350504,-0.175048253092367
"21353",0.0246938753964298,0.697583389672768,-0.215870476889317
"21354",0.037078466481501,0.825274167555876,-0.252588351334658
"21355",0.0128021008859366,0.935678809176778,-0.281694252086671
"21356",0.00768647329177111,0.725974799795911,-0.217830550671296
"21357",0.0303849611159857,0.700383892669203,-0.210474207468762
"21358",0.0143412559408098,0.704181725180736,-0.215950272514777
"21359",0.0223385163761488,0.707511318969965,-0.214699136806454
"21360",0.0558870119207127,0.654653747395637,-0.215088214145086
"21361",0.0670827848011364,0.621866104123688,-0.203254996479374
"21362",0.0219209246430565,0.643919044239065,-0.213061354252459
"21363",0.0142471493220027,0.6211715983267,-0.199410532726509
"21364",0.0713260522195006,0.610299408248325,-0.198211943930067
"21365",0.0679566580871411,0.744489970194858,-0.234061830960857
"21366",0.0414753437657053,0.581981580559648,-0.173633871457004
"21367",0.0556043059767988,0.659232092798197,-0.207065087086322
"21368",0.0267817556087639,0.471354539257328,-0.142344063206423
"21369",0.0220728357095162,0.4314532648642,-0.130945456915645
"21370",0.0118379122871558,0.87915521722642,-0.26405503246546
"21371",0.00045914904443051,0.955723708572547,-0.28951046899251
"21372",-0.0068458443145355,0.989186023650281,-0.30083582304949
"21373",-0.0317892282828733,0.775760205019752,-0.222497657806977
"21374",-0.015117213344157,1.09173718246299,-0.323171613361148
"21375",0.00577649319449604,1.19313001404505,-0.368264571496528
"21376",-0.00332599040368787,1.20116756478843,-0.365930380156512
"21377",-0.00298054202513295,0.943794359979819,-0.286689245048653
"21378",-0.00688508318997879,0.969280093671961,-0.294888981320713
"21379",-0.00490811352868732,0.885068966939638,-0.269035741195504
"21380",-0.00133068650488421,0.77995898034201,-0.23625806355292
"21381",0.0120042071496884,0.913555238539012,-0.275541425195854
"21382",0.0217231119783388,0.924975097490423,-0.284827468426014
"21383",0.00847391533603572,1.06930631638219,-0.326530144178251
"21384",0.0148546279369575,1.10861616805628,-0.335881961650475
"21385",-0.0021588826411728,1.00278613649219,-0.303072429168986
"21386",-0.0134806845163582,0.749595820980342,-0.213452808830485
"21387",0.0145984846482069,0.804878530598498,-0.260651707588272
"21388",0.0231124893053871,0.815295895308557,-0.251919016491754
"21389",0.0303678758051227,1.05767495077757,-0.323597687296241
"21390",0.013771228464859,1.01878655336009,-0.310374273448411
"21391",0.0149453899067582,0.871483349786345,-0.271322373622891
"21392",0.0557203972184196,0.949370554947056,-0.300073806974551
"21393",0.0363269809556774,0.869018266855145,-0.26566593746928
"21394",0.0468896244659546,0.586785950053732,-0.182768574215619
"21395",0.049024524165374,0.702929969999138,-0.229438199598376
"21396",0.0249786252364154,0.652831374529836,-0.211737468135994
"21397",0.017979764908413,0.713098493303673,-0.222703163411755
"21398",0.0389083573148059,0.958013436216199,-0.299030323722279
"21399",0.0168181049913018,0.995595717653748,-0.307470818022191
"21400",0.0413416897216827,1.00769477006431,-0.321817329438693
"21401",0.0161807576752551,1.14368356638944,-0.351391174323924
"21402",0.0331456818602755,1.09903579070625,-0.334900140882484
"21403",0.0274160781018908,1.41411233373574,-0.440674723275805
"21404",0.0204208411763611,1.52917134142773,-0.477584284112853
"21405",0.0170787181760724,1.46067890257058,-0.454278935236822
"21406",0.0100859833008003,1.39839876909738,-0.42767650657067
"21407",0.0140677310191671,1.24437236570159,-0.381534132349711
"21408",-0.00649409985948219,1.27085731223643,-0.387573370780667
"21409",0.0212038529368107,1.14253372481868,-0.35006280970803
"21410",0.0371254547322585,1.06195326804682,-0.332458880857217
"21411",0.0259175215876345,1.23649130082421,-0.386726915185961
"21412",0.0339799757588388,1.04426797052456,-0.327512638367374
"21413",0.0315432070117381,0.972623305736417,-0.307251075705154
"21414",0.0239124750744501,1.05680008605358,-0.33525414811847
"21415",0.0256387947864863,1.02505346025703,-0.316184004356198
"21416",0.0306833788650224,0.882076980530796,-0.280967715878864
"21417",0.0233052623848215,0.648703110458643,-0.213185021829023
"21418",0.00565091594569804,0.665473834267183,-0.224938490616343
"21419",0.00892525031139964,0.572992781395,-0.19338185033339
"21420",0.00733225581566498,0.598530143448815,-0.201284711977343
"21421",0.108014620685158,0.668668748311204,-0.188783465069282
"21422",0.112644854400437,0.571053572639156,-0.168651668687608
"21423",0.11363022091441,0.565235295868416,-0.166919827474232
"21424",0.121555556142684,0.538418045883325,-0.163323262935198
"21425",0.11627498744885,0.522167996097204,-0.160493910632192
"21426",0.121677884020512,0.392287176861959,-0.119561962299236
"21427",0.105422458103042,0.121209831160424,-0.0424393613556369
"21428",0.139434602765608,0.297851791904467,-0.0861279092852574
"21429",0.142162796738515,0.379287998882053,-0.107545190004608
"21430",0.130126346817004,0.656273265145376,-0.188419285677346
"21431",0.167982690078376,0.57727666071822,-0.165421370874368
"21432",0.169952460081284,0.448635832425707,-0.123034754330719
"21433",0.164747442810463,0.544145188494536,-0.147371015884513
"21434",0.179300529881513,0.382119367943137,-0.102118681738873
"21435",0.169213780144894,0.496772123672016,-0.134735142964774
"21436",0.164333021511965,0.507935930995429,-0.138455066733954
"21437",0.159904342690941,0.352684575776553,-0.0989582257664083
"21438",0.177916543803972,0.253482755112879,-0.0704692477127756
"21439",0.172412803567584,0.310759871454545,-0.0854961581722208
"21440",0.15511880742045,0.406316479664931,-0.113789449383113
"21441",0.140172509930824,0.237183744680695,-0.071142336891666
"21442",0.125392814987575,0.202944853325705,-0.0638854027553715
"21443",0.163430558943509,0.120639051130481,-0.037312206530711
"21444",0.160744497923519,0.311801947571576,-0.0889878875074644
"21445",0.130328092448393,0.295162980314088,-0.08926780441888
"21446",0.167784473492988,0.246021233804238,-0.0703082273560932
"21447",0.163004548355011,0.336833484030148,-0.0961853116452921
"21448",0.165230068635776,0.554249054702374,-0.152123932284456
"21449",0.187651619779558,0.501278775095918,-0.139331961824726
"21450",0.176174487626421,0.457066839523425,-0.127046447217192
"21451",0.151743883000167,0.395868036315743,-0.114414716618619
"21452",0.164090052513389,0.293235662449619,-0.0843162970387568
"21453",0.171477041103827,0.241497593255652,-0.0697986390507646
"21454",0.139303726204143,0.31141094037526,-0.0936240926986876
"21455",0.133730705308019,0.236202396860975,-0.0727587320740162
"21456",0.108337977460398,0.391014659988625,-0.0960474339759945
"21457",0.076676572658563,0.361363797156719,-0.0901007691240706
"21458",0.0409821632016165,0.216695185369063,-0.0492187236174179
"21459",0.10674032121447,0.469410794837518,-0.117247160747047
"21460",0.0636590872223513,0.400569225967196,-0.10538953211782
"21461",0.0605609743182841,0.523817730449865,-0.149871020705509
"21462",0.0631929768888614,0.423426355829818,-0.11361872655002
"21463",0.0735114606779843,0.433213554075328,-0.125177062039457
"21464",0.0822595330438435,0.444123806452604,-0.139715825380405
"21465",0.0758111759207646,0.434229618280159,-0.12614158069849
"21466",0.0967631254880079,0.612103999490601,-0.178439338115761
"21467",0.114885791241941,0.613327763429811,-0.190698200044498
"21468",0.079217503264072,0.495967432775663,-0.140084391908145
"21469",0.102324806066839,0.47648227426639,-0.135380457948811
"21470",0.143576253529774,0.696117526763714,-0.207321434485914
"21471",0.127529108129723,0.586667528531969,-0.174975304089197
"21472",0.18038267538439,0.494508171599829,-0.135205808110038
"21473",0.176195859980898,0.317927410741365,-0.0897851401511741
"21474",0.178754635727804,0.352127947053155,-0.100180737256544
"21475",0.144506842435869,0.253903687869293,-0.0505122097787752
"21476",0.139645366543161,0.220102942289683,-0.0399531981398684
"21477",0.146987987600643,0.403953881056471,-0.11249080092192
"21478",0.141114745389667,0.370255747069775,-0.0846809001291484
"21479",0.151009232091846,0.312420636335261,-0.077380343553517
"21480",0.11545788050884,0.297900628352603,-0.0657632550454087
"21481",0.111075934903896,0.401460381570599,-0.098390335518461
"21482",0.102791280352895,0.497279398010192,-0.126350880683565
"21483",0.0803430829371515,0.426494771854504,-0.10827187217429
"21484",0.115182203817246,0.358804016942969,-0.0849563205387356
"21485",0.102091960248337,0.297758299216469,-0.0672214735653646
"21486",0.148989131753417,0.479874523772909,-0.138006801230579
"21487",0.164853369767245,0.525713895636662,-0.148951583692409
"21488",0.144181001260451,0.439301463426472,-0.130008459588297
"21489",0.0960137880781228,0.478924757129365,-0.120488084111039
"21490",0.0912659645039944,0.499306551324123,-0.12703224286831
"21491",0.0835225888110395,0.45148015567867,-0.127211724832533
"21492",0.0869775317346596,0.54204216383045,-0.153920812363582
"21493",0.140169220477667,0.67120414244644,-0.201071461182239
"21494",0.139494172371046,0.711793833124326,-0.215321802980754
"21495",0.148551435265013,0.681929396195112,-0.196887705674689
"21496",0.15388350087898,0.645312065189151,-0.190618230020148
"21497",0.144653582267954,0.287123358750916,-0.0861009041045274
"21498",0.147076205045557,0.44251587615855,-0.13174875379039
"21499",0.110166318775775,0.420530286046732,-0.10707720791479
"21500",0.125257801440565,0.378203619930406,-0.114717731448563
"21501",0.13053103172352,0.437622574499809,-0.127740448439279
"21502",0.105236949531529,0.40362048555652,-0.0994306205832389
"21503",0.0864570086572681,0.257072795575136,-0.0569131298605746
"21504",0.0857245586352398,0.217809655923954,-0.0444410476122656
"21505",0.0728480973375525,0.226288185539252,-0.047566410035062
"21506",0.052373063486838,0.348564205440262,-0.0829904967695329
"21507",0.0682389122244245,0.248813358975164,-0.0542805742511087
"21508",0.107414271183978,0.409769948035858,-0.0996221467595827
"21509",0.142707732867172,0.371940139112496,-0.109418253227936
"21510",0.134903535745652,0.329290777929605,-0.0990152704606168
"21511",0.155936023136695,0.304833583570533,-0.0897139790309531
"21512",0.16049698537534,0.170149084095107,-0.0527753073835192
"21513",0.169277699672444,0.338314936458103,-0.0962987642096227
"21514",0.169237607977648,0.420953806470154,-0.117290469637702
"21515",0.182205329705871,0.263116586526665,-0.0748353124766266
"21516",0.195071151442521,0.30461161825773,-0.0837275584863941
"21517",0.175377053263801,0.23874809139437,-0.0688212185499123
"21518",0.216701632359983,0.122885327029489,-0.0350638623326226
"21519",0.174945536645273,0.330196776855052,-0.0953403991915386
"21520",0.171251174310123,0.405531202705667,-0.0933768673817768
"21521",0.222318122774272,0.148302249141932,-0.0398795724959241
"21522",0.17855398206182,0.217373613564617,-0.0626793149857192
"21523",0.0520130973843197,0.83930320764042,-0.21667496923118
"21524",0.093771648477376,0.967934651368641,-0.279212042092547
"21525",0.0842877236939421,0.905208457327434,-0.239417832651573
"21526",0.0719812228794984,0.949115754619884,-0.242878727521448
"21527",0.0347386289792047,0.658076023720654,-0.164585274561896
"21528",0.0275698724684974,0.483760953190433,-0.114119955613151
"21529",0.105883054577397,0.716404845145708,-0.21174003659022
"21530",0.129389504775542,0.838904588227007,-0.248195818509665
"21531",0.0933593368886555,1.07098142444274,-0.308344759676948
"21532",0.0868793621801673,1.19204087230295,-0.337740287698279
"21533",0.0805037732200508,0.908389418894249,-0.242336553248075
"21534",0.0540697579833985,1.00433850345199,-0.258061627530563
"21535",0.0485483308241855,0.873479215472264,-0.226685357457472
"21536",0.0564358984153816,0.609588166566107,-0.14536224812518
"21537",0.0473194048126682,0.577592391142465,-0.139591802766597
"21538",0.105485526028264,0.64072368191005,-0.187085059721257
"21539",0.0812997708227624,0.888312181159878,-0.237992441480475
"21540",0.0506570470877634,0.940544158205207,-0.241996096436813
"21541",0.0418078854375899,0.684504992592454,-0.17061394809813
"21542",0.0581899932088391,0.572583435600825,-0.1379443778637
"21543",0.0429250520921027,0.6810718459899,-0.168728067319943
"21544",0.0402345872424289,0.710379103649512,-0.177905161686915
"21545",0.0343678696256947,0.798795771622783,-0.20619156394474
"21546",0.000235603026117261,0.897886272041959,-0.23507239736541
"21547",0.0305987031121831,0.768276999963376,-0.198566047548539
"21548",0.0482269958286674,0.850084806473966,-0.219304910928315
"21549",0.0352034779538702,1.04716380024073,-0.281293730892753
"21550",0.0189678921794361,0.728964573005739,-0.189182618991415
"21551",0.0664153648125644,0.739204177840938,-0.193993533914189
"21552",0.121114235553712,0.875165832498441,-0.259927027388809
"21553",0.131991856632129,1.08002141070611,-0.312565265061251
"21554",0.129067090906354,1.090930441195,-0.317016105710719
"21555",0.133962708902943,1.11887370656482,-0.323946728169543
"21556",0.147833426807264,0.781836749298289,-0.221180708934826
"21557",0.151278842947475,0.955456884811414,-0.258481823221413
"21558",0.126879912366866,1.32560429172427,-0.375793887165506
"21559",0.110757363118846,1.29218333579697,-0.369466704911226
"21560",0.114526410256209,1.20603415281183,-0.350240044518232
"21561",0.0808778688525349,1.22867906553281,-0.346047473911112
"21562",0.112455389658202,1.13923174772164,-0.32470718859659
"21563",0.0907990570774938,1.05489505161459,-0.304382665112275
"21564",0.0702476435562753,1.04514151170174,-0.275611650512132
"21565",0.0714780275572351,0.989669226032697,-0.259106798440941
"21566",0.105146240785209,1.15653270425528,-0.329524899668629
"21567",0.107446150249863,1.21431290624706,-0.346922513395901
"21568",0.108193773985932,1.2965642267337,-0.376039929305864
"21569",0.104922943768765,1.45822998420005,-0.41842643053103
"21570",0.100273574547785,1.42670292684204,-0.407393343261204
"21571",0.0507176031177774,1.02631695029605,-0.277185039428297
"21572",0.0333582302247805,0.835763308112616,-0.217578487089011
"21573",0.0311502026488289,0.951346631117819,-0.252341536918054
"21574",0.236163652700037,0.60850032985687,-0.153477671828534
"21575",0.224921527830417,0.404329418774841,-0.103262582996035
"21576",0.21446727658798,0.414691666631324,-0.107397118162992
"21577",0.227792673844737,0.263468292389045,-0.0694103854489939
"21578",0.246898989012251,0.385502336168857,-0.0955071401575275
"21579",0.258660250975993,0.392641002256681,-0.0942736392155294
"21580",0.237027589801897,0.411798723490044,-0.104086175593471
"21581",0.265337548995925,0.318291028551964,-0.0771703462413086
"21582",0.240063408839276,0.269115218436802,-0.0698993731301369
"21583",0.226112703435632,0.245699057797854,-0.0655243662764046
"21584",0.199528867395422,0.241765566711433,-0.0550694455642697
"21585",0.23653835362226,0.241579842385079,-0.0662442291208799
"21586",0.251207844501163,0.331153749105497,-0.0821647492100725
"21587",0.258096036965142,0.419743185322917,-0.10189320362487
"21588",0.263779747019708,0.485735139245294,-0.114933536843593
"21589",0.265567072554768,0.702701107169501,-0.165000561439792
"21590",0.238023827247556,0.519698413117156,-0.126932684873286
"21591",0.203110014847397,0.584867639865955,-0.152034097082019
"21592",0.201685834756279,0.416956458742576,-0.110925685778437
"21593",0.20540082910955,0.390308375762622,-0.0871741428597704
"21594",0.208813506781982,0.323265062421104,-0.0794417052191024
"21595",0.226600554946065,0.221361172477932,-0.0637202983285868
"21596",0.196226131452644,0.230617179730086,-0.0455650293123259
"21597",0.181126675234483,0.25490622215938,-0.0468742763388551
"21598",0.196049085797797,0.22545371550222,-0.047662274074951
"21599",0.221902752393084,0.231272164086592,-0.0663220350978561
"21600",0.233654655963208,0.278323772417797,-0.0723590987440267
"21601",0.226942699819652,0.427188410353529,-0.107101483916779
"21602",0.257744916595804,0.40691938812602,-0.0973356786337004
"21603",0.243870438755384,0.305297183822432,-0.0775093359726211
"21604",0.231246234929873,0.370353099869061,-0.0944569173798661
"21605",0.245336338620995,0.331653906047656,-0.0837760660910136
"21606",0.204438772756145,0.34990280606927,-0.0926584892438884
"21607",0.227951756895082,0.240369048445825,-0.0644880419059252
"21608",0.246301949418006,0.365729689685764,-0.0909276653852284
"21609",0.230783917725516,0.424741190449652,-0.107835585807285
"21610",0.213622543702267,0.438934029778891,-0.11377432889827
"21611",0.220201680480723,0.365473001009452,-0.0953291960190798
"21612",0.206555152952714,0.325547085655607,-0.0864690491179333
"21613",0.207005272772131,0.277492617046481,-0.0750905245336494
"21614",0.21789912819005,0.573764487316819,-0.145048676202815
"21615",0.216873933840595,0.415939336384048,-0.107332828206722
"21616",0.237841411642832,0.437239045659949,-0.109606409541632
"21617",0.224610574435321,0.459881088891789,-0.115530649045183
"21618",0.241942196058481,0.62801340094025,-0.154064987080018
"21619",0.210814049783582,0.329942885307757,-0.0870175802212458
"21620",0.202039981198364,0.352153251621979,-0.0798373558463254
"21621",0.211104379740472,0.413916139199601,-0.109319546252134
"21622",0.211862922290341,0.433993041999472,-0.114822381123967
"21623",0.201990924884116,0.524740431580981,-0.138763096723755
"21624",0.208406542172309,0.456972152220056,-0.119835623098091
"21625",0.404759131825451,0.229990319496373,-0.0382129428709393
"21626",0.415461776175214,0.12099708522429,-0.017667729509144
"21627",0.469296792972351,0.139002734601176,-0.0319276941204678
"21628",0.455487827312725,0.287309002664262,-0.0558521877824775
"21629",0.462879724684951,0.192117710952347,-0.0372776556510855
"21630",0.453518329737186,0.204771779314808,-0.0267175808537668
"21631",0.428132780544672,0.204944277209219,-0.0305375125838137
"21632",0.407332919291452,0.143634479319071,-0.033488037552651
"21633",0.406750803672645,0.163463019283931,-0.0329895993061583
"21634",0.430794863300594,0.246748543474039,-0.0364295821927346
"21635",0.405339621125503,0.199502168880184,-0.0332170368322002
"21636",0.430178930182399,0.231307510853154,-0.0347346708524754
"21637",0.432697049260749,0.199981258061839,-0.0292351288005629
"21638",0.439341352037299,0.173796969837698,-0.0370866645378748
"21639",0.448213693437147,0.280195782031854,-0.0560627413101826
"21640",0.427881093947656,0.235583989134192,-0.0354352973584284
"21641",0.436747226475845,0.248477520984826,-0.0363339645820541
"21642",0.409217593918937,0.468250738545792,-0.0774426524951721
"21643",0.397540761764726,0.27719036618109,-0.0475311312285944
"21644",0.442895291804156,0.606384065973005,-0.096025380661862
"21645",0.403174667563983,0.502897760597259,-0.0875537814318832
"21646",0.394712843043584,0.517756196904117,-0.0916283049278745
"21647",0.366427068107826,0.553249889494513,-0.104690995778996
"21648",0.348969143520377,0.209032683961834,-0.0417063422906771
"21649",0.358042461816311,0.229671306985457,-0.0447819522013822
"21650",0.331804644529262,0.22965643459026,-0.048455954260005
"21651",0.339676289381857,0.405710838681378,-0.0829051152304816
"21652",0.311772248243459,0.436251428031555,-0.0943371145371264
"21653",0.309629976778334,0.284197802682952,-0.063560648737164
"21654",0.282583701673644,0.123596295884841,-0.0304462430317504
"21655",0.328378462901888,0.331026163275177,-0.0683978482452272
"21656",0.300997223908899,0.174022915513012,-0.0391566829223666
"21657",0.346252399010511,0.122562108665844,-0.0244573731741279
"21658",0.375391446222007,0.201293623004672,-0.0364267142863371
"21659",0.402875108809017,0.270971228779364,-0.0458032058411558
"21660",0.390893821121285,0.579442624439544,-0.102796292119893
"21661",0.426089844722674,0.7632913869631,-0.124467085428245
"21662",0.437738842886589,0.598095448072492,-0.0961361300115633
"21663",0.417590008192733,0.965777965033445,-0.158151275188036
"21664",0.417736979120682,0.822996944591961,-0.136309558783073
"21665",0.3960234826784,0.389814890156578,-0.0693733495839425
"21666",0.377591273604095,0.233716896317178,-0.0439791659115954
"21667",0.431888250917829,0.540980558783072,-0.088863038160766
"21668",0.423786587975573,0.768178350330022,-0.125951220706257
"21669",0.412986740961778,0.634654337891866,-0.108124252348392
"21670",0.414630820974359,0.688858596979903,-0.116376669570175
"21671",0.448756461708864,0.599819030892947,-0.0940167295950753
"21672",0.433102601805251,0.490000891620294,-0.0779363103721665
"21673",0.433551368041068,0.265649297254101,-0.0401915327125587
"21674",0.439107678122562,0.154354184885524,-0.0233449044290708
"21675",0.443227422789532,0.162682045060632,-0.0285896184604051
"21676",0.538589402953094,0.253629514864077,-0.0236451319439392
"21677",0.557329363216252,0.183291809529505,-0.0118084518701019
"21678",0.543955214361078,0.151807371153711,-0.0204238831680388
"21679",0.511682186578526,0.146428527987641,-0.0255252956469123
"21680",0.531594002720427,0.190908364257061,-0.0154066055447097
"21681",0.519318228459216,0.138030034638702,-0.0260053480227243
"21682",0.53298620332787,0.276725633269471,-0.0431796288058514
"21683",0.533105175494597,0.358170413566015,-0.0500043601601068
"21684",0.543072333745478,0.654948973108326,-0.0877623026961344
"21685",0.580703543906051,0.474276693765302,-0.0578248893426925
"21686",0.633280957500446,0.300492552535447,-0.0266447634661358
"21687",0.606460698378164,0.350864173953684,-0.0213682694332964
"21688",0.56725999550422,0.269298013152851,-0.0190167355372808
"21689",0.583131045513336,0.277631048230951,-0.0208616899320229
"21690",0.555857338380354,0.117927551821552,-0.00402295355785066
"21691",0.55382083346346,0.176487607674509,-0.011135217184035
"21692",0.551251403650877,0.247511065203756,-0.0209206252785574
"21693",0.530191713617897,0.164283123329132,-0.0119190602512204
"21694",0.566009623377086,0.237495613286053,-0.016657939483412
"21695",0.545867012839005,0.293893318391741,-0.0284145305375263
"21696",0.537052688137096,0.490721295406013,-0.05707372350055
"21697",0.50454098111972,0.229522479842916,-0.0246644578792147
"21698",0.486613698826954,0.30940322703341,-0.0391596104453494
"21699",0.514032988476237,0.139187236943784,-0.0107253598227811
"21700",0.517298350246413,0.148765510160251,-0.011833994936031
"21701",0.522007805731788,0.118692081341858,-0.00732656716257294
"21702",0.549470313127116,0.176835987479751,-0.025956723833568
"21703",0.518932730492885,0.191091679206159,-0.0347721116825898
"21704",0.496491205868709,0.125911998172981,-0.0105955366995785
"21705",0.475115282503843,0.11967913159423,-0.01180748982441
"21706",0.468863987543487,0.168338741809697,-0.0202630262506982
"21707",0.499024338524045,0.195637218362485,-0.0207165739040311
"21708",0.508286181682969,0.198050537604899,-0.0196474625684325
"21709",0.52841232460095,0.162181025232724,-0.0127915267655853
"21710",0.538674956548243,0.187352754737545,-0.0226021663894954
"21711",0.538072748050935,0.36102105453633,-0.0521641835162311
"21712",0.553547699756601,0.482511995278168,-0.0658777344177485
"21713",0.55675605705728,0.466963519825037,-0.0552020666399254
"21714",0.543840352718972,0.501614424151552,-0.0629767115638377
"21715",0.56213391890189,0.497824375756525,-0.0634642764919268
"21716",0.598166673681928,0.18931986781704,-0.007270123548716
"21717",0.596170840348095,0.226275991354825,-0.013970023933481
"21718",0.606193103062824,0.116867271039827,0.000863379005872888
"21719",0.585017337524361,0.137550566074164,-0.0202340538420187
"21720",0.610087347091297,0.134955134236106,-0.0168220355971389
"21721",0.605037917954655,0.185925238216735,-0.0181536996500393
"21722",0.578960570060219,0.129411779092268,-0.00326508295343082
"21723",0.576730506210503,0.205123084348124,-0.0111345362438699
"21724",0.610030356423412,0.127960582818378,9.84584924015697e-05
"21725",0.606153483649408,0.15606143835225,-0.0193145639129508
"21726",0.588789323247838,0.40395431201599,-0.0492483267271745
"21727",0.664322327898014,0.114998467242318,0.00621509502980883
"21728",0.666450998663703,0.133200427155116,0.00516309151884699
"21729",0.656808827638168,0.178467655501556,-0.0104282414473361
"21730",0.64648648520067,0.127870160129744,0.00364815247617532
"21731",0.64827363544298,0.158691431581056,0.000815374993380677
"21732",0.639515094977278,0.165726489842977,0.000911357077208672
"21733",0.662815876249054,0.150633191714809,0.00261948596544442
"21734",0.67783255358088,0.130935630756594,0.00649254244667725
"21735",0.688596428349054,0.143457981865292,0.00691284090515681
"21736",0.666675456555602,0.144867226392205,0.00540981259468807
"21737",0.671724116221706,0.133843700268707,-0.00934129697474154
"21738",0.66431278700503,0.245094823565223,-0.0197395534099239
"21739",0.682964888918022,0.265956766251054,-0.019054048241702
"21740",0.714479946129806,0.242859595907972,-0.0101540874674439
"21741",0.769895595253415,0.150104184122137,0.00536836597512025
"21742",0.758074785356586,0.152750603799529,0.0138712452135677
"21743",0.792873347335863,0.270595164327659,0.0162644878120106
"21744",0.793006081100401,0.317097176166392,0.0174279067349842
"21745",0.761871587976351,0.147954293776242,0.0138090652961023
"21746",0.746318094516571,0.18149806749917,0.0143796026548786
"21747",0.764783271742056,0.16410339516945,0.01471946165309
"21748",0.745242965915316,0.119837302541964,0.00792325295120505
"21749",0.744723204173922,0.291233947153447,-0.00242543585158588
"21750",0.757022884119233,0.167271361752558,-1.33149628830398e-05
"21751",0.765810446948433,0.191878749924298,0.000399550060173829
"21752",0.765216854663353,0.18476039037321,-8.08854374447256e-05
"21753",0.806558303031534,0.147560723506851,0.00700198241060925
"21754",0.777942254866747,0.182514012867061,0.00608204045189823
"21755",0.794088249152005,0.111709904509462,0.0189908614579186
"21756",0.817410126437147,0.130286823763814,0.00536685981823806
"21757",0.784193712986845,0.118656527901791,0.0122681184234369
"21758",0.769132368147238,0.131494152071918,0.000743926209115001
"21759",0.765325465229023,0.14469086469159,0.000632118898313962
"21760",0.795243176151162,0.132133111537228,0.0184429426708411
"21761",0.734293586355534,0.11331702574396,0.0131320384802159
"21762",0.736587080577277,0.13293967619198,-0.00140547793325273
"21763",0.757805615682525,0.137106550127437,0.00190924146238993
"21764",0.705223835652866,0.300712576161281,-0.0152247693063907
"21765",0.685194153332081,0.303060539985756,-0.0212424824250125
"21766",0.671046860566022,0.373826632377228,-0.0286259429950083
"21767",0.678394322541649,0.211971141722648,-0.0121285438076176
"21768",0.690670038327571,0.245284491623239,-0.0140140747091876
"21769",0.742564568858177,0.24255101068401,-0.0049547157831966
"21770",0.721402432932395,0.15301650206336,-0.00084461447484034
"21771",0.70602810816909,0.151322236009969,-0.0026584718374399
"21772",0.705982828494754,0.205634402571786,-0.00859312526549509
"21773",0.691486102733169,0.295900129661323,-0.0195302032543067
"21774",0.690825660589241,0.730236669390567,-0.0441857300252335
"21775",0.718282526720945,0.721315155520233,-0.0341609089115167
"21776",0.754197549204426,0.313824015247673,-0.0085409606697217
"21777",0.745004679944548,0.214346947864779,-0.00659293462303478
"21778",0.778725130395654,0.523091938799727,0.0104547349753128
"21779",0.768981230328225,0.727771985721319,0.00309304757277749
"21780",0.777361468016045,0.773240297133421,0.00477000295205389
"21781",0.783236530889064,0.746492687311911,0.00723047956422908
"21782",0.778080143162502,0.714642256293644,0.00617718865845896
"21783",0.743111826856931,0.325409486150345,0.0086490400466954
"21784",0.752063319948975,0.184640244251944,0.0126683935054203
"21785",0.780001865458779,0.269318411372467,0.0144705364633108
"21786",0.794355003504333,0.215447700769858,0.017549811772433
"21787",0.716005642255468,0.1507731614784,0.00956434818283738
"21788",0.739790772464925,0.11489308082707,0.0135607747765294
"21789",0.788122202339324,0.254157552223653,0.0162776144177008
"21790",0.808341965470506,0.611421993496976,0.0165529221385502
"21791",0.820879005753235,0.679985945121373,0.0201575259579587
"21792",0.850558567888515,0.64484984052732,0.0293055067398507
"21793",0.817123180177164,0.602220114800226,0.0198411782589417
"21794",0.857511165783759,0.296370750448275,0.028595607894563
"21795",0.854073947643319,0.321155679859463,0.0281823723594101
"21796",0.800335933533434,0.191762410839231,0.0218963601931232
"21797",0.768097809028942,0.221710134056101,0.0143891158785167
"21798",0.772719379676358,0.178633860196127,0.0136254195596876
"21799",0.818319781097923,0.170322351685039,0.0213760774592983
"21800",0.822147053398853,0.146201680487921,0.0206359072912112
"21801",0.820725139258604,0.172854334617539,0.0210515627817007
"21802",0.837227988458655,0.181367359768987,0.0232280785867382
"21803",0.857931068896936,0.230552855367522,0.0254252300073484
"21804",0.883285495722171,0.166340373952982,0.0277109424424328
"21805",0.877542541504991,0.188753940375947,0.0304605207175423
"21806",0.855609876232357,0.18805893320137,0.0243407846594917
"21807",0.801740614022332,0.10801792147,0.00722139136438304
"21808",0.810121932880256,0.201177582516952,0.00638219494679678
"21809",0.780839606082854,0.291046612162546,-0.0026128663103675
"21810",0.817245692024396,0.181834745906023,0.00478760767596571
"21811",0.843991239042132,0.113512285174216,0.0117248493789094
"21812",0.859385037911213,0.18301555897139,0.0259531568859895
"21813",0.863685829419801,0.109760142214623,0.0255689997311688
"21814",0.848038690952142,0.111320248429795,0.0242062719402498
"21815",0.899117484247001,0.109789205196105,0.013842221035738
"21816",0.881481351308988,0.119247499780586,0.0132096924813837
"21817",0.897951066717172,0.111326156154607,0.0145628143991291
"21818",0.883079028392993,0.166729319781204,0.0229832297233185
"21819",0.908629476026889,0.109837365103482,0.0301923852634323
"21820",0.898210832973569,0.121085343252953,0.0246182290097805
"21821",0.916252472769436,0.147060484852658,0.0171139103335424
"21822",0.935000518426873,0.133942369901764,0.0329316998570121
"21823",0.890236291444084,0.143276191690703,0.0258222902060209
"21824",0.907828683444071,0.133633593220662,0.0253458897974148
"21825",0.893785880224001,0.169308603234688,0.0180320317899099
"21826",0.879842446126107,0.207398490476228,0.0234334202716737
"21827",0.908337703393403,0.113005954951761,0.0146834739681307
"21828",0.906969007597324,0.124056596383607,0.016437036435478
"21829",0.934319736026334,0.227034496382005,0.0367194472670474
"21830",0.932785597954862,0.181512151232666,0.027963454695306
"21831",0.919929510782705,0.134996875962581,0.0205547854960968
"21832",0.933839278787675,0.198193437742023,0.0246857965123839
"21833",0.936622775568691,0.186995447021737,0.0224316819077103
"21834",0.96930104679212,0.107816065206977,0.0213243073424128
"21835",0.954362290241329,0.139429030168647,0.0219961112876297
"21836",0.953455767838899,0.1089951008784,0.0304392001937963
"21837",0.91048924203498,0.173138034109187,0.0244203748225796
"21838",0.901343102532773,0.105657620966931,0.0178189259826975
"21839",0.963082285782975,0.101874362277801,0.0254501117569104
"21840",0.947241263997498,0.164843946879327,0.035460271493425
"21841",0.89196030912017,0.185284725690524,0.027839072419355
"21842",0.867780745255963,0.106447407843578,0.0144559032398295
"21843",0.892682832796098,0.199001769467971,0.0187299096227709
"21844",0.930481439666388,0.234790941705363,0.0224066682178667
"21845",0.955505946383496,0.151418953841362,0.0287369730325541
"21846",0.93933798186811,0.104719297087039,0.0271388978549981
"21847",0.934843822253764,0.10771419199541,0.0259761747799691
"21848",0.93783250586959,0.109246156827579,0.0288771188564191
"21849",0.954921090807395,0.111842509753218,0.0304290066828049
"21850",0.964521250419911,0.107796961484663,0.0347508939492981
"21851",1.00609288851645,0.33779622683074,0.0569618758063839
"21852",0.992078609706155,0.284811948601354,0.0510085453241419
"21853",1.011582083067,0.240330002834479,0.0511861391739125
"21854",0.992514630725455,0.250666194978325,0.0489628831693924
"21855",0.996581520160992,0.247569408904907,0.0494494982147591
"21856",0.98827875003371,0.237206917766288,0.0474980512882311
"21857",0.985254054903263,0.224883666582418,0.0463306083841368
"21858",0.97882194647929,0.294508954339344,0.0492949892226627
"21859",0.968781792907385,0.185479601784665,0.0419057198465101
"21860",0.985112698790037,0.232509034318789,0.0467888475779319
"21861",0.998843205839389,0.281758801217537,0.0520220567592439
"21862",0.986442805744022,0.256043460927637,0.0458209073103659
"21863",0.962705805229683,0.289420238174934,0.0334719871234911
"21864",1.01173547893773,0.289003544660611,0.0381483609428757
"21865",1.05328360277694,0.321726940681656,0.0475511398412739
"21866",1.04744059645172,0.106219408528047,0.0305612415890306
"21867",1.08150984340434,0.17266060861292,0.0455254010574903
"21868",1.06932002502199,0.108871357563237,0.0370752580472685
"21869",1.00926714424031,0.110719415977919,0.0309327949258755
"21870",1.01493600577657,0.100951082597207,0.0310052584352654
"21871",1.00530101216387,0.17099747297959,0.0430414343823006
"21872",0.993228914435296,0.10256660626476,0.0278990830588743
"21873",1.00385457211088,0.13861442324466,0.0407275727645055
"21874",0.994315543568364,0.179796366037231,0.0418664507799943
"21875",1.01594731700206,0.10660066215561,0.0398692330880281
"21876",1.0263928108436,0.183645815559196,0.0491533083116646
"21877",1.00513628146933,0.308540001620461,0.0539218083125951
"21878",1.00787256958081,0.211019718260978,0.0486809830151202
"21879",0.983018582369817,0.144825410461429,0.0319339418493664
"21880",1.16090321933589,0.135576191439494,0.0509672493127071
"21881",1.15870260589345,0.219649162881372,0.0687289809154395
"21882",1.15381071644472,0.10285852704323,0.0537239879527313
"21883",1.11556526211448,0.0999155714985772,0.0412270742062808
"21884",1.11720003806341,0.101695425921641,0.041771245493951
"21885",1.10742801171954,0.1091821177199,0.042328783951599
"21886",1.10761719853514,0.117449921364983,0.0436904485866609
"21887",1.09523149195901,0.148600731346176,0.0414977742622542
"21888",1.10877639726307,0.136140389321475,0.0445032911474827
"21889",1.08135217208302,0.142225511410876,0.0416167867782255
"21890",1.11419686099322,0.184261867467762,0.0538722621922385
"21891",1.12553657743278,0.247466198521743,0.0672452370852967
"21892",1.1359898154426,0.0977557261456696,0.0432314661289478
"21893",1.14835986845465,0.160572105290818,0.054710206723798
"21894",1.14213827306233,0.111980657060798,0.0459004193916504
"21895",1.1330844578301,0.183829700826007,0.0541539518481114
"21896",1.14547720757002,0.0993484461034971,0.0445345536210122
"21897",1.11528429811667,0.10498695434201,0.0383595072299256
"21898",1.11117278875862,0.161506240879582,0.0451556682657615
"21899",1.1042989132089,0.115920017409784,0.0423088115772891
"21900",1.09263858053374,0.105269875987689,0.0391610673162596
"21901",1.07971747933863,0.0994311794125981,0.0380231000333794
"21902",1.10531986977789,0.225450277852282,0.0552135400108025
"21903",1.08768233043838,0.217801806156654,0.0483765736898203
"21904",1.10231967738375,0.201886414350151,0.0486407808183745
"21905",1.1127300882784,0.255813751583914,0.0647903475392587
"21906",1.12528395198883,0.213314004601525,0.0636071190559996
"21907",1.09634425038852,0.208570649809395,0.0617475892526941
"21908",1.09078033949199,0.266551605601381,0.0686163183823455
"21909",1.08948316104018,0.216061521125285,0.0601005120843094
"21910",1.09135283815148,0.180468622392485,0.0558725754796874
"21911",1.11619271111049,0.131916822645006,0.0531481910251113
"21912",1.09286041720228,0.104443519566189,0.0475658664897137
"21913",1.11467568303749,0.235549482908168,0.064097193369214
"21914",1.08369674074376,0.394046705384623,0.0820932267200216
"21915",1.08360338745331,0.343788493814503,0.0777866982482733
"21916",1.07546279522223,0.335273096712973,0.0732352346935797
"21917",1.10604918122915,0.316567965354479,0.0763381881562361
"21918",1.10210946792592,0.408188294225557,0.0876421943515945
"21919",1.07677579100094,0.43453589796646,0.0857757789642805
"21920",1.04915123703153,0.306222492834756,0.0595621985777013
"21921",1.05369344434381,0.101274449217246,0.0345019407014237
"21922",1.06037765633999,0.254307794451,0.0607839488588099
"21923",1.05265125401749,0.395876344321283,0.0727502765928681
"21924",1.00740023630671,0.260934730391096,0.0403154388855926
"21925",1.01506236629425,0.192566674645182,0.0366586985683922
"21926",0.982776957963068,0.103840543964281,0.0266901434091654
"21927",1.02143170525594,0.106836228179175,0.0311148284502156
"21928",0.994320311472035,0.132861035437309,0.031712920480063
"21929",0.984818425880931,0.112343731566858,0.0280114164164615
"21930",1.04872352862716,0.230861208366126,0.0559318618513307
"21931",1.243025589036,0.209835245854189,0.0803521366276604
"21932",1.25124436841262,0.160587321713406,0.0739831698447211
"21933",1.28225320357634,0.190839254022858,0.077358640035195
"21934",1.27471318991927,0.0943960054548723,0.0577638066941272
"21935",1.26496157032335,0.194775054919726,0.0813248596493071
"21936",1.26797680612974,0.328016737610499,0.108967251605318
"21937",1.26330912843503,0.152120977453787,0.0740180469370434
"21938",1.29568219481879,0.0986536277997365,0.067594804476044
"21939",1.29760963573203,0.15050534213171,0.077870715521383
"21940",1.27084410215992,0.278453134075123,0.0952073488147853
"21941",1.25674763691665,0.218936559238056,0.0844844254799197
"21942",1.24782198736076,0.178102246792687,0.0762662624416242
"21943",1.23397157933559,0.194237229748715,0.0733501524428564
"21944",1.23864221866922,0.152458539412244,0.0709099295361358
"21945",1.22738928451717,0.14317102471261,0.0610445008957456
"21946",1.20573168772125,0.180008486093712,0.059284612189596
"21947",1.20776731342916,0.234258571986271,0.0671630624158618
"21948",1.22716427781407,0.181022380651719,0.0648270943861332
"21949",1.20624631609823,0.240083599887953,0.068159493023852
"21950",1.19869737096866,0.146114416120694,0.0560772603167466
"21951",1.20703222896907,0.102419483219092,0.0483610189946817
"21952",1.26189389514818,0.0978826565369292,0.0569503370452922
"21953",1.23190718384657,0.142725782372799,0.0608386436146267
"21954",1.23955056666753,0.101486851894709,0.0515859265893508
"21955",1.23302464417432,0.164840922301188,0.0607513042226674
"21956",1.28983326656467,0.145078764964062,0.0685276048038534
"21957",1.26602393300686,0.103890708009945,0.0583795087006484
"21958",1.26352158132656,0.119208103092908,0.0579811357708
"21959",1.27111518877294,0.129220902700181,0.0621422936705278
"21960",1.24590323962883,0.244842580961432,0.081964924724864
"21961",1.24390678443778,0.352315194916263,0.10682787170852
"21962",1.24257118540254,0.369243666326025,0.11573676337538
"21963",1.19939226505354,0.437360071709938,0.117060433670081
"21964",1.23593031931831,0.267573015778569,0.0890207999327514
"21965",1.24816427595016,0.22018308370865,0.0836175880138822
"21966",1.23851442467539,0.17566986125349,0.0679527805764346
"21967",1.24000873667331,0.165212679060608,0.0660727440868166
"21968",1.24745539669514,0.12354997029388,0.06668864262195
"21969",1.20547824599394,0.1250050057908,0.0624631028180382
"21970",1.21289390575571,0.129353900263218,0.0639955912284625
"21971",1.20328584214726,0.0963872780246934,0.0505536273311906
"21972",1.18608315941965,0.100130725096925,0.0493668560916049
"21973",1.1800316308455,0.121886421738986,0.0490739090843295
"21974",1.21030003995245,0.203780986108261,0.0752179542491468
"21975",1.22886112098048,0.188096692851574,0.0752052213182198
"21976",1.23030786141298,0.100491333982573,0.0610451273438864
"21977",1.22674067568129,0.357271208573711,0.103793413300656
"21978",1.20672989350338,0.225637270242511,0.0779052956098505
"21979",1.1856025344767,0.308940968711277,0.0918869058751805
"21980",1.17651875272511,0.212614757177175,0.0722060409566228
"21981",1.21774623773374,0.153196254841499,0.0685246059191664
"21982",1.3534556572913,0.092978624978477,0.0664494345923098
"21983",1.36980135071692,0.0987469796401424,0.0666743404897504
"21984",1.41228664652358,0.159878521047606,0.0866767847938036
"21985",1.42113088479542,0.183047646915653,0.0952773353677102
"21986",1.39624744888723,0.237774865323521,0.109608467474172
"21987",1.40337116183264,0.285013742314031,0.123056284775024
"21988",1.39157168385788,0.16697252700137,0.0938577418172129
"21989",1.37995096832367,0.234398109424837,0.108799455749898
"21990",1.38873396338266,0.151877149271145,0.0893220296808997
"21991",1.39118496069395,0.191451640958855,0.0984418767184261
"21992",1.39807975278116,0.293076467257085,0.12687724004021
"21993",1.39865101581949,0.317230078357916,0.132769471589295
"21994",1.37602547907409,0.384135453927401,0.144289006259881
"21995",1.36566191338596,0.319446707383237,0.127827644076009
"21996",1.38465512425084,0.143446852181808,0.0873642266523028
"21997",1.36133755192897,0.254734553180735,0.110121115598513
"21998",1.37535327676814,0.133459915946687,0.0836144314351785
"21999",1.38059211501354,0.283227545304858,0.121293433322545
"22000",1.3959492434595,0.415143791606108,0.156157725412441
"22001",1.35880567280523,0.379876774311439,0.141588930195384
"22002",1.3878631527643,0.315372436704462,0.130594272408262
"22003",1.38689504141414,0.268049276588005,0.119373234857262
"22004",1.38980780682586,0.384240220262168,0.147292126002585
"22005",1.3961424509362,0.328251425249438,0.134493085043408
"22006",1.38379867608987,0.439164094479876,0.161107265026281
"22007",1.35006439960031,0.362087618872703,0.133217901327611
"22008",1.32735785905988,0.195284600182346,0.0917894102809852
"22009",1.34331605711323,0.144960337350629,0.0826957892088029
"22010",1.36395589674805,0.096617516601122,0.0743213712907896
"22011",1.35232121588057,0.104404459834486,0.0747542926876622
"22012",1.35554425963608,0.114655248255252,0.0772307248172419
"22013",1.36416029785159,0.188180095815732,0.0950281006003649
"22014",1.38806642245459,0.243971187062421,0.105940646960494
"22015",1.37687813279519,0.247730220248793,0.110971293656125
"22016",1.38266459068071,0.251690223753354,0.109099333374507
"22017",1.38259439436579,0.199858654560198,0.0992832706926789
"22018",1.37673120176128,0.113936041823895,0.0793776122004113
"22019",1.37526830771364,0.159375402845878,0.0892623567393023
"22020",1.38928128196265,0.204584383686531,0.103370821173263
"22021",1.39866879531603,0.400114316372062,0.155583965823953
"22022",1.37108190451608,0.241632320066206,0.110443512772563
"22023",1.38922588372365,0.174733098905913,0.0944819971471842
"22024",1.40724495043328,0.360860220421794,0.145026603099442
"22025",1.4253570890325,0.37602600528468,0.153938630206931
"22026",1.42393976296958,0.24378421182819,0.119784806669699
"22027",1.42659901094196,0.0946860720622099,0.0803704057472476
"22028",1.3999882383821,0.175921901807108,0.0982698717276543
"22029",1.39828899157689,0.202527234160717,0.0980201005140366
"22030",1.40454863145211,0.0917935586860377,0.0719575235286972
"22031",1.38634268891914,0.115956121199577,0.0724183373890386
"22032",1.4073759737023,0.14597950617564,0.0823080299711154
"22033",1.55932613064769,0.149967850485586,0.108292375135339
"22034",1.60020868615169,0.329751494023962,0.17239148527431
"22035",1.53558985830896,0.488265922420658,0.211753975065177
"22036",1.50450311649858,0.393329886734225,0.176323682986741
"22037",1.49456243090043,0.234055273252621,0.128283229306398
"22038",1.48813206640659,0.138124420566344,0.100058895139031
"22039",1.50193920328978,0.203946690544479,0.114342464544342
"22040",1.52957067122865,0.164255621297507,0.107792068420014
"22041",1.49191527736044,0.0894558444581525,0.0809638617193874
"22042",1.48389107051978,0.0977668646215331,0.0801841280500972
"22043",1.48810501494553,0.0919147233221044,0.0797581418653525
"22044",1.49244034145855,0.0990695759469638,0.081702538785446
"22045",1.5109976526448,0.13026074105457,0.0928359072846358
"22046",1.51258338404143,0.0913170687761225,0.0873128505512621
"22047",1.52476914291623,0.138023448714354,0.100627922763777
"22048",1.5505008861467,0.209682249662091,0.124878789162027
"22049",1.54999780862241,0.102406918770891,0.0901142891752023
"22050",1.57290842054142,0.258899117299424,0.137096060274826
"22051",1.59450132054499,0.229635079987724,0.135111937831248
"22052",1.60743496188691,0.238053892390115,0.145062610931616
"22053",1.57314553878926,0.163706498461106,0.117854886571897
"22054",1.55277464943501,0.490264900368195,0.216207773677688
"22055",1.53600405501516,0.379771329519444,0.178864073672032
"22056",1.55643012324342,0.158776017968728,0.115078140560817
"22057",1.55438422176678,0.158098588098148,0.107939138892696
"22058",1.57582766126985,0.10314336214042,0.0921983183643379
"22059",1.57593442731821,0.111543940041976,0.0940503322114614
"22060",1.60552178142451,0.0912517252081827,0.0914760301020929
"22061",1.60779564821295,0.085282389033229,0.0901232832708751
"22062",1.59936213223461,0.123729699158722,0.100277641971413
"22063",1.60186076414852,0.104616371640714,0.0957711374273181
"22064",1.572730676005,0.138450677111747,0.10283819973451
"22065",1.57700681901519,0.197848857169156,0.119178461445467
"22066",1.61135335529815,0.131309312021627,0.104131960089282
"22067",1.57971496910609,0.518379423892112,0.214019433481143
"22068",1.59221851092227,0.136166904678074,0.104370784045492
"22069",1.61739122456329,0.21701356136501,0.139303416446597
"22070",1.59275394142499,0.0887469123940585,0.0934059403753565
"22071",1.5811298001754,0.12519206406831,0.100588182121393
"22072",1.55980319884799,0.0868237404690941,0.0857187585725901
"22073",1.56363984069754,0.103173835924488,0.0932428261820712
"22074",1.56142183098868,0.0919225308803447,0.0883419211966122
"22075",1.52956497969427,0.144506571180545,0.0967884097615101
"22076",1.55843434989494,0.436725759171353,0.185080950796325
"22077",1.55585294342244,0.168071206535522,0.108014393098855
"22078",1.60923247280908,0.579762073508725,0.25712883143047
"22079",1.5834755626135,0.506810000285994,0.229694098329626
"22080",1.5796948183281,0.459982502630343,0.213881674940709
"22081",1.5556110689079,0.555614820469757,0.236650690168812
"22082",1.53835273028085,0.450580424285354,0.199310627668823
"22083",1.52912270267221,0.286772525327021,0.149433162891085
"22084",1.64019585668498,0.263394916527424,0.161658744422662
"22085",1.66767506245419,0.152622878420706,0.125307451276156
"22086",1.66058899765497,0.0889533765409109,0.100243072369682
"22087",1.65310968322919,0.109163609757275,0.103836623612098
"22088",1.64581211206896,0.102512926255728,0.102819659503636
"22089",1.66366703125784,0.147210119553395,0.121250343408365
"22090",1.63406673581625,0.0983373518793291,0.101570573629277
"22091",1.64202752947137,0.15827584216375,0.119284919059343
"22092",1.64260450013206,0.101844673583085,0.103577999444821
"22093",1.63686303076829,0.0869297038716399,0.0967227169139703
"22094",1.66732164779933,0.289325190865219,0.17310943570527
"22095",1.66296042905952,0.347860727592322,0.195362080125757
"22096",1.65069195748894,0.466157216504867,0.23306041403257
"22097",1.62420896933597,0.180820384602298,0.131329393426906
"22098",1.6579781116924,0.199344018378474,0.13727258159438
"22099",1.66993458137602,0.205960028605739,0.142751680445072
"22100",1.67042692240195,0.163816551851459,0.123580011237921
"22101",1.70345685212645,0.100239138012276,0.106518626534914
"22102",1.68872563766353,0.142005822043011,0.119032731368967
"22103",1.6542242590122,0.114434495349237,0.106161273225674
"22104",1.65025966852325,0.0838887825451506,0.0940328714635205
"22105",1.63899754661368,0.240205258696506,0.143278852831999
"22106",1.6314229126665,0.491892743597655,0.221389312474591
"22107",1.63015874137975,0.485636713984333,0.219064068999138
"22108",1.64994931203647,0.141267384806441,0.113937701312771
"22109",1.65091102850651,0.122545234590681,0.108283124498111
"22110",1.64386836066462,0.126067868865132,0.110418565941071
"22111",1.64314090563325,0.17171319657895,0.122306054220605
"22112",1.63478075569432,0.191114149139334,0.128072331897368
"22113",1.62722478624757,0.150449677619785,0.117649696194434
"22114",1.63103937004183,0.234853413516386,0.141864175794099
"22115",1.65702037615635,0.207368064911152,0.139286678116306
"22116",1.61730597661001,0.31224053283241,0.17403863286117
"22117",1.60931735078707,0.515507613904432,0.239732156103814
"22118",1.6195564573312,0.551429629694571,0.252232532948009
"22119",1.58293040308284,0.382036277739618,0.188317723900333
"22120",1.56174060198906,0.217254336547534,0.132155481454229
"22121",1.55910874510886,0.237268797256994,0.139583970300427
"22122",1.5813379511826,0.132309039018733,0.105481730771774
"22123",1.58755564796397,0.118845250713325,0.102360791818837
"22124",1.59728417935757,0.433100635360481,0.209633765880524
"22125",1.59397098096945,0.464673545835322,0.219703082948747
"22126",1.57183965432371,0.321725959123018,0.167854811379013
"22127",1.59854669907345,0.090747709683819,0.0949968960218041
"22128",1.62485639407802,0.154905096441454,0.120536652002826
"22129",1.64963967182711,0.154685920388855,0.122717915267711
"22130",1.6578860276417,0.295192409248056,0.175549227020042
"22131",1.63745532626058,0.210097763029438,0.143021958951346
"22132",1.63262983719929,0.392358955984772,0.20508765457985
"22133",1.61804883115053,0.187966669221897,0.132907274609633
"22134",1.61564700501578,0.140488053027995,0.111442977389389
"22135",1.67190194084307,0.245880315135791,0.159830447362267
"22136",1.66743017062358,0.458844761342733,0.235449650920986
"22137",1.68196443178008,0.348383646338145,0.199565394632042
"22138",1.69649789416196,0.539410998907127,0.268779840445896
"22139",1.70076495911895,0.74488469860296,0.339943020137305
"22140",1.69479427714676,0.693007376719492,0.320960992110902
"22141",1.68412722323061,0.505613893279714,0.254142495689698
"22142",1.70693742664366,0.421255696010557,0.228414652568451
"22143",1.68650979419958,0.251602058829021,0.161722099334505
"22144",1.66924556017798,0.285847377573265,0.163939034405543
"22145",1.66013959707969,0.308765772924783,0.169154208990987
"22146",1.69298772503565,0.0829745963091032,0.0986275258470938
"22147",1.68194707389758,0.176448082420055,0.12939970949893
"22148",1.6463290195001,0.462930076706952,0.215910486929443
"22149",1.67028549978108,0.501729976712749,0.236050107213695
"22150",1.67578228811856,0.192249895375155,0.134123101099664
"22151",1.70353331919251,0.100297531178826,0.108008192002304
"22152",1.69098912449867,0.198238873616744,0.145392535731331
"22153",1.69514015368234,0.0853402070594571,0.102616792144073
"22154",1.70302945286302,0.229038351782083,0.159548573079948
"22155",1.69480261241493,0.414841445252619,0.226461988681045
"22156",1.70788532481166,0.543444588727933,0.273770119926054
"22157",1.70794978977377,0.603868083632787,0.295973964525762
"22158",1.67081437465331,0.433321714823591,0.225318749526599
"22159",1.67130683182013,0.380591402458998,0.208028854759329
"22160",1.69544646783714,0.527882343080345,0.265801623082779
"22161",1.67045407474707,0.349782183527245,0.198298891186685
"22162",1.69204029619029,0.236354638109356,0.160791372966413
"22163",1.6970371775618,0.382119348033039,0.215136852878716
"22164",1.68198230962358,0.177860014396374,0.137794172811177
"22165",1.69404809784137,0.419753053528372,0.227469061487513
"22166",1.73214517462902,0.169914968694262,0.139831469595471
"22167",1.77164914582738,0.0834231667753997,0.108693488308082
"22168",1.78033824630578,0.081767119867904,0.108483165618906
"22169",1.83117697922174,0.109983395276394,0.12427253017531
"22170",1.86421964421402,0.133409061748904,0.137232540783063
"22171",1.8330214697255,0.299408347597981,0.208716674743384
"22172",1.79317281035859,0.221136740047505,0.169059947290049
"22173",1.79543630664754,0.13610855556054,0.132225569956613
"22174",1.7804866729515,0.098318026651452,0.115787345644574
"22175",1.81248609281819,0.168195204337494,0.148847875444003
"22176",1.81015796166553,0.207863600995748,0.165966047545191
"22177",1.80232214862777,0.389246631821105,0.239372230283363
"22178",1.76191462626224,0.467960027331596,0.260638649632246
"22179",1.77913512231209,0.512107582618513,0.281710126427899
"22180",1.78818554929993,0.305487199944739,0.203315409303391
"22181",1.79833213528691,0.207552950028812,0.165054565270457
"22182",1.8274050529757,0.220105290720953,0.173112536003348
"22183",1.77940129899394,0.225579256657102,0.170166408438554
"22184",1.74999402767362,0.356167811279778,0.216049037296747
"22185",1.74990618167271,0.210738504552315,0.160187966853415
"22186",1.84704102974423,0.0779474286271143,0.110910204228155
"22187",1.8217990991158,0.107852557348785,0.124175371181325
"22188",1.82686880586532,0.0966879599223375,0.120158656889471
"22189",1.84294122329522,0.16913828055048,0.153067261697685
"22190",1.80231513183019,0.283459100426114,0.197486320360765
"22191",1.79328083589049,0.246567979549395,0.180333712031511
"22192",1.7951363812121,0.258595411328245,0.186207227176962
"22193",1.80917584824313,0.211456972853875,0.168106080094634
"22194",1.86587116967231,0.0915046953189563,0.121015359432094
"22195",1.88786640428568,0.0933304111933812,0.123707104446694
"22196",1.90225003330443,0.107060421083212,0.130889034667845
"22197",1.85850504514561,0.310712055124325,0.21821344126302
"22198",1.87727590139549,0.251038770180664,0.194645024939422
"22199",1.89232934306239,0.183316406969021,0.165220035580721
"22200",1.90496181685459,0.182952718362344,0.166495595235001
"22201",1.85808636567746,0.30401524277659,0.215207195019491
"22202",1.8841508191335,0.302686971895486,0.218930891507109
"22203",1.8492850239062,0.280231874955655,0.204083654716833
"22204",1.87365094832031,0.368594174276685,0.245797120562145
"22205",1.88463854432037,0.51780278076478,0.312002629782819
"22206",1.89161548962993,0.502851475832927,0.307523458098798
"22207",1.88350211888218,0.367295145626387,0.245956637929451
"22208",1.88965446967988,0.365678523031626,0.247593486927314
"22209",1.88352671018964,0.301418159408718,0.218827387008415
"22210",1.89462352678282,0.481323254879493,0.299349608372504
"22211",1.86007908974084,0.490549145727975,0.293708214504124
"22212",1.86160935557721,0.459593062844111,0.281657920082047
"22213",1.86864520851591,0.496425791164229,0.298726054066656
"22214",1.88412852024421,0.544653880217326,0.323358196218872
"22215",1.8954555331435,0.359465932304463,0.246585957850173
"22216",1.86161590983689,0.329370175222848,0.226338284374954
"22217",1.88405085445999,0.328228307081123,0.228837092141688
"22218",1.90395939383785,0.121006330135062,0.137317008260379
"22219",1.8934373765454,0.133482180211496,0.14036280873947
"22220",1.90392201675568,0.101849334253183,0.126725636589586
"22221",1.94743382117042,0.0912365422182997,0.125064371024361
"22222",1.96234502061627,0.0858921724630817,0.125429281292912
"22223",1.93941242001497,0.125651627592296,0.144379625553516
"22224",1.916286886779,0.0886760159065131,0.123683687290569
"22225",1.91588603405555,0.144740280124578,0.149956808884075
"22226",1.8996082694096,0.117141742627295,0.135461490051067
"22227",1.94789224588571,0.0732074060970346,0.117292088520889
"22228",1.93285881376863,0.0946892845663396,0.126038322426165
"22229",1.92785786800983,0.169969307620212,0.157339126143789
"22230",1.92440585984117,0.103730888579494,0.127809800188587
"22231",1.90504246430327,0.0750880624510417,0.114304378296482
"22232",1.91230815057648,0.16077439184058,0.157056016226148
"22233",1.8637505095746,0.235322209077096,0.185614392154436
"22234",1.86772283664166,0.17327534632665,0.157799521797392
"22235",1.85030967269545,0.205796229325103,0.171135050790818
"22236",1.85546986655265,0.284542160461289,0.206445386307795
"22237",1.98187270692723,1.13719855161873,0.620027594492342
"22238",1.91460447412773,0.823271851373752,0.453464971025752
"22239",1.99213773306537,0.32312699339559,0.249222062478097
"22240",1.99292258775866,0.368832422835195,0.271377848213645
"22241",2.06456324647341,0.159062555453345,0.177555999137532
"22242",2.07386381357821,0.262124348857652,0.232307955376554
"22243",2.06424846536446,0.44641565258239,0.324918287204185
"22244",2.05987575207343,0.774404846236394,0.485867442036814
"22245",2.06104848560214,1.00304205161052,0.596522510750875
"22246",2.03952484092616,0.872064392037838,0.523672086217747
"22247",2.03074460132352,0.554651848854749,0.369640350144888
"22248",2.0184405485322,0.905290810586828,0.530559613433346
"22249",1.9910343294803,0.82484630384671,0.482378838640577
"22250",2.00543703185354,0.953195461717256,0.547290456200778
"22251",2.00803794242173,0.94977008541368,0.546823350975629
"22252",2.04010847449594,0.937823092665349,0.555149803604909
"22253",2.02348207843886,1.19128166012519,0.6656528281982
"22254",2.01138240895389,1.03948297956816,0.589764979470841
"22255",2.00854344800456,1.30788947532136,0.710992167139846
"22256",2.0124833602998,1.29762017142097,0.708604547485546
"22257",1.98313662205505,0.835949750264446,0.484607454821288
"22258",2.00626536240415,0.809893265713356,0.481367895183234
"22259",2.0290652449269,0.489528278258659,0.337724731828401
"22260",2.04231415503036,0.359582616219957,0.276795879675954
"22261",2.07115638553995,0.173514246016434,0.184948734068077
"22262",2.05792308494029,0.190409865954239,0.192783956599987
"22263",2.07683947099365,0.158577439192865,0.177041953857039
"22264",2.06385543674953,0.241665551480827,0.220219527819135
"22265",2.03318565962128,0.306562307879212,0.248193694881909
"22266",2.05209420524659,0.120958470927326,0.15585356862204
"22267",2.04506633882252,0.220863792404447,0.206152278071697
"22268",2.03331252169026,0.17894232488239,0.182454419791372
"22269",2.04821797846274,0.165182443087086,0.177304714554522
"22270",2.01925348382614,0.12275459705546,0.153305167923123
"22271",2.04657685612625,0.142094449002943,0.165545934141663
"22272",2.03135701465899,0.146152473967786,0.166353382944593
"22273",2.04514030879424,0.342544576288622,0.268427610460998
"22274",2.05340604711856,0.299074972443203,0.24808358187371
"22275",2.05613325455961,0.368807391564141,0.284320510197575
"22276",2.04772785122681,0.321589166762921,0.259074002704216
"22277",2.06327161723144,0.23335334237016,0.216259261988342
"22278",2.05408570405195,0.274161843809742,0.235847095561178
"22279",2.037245477899,0.308624898308268,0.250281715730275
"22280",2.03670129531312,0.267074585267248,0.229526931951672
"22281",2.05920268487469,0.179934827685107,0.18655077526523
"22282",2.05488789864709,0.0702849552888789,0.128116051093307
"22283",2.03715318233918,0.12701156733841,0.155734166326943
"22284",1.9667091273178,0.27217849475683,0.220171468210976
"22285",1.9243171721507,0.275690330899307,0.214917115955699
"22286",1.90194659641098,0.276581326636968,0.211431816272734
"22287",1.92055806841481,0.317923692533608,0.232981448088469
"22288",2.12871537395772,0.631516094707966,0.437121854916049
"22289",2.08093487348565,1.08549791413556,0.645858329396119
"22290",2.0573834799253,1.25368927187609,0.713001821417566
"22291",2.05492437959369,0.569053759527323,0.383391138248044
"22292",2.08352922484829,0.75699945109271,0.486002779526784
"22293",2.08551809184068,0.586234674913328,0.401031234704332
"22294",2.09932589133293,0.439349645568429,0.329654247447665
"22295",2.16180136650692,0.211881254099581,0.218073529232539
"22296",2.17602218277565,0.259462013948894,0.247828226383153
"22297",2.16927523831479,0.355614960087292,0.300392750876078
"22298",2.16906352543677,0.253787901091468,0.2438226018436
"22299",2.16688559700814,0.304963516805357,0.271758017694385
"22300",2.15469737280861,0.357522506774332,0.298828278911678
"22301",2.16165915590532,0.359862081055872,0.301356534301726
"22302",2.12446503125072,0.43726197485019,0.334937264661469
"22303",2.13858162107335,0.471836405322966,0.356430935697008
"22304",2.12346584960016,0.381875864620961,0.305443608086479
"22305",2.10893487964246,0.316847881186762,0.268573875585612
"22306",2.06953602637565,0.685799944981025,0.445605932935115
"22307",2.08012320014128,0.998327729132015,0.603651672975181
"22308",2.07548511820901,0.877889885780662,0.542479346449384
"22309",2.07820114300519,0.748641559403415,0.479671991652994
"22310",2.08594769064297,0.70310003539885,0.459579760378525
"22311",2.08050327716256,0.632511936729078,0.422627424722419
"22312",2.08444654184622,0.57476599181167,0.394763607457419
"22313",2.05819914942049,0.959922964688343,0.573995894975897
"22314",2.03784634102873,0.563703003806682,0.376033120880577
"22315",2.10938267167227,0.489373255071985,0.358307788880303
"22316",2.09887248271414,0.499562636965303,0.360843120366551
"22317",2.12427395019762,0.391727183669066,0.310943852463457
"22318",2.11726141556001,0.676031136374954,0.456459652341238
"22319",2.10073536276934,0.668632298615304,0.447289328079752
"22320",2.10753569509979,0.614051475684082,0.421777037172864
"22321",2.0785974429405,0.724793229427824,0.468201540787135
"22322",2.08124521000057,0.387346245658224,0.299372359385311
"22323",2.08966532693753,0.451680175373231,0.334123836827078
"22324",2.09872337266028,0.337451536380199,0.277395685721358
"22325",2.12012598937188,0.184568195351205,0.199204570499752
"22326",2.09634051309718,0.584422561458983,0.403463948294262
"22327",2.0781374852044,0.914516797345522,0.562232330225806
"22328",2.06328289777624,0.702050343073103,0.451921345437553
"22329",2.06403749828393,0.966770788687248,0.580043192595651
"22330",2.07042503868888,0.553906972521075,0.380117222566588
"22331",2.08982080377385,0.563850888887172,0.390703745247336
"22332",2.1047874188151,0.482306445770296,0.352910619025479
"22333",2.13237350634609,0.158426473153345,0.185230796617805
"22334",2.13160958160733,0.117377429196846,0.163532295228873
"22335",2.17852568578314,0.263101682470717,0.250778176441319
"22336",2.18512908929958,0.0648571420759755,0.137654597396016
"22337",2.22971516763479,0.0805588226927168,0.152428711800605
"22338",2.20234522850143,0.253448616327784,0.248946790891619
"22339",2.46521569202331,0.281367264666971,0.306598058179079
"22340",2.47830015822127,0.301792883179052,0.322174137563831
"22341",2.55386074970506,0.584058374530276,0.539082149648613
"22342",2.56613829287944,0.683317451968932,0.613916017415
"22343",2.55568249518027,0.664879672950362,0.599810888592239
"22344",2.51548448917376,0.68798195251876,0.601004084173265
"22345",2.50678586468696,0.556953414305802,0.504872476292731
"22346",2.51294891396909,0.461645094255562,0.44307396047675
"22347",2.51161858279621,0.511900393592588,0.477779901458453
"22348",2.49916232835544,0.368559619836703,0.375645133677341
"22349",2.49027086733242,0.250899644083696,0.292008110408173
"22350",2.51829002052009,0.363373173860706,0.376473200020669
"22351",2.54692443930894,0.436587547061636,0.435050828265915
"22352",2.51151628584264,0.352156924324789,0.367053153132272
"22353",2.49168759887949,0.18256886247642,0.244892485367104
"22354",2.46238230381444,0.0967646088953928,0.183613551116914
"22355",2.5227666015275,0.269984442480603,0.312645516432789
"22356",2.52033630593515,0.245945076467153,0.295748261788779
"22357",2.58960198635592,0.440166049518083,0.451037865432195
"22358",2.56224405967433,0.321933255989616,0.357343155041841
"22359",2.57361409286466,0.397716334126608,0.413694786368474
"22360",2.55245611781128,0.24272455416212,0.298145531421302
"22361",2.50923200000372,0.0701732257919572,0.169880947655511
"22362",2.57943791471821,0.292821262005474,0.338376829566677
"22363",2.58302276990212,0.370287817674263,0.398775553872795
"22364",2.53675688055242,0.263043584049229,0.310535579671105
"22365",2.50809493736723,0.191485546104572,0.253420687093473
"22366",2.44309877325761,0.137129103374743,0.20816052252284
"22367",2.39840997482016,0.114483744968314,0.187407072393695
"22368",2.39519737012246,0.147850370242469,0.207696752219549
"22369",2.38696998790615,0.13551482365578,0.199166253362673
"22370",2.53746723249587,0.332670589579144,0.358692774128562
"22371",2.51795025129725,0.392745710360258,0.396905025834767
"22372",2.53176104890831,0.46101292542363,0.448827861379979
"22373",2.57596116366258,0.663875340490027,0.604124867851626
"22374",2.5136930685191,0.415278323458411,0.411558680660734
"22375",2.50954022179333,0.309429052535135,0.337635170829499
"22376",2.54421881666443,0.423276405973045,0.424075144102056
"22377",2.50630238150742,0.152072439050065,0.226085269674712
"22378",2.49528406647661,0.202131022411405,0.25875164831733
"22379",2.4404102713834,0.065584881683511,0.160722533205213
"22380",2.45929948761484,0.0698007367091378,0.165024978022077
"22381",2.41892215006908,0.0530872465292207,0.150634283669543
"22382",2.36784737952061,0.122636843606646,0.188889004204744
"22383",2.37410122310185,0.10262285393953,0.177581880417833
"22384",2.3637553772468,0.0621508452922292,0.152351241797963
"22385",2.42376045661177,0.122073446834077,0.196069452448531
"22386",2.49934008610382,0.356318076344227,0.367201792991431
"22387",2.47757657736634,0.343247939975203,0.351348505510433
"22388",2.45189269761092,0.281407139631192,0.305091419988636
"22389",2.33170605097518,0.0575466678440442,0.146013474790204
"22390",2.62657283434904,0.631703572885315,0.595524333842131
"22391",2.58547426464635,0.550786796548826,0.529051127710569
"22392",2.54103885164445,0.383234739611998,0.395964644427685
"22393",2.56002041872953,0.517406062382504,0.500357094523605
"22394",2.5327563555454,0.341192251917002,0.365128023163077
"22395",2.50604648469939,0.188519757938113,0.251025456498708
"22396",2.50260966410416,0.132074471835074,0.211807658104431
"22397",2.45473387594967,0.054400599745739,0.154173723021302
"22398",2.42734832819125,0.116741268662089,0.191897045322483
"22399",2.50130142384008,0.0483244859585053,0.153977994909378
"22400",2.56237538738811,0.236387341476595,0.295421457271542
"22401",2.52207538701295,0.0877038862716857,0.183109492522203
"22402",2.59568975175835,0.351146576332628,0.385204138079378
"22403",2.63997520179632,0.398166064742721,0.430488507060828
"22404",2.64104433624771,0.415500586029834,0.443262507435415
"22405",2.63666158740293,0.542424241778478,0.534110751969919
"22406",2.65415063306245,0.612502986417457,0.589297855154503
"22407",2.59659458548853,0.573432187287037,0.54624170510323
"22408",2.56669396375283,0.405234974987693,0.417465595825205
"22409",2.58559739028335,0.356520432778613,0.386894152566428
"22410",2.61549149963363,0.425596289782064,0.445489105856432
"22411",2.61368723180462,0.427675955654483,0.446566147452181
"22412",2.64905391103432,0.42263780854569,0.449966159760591
"22413",2.67152564436166,0.529237253846143,0.533258904966301
"22414",2.60764458348886,0.50089197699262,0.497919603286989
"22415",2.55496476273763,0.131134439549451,0.216725725542168
"22416",2.57452663580589,0.0437187648122843,0.155795937436202
"22417",2.59050029363775,0.153921780113443,0.240124243083736
"22418",2.65811493825358,0.563018536992106,0.554369240968381
"22419",2.6393477046517,0.536649400477121,0.530656579325163
"22420",2.63612887073215,0.58440035381623,0.563922389901076
"22421",2.62760760726637,0.579287648295664,0.558081664122513
"22422",2.61658225303547,0.521101919868201,0.513926238215246
"22423",2.56711187806286,0.240234738235774,0.298499807097147
"22424",2.59351945284405,0.358479163763789,0.391271572929737
"22425",2.54992826573645,0.250021876648082,0.302859392078711
"22426",2.60111322471646,0.424844828897742,0.442468903781181
"22427",2.57051114016335,0.29764451432011,0.340272230987771
"22428",2.54686297811895,0.221657085254129,0.282857498304197
"22429",2.58347326148815,0.493256203623523,0.488244915914676
"22430",2.58652490303397,0.510323506189974,0.501635246879545
"22431",2.61867600979654,0.534120842833374,0.523862569954628
"22432",2.56476229525563,0.504713760561464,0.487050854505408
"22433",2.54652916360541,0.421905129047287,0.423779142414841
"22434",2.52965980067886,0.22592159754977,0.281864190127681
"22435",2.52759698298734,0.0501548454411681,0.157262142136317
"22436",2.53808496855254,0.111177041212018,0.201370538063905
"22437",2.57701651313998,0.390906993359001,0.41144242879133
"22438",2.54819362064318,0.240603451837778,0.296048659417991
"22439",2.56858109123934,0.304452474135954,0.344070077567567
"22440",2.57854450043201,0.424986732371559,0.439265331629105
"22441",2.69612846837672,0.0952693821597603,0.194420498247271
"22442",2.68159437144263,0.136560910669314,0.224076268496021
"22443",2.64972559715862,0.105442297285761,0.203460568768034
"22444",2.67358867531027,0.178099553310282,0.254315227930617
"22445",2.70513654690128,0.268877470614448,0.32478190567661
"22446",2.70682295690498,0.263215853214414,0.320922172021675
"22447",2.69991658189338,0.16209518578041,0.244779735488705
"22448",2.69774118616721,0.126199357613987,0.217752939960433
"22449",2.67455468526124,0.100801253114173,0.1996416879376
"22450",2.66061809426247,0.0727715663692739,0.183228041102683
"22451",2.64158480589064,0.0687387137284167,0.178058426688051
"22452",2.65798157510431,0.0722883568056487,0.182326346194596
"22453",2.69695688072029,0.149761527165774,0.249015534156537
"22454",2.67621509920236,0.13265940649991,0.233271041738672
"22455",2.72373149990822,0.251568672954045,0.334217291168559
"22456",2.72279165362235,0.128709596517614,0.234911343037302
"22457",2.74998621360316,0.213320164575279,0.308244987443447
"22458",2.70985567581517,0.106737748343649,0.213938744307885
"22459",2.70142467451543,0.102641706714257,0.201066146852488
"22460",2.71736193284098,0.223299719378576,0.291461341447218
"22461",2.74085843752444,0.371286545921347,0.406620390837443
"22462",2.74751205758884,0.257629428758163,0.322868252643311
"22463",2.74672225167211,0.104531943076112,0.207308700019019
"22464",2.76148976474603,0.101764242250874,0.211778242007869
"22465",2.78394495246576,0.151088258647679,0.255119794358573
"22466",2.76229800912526,0.109597838750507,0.220223651066021
"22467",2.73672989684615,0.0950074865718845,0.198023026993124
"22468",2.76548995014541,0.0832290353754326,0.192841447959005
"22469",2.75339649780392,0.168092642790963,0.255142638217932
"22470",2.73886680990364,0.0535516562024218,0.169400456950872
"22471",2.73301535720595,0.0358130269767548,0.155689974129314
"22472",2.72174388489684,0.0967423244135604,0.209484176439986
"22473",2.67966869491337,0.0912975593927986,0.200861694090342
"22474",2.65540408445091,0.100204285704057,0.205458937658935
"22475",2.67974886478123,0.0366179041987553,0.156685691325571
"22476",2.69543765928606,0.127262053959637,0.231746862140204
"22477",2.69287771889877,0.225798190795262,0.309681215743321
"22478",2.66906963138476,0.105366194103801,0.211438116870299
"22479",2.65442647644545,0.100088525833838,0.201983268547074
"22480",2.68777479070253,0.104988770013559,0.212462003371719
"22481",2.62015505447362,0.0404961148388424,0.155695481789953
"22482",2.63165122224638,0.0852274762472303,0.191570591185333
"22483",2.6169251245753,0.118699099992344,0.211709808339634
"22484",2.64533971228245,0.137024709683909,0.229772920748766
"22485",2.68698659159347,0.198040070105431,0.284906314028505
"22486",2.68291690588138,0.171917237169661,0.263895389336303
"22487",2.72800333473198,0.386335554447728,0.439877090477279
"22488",2.63706139778192,0.108032993212142,0.210981948623975
"22489",2.64249959776764,0.0641652634856577,0.176176075844238
"22490",2.62138565823994,0.0519399481814876,0.164706404770733
"22491",2.59924479038845,0.0594607018635306,0.16878370607997
"22492",2.88433872661513,0.0757218538387818,0.196755058096131
"22493",2.86993455520408,0.131345538275838,0.239407257016567
"22494",2.86161921279536,0.113880218144139,0.224120585717502
"22495",2.84830088431485,0.27977571586104,0.354357066319849
"22496",2.84770528480165,0.339818052590718,0.401243704655775
"22497",2.85406098312064,0.312318055136509,0.380672531959905
"22498",2.86165356044837,0.375854562262654,0.432323668772343
"22499",2.86324520744607,0.271446882756151,0.351036223860089
"22500",2.8826561954408,0.244545562289517,0.333444377082458
"22501",2.86785670269804,0.0555194947699991,0.181885018211832
"22502",2.85733295446893,0.0536425528657229,0.179848536598648
"22503",2.85472938040426,0.118491317249486,0.239910257286371
"22504",2.86888172042454,0.222924946428023,0.329390970627288
"22505",2.87091935863523,0.33866089386484,0.425735397543522
"22506",2.86985129138899,0.244831245699206,0.348289801484835
"22507",2.86613358989687,0.282640139370356,0.379280458437326
"22508",2.83239105774202,0.19944008998309,0.305614138393767
"22509",2.81177184977542,0.167310247062004,0.276369011854646
"22510",2.82219905161795,0.122420708595353,0.240750567140866
"22511",2.79940058304846,0.174005212935174,0.280135205778019
"22512",2.80256658048991,0.094822194032031,0.212022791359583
"22513",2.83695290987275,0.200789964258593,0.306626874054407
"22514",2.78861067614657,0.108284351964512,0.21392944062271
"22515",2.80201387660086,0.0617299224630564,0.183549384124534
"22516",2.80326382297884,0.152994409738385,0.263632267857364
"22517",2.7877886086699,0.0454155347706708,0.166934979096533
"22518",2.77203707488262,0.0918978962004212,0.197760360592601
"22519",2.78129237672653,0.0934764912588476,0.202245254834863
"22520",2.82079470479995,0.190815786555059,0.296115808622973
"22521",2.84898553356251,0.197712114503909,0.305593092430822
"22522",2.8132303003786,0.13059522453691,0.246772795654423
"22523",2.78977196002302,0.119099853064368,0.223374101073921
"22524",2.81741146910152,0.0261927133344992,0.152416711271286
"22525",2.81847670874985,0.0419163615018932,0.171297897824898
"22526",2.80112408286809,0.0311756279439009,0.156179846032905
"22527",2.80242364754065,0.0651878390817184,0.189254391771384
"22528",2.76362600164393,0.109642255370638,0.222437049667157
"22529",2.80064693207206,0.192874721219166,0.2963504512324
"22530",2.80850914194001,0.229737621094641,0.32781361524421
"22531",2.8357571533129,0.323934232153196,0.407253115021436
"22532",2.81503467732465,0.248063719120157,0.343989447839501
"22533",2.79183410761866,0.136864796514328,0.249460493321085
"22534",2.79470785928789,0.187124704228714,0.291962769892346
"22535",2.77518568937766,0.0790823181181092,0.199917071906979
"22536",2.77195965573551,0.0449639424679653,0.170090057808362
"22537",2.76149225930447,0.0307598419340758,0.155514695052874
"22538",2.75260608526178,0.0525808349627635,0.173983549950798
"22539",2.77869048599268,0.220234354942931,0.317055719109514
"22540",2.75138630850373,0.179425023494661,0.28099289869648
"22541",2.72649239891941,0.0336414876431719,0.157659594314971
"22542",2.75054130334307,0.256746922067572,0.342679571710203
"22543",2.88476548793518,0.036362118972981,0.167859251000061
"22544",2.87975392405414,0.0220033283414312,0.152885555553989
"22545",2.86424130163233,0.0564654420562126,0.182171869652687
"22546",2.85424787822464,0.0852471424123243,0.199764666268804
"22547",2.88673858051109,0.20032252012064,0.296951088850834
"22548",2.8797263781497,0.192539029966571,0.288666723617851
"22549",2.92992521878639,0.136944672192701,0.254437052706439
"22550",2.89182387785902,0.0651438658088095,0.190441971784496
"22551",2.88766275391134,0.0736988271031853,0.204304036230941
"22552",2.9660482728072,0.189143475372796,0.310663107287484
"22553",2.96639586362,0.339086022997373,0.44376657886739
"22554",2.96350190207895,0.307762870246489,0.415827269990762
"22555",2.93333341140838,0.247567494723721,0.359284670680769
"22556",2.94685626771909,0.169132609061622,0.293187565979998
"22557",2.91560164006466,0.144684615490182,0.268452510512637
"22558",2.92914397762623,0.0958737218445856,0.227023172350528
"22559",2.88188715998255,0.119190929034864,0.243275223648891
"22560",2.93428457501773,0.220776683793451,0.336610443961777
"22561",2.88153472950275,0.187446820054934,0.300627380509359
"22562",2.85015246289582,0.127982398056448,0.239868080927708
"22563",2.84419887503409,0.178964215019576,0.273092625990294
"22564",2.87930066385088,0.175448170112565,0.27487373610871
"22565",2.89838169187369,0.0717163921198511,0.195250767648278
"22566",2.93674322477797,0.122478302005064,0.246045217702004
"22567",2.9426322653681,0.200153231824631,0.317488919426539
"22568",2.98032667697107,0.405972732077936,0.502943292297931
"22569",2.97842994955088,0.400346764586921,0.497659138979129
"22570",2.98291338830367,0.308784065196026,0.420296702321655
"22571",3.00744282274656,0.402659815590005,0.505798002531239
"22572",2.95803426339323,0.215065377900811,0.334897300127546
"22573",2.97123790042804,0.27895776356319,0.392170156051494
"22574",2.96174193117232,0.230063575813387,0.347582523299467
"22575",2.98116555621753,0.367550753671283,0.469622462548175
"22576",2.9217894899661,0.216008146660681,0.330296705382706
"22577",2.91568772459595,0.161677625586869,0.277877899936129
"22578",2.92772085756711,0.0894920645231884,0.214613396640784
"22579",2.91677831960576,0.129604697815232,0.254603878148998
"22580",2.95237102017443,0.370625746345794,0.467724939805951
"22581",2.9175149615185,0.238869748656838,0.349640259514155
"22582",2.93033762107038,0.301416242256352,0.405247457227081
"22583",2.93504834505029,0.336152718287257,0.435320143483942
"22584",2.92841980878423,0.273920328994482,0.381951550610275
"22585",2.88749106188489,0.124919718831042,0.248545282715174
"22586",2.89377085999515,0.184016029927532,0.299686337649435
"22587",2.86623690494269,0.138787414362684,0.258154604548229
"22588",2.86443128328109,0.179887755482594,0.293326418048217
"22589",2.94503179971288,0.412240773240203,0.500444491660724
"22590",2.90452855796259,0.269092115732474,0.373741475977781
"22591",2.9046415215645,0.196131006431095,0.311563684276325
"22592",2.86361194209898,0.0842269964806886,0.211521613870423
"22593",2.87772172633196,0.115942090348447,0.240135269388462
"22594",3.05539451853033,0.392825642637938,0.506766484281714
"22595",3.03341390358418,0.375989771433938,0.487621073654706
"22596",2.99146259468037,0.211984392066015,0.335508909636348
"22597",2.95263969521585,0.125944833512378,0.255095176761585
"22598",2.95627867637031,0.0907948783690288,0.224741974819592
"22599",3.00699821067205,0.292302317961158,0.410009258190589
"22600",2.98521239389465,0.230869261114217,0.351859991950685
"22601",2.99136718946474,0.211308206049395,0.336381655400832
"22602",2.98122200390299,0.219877440334794,0.342364200387791
"22603",2.97179787590335,0.277074855803989,0.39121916940234
"22604",2.98848101356139,0.330041277145262,0.439544687012649
"22605",3.00362475610935,0.483887881656479,0.574742745516098
"22606",3.01862040303898,0.729024911670315,0.786620486054736
"22607",3.03232523709474,0.7207215551031,0.784323570760022
"22608",3.02910488378662,0.841226651386021,0.884833892149131
"22609",3.03862075660593,0.743106506983034,0.80567176954326
"22610",3.04115534023888,0.44983813971717,0.553644740741999
"22611",3.00156347634348,0.277265613148124,0.394921048053667
"22612",3.02208802930197,0.31615693398111,0.432372100263889
"22613",3.0112577504569,0.283538736154684,0.40255425025092
"22614",3.04597557606212,0.230383900981951,0.360516725465448
"22615",3.01130851330785,0.0900113567797216,0.228387346401274
"22616",3.05147358463137,0.198351679963281,0.332735962621248
"22617",3.03217454313194,0.377015100634191,0.488414377044159
"22618",3.00060959625427,0.349291334840815,0.45824908731196
"22619",3.01831972236457,0.247176817524934,0.37162016488042
"22620",3.02976976995055,0.208274931974113,0.338268498308247
"22621",3.02166910528779,0.124901379075399,0.26018561139618
"22622",3.01392887878772,0.106936976230102,0.243378234515189
"22623",3.06302249839418,0.081619886922089,0.225752033882052
"22624",3.061999179233,0.187422262627941,0.324169665725988
"22625",3.04122845938502,0.231282153180778,0.360471961717904
"22626",3.00583254318602,0.149513637709073,0.281336120199007
"22627",3.03108972870789,0.177621988360135,0.310529168422205
"22628",2.97727867195944,0.112633904786962,0.246097650816808
"22629",2.96375983764578,0.130683913224987,0.26029510582242
"22630",2.99166526417527,0.0877773864721149,0.224953042987467
"22631",2.98225998334215,0.190054674600126,0.31602152599186
"22632",3.00861472298586,0.452814775738392,0.549376140648008
"22633",3.00060560591295,0.625195563582947,0.693810523719771
"22634",3.00495940842092,0.458012483327321,0.552347133715905
"22635",3.00282874076146,0.452264175237285,0.547012552349886
"22636",2.99167717904913,0.277596454138748,0.393610693831934
"22637",2.97042638836944,0.185672997606839,0.309979506179583
"22638",2.97010859146029,0.167318193196617,0.293346032509388
"22639",2.92131496146152,0.126478418424929,0.24921794326601
"22640",2.93462879421689,0.1028193267128,0.22529654396404
"22641",2.9339992059208,0.0789572785864452,0.202214048124348
"22642",2.97098012271147,0.0153560229304499,0.151678868923024
"22643",2.96832326875688,0.0214185707928895,0.157886040948047
"22644",2.97034679422979,0.0347875045960431,0.169613038830724
"22645",3.13207262747224,0.141070049988609,0.286995618025885
"22646",3.12863832029537,0.17644913668337,0.322167133066521
"22647",3.10125357378996,0.0985963467729405,0.243258827647346
"22648",3.15117538534204,0.116191584018901,0.26565305529962
"22649",3.1759264303844,0.10041853851786,0.253501216761303
"22650",3.15774472985354,0.0783631631096188,0.226726045461088
"22651",3.16485354403758,0.0361915819866826,0.18384558318705
"22652",3.14844763095862,0.0558478464702229,0.20306454395077
"22653",3.20532309222874,0.0669515919537249,0.221853394335008
"22654",3.18017018545659,0.0278596673581904,0.178156152489978
"22655",3.19795758712615,0.0818781311620813,0.231594909601612
"22656",3.19908671399982,0.055273676949484,0.207282874718684
"22657",3.18914257783769,0.0887556610630667,0.24144325572129
"22658",3.15475197955921,0.0701818611479148,0.219040696542444
"22659",3.19235620051422,0.181645074211685,0.334539462228865
"22660",3.13441673317812,0.122204740726788,0.269666938729168
"22661",3.1306754316112,0.0590463897785307,0.205347423390593
"22662",3.12871716944988,0.0720975808739145,0.214314887123985
"22663",3.21248335862635,0.246160388630505,0.395524393942051
"22664",3.19067681589217,0.200738066342814,0.349624627830039
"22665",3.13144310729057,0.07549914805702,0.225795544960666
"22666",3.15613703575898,0.133640625662202,0.28267932016289
"22667",3.17551082191463,0.0745004753559684,0.228300744369571
"22668",3.12728760232484,0.0477217407601126,0.194259474721352
"22669",3.11857059754924,0.0343851145167008,0.17867072036532
"22670",3.1214097157211,0.0324998921978698,0.172813226715971
"22671",3.11407395593538,0.108275595782389,0.247232045117211
"22672",3.11713192685121,0.0938935860356615,0.235302049618321
"22673",3.06633380642736,0.00857196593159456,0.151024444796285
"22674",3.12364311830792,0.0337420526739832,0.175652658728015
"22675",3.11611795713694,0.0523711556569264,0.195534337023823
"22676",3.16517800835872,0.118792639788972,0.265501784127424
"22677",3.18343665191345,0.190936760992089,0.339062015308733
"22678",3.20874915736066,0.315213956644964,0.461985952624173
"22679",3.18948339070292,0.201583487889938,0.352795958488287
"22680",3.18246635117003,0.153692203604549,0.306065360462241
"22681",3.18540297165892,0.0802527623511115,0.234828213777002
"22682",3.20376473908697,0.171951834249314,0.326797715300352
"22683",3.17018456511048,0.102352750884848,0.254978476385452
"22684",3.1059750646354,0.0289101918645479,0.171158500788459
"22685",3.11609841893214,0.078796613165819,0.218753599538982
"22686",3.1899060334783,0.105381907623381,0.259179957275496
"22687",3.17144001404971,0.115833133866177,0.267526936231167
"22688",3.17697857807834,0.0989244843359775,0.251868606334843
"22689",3.165001437014,0.0859455040250038,0.236528487018326
"22690",3.12481363312563,0.0134543655998696,0.160303269394473
"22691",3.13725074108134,0.0196718458457341,0.16163613625392
"22692",3.13540494444272,0.020870112627171,0.163188799634585
"22693",3.16867437697181,0.0881207955905747,0.225521549517114
"22694",3.16063932352612,0.0822098096053546,0.227507779519031
"22695",3.17880274660651,0.107884943170649,0.260874177535104
"22696",3.17724132803168,0.071423578849286,0.225777957671042
"22697",3.17217500202217,0.0973725967321791,0.250087963155504
"22698",3.18737915208269,0.0755846782551527,0.229100119716252
"22699",3.15620018696405,0.0422069726520298,0.184919501423341
"22700",3.21266294937717,0.309045316760341,0.432976353254644
"22701",3.2064593982308,0.0993914232521576,0.236502502227463
"22702",3.1737430113379,0.126895476189645,0.27183513485957
"22703",3.2132896661843,0.0821727024589965,0.239143261099346
"22704",3.21671273213565,0.102496354540242,0.253733513460494
"22705",3.25204647490779,0.0692847617319445,0.229416328788075
"22706",3.22566529947575,0.0671122919121581,0.225750187302783
"22707",3.27087661663519,0.301666044937787,0.46059124467511
"22708",3.24620979618258,0.0869168806886509,0.246962542631978
"22709",3.21606278997873,-0.00124722750010702,0.152956283402141
"22710",3.22552925044706,0.0251675452426271,0.181237743819679
"22711",3.24905583520565,0.0443618827533244,0.204676878633523
"22712",3.26339526468564,0.188195136747444,0.348605827209875
"22713",3.23961361835551,0.122427382677645,0.281198169769857
"22714",3.21389180434176,0.217509389042081,0.370050559753465
"22715",3.21738561432074,0.218989877385217,0.372104745947575
"22716",3.2138858123839,0.115222621805712,0.27124389490933
"22717",3.17085372517415,0.0447918970843297,0.196456708959587
"22718",3.14774991309677,0.00339459584714499,0.152642009400015
"22719",3.17794354530385,0.0162415471700951,0.159522015336165
"22720",3.19544684662343,0.0892005887010623,0.239577143062694
"22721",3.15236125403667,0.0581843756900636,0.205887461750607
"22722",3.21765903865544,0.103392115210988,0.257030150073753
"22723",3.20873150684693,0.071588522218052,0.228718042433734
"22724",3.23087803971608,0.107035448657427,0.264675624167737
"22725",3.25032624552416,0.391374636147656,0.543164395297323
"22726",3.23060877922148,0.333092979754847,0.483627284925923
"22727",3.23284852539189,0.356323432328147,0.506118596647645
"22728",3.24011381669485,0.383184463781762,0.533058505993422
"22729",3.22515077279564,0.43932228423476,0.582755856319054
"22730",3.23482586385647,0.355836709201031,0.506043084686423
"22731",3.25540134447397,0.380557295630478,0.533647819786647
"22732",3.24568465559096,0.49418063193521,0.638858009295436
"22733",3.22608566666121,0.403940450026154,0.549497753981231
"22734",3.19257976027123,0.181269252267148,0.334254453995687
"22735",3.22760974855388,0.164465465672327,0.32115154203085
"22736",3.21016850606982,0.11769404706058,0.27356233224754
"22737",3.2256382185475,0.186345296926103,0.342985499831592
"22738",3.2304353907508,0.258584657741137,0.412760215007261
"22739",3.22221384283837,0.21221670453799,0.367362891816813
"22740",3.22633706877844,0.294940884769934,0.44683772149012
"22741",3.21444157482552,0.125845324029406,0.282319781350175
"22742",3.20962178082143,0.113597027281028,0.269202321882302
"22743",3.2158898728378,0.0774085053021601,0.23466930801456
"22744",3.17622124075187,0.0554214695025853,0.206100227448926
"22745",3.18275800795841,0.0451531517391662,0.197665523650696
"22746",3.19344556914505,0.0384560759211585,0.192692009675028
"22747",3.29579343850039,0.1784653283252,0.342169386094141
"22748",3.31179589428364,0.0209177521399453,0.184353760375832
"22749",3.32857093095041,0.0216644157894742,0.185420147880632
"22750",3.35278438897421,0.141994821314543,0.312501661069203
"22751",3.33330324679889,0.0785065159421655,0.246243498827476
"22752",3.32689747818125,0.00230047900080591,0.16528480013525
"22753",3.34649840670852,0.112238209952548,0.280239722481807
"22754",3.34706309006567,0.24798740127441,0.418081715703741
"22755",3.35549693175739,0.0570440208939132,0.222313302232105
"22756",3.39828608223573,0.1149537439898,0.287617040080064
"22757",3.40005770264963,0.361497435897206,0.539337370013929
"22758",3.38631671315267,0.311069439896778,0.486593130848966
"22759",3.38419952979344,0.222215568261005,0.397229467127537
"22760",3.36910516586374,0.150190303483534,0.321750457960009
"22761",3.38547843595008,0.226358450446809,0.401558938528668
"22762",3.39992337926543,0.13664721097603,0.31269397448247
"22763",3.36325300571003,-0.00136477675859849,0.162114011120852
"22764",3.39024038182802,-0.00259414556111432,0.163866058839086
"22765",3.37990176004495,-0.0133532646364531,0.149481089398482
"22766",3.35440294689915,0.0249106023138557,0.178154460672757
"22767",3.36480621962355,0.0697217704017986,0.22025543518515
"22768",3.37251874224995,0.0605219957479598,0.213161112725187
"22769",3.37411046071042,0.0321856261787494,0.186298901946323
"22770",3.38345956659925,0.0692157518377639,0.238100966782643
"22771",3.3638757331837,0.15543381174009,0.325698310312852
"22772",3.35003411505768,0.100894708566544,0.2691059845317
"22773",3.36662088802768,0.205134238476987,0.378185039894861
"22774",3.31258209026425,0.0987900568501395,0.265290959861088
"22775",3.31046013452016,0.0687312189807771,0.234294021871132
"22776",3.28512631125462,-0.00605938083548537,0.152713324166363
"22777",3.26438154550494,0.0326227910902861,0.179825204852187
"22778",3.31237975944236,0.00597547407287792,0.158410286125346
"22779",3.33810097612452,0.0614933299130511,0.218006293309092
"22780",3.35905250090477,0.119207350139966,0.287662794540004
"22781",3.37326661760054,0.255342106791048,0.430389637094885
"22782",3.3529581719374,0.2771765090484,0.447781375077942
"22783",3.36517477412063,0.453374033297333,0.624830232610264
"22784",3.33327868436251,0.37646298506495,0.543937805026412
"22785",3.33766044951359,0.417104400050009,0.58386012324426
"22786",3.33221803675372,0.451460422149218,0.615766329025937
"22787",3.32351454360173,0.321727322840111,0.48766474512041
"22788",3.32232888286278,0.0973704688499601,0.263174463784683
"22789",3.33707541573938,0.130718669444257,0.297419319651593
"22790",3.30379619545491,0.0512958123953176,0.215325103284327
"22791",3.31176356322459,0.210745287782959,0.376590846766648
"22792",3.32784627318756,0.210263008133691,0.378107153766077
"22793",3.34052835487271,0.297262890482609,0.467768226180992
"22794",3.35000284288967,0.294095309589134,0.464785623075129
"22795",3.32264094884865,0.220989405342226,0.387975718721087
"22796",3.29266228579086,0.0953656298113586,0.260070595070037
"22797",3.29509745524478,0.103642222557921,0.268797481479545
"22798",3.39955831797835,0.317989940889103,0.496796127717687
"22799",3.40478442453851,0.255339497658711,0.433397671392158
"22800",3.42947775824686,0.40190226714101,0.585185607815853
"22801",3.4228152788548,0.149955310481274,0.327374108367711
"22802",3.4361484497198,0.165157397615327,0.344478096198741
"22803",3.45322095258195,0.190757367220688,0.374467164641411
"22804",3.46016663804925,0.129653525775809,0.312112243867162
"22805",3.46071703472342,0.137868576785218,0.320658687101742
"22806",3.46669848275121,0.362771722807663,0.552638411158392
"22807",3.42332311097207,0.332204277489654,0.513778294535175
"22808",3.41236891425946,0.293350945683202,0.472850476523191
"22809",3.42442224501722,0.410457812105007,0.59287195030477
"22810",3.42693318921602,0.176764325798046,0.356703339088813
"22811",3.42844036871629,-0.00662445639348773,0.159746519919786
"22812",3.46969682155072,0.311236008010532,0.501345222351053
"22813",3.43708655328936,0.275833522272538,0.458972908258484
"22814",3.43739082456889,0.30892084173393,0.492575704168827
"22815",3.45911230270481,0.108476985462581,0.287855140268292
"22816",3.4800607455826,0.337847832729709,0.531198077827901
"22817",3.46908434062842,0.251512664887395,0.438699887879356
"22818",3.48857340574158,0.338056495866571,0.532684947355831
"22819",3.47518491393161,0.319319320642966,0.511462214049878
"22820",3.47791728135644,0.329583271163468,0.522494375858507
"22821",3.47446275827471,0.151218405385493,0.334603485044929
"22822",3.48827725110882,0.296587928955793,0.489498791952123
"22823",3.46661647780675,0.0499244230973901,0.221023376536963
"22824",3.46468209895679,0.0226948522355168,0.190836467347544
"22825",3.43791683196454,0.0123505959054407,0.168612371431452
"22826",3.45294647817875,0.0814839650090937,0.239577356051251
"22827",3.44147278347503,-0.00533111735486495,0.15013152827105
"22828",3.50016518189487,0.0388785684127506,0.206819772944377
"22829",3.52199983224843,0.036432881530301,0.211695935775231
"22830",3.49597827285305,0.183970076128715,0.371111589444317
"22831",3.49753644290125,0.0563031514320303,0.232000670681981
"22832",3.49172295696612,0.0372993062889644,0.205886572114744
"22833",3.44855712895069,0.0746171525583787,0.231606258450377
"22834",3.49214821026045,0.0979799106065132,0.259622960907682
"22835",3.48696837808265,0.113747403002035,0.275840325022748
"22836",3.52156841198207,-0.00666550229707773,0.157105100941986
"22837",3.51990189747439,-0.0233586070770968,0.148132001048354
"22838",3.51939166805485,0.000751357878150893,0.173957508004519
"22839",3.52051451834412,-0.00706495223895849,0.160099813393059
"22840",3.53582866251531,0.0171368912365284,0.189392336120184
"22841",3.51314307847784,-0.010063047083897,0.153187025468019
"22842",3.54171322111109,0.0389628255519825,0.213343368421046
"22843",3.52902765928681,0.0149190585369663,0.18965723505776
"22844",3.52005362778419,0.0013600612761247,0.174395431179816
"22845",3.51193321483093,-0.0127808760337518,0.158180783985562
"22846",3.50319684531656,0.0470213257311423,0.222006435946107
"22847",3.48338858397699,-0.00113087346709042,0.169999580768367
"22848",3.47177317718028,-0.0196554316011695,0.149742021314833
"22849",3.57982792574167,-0.0280754981005233,0.145456323769418
"22850",3.57993440597074,-0.0136584486693756,0.159433200519955
"22851",3.58854488671044,-0.00185041823703596,0.174849418932345
"22852",3.64614442928799,0.00962575455157822,0.190069614789301
"22853",3.68861316760204,0.0237761816320175,0.207944227329332
"22854",3.68144249616831,0.0150133475664531,0.197777040535398
"22855",3.62523272483703,-0.0317112595910363,0.143060223439147
"22856",3.64580676495794,0.0464708739588361,0.227854136241409
"22857",3.64922464950358,0.0142797766956762,0.192660916017428
"22858",3.63832397928597,-0.0185318220486819,0.156738654997859
"22859",3.66759645877165,-0.00884111462398793,0.170605718089782
"22860",3.64202709817562,-0.0186898725660609,0.156354781636724
"22861",3.69588950861949,0.0176959000554877,0.201561753465217
"22862",3.64815652492859,0.00791964424232813,0.188181487806734
"22863",3.68558101226709,0.0736525297097122,0.260491464357155
"22864",3.70738737700536,0.257714989556144,0.465809816093663
"22865",3.7376949506921,0.369617254050182,0.592742848555154
"22866",3.69902510383518,0.0811327482092656,0.269697384679793
"22867",3.72535322255752,0.24814716955212,0.457873261664471
"22868",3.71912152411403,0.162623058864321,0.362269038993642
"22869",3.6978897925999,0.00732617283988985,0.19017190780548
"22870",3.68718434569697,0.00833977006556814,0.19081452518728
"22871",3.70232351474441,0.0188121915790247,0.203532878966905
"22872",3.72059075190035,-0.013562083381838,0.167641100244784
"22873",3.77795409304798,0.139346143661774,0.344862770735512
"22874",3.70952955002492,-0.0295074820557132,0.148677059587012
"22875",3.666238851915,0.013253805918162,0.192653610520429
"22876",3.68096942359494,0.0172311676363516,0.197658239197924
"22877",3.67486576776161,0.0207991930147172,0.201214260042115
"22878",3.69701843808435,0.0143794511426167,0.195316569945867
"22879",3.70567587631571,0.0690074482153089,0.256751153194666
"22880",3.70992395568082,0.108316432206555,0.300987576713207
"22881",3.68467768031487,0.0219967644831083,0.203622282403077
"22882",3.67770244588218,0.0156575903982858,0.196030501992411
"22883",3.68869573424978,-0.0228513593160308,0.153845296284738
"22884",3.7262273992484,0.0921249772895587,0.287159650259482
"22885",3.69491064256138,-0.00677227576856629,0.173832437429377
"22886",3.70092176147931,-0.0276251837022141,0.150230369375875
"22887",3.69869101719095,-0.00820580891697032,0.172603913195463
"22888",3.71800296265875,-0.00997473049512657,0.171217108430003
"22889",3.67824763736276,-0.0359448150752504,0.140365385473622
"22890",3.69619083054596,-0.0155797681334294,0.1639673584264
"22891",3.66490332475659,0.0182989783326537,0.19800805798915
"22892",3.67435861424702,0.0135062379259669,0.195490069289047
"22893",3.68059038636416,-0.00689743624954876,0.171542174986418
"22894",3.68373150940043,0.0446860203570258,0.22832518847546
"22895",3.70412605745372,-0.00479020563934834,0.174816512980382
"22896",3.72242647765316,0.000629921999702609,0.183397910848392
"22897",3.74249588635338,0.0862611309125447,0.281734683260198
"22898",3.78946311974431,0.223011897079423,0.440861629254718
"22899",3.80422184961886,0.291022985073978,0.519493633070514
"22900",3.75991106428921,0.0970937347816203,0.295346598760346
"22901",3.7203911013648,-0.00475733827913973,0.177030816283341
"22902",3.71339085862503,-0.0387688773313767,0.138482016537166
"22903",3.71857099382699,0.0219141328328995,0.207439375434677
"22904",3.7223622143981,-0.0182851772750313,0.161315488457855
"22905",3.75741625218001,-0.0254523292049002,0.155705990115748
"22906",3.73810418380824,0.0581025108157326,0.246525882139284
"22907",3.78242707658443,0.00254244344593162,0.189291575241936
"22908",3.77617515265972,-0.0330853182365263,0.147778424558172
"22909",3.73095031282632,-0.0264488976073062,0.151560164438605
"22910",3.78217056833294,-0.0234989511603007,0.159094546540841
"22911",3.78820467876441,-0.0140257409530598,0.170389178507018
"22912",3.75478449110608,-0.0332450021849825,0.146459722791944
"22913",3.80508836798049,0.0749814592391669,0.273518363868794
"22914",3.84700010917145,0.383021917277043,0.629898384606815
"22915",3.84592453365905,0.412519297444129,0.662713901528781
"22916",3.79151014984294,0.258626863376613,0.480441581023451
"22917",3.73332563700324,0.0692579946903723,0.261496127547169
"22918",3.68372661383278,-0.0217231705145387,0.156562438747517
"22919",3.68255533778678,0.204131721113905,0.404263603805385
"22920",3.71367442279849,0.0139897085822996,0.195596811929713
"22921",3.72609119104518,0.0264498832977397,0.211116151070772
"22922",3.71549046450328,0.00522447623196508,0.186739446096004
"22923",3.68986276460817,-0.000873473476873571,0.177872512256546
"22924",3.72273118612795,0.00671959718614087,0.188900858178223
"22925",3.75702569405534,-0.0422379005163272,0.136367226815865
"22926",3.77796034850408,-0.00927424672002934,0.173192804804936
"22927",3.73497162636703,0.0201090155113013,0.203284617890878
"22928",3.73569540491167,-0.00517754518500326,0.174830649802534
"22929",3.74582962244671,0.0322644324376187,0.219890826571041
"22930",3.7353844435936,-0.00148730029272107,0.178961822340417
"22931",3.75531059057684,0.221560349197128,0.431629587524958
"22932",3.74944753868972,0.162531895943885,0.364902790252794
"22933",3.75189721128415,0.244677053295681,0.456980932697723
"22934",3.73662550185031,0.0288338719991801,0.213734527352056
"22935",3.75846659501568,0.0634894725395929,0.25424912395291
"22936",3.77203664849943,0.00369208382917507,0.187780310852586
"22937",3.77687543408614,0.14341759486603,0.346191876248293
"22938",3.80343106301858,0.172446135006269,0.381965144289894
"22939",3.80806735202134,0.0745999386267913,0.271273777432006
"22940",3.82824969752763,0.0672273454189121,0.266949142724201
"22941",3.79445144050959,-0.036536946460203,0.144342644658439
"22942",3.75110949700458,0.0303017195712695,0.215828191774052
"22943",3.74618294329888,-0.00214260469804113,0.178742910557629
"22944",3.75957821481407,0.300504394815454,0.519939050947796
"22945",3.74582121944559,0.160443897402554,0.362120899882011
"22946",3.76260564021426,0.204397068420812,0.413340846871981
"22947",3.76023464671049,0.0103265478914332,0.194857463808947
"22948",3.79313234346629,-0.000282029253256462,0.186622845110899
"22949",3.78396578090373,-0.0117549362092371,0.172569402702979
"22950",3.81918601771968,0.145932523680209,0.35624202385243
"22951",3.83299571313032,0.00518225527906605,0.194726586539484
"22952",3.84576696549205,-0.0246916205738247,0.160511420434675
"22953",3.83892533117006,-0.0402659875839738,0.141886653919092
"22954",3.81315703858913,0.0312471874558931,0.220996601108696
"22955",3.82369466875047,0.0463268372733737,0.239705505866603
"22956",3.84946805293624,0.0142740525276615,0.206539188970099
"22957",3.8522686619511,-0.0108224905070187,0.177164952133435
"22958",3.84475999301581,0.0593892318075131,0.258799511609367
"22959",3.82701377968169,0.0420927290838777,0.234465833941536
"22960",3.80015725471436,0.0838267962419712,0.280256732986967
"22961",3.80553359911974,0.296661027923406,0.521874242750487
"22962",3.81064670578378,0.365529662788577,0.60001806757805
"22963",3.81837894161513,0.3871522373663,0.625652671455118
"22964",3.82740901142187,0.445840339632885,0.692923047414976
"22965",3.83610185940498,0.342762784435437,0.578988125159657
"22966",3.80608534013985,0.118456290115851,0.320490400789032
"22967",3.83454945243312,0.0388517719836419,0.234179503398231
"22968",3.82925129053393,-0.0243125895018178,0.160260766079833
"22969",3.81668183622727,-0.00602758075732334,0.180828821259567
"22970",3.82708211562032,-0.0277658567498072,0.156096855456967
"22971",3.8020584721096,-0.0360126456618589,0.14525027229316
"22972",3.80760036959507,-0.00207722316544369,0.182511612426926
"22973",3.82197033440825,-0.0145207959837093,0.168916616461458
"22974",3.78005251982867,0.0088679391224214,0.193804236413855
"22975",3.77760901469259,-0.0104214960610006,0.171482094194601
"22976",3.74712608919705,0.0433415461344948,0.230267119021689
"22977",3.78237303114467,-0.00949369008390654,0.172219824727312
"22978",3.8273512261697,-0.00717114044238801,0.180449059170958
"22979",3.82400546372975,0.0715478503639975,0.27089548313192
"22980",3.84747893622994,0.0322939975499084,0.227368106932285
"22981",3.82037514720213,0.00107853409838817,0.189231831083061
"22982",3.8077295984509,-0.0462708037845613,0.133814318792063
"22983",3.81903294535322,-0.0041716989023708,0.183190943603943
"22984",3.788874665957,0.0462806552365156,0.23962641878799
"22985",3.81775400763563,0.123566195389907,0.33038825544935
"22986",3.79938706788124,0.0306647898099326,0.222442602512852
"22987",3.79467716842322,-0.00121882521558433,0.185370546806835
"22988",3.79397160118425,0.0115365680688197,0.199984927332505
"22989",3.83947655250504,0.143010146274149,0.35477445654233
"22990",3.79683981712192,0.025367425346366,0.216152284209318
"22991",3.76441777810533,-0.0312545111066339,0.149156149292322
"22992",3.72551107324328,-0.0186238191399807,0.161743500484762
"22993",3.73716500019191,0.0567975122882336,0.24549252476981
"22994",3.72611070636749,0.0396919510682027,0.225780345789966
"22995",3.73006867256692,-0.000271944430888884,0.182827982356308
"22996",3.74579634649007,0.0403816092218463,0.230008053275555
"22997",3.69510950121793,0.107725821597774,0.301412591361321
"22998",3.72833992725908,0.159626276593917,0.362720656681319
"22999",3.64588541531846,-0.0242112512718676,0.152276857063849
"23000",3.67226208711142,0.0450775921693939,0.230124328687345
"23001",3.73353104442409,0.0323046516782807,0.219937754838596
"23002",3.88881519576314,-0.0443910921530826,0.139327714866905
"23003",3.89578517604304,0.082191908354934,0.289313053744412
"23004",3.90023364970165,0.185320223896934,0.410490043505837
"23005",3.88366250756016,0.145258600536192,0.361737168245075
"23006",3.90832010664071,0.292593918696776,0.536469702363693
"23007",3.87704032644677,0.0525688529181864,0.252915616392277
"23008",3.85785405503642,0.0112987579288145,0.202949932121776
"23009",3.85213213201103,-0.0119840243607056,0.175508042177309
"23010",3.85681056231148,-0.0218104092513456,0.164245750969063
"23011",3.87418311308318,0.109700925480892,0.319833307179799
"23012",3.88614529216543,0.154201821682742,0.372901673439575
"23013",3.91242840961968,0.316781636705345,0.565162907993613
"23014",3.87873902282254,0.142263187273468,0.357873173569797
"23015",3.89292459299467,0.269711593329245,0.507855282910748
"23016",3.90461638967029,0.44407824419922,0.710366885488475
"23017",3.80721404015996,0.125331880213163,0.331010952060932
"23018",3.82692561857889,0.0715532943680616,0.27174194238385
"23019",3.83829398625615,0.0386288493864268,0.233975284185712
"23020",3.8498651795128,0.0769693997288145,0.279415347925579
"23021",3.8320319037587,-0.009659862448031,0.177562679439786
"23022",3.82053191246257,-0.0375418985057798,0.144337932835495
"23023",3.82052898820065,-0.00104184539167473,0.184721844021125
"23024",3.87485275356526,0.148664643532434,0.365316516603633
"23025",3.86745604172376,0.161886111917525,0.379766492795909
"23026",3.871886632377,0.118045857477667,0.329150180667462
"23027",3.87944118247928,0.218269337747604,0.446539971804704
"23028",3.85658436761987,0.00778662633622861,0.198786903025006
"23029",3.87167873799217,0.0993943816282234,0.307457892841867
"23030",3.87263904528069,0.159821256355739,0.377838842025837
"23031",3.87806003044788,0.340937789811447,0.586975265575685
"23032",3.89901756629175,0.464980792723063,0.732574366277966
"23033",3.92226598698491,0.743885888535598,1.05263070183023
"23034",3.88676898313914,0.5267309386159,0.799182856557444
"23035",3.87872358365171,0.393025010296899,0.645891378263348
"23036",3.85297807381227,0.117566598481954,0.326945679933732
"23037",3.87762507311278,-0.0519518651358906,0.129564155823634
"23038",3.86706407491904,0.0978563363244957,0.304983744514334
"23039",3.86744174939154,0.18718988023664,0.409222815893668
"23040",3.83379162990465,0.00268176857726791,0.192077412319273
"23041",3.82125512232097,-0.0177994187711307,0.167489865338121
"23042",3.85076194256655,-0.0288731562928442,0.155988984023169
"23043",3.86612103010303,0.0240759423537589,0.218918355373406
"23044",3.85780278510341,0.00572471468607073,0.196931170657976
"23045",3.85151290394565,0.0548214921645814,0.253537921150812
"23046",3.9000739985606,0.0937795959188209,0.30345616988277
"23047",3.89013915858535,0.114825738298229,0.327174110154851
"23048",3.87899954945983,0.12405291776076,0.336634380131895
"23049",3.89112591050586,-0.0333611758721886,0.152682303216205
"23050",3.88998435524668,0.0805859015449678,0.286975014338698
"23051",3.91081864400422,0.334040281267074,0.584776404985898
"23052",3.89561320106444,0.202785732804856,0.430304597753003
"23053",4.16494602833164,-0.0349470954122552,0.157926928805362
"23054",4.20200949433488,-0.04277432535495,0.149817681222255
"23055",4.14702548482114,0.00608329418039727,0.210564506903791
"23056",4.11877480072871,-0.05361659633325,0.135841959121942
"23057",4.17969366402354,0.163807153229882,0.411041479540881
"23058",4.15561046768944,0.196538971385392,0.449359121483071
"23059",4.11684781662014,0.143843040371943,0.381117187751125
"23060",4.10150335679926,0.0716753405183703,0.291291852605073
"23061",4.10601309065763,0.0366536453372216,0.248142090048176
"23062",4.08332052431582,-0.0641077544360948,0.120591569826493
"23063",4.07873705254877,-0.0468140997396434,0.143225199991669
"23064",4.10710449796741,-0.0300252253073853,0.165070931749948
"23065",4.08305862907779,-0.0529520215168786,0.135750635391476
"23066",4.11461294625429,-0.0317536259858779,0.162538524438173
"23067",4.10489495060026,-0.0549180865673478,0.133814238506522
"23068",4.11685698615452,-0.0347135772047692,0.159469310943561
"23069",4.11754930053857,-0.0504099283843023,0.139814320288874
"23070",4.12493809360356,-0.0677206451805462,0.116539150780477
"23071",4.1350466711448,-0.0337083429052835,0.160074297139009
"23072",4.12139135757855,-0.00350929233666304,0.198848045236574
"23073",4.11283586230492,-0.0141769603921089,0.185048607484946
"23074",4.09423071489855,0.011962404908554,0.21686178269025
"23075",4.09720548687079,-0.0219624222078566,0.174777112928295
"23076",4.1142375530321,-0.0421134553200139,0.150056369345461
"23077",4.15706732451099,-0.0144261134353846,0.184905809968824
"23078",4.16335557938545,-0.0238939776757795,0.173165215384478
"23079",4.14430507779927,0.0169544998749011,0.224260936175864
"23080",4.15425575079446,-0.0593512875704618,0.129789273891598
"23081",4.14632195067913,-0.0374943054778308,0.157067547275994
"23082",4.17337219732471,0.123151442732862,0.359906937599373
"23083",4.14896958010899,0.0895337906936509,0.316747675107181
"23084",4.11571308573669,0.0854716214216098,0.309346623960164
"23085",4.15436393855391,0.0950935244384007,0.323497299146086
"23086",4.11187838426106,0.0874639337852471,0.311647293039183
"23087",4.12593874625107,0.106489844835312,0.336068290813335
"23088",4.0972310600307,0.0409863337446668,0.252914454239064
"23089",4.07660399941441,-0.0227458058870167,0.173020445996511
"23090",4.05358547904127,0.0376444838652284,0.24654316623231
"23091",3.97932965119268,-0.0602924179639988,0.122979661486366
"23092",4.08525853520344,-0.0692982578426164,0.112133938558795
"23093",4.12224108657947,-0.00704236582095294,0.191996155213395
"23094",4.07807250358474,-0.0269147403454335,0.167896943498159
"23095",4.05800202959503,-0.0317631626529165,0.161129269226647
"23096",4.05488273403886,-0.0361403543022141,0.155628306636993
"23097",4.06800270135704,0.00293206530830919,0.20432103373382
"23098",4.04023115227485,-0.0101437511986886,0.187169670456521
"23099",4.06560468750958,0.00806299280710225,0.210502618999594
"23100",4.05439420627404,0.0399139863531876,0.249272296708215
"23101",4.07917390689708,0.10127031477165,0.326508445271884
"23102",4.07501891531604,0.0842130258354863,0.304919099981333
"23103",4.09344960972679,0.126525263083533,0.358340030664208
"23104",4.30261326182679,-0.0431902343520188,0.155441040987231
"23105",4.33802279289943,-0.0291492780178749,0.173190350885869
"23106",4.32522339971615,-0.0720896575669661,0.118614157416755
"23107",4.31397031121718,-0.0736947098752136,0.116239833408049
"23108",4.29152395247333,0.0040394089999522,0.216700754844347
"23109",4.25643875925765,-0.0457251348160859,0.150734780417457
"23110",4.24438475879282,-0.0245933073876986,0.17772187215374
"23111",4.25261736334818,-0.0147719389147594,0.190502451689041
"23112",4.26993354589913,-0.0486945862605883,0.147298443647641
"23113",4.26863030661232,0.0163609249757356,0.231465156209883
"23114",4.25021656161595,0.000598505980682689,0.210281696205034
"23115",4.25135136272302,-0.0307679287557839,0.16987277736742
"23116",4.26728633373724,-0.0302655844735626,0.170868921861009
"23117",4.28843198264028,-0.0550323802366735,0.139848420838467
"23118",4.298115992855,-0.0870824441648661,0.0961715479768576
"23119",4.33818920847105,0.0399722574107926,0.258737153587439
"23120",4.34164326403976,0.0639172747141399,0.291511829546573
"23121",4.32814538843674,-0.0358678415141135,0.164620711555926
"23122",4.30805022978819,-0.0483447026124754,0.149072247397657
"23123",4.25654897457849,-0.0657887915080525,0.124753237126731
"23124",4.25729878815461,-0.0608813572913927,0.130923286312714
"23125",4.25661355311023,0.0223274252691162,0.238517620398128
"23126",4.26760640892815,0.0810058347521038,0.314241911187146
"23127",4.2877119907552,0.0609920878226105,0.290221617614813
"23128",4.25171539456378,0.0175018813840784,0.232045931315839
"23129",4.23420157356282,0.0283040754293196,0.245044358460052
"23130",4.27743283992978,0.0779736111283271,0.311203826854586
"23131",4.20900250420125,-0.00268339107885582,0.20402511519738
"23132",4.20693206551551,-0.0794057788329312,0.103997458887115
"23133",4.21565834452713,-0.0648781555705824,0.124768747584371
"23134",4.2136641558781,-0.0129812982153409,0.190996937272156
"23135",4.23486763560905,-0.0493178092342557,0.145395276194523
"23136",4.25893266753289,-0.0132459145251069,0.192754876247788
"23137",4.26379847757616,-0.0458583600161608,0.150440840706255
"23138",4.26733907759849,-0.0562050762964132,0.13681302172034
"23139",4.2890231364973,-0.0513022432793389,0.14398863469009
"23140",4.26614725302825,-0.0346541574222562,0.16424432081571
"23141",4.27215536729995,-0.0257346268996623,0.173491915610821
"23142",4.32365954912359,-0.00245952822251515,0.207211116097331
"23143",4.29310089085659,-0.0517629244733321,0.142105668501128
"23144",4.29050190315936,-0.0342045299281523,0.166622373847069
"23145",4.25148627245291,-0.0680581489146353,0.12150493875866
"23146",4.27592599006502,0.0720609925076848,0.303558467956163
"23147",4.23548540128467,0.0766413285929473,0.306364148699076
"23148",4.25418577186175,0.0955994035456914,0.331968372375905
"23149",4.274757594476,0.0406902334217541,0.26322018291389
"23150",4.26039194140922,0.0976146617043818,0.334812120388066
"23151",4.26257431328994,0.0849021948795134,0.319118347671055
"23152",4.23729549758651,0.00100319911460706,0.210068562029278
"23153",4.2269819664636,0.00202017321264555,0.210663388619059
"23154",4.25719060584102,0.00330742930999283,0.213967266911537
"23155",4.3208153541405,0.179112930573469,0.444322112872565
"23156",4.31197834526415,0.166746485534153,0.427725216227357
"23157",4.32572559542601,0.127582049849886,0.379003599995452
"23158",4.32307811397862,0.0562285639225082,0.286670216733426
"23159",4.31995480058066,-0.0195269582348426,0.187563184282409
"23160",4.30839410334983,-0.0175559501911018,0.189546528720603
"23161",4.32540679608962,0.0121878149686156,0.229151903422735
"23162",4.34945544440274,-0.0222571406941373,0.185413927301176
"23163",4.38476649569761,0.000175698079032379,0.216905347494853
"23164",4.38887281737867,-0.027398501957201,0.180628251812161
"23165",4.40924076636325,-0.00832191015722693,0.207085127237881
"23166",4.41818485830659,-0.0675942331368024,0.128254074248222
"23167",4.36678561795816,0.0366838090028302,0.263796205290203
"23168",4.35219407117961,0.0132017841310836,0.232063749198036
"23169",4.35067796593721,0.0840402106391512,0.324738348534796
"23170",4.34769003577842,0.0753674513251614,0.313258923798677
"23171",4.3470045435771,-0.00335346982601895,0.210102646700106
"23172",4.34900449519399,-0.0389965806106374,0.162988923561994
"23173",4.36357145243097,-0.0623740086909134,0.13287566557408
"23174",4.36603800941841,-0.0927558110509087,0.0909571914678147
"23175",4.39866103040414,-0.0695832630417066,0.123835891196668
"23176",4.40652371460082,-0.0927904234998471,0.092355875998567
"23177",4.3956182267184,-0.06926537231455,0.122627578824648
"23178",4.37969320167047,-0.0739691035468867,0.116036557795937
"23179",4.39688723326082,-0.0812109612716964,0.109240987758131
"23180",4.40085136228546,-0.0789464233797257,0.112414605319635
"23181",4.36278363449639,-0.0178107763834889,0.191701332163945
"23182",4.36510441701475,-0.0403031254972973,0.162116345737671
"23183",4.34733921586524,0.0236038405676272,0.245500671018604
"23184",4.33692117682157,0.128483961675693,0.38106341934082
"23185",4.36312770462579,0.185661681050614,0.457676333845343
"23186",4.35583209229793,0.225398525343151,0.507758242324507
"23187",4.36728393819715,0.0207487552386787,0.242871987994123
"23188",4.36479183565879,0.140803302210271,0.399858814346721
"23189",4.35542850688386,0.229302038013065,0.512693105687371
"23190",4.35663889660491,0.0925825850686063,0.336382577914032
"23191",4.36351872513248,-0.00704080932458334,0.206250735264142
"23192",4.41067395925878,-0.066893560396881,0.128370390356971
"23193",4.42637661293105,-0.0112473168462982,0.19952622149125
"23194",4.43630208592752,-0.0476718936677198,0.153147470318932
"23195",4.40642259960016,-0.0691917451632178,0.123863249087722
"23196",4.42793098476124,-0.0654836106209362,0.131507364197416
"23197",4.41824951711612,-0.0509840203305036,0.150685007679524
"23198",4.44271034742802,-0.0991053740993499,0.0856764371726688
"23199",4.44219011794137,-0.0821644313621716,0.107633887209746
"23200",4.4384605136539,-0.0598824513759961,0.135198353624208
"23201",4.46436761574128,-0.0253287078880032,0.180761357073381
"23202",4.46802392072509,-0.0473437324081668,0.151302188737231
"23203",4.44242995148415,-0.0839574953448537,0.105401798840156
"23204",4.47033675311801,-0.098202978816614,0.0874631495848002
"23205",4.47514490260814,-0.088299940732612,0.102486740161759
"23206",4.54268761760996,-0.084082468312659,0.110422972469709
"23207",4.53862257336276,-0.104021694118657,0.0819952335942954
"23208",4.54944687204187,-0.0819914355111267,0.113996369216673
"23209",4.63151578348023,0.00797590360366529,0.243128891597101
"23210",4.68479185652446,0.0816891382140409,0.347358031009661
"23211",4.68573066876416,0.107227997686931,0.382762300730149
"23212",4.59896674704789,0.0236456771337174,0.262649690521774
"23213",4.55752900300956,-0.0735091330175399,0.12425833990156
"23214",4.51723551878906,-0.080336350603413,0.111019953311325
"23215",4.55850948015628,-0.0960228627258335,0.0929107165403575
"23216",4.55869466812294,-0.0687667846108882,0.132157999709773
"23217",4.57036086339657,-0.0111605519100867,0.21366012167734
"23218",4.50247938740703,-0.104102912342069,0.0799761225004304
"23219",4.52261488139992,-0.0884692056167106,0.101291099831163
"23220",4.5338789606502,-0.0764304913918178,0.120254901774629
"23221",4.54712868794224,-0.0715238034575343,0.127516777177791
"23222",4.55598291289916,-0.0874979303035947,0.102301881032654
"23223",4.56248800614785,-0.0873455110317063,0.103236581746066
"23224",4.59435065165303,-0.076334733198402,0.122713525673786
"23225",4.59974211155079,-0.0657195795220098,0.137469592758226
"23226",4.54306562455107,-0.0321294803107662,0.170166664891525
"23227",4.57034485747639,-0.0245987789963711,0.181726793665632
"23228",4.56101001673517,-0.0424197571084755,0.157262061087109
"23229",4.57654216907481,0.0280799215359569,0.253122958886891
"23230",4.57922176229304,-0.0232175542992447,0.185192048412924
"23231",4.55032386184024,-0.0558500696366629,0.140941953556289
"23232",4.54575807041677,-0.0403492514548628,0.166687121802577
"23233",4.56980963202298,-0.0503210347239148,0.158536201175648
"23234",4.60336853193812,-0.0613981841228453,0.144979718607242
"23235",4.59333892740855,-0.0366457551607288,0.178677180535747
"23236",4.57780420903456,-0.0502727983074139,0.159916120376418
"23237",4.58907421444638,-0.0709597519388861,0.131520433096248
"23238",4.62659931664706,-0.0692027115680966,0.134910246545696
"23239",4.59917002808112,-0.0867467666291638,0.108752792693862
"23240",4.5796325124965,-0.100382039854484,0.0881723926634761
"23241",4.58791839371961,-0.10339407153411,0.0824052743208383
"23242",4.60143110670231,-0.0650468607759707,0.137916325908696
"23243",4.59203326463188,-0.0887732145306867,0.105599306919292
"23244",4.59914993182497,-0.0373774982196977,0.178919503799724
"23245",4.60491143867287,-0.0135841275229916,0.212484616861789
"23246",4.54397810622026,-0.0915712994843079,0.0990930887898007
"23247",4.53051243207415,-0.0893750455534982,0.101986020354787
"23248",4.46929308310881,-0.0835413333903638,0.106181548982633
"23249",4.5070058889212,-0.100681911995567,0.0859066838782087
"23250",4.51337759400984,-0.0678145684452148,0.132627331162139
"23251",4.59888202565852,0.0599580132856936,0.313207494053171
"23252",4.60144922789463,0.0380101274699355,0.282943500921396
"23253",4.59563909918039,0.00882351592376302,0.242741466164234
"23254",4.64232805943001,0.031614817205946,0.276170155642745
"23255",4.62099039140234,0.0303407978461909,0.272866319561181
"23256",4.63361695595331,0.0734485620468375,0.333967849029046
"23257",4.69576011022054,-0.0431340424435224,0.174455012739155
"23258",4.65790623135739,-0.0630659893070609,0.145086697217561
"23259",4.68216507844601,-0.068867690507831,0.137354196617176
"23260",4.64786624702555,-0.0408467588151242,0.176079883802677
"23261",4.61280146440925,-0.0291584953691356,0.189108742159563
"23262",4.59232396538722,-0.0960153694315174,0.0943956135527104
"23263",4.61127540860541,-0.0883761912027301,0.102196271219186
"23264",4.61510838928785,-0.0517319107202632,0.148520843042084
"23265",4.62313911856332,-0.072724461455794,0.124833984353535
"23266",4.60295122948545,-0.0923323966428477,0.0976689690996723
"23267",4.59087567605301,-0.108468575889625,0.0772715508468559
"23268",4.56699906358005,-0.102416170955756,0.0847308089882453
"23269",4.6106982999875,-0.0710886668579604,0.131066066895853
"23270",4.60487858537356,-0.104354931227414,0.0830995909041647
"23271",4.63569094807278,-0.0757374129749788,0.126374617143234
"23272",4.64585155647263,-0.0761740676003694,0.125532932849171
"23273",4.62679920382923,-0.0991806738533435,0.0909697951181396
"23274",4.6287842374055,-0.0940064314603435,0.0989997196883609
"23275",4.62744522969305,-0.0642857385683118,0.141719900572505
"23276",4.63564198708203,-0.0389099290832418,0.177499708004853
"23277",4.66267440027922,-0.0430969419006873,0.173432261367083
"23278",4.6344732914773,-0.0434281082808274,0.171410982663673
"23279",4.62481799464057,-0.107469138494675,0.0793285181315389
"23280",4.60720382956879,-0.0986561001521832,0.0892788245145956
"23281",4.60459769194624,-0.0944686492867963,0.0970667365606841
"23282",4.5650382742692,-0.109375010730519,0.0743518196480578
"23283",4.65780048783548,-0.0339844573022691,0.185939943258703
"23284",4.67454069246874,0.0168408823406925,0.258046350792932
"23285",4.62306404988858,-0.0710864457923349,0.13123706361828
"23286",4.67782699778766,-0.0745934832521785,0.129099666714388
"23287",4.63727883177576,-0.113856017813082,0.0705672211518707
"23288",4.63790185543081,-0.107611697456283,0.0773287519039649
"23289",4.62992730985466,-0.0647626989003517,0.14100873827113
"23290",4.62832501044469,-0.0877811942391761,0.108431278965644
"23291",4.70751108780813,0.0157462157599852,0.257364375990876
"23292",4.71842033742388,0.0142520559698006,0.255668059552583
"23293",4.59782444087363,-0.0806916365233941,0.115752784008853
"23294",4.61142410863859,-0.113258041026073,0.0705128296410186
"23295",4.60840398461087,-0.106037268099002,0.080879455988533
"23296",4.6143650035896,-0.0729283095058303,0.128975670467057
"23297",4.60276992309231,-0.0866997188503444,0.107800462021169
"23298",4.58209596773316,-0.107282748334056,0.0776996553733369
"23299",4.61214833896133,-0.098033750696427,0.0913692993697489
"23300",4.64072721739941,-0.0724988927114736,0.130088141461502
"23301",4.59903921149779,-0.0976442531335633,0.0915975904084977
"23302",4.62996798245617,-0.0711692911773719,0.123073445746474
"23303",4.63199643773983,-0.0676759162220079,0.129017930236436
"23304",4.64381714858833,-0.0850919276721073,0.108060286138273
"23305",4.6524883573088,-0.0666245452731574,0.139206916801138
"23306",4.67168790417721,-0.0225055339440878,0.202263383667992
"23307",4.68489145506899,-0.010609460253956,0.219837430824912
"23308",4.68921561735609,-0.0937019840866741,0.102231127802324
"23309",4.69250441669619,-0.0662971381032975,0.142544299688305
"23310",4.71194484279024,-0.0481932216672065,0.168164242784278
"23311",4.71787877463338,-0.0496734317730364,0.166219183095121
"23312",4.73131463533295,-0.0702745914696308,0.137433151017786
"23313",4.68595597259077,-0.119521605289074,0.0640717254574528
"23314",4.74744600255364,-0.0877314068717279,0.110805369050731
"23315",4.7306735032911,-0.0390279697874376,0.182594956735389
"23316",4.74439029473198,-0.0332411736800189,0.190975435683059
"23317",4.78641685306825,0.0128286080023504,0.258020339858284
"23318",4.79202550172613,0.044665475646328,0.304141377909483
"23319",4.8312537357526,0.15503787739654,0.464659936414951
"23320",4.81332026141174,0.112458983387887,0.402410357623947
"23321",4.75846378918817,-0.00303813626370283,0.233905200576019
"23322",4.78112524254222,0.0363293745258392,0.292141158050236
"23323",4.76302310267728,-0.00067887099222822,0.237662099622871
"23324",4.74320679050738,-0.0309368611724313,0.193344062367071
"23325",4.73681135968924,-0.0809026738686663,0.122652749367682
"23326",4.740937647515,-0.0662076273037879,0.143495100150025
"23327",4.78518563123921,-0.00547280307623172,0.232103111534844
"23328",4.76232414486781,-0.0538256708752706,0.161765093848849
"23329",4.7328826331754,-0.0680754791466177,0.140602613579624
"23330",4.78045261528585,-0.0403848732275201,0.182027419770092
"23331",4.80603405346519,0.0267103645025499,0.279903264620364
"23332",4.79150077973387,-0.0272980125597679,0.201153295334818
"23333",4.80445190474311,0.0126249131364285,0.259592164925179
"23334",4.80396486372445,-0.0189929467943099,0.214460434574861
"23335",4.79148066938482,-0.0866871007501024,0.116499494178015
"23336",4.80669735484789,-0.0650707761227357,0.147554637242863
"23337",4.82017167875026,-0.0536254739525708,0.165293610686607
"23338",4.72136240091683,-0.0861148563880948,0.113776920356346
"23339",4.7147279899817,-0.0977011505915782,0.0891364680125006
"23340",4.74763077572309,-0.100587923343748,0.0848861113171086
"23341",4.80614364464154,-0.061275576663065,0.141756031402058
"23342",4.76995513496876,-0.105747617535434,0.0811581370893385
"23343",4.76035938600373,-0.0957811264641365,0.0967210813695224
"23344",4.75267701388542,-0.108473453751538,0.0781153685860178
"23345",4.75161316722944,-0.0997337245463112,0.0929689679478641
"23346",4.74017128047866,-0.0965742985319305,0.0970745798211629
"23347",4.74193641363819,-0.118446556447088,0.0676142335200206
"23348",4.756967538751,-0.125443586924776,0.0570799078147113
"23349",4.73448395811487,-0.101489525121932,0.0878425493878801
"23350",4.71073710163138,-0.113955109550956,0.0697488503222349
"23351",4.73209465486853,-0.0564139198584611,0.156950729596177
"23352",4.78688210272792,0.0410592568576608,0.298677898226618
"23353",4.79475427669755,0.119485424988639,0.410528290748198
"23354",4.74630647455459,0.0477832309890866,0.30490076902404
"23355",4.78269313174026,0.12554969377458,0.418096602505226
"23356",4.79747996142605,0.129799443448068,0.425181880561896
"23357",4.72280481829306,-0.0487281848696438,0.167704755502764
"23358",4.75341148286522,-0.0392151889559851,0.181938644488493
"23359",4.8116259192769,-0.104829395650642,0.0866612481975331
"23360",4.83985347071835,-0.115358870961917,0.0728768376777974
"23361",4.81482217659653,-0.0869459955979839,0.105297772019146
"23362",4.82381386540179,-0.114531677777134,0.0689673354355727
"23363",4.80864166215577,-0.108586966389752,0.0808413969881702
"23364",4.8510336909873,-0.063448112865317,0.151830924550994
"23365",4.85096253758915,-0.0672129427284676,0.146363776435022
"23366",4.84907419757837,-0.092476314477088,0.107981565289978
"23367",4.85962825694092,-0.104073693100156,0.0912160382864047
"23368",4.87074376510953,-0.0967318390913522,0.103843266747143
"23369",4.87509721512217,-0.0797184787620972,0.129773859808706
"23370",4.87008840192897,-0.0847799677382733,0.121981671518962
"23371",4.82773739117791,-0.102592419926684,0.094183946874458
"23372",4.84647700961724,-0.0925489272624992,0.110400110242449
"23373",4.80495363693251,-0.113671894899247,0.0768659910578142
"23374",4.82443698932649,-0.103883343845105,0.0913182015233642
"23375",4.80745878587531,-0.120027830206587,0.0658204347194938
"23376",4.79506712588869,-0.121417196146802,0.0617445446508943
"23377",4.83825657823645,-0.0973466157873246,0.100547687313203
"23378",4.83151266890711,-0.0791567717956062,0.128742719810714
"23379",4.81278027997347,-0.108012961265808,0.0853065631085923
"23380",4.79871177902258,-0.110638562152475,0.0789538701642119
"23381",4.79165147726262,-0.111737804173794,0.0757906673650199
"23382",4.80748901003238,-0.10377672402108,0.0874236997837528
"23383",4.80264861004004,-0.0854149477649368,0.116484410742968
"23384",4.83841321870528,-0.0590690418052478,0.157465058181961
"23385",4.8150483159787,-0.11707167495243,0.0703889684204302
"23386",4.81495396394188,-0.130143133071299,0.0513489004914277
"23387",4.81170637981698,-0.128827944465316,0.0539762293799188
"23388",4.81541682814335,-0.123092162905093,0.0627083550401577
"23389",4.86717708966699,-0.0917231803226461,0.112457240310298
"23390",4.83853157061481,-0.129542483645959,0.0536460815000146
"23391",4.83473723073104,-0.113662863477565,0.0756243027626532
"23392",4.84465514210274,-0.125796179882431,0.0570413820783088
"23393",4.8415900594883,-0.113603048100711,0.0766499142331361
"23394",4.81024136603118,-0.0888377385429155,0.108186301643797
"23395",4.83762733451794,-0.100954980032777,0.0880735295924974
"23396",4.85653477319425,-0.105846309989288,0.0840249193911153
"23397",4.83945334958402,-0.112059462347967,0.0724021510554006
"23398",4.85837827861143,-0.115718420557421,0.0684432405802727
"23399",4.86161768389338,-0.105475330090771,0.0851734733134693
"23400",4.84236852191888,-0.0799900940884111,0.116624691837235
"23401",4.85465577795421,-0.0708510125782671,0.131871249661661
"23402",4.8667212742379,-0.102568508566882,0.0917766839635141
"23403",4.92601169868556,-0.0577901217891247,0.164562240015999
"23404",4.8690784703867,-0.103388361563959,0.0934252132362259
"23405",4.85211562593434,-0.133262069617488,0.0480670656077542
"23406",4.85669802092349,-0.109088701902666,0.0809279480087717
"23407",4.84125754289816,-0.118430440436416,0.0681714790049198
"23408",4.89412195585885,-0.107549425380381,0.0877156922908636
"23409",4.92956723755596,-0.0903103597082802,0.115565789750954
"23410",4.93735716550994,-0.0966268375955654,0.107202212234141
"23411",4.91109865146641,-0.110723799877509,0.0849068324247551
"23412",4.90963635703293,-0.135620644749558,0.0466258027905638
"23413",4.90803102216772,-0.137867635614054,0.0424570431649049
"23414",4.93815684348606,-0.122012907235851,0.0674176898798164
"23415",4.88927377640111,-0.12463781467707,0.0606155670523492
"23416",4.92939874505783,-0.122264333669559,0.0644774642594346
"23417",4.93448640598486,-0.119827591753486,0.0702992728683569
"23418",4.88947046399175,-0.106733616595646,0.0863851725140791
"23419",4.89051747784008,-0.106098864697299,0.0828585513404433
"23420",4.88364422936193,-0.120099286974195,0.0631796061808657
"23421",4.88788028419724,-0.109576944617372,0.0806329240107743
"23422",4.89859017768599,-0.130416878954097,0.0516302954383851
"23423",4.95589890865428,-0.110143293770524,0.0865025624965254
"23424",4.97390368741368,-0.101892629547934,0.100072959340188
"23425",4.97670089423047,-0.126876867866567,0.0617248181819535
"23426",4.96911505317503,-0.139258158280321,0.042983084144531
"23427",4.96771329719211,-0.142901816002293,0.0367004826683367
"23428",4.98602694273325,-0.135780526265402,0.0485856206657097
"23429",5.02639782683385,-0.0884006919802102,0.121766096750901
"23430",5.01250388038125,-0.106117591592762,0.0950822244708342
"23431",5.03001127515443,-0.101867636015257,0.10186075651298
"23432",5.01861914326604,-0.109315234944932,0.0909104604837454
"23433",5.02584604077135,-0.10231239754414,0.100850051663876
"23434",5.00236632434784,-0.0963877610872542,0.109652061314134
"23435",4.9556197007411,-0.13980569356678,0.0408714859277915
"23436",4.95750719355807,-0.138993555944654,0.0422337288035367
"23437",4.98218756925747,-0.132132686756029,0.0526707749474495
"23438",4.98357316586455,-0.134382108524646,0.0506829609555876
"23439",4.98215174804308,-0.125553908483827,0.0633176448742132
"23440",4.95442858254872,-0.0996008527202079,0.0965446183752016
"23441",4.95942405438988,-0.0608076408299227,0.152502030532023
"23442",4.98572024651967,0.00750993343807631,0.253914045793889
"23443",5.00103392762139,-0.105979224287246,0.0890313038841913
"23444",4.98407400369153,-0.0212939449860388,0.211950850077344
"23445",5.00616171430999,0.0347267842983881,0.295177373998515
"23446",5.00948250022983,-0.0561772424758467,0.163055799012661
"23447",4.99391850593843,-0.132669756417516,0.0496936297827733
"23448",5.01583729143276,-0.115841844022603,0.0791430626062893
"23449",4.98320445716869,-0.127331868529532,0.059229173756374
"23450",4.94015815774383,-0.125379315790911,0.0574059600548079
"23451",4.976992507477,-0.123632607081777,0.0626919070097276
"23452",4.95761443777258,-0.135365029561124,0.0449137202501739
"23453",5.0127414301449,-0.112515339513286,0.0840743288325542
"23454",5.00577697710833,-0.0785041364383895,0.13724007584543
"23455",4.95577657352105,-0.137096568640755,0.0452843633427703
"23456",4.93249097492954,-0.117939909050013,0.0723713190957196
"23457",4.96546651043707,-0.136382492924127,0.0463188755293045
"23458",4.98873253993473,-0.133301330799929,0.0503637773837945
"23459",4.98774494106818,-0.113096128257334,0.0810684742657295
"23460",5.0240738924178,0.011051764487156,0.262865946788786
"23461",5.03654567233711,-0.0989253251121383,0.107049523942128
"23462",5.00266522599021,-0.110320657460378,0.0883710631847953
"23463",5.04731972658932,-0.0888738023774515,0.123562487698621
"23464",5.05621626456101,-0.0852683769768363,0.129032622234797
"23465",5.07961539356164,-0.0623802579135907,0.161383909234179
"23466",5.0088596862307,-0.104019314737212,0.0982609301405749
"23467",5.01163435969487,-0.104441097661351,0.0981064830281257
"23468",5.0000185113357,-0.125116457324059,0.0652074315587743
"23469",5.05429561307142,-0.0667478385996507,0.156867379234158
"23470",5.06566810224085,-0.0672041863600802,0.153144954233375
"23471",5.01886057024348,-0.100029614468932,0.104272559169848
"23472",5.06025710596778,-0.0865375699291654,0.124590935263906
"23473",5.07489384323182,-0.0816081368278287,0.132865743354729
"23474",5.05318390407234,-0.128641526675238,0.0624175414947665
"23475",5.06038495276485,-0.139702662712656,0.04342769220036
"23476",5.04313411728023,-0.114384639323994,0.0841321775411959
"23477",5.03701988901172,-0.123142171588034,0.0705043644672283
"23478",5.02984064256772,-0.141978655372552,0.0398527547932819
"23479",5.03227421063697,-0.132768712885453,0.0517178042953312
"23480",5.07592011714912,-0.148527586144574,0.029905487653431
"23481",5.05946943892353,-0.1207682205792,0.0736406392277284
"23482",5.0508799275444,-0.138825506197609,0.0437859937776599
"23483",5.06755496972927,-0.121805628465044,0.0729688682320439
"23484",5.05512628513003,-0.1131743395514,0.086464062798285
"23485",5.09236178393365,-0.0529834956811071,0.17617079443405
"23486",5.07743372839688,-0.0673033709177696,0.153907367799736
"23487",5.06235891304987,-0.083115655596659,0.129545021062966
"23488",5.07058021454798,-0.0618030266492835,0.161371512021184
"23489",5.05618224454429,-0.0885202530632595,0.12169452111065
"23490",5.03619312065401,-0.132832860174002,0.0546391683653759
"23491",5.00575117084584,-0.146074076691105,0.033265990006788
"23492",4.99415789940883,-0.123111458118327,0.0639616080735991
"23493",4.98336015943607,-0.1225024516248,0.0647125049542996
"23494",4.95375013686109,-0.130482977782334,0.0546160294359011
"23495",4.97116632184412,-0.128313900350005,0.054119176637501
"23496",5.01027608864281,-0.00254460477215927,0.24241574069937
"23497",5.00246779695169,-0.093852772359692,0.107196902102831
"23498",5.01053968495601,-0.138420398860152,0.0417956117195694
"23499",5.0145365436982,-0.136613843239058,0.0460379770830369
"23500",5.01253229236452,-0.140107118267276,0.0394452901258663
"23501",5.04316444131922,-0.133937268091521,0.0520082003571604
"23502",5.03215811686411,-0.136936623530415,0.0480978233569602
"23503",5.0214484656652,-0.144098743935986,0.0357075441502444
"23504",5.0243264035379,-0.126214842196307,0.060791338354797
"23505",5.02118396162915,-0.143638674343316,0.0375722281852816
"23506",5.03287858152553,-0.0993242113555251,0.106475626350481
"23507",5.00830883363527,-0.0908788260081523,0.118872974207669
"23508",4.95444890101799,-0.0992849002990568,0.103364259816026
"23509",4.97355580227093,-0.116808413374744,0.0776495769831279
"23510",4.98315696915477,-0.105541445380925,0.094379423076997
"23511",5.03975409330238,-0.0599694936146206,0.163589275962445
"23512",5.04494925761536,-0.149356890507679,0.0293580457403871
"23513",5.07144030447794,-0.138273603176658,0.0474292092321522
"23514",5.0733943913591,-0.148074951328653,0.0321422853752024
"23515",5.10724183472132,-0.108180199599225,0.0973446527824604
"23516",5.09910624131348,-0.0869223632479482,0.124708096501682
"23517",5.12556645624129,-0.0797446726495155,0.136357134229132
"23518",5.16015787058638,-0.123586647580961,0.0742186779667617
"23519",5.16564597443472,-0.0953648779218086,0.114657927813941
"23520",5.1946363044721,-0.0534037186205554,0.179282920524076
"23521",5.21897520047595,-0.0210787620982831,0.229798764311329
"23522",5.13897335736892,-0.0686480088626283,0.15426110579012
"23523",5.11752331401441,-0.117581836878935,0.0809736350490795
"23524",5.10754447134891,-0.118761201615827,0.0802594489915458
"23525",5.0925318627283,-0.12954943861005,0.0630729635325989
"23526",5.08426833569622,-0.15242104424374,0.0251181782235723
"23527",5.10801422376598,-0.14058852365346,0.0459420092686456
"23528",5.11665633910221,-0.095794524647999,0.113269417036694
"23529",5.12790977982828,-0.110087130263519,0.0947646531132831
"23530",5.14135676467672,-0.116992510059591,0.0850792791033255
"23531",5.13106810456524,-0.114825424755996,0.0874014680014413
"23532",5.12715903350429,-0.117753836345932,0.0831995976411996
"23533",5.13566314470132,-0.113247291835797,0.0902926903573355
"23534",5.13025118564758,-0.0915533209379822,0.119873947124466
"23535",5.08871481639866,-0.129988374757882,0.0619582593945855
"23536",5.11211404577132,-0.130988735500073,0.0608675532965068
"23537",5.08921152494639,-0.142113554921556,0.0422640771485175
"23538",5.13181619897425,-0.118561716202086,0.0803605879229788
"23539",5.1179441792153,-0.139710247861247,0.0474725363745968
"23540",5.13928185504852,-0.104838151485367,0.102471967392005
"23541",5.14764985910705,-0.106590520241758,0.100528563065935
"23542",5.13031316205186,-0.152944949038481,0.0267094359309307
"23543",5.15381331821247,-0.139639478642646,0.0489730718312971
"23544",5.14373103040224,-0.140694778440027,0.0440655336151997
"23545",5.16959384481063,-0.156259282868503,0.0230160561190484
"23546",5.1640169590319,-0.159047236139164,0.0169618993586233
"23547",5.14060171528435,-0.1507517967474,0.028607537952672
"23548",5.13305509149741,-0.141501601675878,0.0431676381997642
"23549",5.14225759801309,-0.153767942492695,0.0246626521685221
"23550",5.1666731235366,-0.150371127906766,0.0306545143794147
"23551",5.14635324519419,-0.157612445022755,0.0188140985503795
"23552",5.15580287936094,-0.118971607689775,0.0812446940330757
"23553",5.15755582340457,-0.142253615293826,0.0448787068098466
"23554",5.15307246608166,-0.144735331105504,0.0409993576491362
"23555",5.1662600485496,-0.11577156301889,0.0875891335261305
"23556",5.15402368216494,-0.125667477007425,0.0713496163966276
"23557",5.118802158069,-0.140914814462976,0.0425086036753796
"23558",5.15571201194938,-0.155354446718378,0.0215218369265115
"23559",5.19086470055183,-0.140785700579047,0.0468000950819244
"23560",5.18693980638228,-0.138329653606398,0.0499475475624315
"23561",5.20182125468436,-0.12569133149192,0.071591108859067
"23562",5.15879350566391,-0.1383351735142,0.0514038544378376
"23563",5.27457371455948,-0.155214034044082,0.027402931406403
"23564",5.2792550751744,-0.149482393637027,0.0358712737845666
"23565",5.28200930977377,-0.136006845544442,0.0590888904145362
"23566",5.27092003503715,-0.133637213941055,0.0624134838700561
"23567",5.26924393848928,-0.127924377349624,0.0709866670872905
"23568",5.22748039991466,-0.116302541121462,0.0878221448522742
"23569",5.20481274057259,-0.122833202080502,0.0777491486104628
"23570",5.21606330624508,-0.159159329089829,0.019133990533404
"23571",5.20867366351563,-0.148062067841737,0.0374203480513534
"23572",5.20301466411978,-0.159563954701531,0.0174228852734669
"23573",5.20402604535653,-0.144181878459966,0.0435127829082727
"23574",5.25723399927876,-0.127608136254276,0.0710203900305999
"23575",5.27268372680672,-0.133324067811212,0.0627743486087505
"23576",5.22775596796451,-0.146212415801815,0.0405858982979891
"23577",5.21668120051426,-0.155198619340395,0.0247629517638547
"23578",5.24844963147029,-0.125029934459086,0.0744130726758238
"23579",5.27563494416435,-0.0833295428060257,0.141095682410781
"23580",5.28656798918288,-0.05657797507242,0.181022169245299
"23581",5.29982938690629,-0.0419288798528857,0.203021274145741
"23582",5.31117211215112,-0.0668671262482979,0.169134990345662
"23583",5.30215292011808,-0.0554752360853766,0.186918445938678
"23584",5.28727858118494,-0.0675099020327087,0.163253646505686
"23585",5.29995086942238,-0.0656630326607179,0.169861085270097
"23586",5.29136063370323,-0.0617358734587563,0.172739107497418
"23587",5.28596283933257,-0.0866601426681144,0.136879049359147
"23588",5.23914794575405,-0.116808509006907,0.0871057480056594
"23589",5.24317280427979,-0.143961805400564,0.0435577791003113
"23590",5.26043175286482,-0.145387921942492,0.0407914530836707
"23591",5.2599101519385,-0.0986437780903303,0.113381101082681
"23592",5.23148958309432,-0.161925079397635,0.0142201453571074
"23593",5.25193299288875,-0.124632894632503,0.0727064475850513
"23594",5.28388199324372,-0.166895610588723,0.0085087707790554
"23595",5.2607277889397,-0.126532203207359,0.0696904262993166
"23596",5.24857054113267,-0.155558273370524,0.0240736309385921
"23597",5.26297326899084,-0.14841944853393,0.03574756373895
"23598",5.22476963084821,-0.157064328841214,0.0211516952322261
"23599",5.21625580933809,-0.163357915460042,0.0117652987235098
"23600",5.22962109672692,-0.111683845087545,0.0906961993653435
"23601",5.25578015764976,-0.107036309141197,0.0989019237897868
"23602",5.24067324605049,-0.111417704268976,0.0916158054096752
"23603",5.24553166841599,-0.136297684332906,0.055168966076554
"23604",5.23138092065669,-0.148697076209679,0.0363361898523629
"23605",5.24114921770529,-0.142740602187186,0.0462748847043684
"23606",5.24691713761599,-0.113515200780124,0.0935423506949958
"23607",5.22513824018717,-0.130001703354533,0.0661250580174206
"23608",5.20089752935245,-0.134624353363584,0.0587599338852826
"23609",5.23655439048389,-0.123397722059781,0.0766200678763806
"23610",5.23882588303542,-0.117646326010548,0.0860885829412957
"23611",5.22289207395206,-0.160783029595971,0.0174645809790962
"23612",5.24008737901164,-0.156313978664567,0.0248548330360987
"23613",5.22744582569546,-0.156745543535993,0.0238253053122964
"23614",5.3061533519552,-0.160877239787163,0.0183734517013686
"23615",5.33121203437356,-0.163968734367008,0.0155766951686876
"23616",5.29044236430482,-0.159640250996757,0.0212260766502302
"23617",5.30558410084648,-0.126444601637212,0.0716321372990236
"23618",5.28310626062934,-0.164524502632058,0.0125789303493569
"23619",5.29392590761883,-0.158528591271263,0.0226228079656925
"23620",5.27319359700805,-0.164774016309334,0.0123483922559831
"23621",5.25387890649401,-0.163816597013853,0.0122260607414661
"23622",5.24829263751403,-0.163836433731424,0.0119421103954605
"23623",5.27934120401265,-0.168638692191922,0.00557409296731887
"23624",5.3108437095995,-0.142767236754649,0.0487596670509284
"23625",5.31759604496403,-0.139836086117061,0.054768588066036
"23626",5.34057153842194,-0.0990815521476916,0.120247355533779
"23627",5.33150008896957,-0.0648036109825069,0.173808295594637
"23628",5.34793683966293,-0.0769667250867982,0.153236219515269
"23629",5.3135027412589,-0.125297717458998,0.076787984049223
"23630",5.32507715914309,-0.120649013639354,0.0838564321800026
"23631",5.34494314941442,-0.111168787906746,0.101548639090724
"23632",5.33228883355765,-0.148263121139059,0.0397605511101514
"23633",5.34289126004889,-0.157091748409734,0.026266202216497
"23634",5.34896031402993,-0.132111115907516,0.067038889057047
"23635",5.32505354594741,-0.132644467684927,0.0655082285875831
"23636",5.33682311191555,-0.141584183366236,0.0486526640873505
"23637",5.35678464320297,-0.153099389765223,0.0314535840295474
"23638",5.34551766793104,-0.161976203482262,0.0173576058398952
"23639",5.379634705851,-0.167390656700446,0.0103005131727057
"23640",5.39969383412947,-0.178649942024,-0.00601344583286705
"23641",5.38735516529718,-0.168721772859287,0.00957731716704489
"23642",5.41232342056519,-0.175105771047801,-0.000988397784992136
"23643",5.47456889088614,-0.116777095298296,0.0973573711236245
"23644",5.40534116930859,-0.124663041438569,0.0822583544701775
"23645",5.33359113953524,-0.0993055120425724,0.117228233509085
"23646",5.34490190048222,-0.149604098486899,0.0374061066092018
"23647",5.3269791831569,-0.149352179806902,0.0372741005964009
"23648",5.31553344095755,-0.101540854784021,0.109778337728175
"23649",5.32158340621199,-0.0932137846288272,0.12098091131386
"23650",5.32816397042977,-0.124816160154289,0.0749750909895998
"23651",5.27684789620673,-0.155674410354319,0.0250169644958934
"23652",5.29182781620694,-0.132493661908069,0.0607295951650947
"23653",5.30908313612789,-0.115507923213325,0.0876413877088464
"23654",5.31218470204381,-0.105602992379547,0.103982573359665
"23655",5.34203031586708,-0.123337946759111,0.0774002899443665
"23656",5.35513432007355,-0.123454784429564,0.073652672610884
"23657",5.33653135094042,-0.151455011614274,0.0331177835986336
"23658",5.33386649190489,-0.173243884755585,0.000746407572707397
"23659",5.37279191048349,-0.16480513768243,0.0155522386335349
"23660",5.33623309362819,-0.16344642636081,0.0159642637940138
"23661",5.35771362128762,-0.17049452438734,0.00474608028446811
"23662",5.35667452136917,-0.156732504521432,0.0275151332692784
"23663",5.32874001459128,-0.152717025564615,0.0334628312525926
"23664",5.32291094549184,-0.143564010292927,0.0452722039157207
"23665",5.51208782418562,-0.126621879657057,0.077803121432993
"23666",5.50860212540412,-0.139963331515796,0.0596488849737428
"23667",5.43610389003898,-0.148733804239451,0.0413247240668342
"23668",5.47560605445993,-0.138321099088966,0.0577822964283491
"23669",5.49809255864973,-0.119302570318933,0.0916927132857602
"23670",5.47012514917855,-0.163295906473903,0.0203054054426989
"23671",5.46903316028364,-0.12610332943517,0.0804481208238925
"23672",5.51827521831751,-0.104982368106061,0.118172812731092
"23673",5.5160448760511,-0.101620447239593,0.121652014292881
"23674",5.53027612205712,-0.112390887520577,0.106792520704002
"23675",5.51751584131888,-0.118502464251263,0.0947948805945065
"23676",5.45686767171082,-0.168929559610466,0.0101977188671809
"23677",5.45863903777007,-0.164804181558336,0.0171185810735022
"23678",5.4500124969891,-0.145339383237082,0.048761777928307
"23679",5.40870989208502,-0.164856015163983,0.0158259523772534
"23680",5.4536457511727,-0.165530621819021,0.0174092084604442
"23681",5.47638025876575,-0.167645891313554,0.0147071930206046
"23682",5.46648635971567,-0.149058318467962,0.0444323697499689
"23683",5.45280061954645,-0.164541445609607,0.0173585521240506
"23684",5.4784939944796,-0.167859262743423,0.013791933704035
"23685",5.46500554961178,-0.150513312680336,0.0417014555360591
"23686",5.48530524565447,-0.15601524884757,0.0340931057294163
"23687",5.49779787692924,-0.163916733150733,0.0199475153759293
"23688",5.48981069943847,-0.150661381467722,0.0405084232214254
"23689",5.46978720954363,-0.170951257833772,0.00776971258566933
"23690",5.45705842274591,-0.174380006251764,0.00170289212398874
"23691",5.47177144287365,-0.12899127683855,0.0741841986216788
"23692",5.48430203614384,-0.142973415090819,0.053041540232468
"23693",5.48659076277976,-0.151491983443337,0.037660758066775
"23694",5.49897990808906,-0.145589137087122,0.0470671895417899
"23695",5.51131116438253,-0.144618269234811,0.0533139343600249
"23696",5.45485755375659,-0.174413606516952,0.00225722318794486
"23697",5.4651253688854,-0.177708044141736,-0.00372400993526749
"23698",5.43025559044591,-0.163010160329944,0.0189622524706539
"23699",5.43366491482236,-0.146097095457058,0.0476815062251442
"23700",5.50266282461557,-0.0933170079652888,0.131592545224211
"23701",5.49283170343825,-0.153313560264458,0.0341017105083604
"23702",5.50781660358731,-0.167687836769782,0.0150199782214188
"23703",5.46304394007455,-0.169414916959753,0.0114708634591082
"23704",5.46202818277576,-0.180293821503556,-0.00692576558590827
"23705",5.46537882588833,-0.184078977043593,-0.012815018344493
"23706",5.46358106793509,-0.169946628708679,0.010449270517154
"23707",5.46301685128739,-0.159857814828736,0.0270002264617563
"23708",5.44251223880594,-0.166488097261488,0.0153144198068515
"23709",5.43234347465796,-0.165937744926253,0.0150816062530885
"23710",5.45071303208667,-0.168371882993795,0.0125529303528703
"23711",5.46420678141652,-0.171446105835387,0.00780812520634045
"23712",5.45942872315153,-0.178435965917717,-0.00394024381138094
"23713",5.49526061731146,-0.140535643545968,0.0588633578526529
"23714",5.4887834602,-0.167973306244654,0.0130094797457946
"23715",5.48326781123542,-0.159595949013005,0.0264446149757283
"23716",5.50535594698022,-0.17327651713936,0.00512371595598519
"23717",5.50044116586075,-0.173093862883929,0.00570414564432316
"23718",5.48534143849099,-0.150988529579032,0.0422533804547769
"23719",5.47120324271205,-0.164159264470278,0.0203207272057349
"23720",5.48450384218402,-0.156507860731608,0.0333207187733264
"23721",5.49000694528831,-0.16414919705774,0.0203841997247575
"23722",5.50422887556197,-0.174128660860143,0.00399342469148288
"23723",5.51506342387408,-0.170297895803508,0.00967489821387869
"23724",5.50764125466678,-0.156414629169734,0.0322107288482165
"23725",5.48551350567517,-0.160008821585532,0.0257452526010955
"23726",5.53356223484506,-0.131784786292128,0.0750833091871059
"23727",5.53167955917241,-0.134605341277341,0.0690393801064306
"23728",5.48668380721253,-0.171780817697292,0.00866970379883706
"23729",5.48861666834311,-0.177345980470227,-0.000974028841967133
"23730",5.50450952131288,-0.183878884077181,-0.01151069564179
"23731",5.52975237407785,-0.189349082523831,-0.0195263045423681
"23732",5.56590655289816,-0.180729334119459,-0.00376384479695648
"23733",5.55583584423449,-0.187341379780111,-0.0161958410045407
"23734",5.5410201530315,-0.16033056440105,0.0272318040000738
"23735",5.55908113594991,-0.166349858833733,0.017457921892804
"23736",5.55122636849614,-0.159690064091653,0.0283329352665376
"23737",5.54045348853475,-0.142993129271594,0.0553515467915809
"23738",5.49671825706746,-0.15437774506057,0.0353782081488008
"23739",5.50393784744268,-0.156169051191963,0.0342594035859146
"23740",5.51759891836228,-0.16228294316093,0.0249273539464834
"23741",5.53021963695548,-0.16693610981205,0.0181597814893705
"23742",5.51903820837816,-0.138504925006301,0.0617886471618767
"23743",5.54194472997758,-0.158666920395851,0.0276666211312749
"23744",5.51093573554409,-0.150976919527779,0.0385523290944975
"23745",5.53741519788464,-0.152218566471167,0.0406563943239064
"23746",5.52144879050626,-0.171949588189229,0.00772930297117601
"23747",5.53168215937899,-0.171564579838216,0.0098308569689968
"23748",5.50341490664101,-0.175009031019183,0.00320057315920101
"23749",5.51430466646587,-0.179639576117569,-0.00446439404942831
"23750",5.463955838035,-0.179433461604337,-0.00660833227706591
"23751",5.49252921729034,-0.160214579976213,0.0254897990162632
"23752",5.45510035418576,-0.163500005122669,0.0190794125071881
"23753",5.47718238700394,-0.163798858650612,0.0214063395058067
"23754",5.47658851277339,-0.166581878770223,0.0167583182076637
"23755",5.50797653363329,-0.183047626948983,-0.0114790899234282
"23756",5.50362686652242,-0.16920137885087,0.0112189371822733
"23757",5.51838304270138,-0.153957260702608,0.036693822239329
"23758",5.53852983687521,-0.107091090265448,0.115071319374248
"23759",5.52528138269357,-0.110402966426654,0.110679252281079
"23760",5.53466260470862,-0.111640854951277,0.107739947737321
"23761",5.58808587613728,-0.118735797842481,0.0977115976643492
"23762",5.53257942310503,-0.139924244154188,0.0601824965357105
"23763",5.49291894318286,-0.174528445908398,0.0021882378128919
"23764",5.50917627730042,-0.173555032384417,0.00501419402510938
"23765",5.48245723051833,-0.161228160506164,0.0255587123450461
"23766",5.49162085954468,-0.161818006495663,0.0242776814656918
"23767",5.58835483526918,-0.163333637698753,0.022941846071876
"23768",5.62638234271095,-0.164154956403919,0.0232596551791517
"23769",5.67136559834044,-0.172717212299422,0.0123771282695108
"23770",5.6501710518342,-0.179232698391664,0.000677381417599355
"23771",5.65242522000533,-0.178681583913545,0.00201973515179865
"23772",5.6034940482267,-0.146345676955163,0.0514989222135152
"23773",5.66073406601197,-0.119371289941409,0.0959903953399242
"23774",5.66633820071825,-0.125386888453742,0.0863824651310779
"23775",5.67593327335248,-0.149122226581336,0.0534803925014285
"23776",5.63560633423751,-0.178348383230669,0.00229277152189843
"23777",5.61843904829565,-0.187203658503118,-0.013265773626395
"23778",5.62007464841599,-0.19515728028137,-0.0265908266162038
"23779",5.64678193537149,-0.161050522964163,0.0282190296118875
"23780",5.68432624780243,-0.165137567428421,0.0262534661183477
"23781",5.68919777651442,-0.174380567020589,0.0115361259679262
"23782",5.66630379100746,-0.196675275209494,-0.0280843549573412
"23783",5.67133743602842,-0.189906313156149,-0.0157431478153582
"23784",5.68458157052716,-0.201219957557503,-0.0349993757025239
"23785",5.66365455853021,-0.144057352445413,0.0583789089071382
"23786",5.65398634336112,-0.142663708558381,0.0576053521303223
"23787",5.67609219595297,-0.168409573547004,0.0165172366291107
"23788",5.67423602658343,-0.149442064251583,0.0473867993839754
"23789",5.65244428748518,-0.198244664314971,-0.0308141199533708
"23790",5.66310844659372,-0.194437474387792,-0.0240361308658099
"23791",5.6536585633156,-0.186468133467466,-0.0113805843928901
"23792",5.64883909538501,-0.179024335948049,0.00320146749537612
"23793",5.64016107428365,-0.197535155190132,-0.0303657279625104
"23794",5.64464863115022,-0.187253159620466,-0.0124171961210212
"23795",5.64260639315285,-0.187656580783538,-0.0127541230715086
"23796",5.66820446251808,-0.163236030322444,0.0282734919546219
"23797",5.7035505692285,-0.149011146578898,0.0516738337672383
"23798",5.74154509481995,-0.132103757511473,0.0795522128264912
"23799",5.6809333586712,-0.16476236068308,0.0217238275993011
"23800",5.63213602193046,-0.173667572185666,0.00788333600274365
"23801",5.67174941330101,-0.142423690590364,0.0640759893356915
"23802",5.65763790658076,-0.178064550559518,0.00399264722060381
"23803",5.65714374718163,-0.147501458207739,0.0543524044862465
"23804",5.66203793040294,-0.171230882175303,0.0113128251077263
"23805",5.64157168667294,-0.147877741222074,0.0484645358998027
"23806",5.62817415116484,-0.137668586129657,0.064732578433949
"23807",5.6120478025991,-0.165897074767249,0.0178703285349864
"23808",5.59526197849456,-0.194720727831444,-0.0263093852479132
"23809",5.61461024157586,-0.192410225063014,-0.022475534452487
"23810",5.66139967213305,-0.168915031560557,0.018323418996699
"23811",5.63321499448553,-0.185460570990864,-0.0100640760895559
"23812",5.63956697347121,-0.196751093388817,-0.0285919669417271
"23813",5.65102847723523,-0.198898250141077,-0.0320703963540776
"23814",5.65539120577512,-0.159821324146525,0.0295054174657892
"23815",5.70096291512056,-0.143736858954347,0.0610841358652642
"23816",5.6947813986714,-0.161008049510561,0.0334539192575946
"23817",5.67413658138059,-0.175728007580996,0.00830670067065497
"23818",5.75763996638352,-0.101864837815159,0.133235624534689
"23819",5.73005646727606,-0.127143942255167,0.0902877512639694
"23820",5.7712244018102,-0.07279381638723,0.182105138654838
"23821",5.76074980629493,-0.0669713860515929,0.191005523066059
"23822",5.69666370867831,-0.12504435755459,0.0922629198758979
"23823",5.70464018046731,-0.122273509692894,0.0972978343404615
"23824",5.69870633576878,-0.129541646845018,0.0851248086428031
"23825",5.66544867862987,-0.147966629534905,0.0507460269451727
"23826",5.66874555300467,-0.151654498477979,0.0440598841144253
"23827",5.70215843029338,-0.120148368526538,0.10016853597772
"23828",5.67001255316198,-0.130736972073272,0.0813131317572939
"23829",5.7042910394041,-0.11673772750142,0.105891975883724
"23830",5.76605023150753,-0.0507374981593824,0.21813688299391
"23831",5.70088677124403,-0.132503164662119,0.0794079444930863
"23832",5.71948994109486,-0.132497576917952,0.080755003435904
"23833",5.74743745394074,-0.120047228702622,0.102736036404774
"23834",5.78665991168789,-0.0942076946541519,0.147930075603915
"23835",5.68079397652413,-0.170893322180694,0.0114838987851268
"23836",5.68021573507114,-0.174106196862614,0.0105276027203057
"23837",5.68078623009014,-0.18733758695973,-0.0110559403653947
"23838",5.71901914014935,-0.187401321841192,-0.0107709810687265
"23839",5.80035559911023,-0.181003857877098,0.00324867721593166
"23840",5.78101345406394,-0.186134094241095,-0.00604397118620509
"23841",5.77927359857831,-0.159124782537946,0.0352723228180894
"23842",5.76024056535463,-0.177706692380371,0.0032693185021562
"23843",5.78523313853255,-0.165989120756656,0.0236199983035482
"23844",5.76530159817876,-0.180131178623772,-0.000274680299963185
"23845",5.73094209571532,-0.192049731994921,-0.0174401931153781
"23846",5.79330095825916,-0.182842322382244,-0.000870738235509007
"23847",5.72922190770391,-0.202044492712978,-0.0349703359369116
"23848",5.72858818840048,-0.196871604339301,-0.0257344147881406
"23849",5.75027341810262,-0.203057102539131,-0.0359476005011471
"23850",5.73629129090315,-0.202383670804865,-0.0356513274728598
"23851",5.71708425916351,-0.204152811841366,-0.0390280750893606
"23852",5.71086414759561,-0.198347058133964,-0.0290986330313886
"23853",5.77656984477331,-0.171899409716813,0.0171586552862465
"23854",5.77048858449828,-0.188939504972984,-0.0115970935318374
"23855",5.79120811989133,-0.192746962778727,-0.0183010575350483
"23856",5.81629645570593,-0.188101663778882,-0.00922743566246968
"23857",5.78313601795381,-0.193305666196767,-0.0188367239767821
"23858",5.8303497253405,-0.205599462742892,-0.0362071741499536
"23859",5.85090367457362,-0.189961072082982,-0.0110315749616317
"23860",5.8142707630982,-0.18026384767602,0.00196076305027121
"23861",5.7681742866344,-0.191705138608707,-0.0162835547252268
"23862",5.74479707335405,-0.2007364701395,-0.0322271717366045
"23863",5.75978187874491,-0.190272662665958,-0.0136669445663915
"23864",5.7661833049792,-0.202651504255885,-0.0341868541598817
"23865",5.80024109255413,-0.205879408036875,-0.0370685574131094
"23866",5.78115022410557,-0.208011365596707,-0.043418753673914
"23867",5.80855048038918,-0.208904644535719,-0.0430831298138562
"23868",5.81235298186591,-0.190353713130165,-0.0120508663836
"23869",5.81009107755184,-0.184920845260118,-0.00274778643709715
"23870",5.83485920430772,-0.184615250248124,-0.00104994286424718
"23871",5.85525168954601,-0.208320135995778,-0.0402701863496502
"23872",5.85767090687703,-0.213404559452986,-0.0479231494828519
"23873",5.84629790083179,-0.214452731149615,-0.051547491117242
"23874",5.84365472835137,-0.203319981816593,-0.0315146981078804
"23875",5.81428055417769,-0.206319284407998,-0.0402071834179311
"23876",5.83507114319722,-0.193931044756024,-0.0185671013310369
"23877",5.8658226216262,-0.128215336650128,0.0940251649752698
"23878",5.86847776652257,-0.138314673319228,0.0766239472837952
"23879",5.87184842073053,-0.133176688748849,0.085351231264052
"23880",5.8380153103411,-0.165452154100389,0.029496538269562
"23881",5.82155470207443,-0.188757619116692,-0.010369813956089
"23882",5.82994871579049,-0.186802396359779,-0.00593096673552109
"23883",5.83293280290969,-0.179787423492627,0.00612829195920455
"23884",5.84385262417109,-0.198782904650096,-0.026505917147988
"23885",5.83387791746956,-0.16935391317626,0.025196653476853
"23886",5.8279063390869,-0.195779381599954,-0.0185294567708805
"23887",5.80165964522378,-0.202014997250435,-0.0309389332949672
"23888",5.78644503069573,-0.190022838157636,-0.0118303085641999
"23889",5.78923096495393,-0.188590192008107,-0.0105106304605594
"23890",5.81624692955331,-0.170411171029394,0.0206259289203496
"23891",5.8556761513818,-0.153964758648963,0.049584455699628
"23892",5.85725299806259,-0.168878531942014,0.0241682547676024
"23893",5.85088228755592,-0.170039927080623,0.0243605836698922
"23894",5.83309997924837,-0.183709922038996,5.11594310443245e-05
"23895",5.8108715010108,-0.181852998038061,0.00377288265387594
"23896",5.78556599123436,-0.206597235147108,-0.0410645027621521
"23897",5.77774674644975,-0.196759383209402,-0.0222418506643402
"23898",5.80964760364839,-0.208665483639521,-0.0436180134816097
"23899",5.79636866583637,-0.192721784681836,-0.0162445679889952
"23900",5.74986392194066,-0.20655673786346,-0.0418450428033654
"23901",5.76565553995829,-0.198543993453049,-0.0284982345150116
"23902",5.82530876117089,-0.173659068398719,0.015271299119744
"23903",5.82400887648327,-0.195013371852987,-0.0205156721858304
"23904",5.83907828915379,-0.214234731303388,-0.0511412473574981
"23905",5.81401928149734,-0.192740609404274,-0.0161195669780269
"23906",5.81864953865446,-0.193791485765729,-0.0182413141695914
"23907",5.79827652693077,-0.187679214926919,-0.00750352050051399
"23908",5.78049525261186,-0.209523378467519,-0.045069217179656
"23909",5.78867096174881,-0.202707815571395,-0.0336659051086814
"23910",5.79156983105596,-0.209949918609205,-0.0460318340685151
"23911",5.81628502148452,-0.19001490319768,-0.0110242355830667
"23912",5.77275252648539,-0.192531354498583,-0.0174441090167048
"23913",5.78359216569832,-0.189851399800004,-0.0124598127153371
"23914",5.77696768044663,-0.193148514541166,-0.0185510876758802
"23915",5.80401221387007,-0.178224102243242,0.00891178079022405
"23916",5.8058766936436,-0.208938827379186,-0.0433678527293975
"23917",5.76731327529301,-0.202473434766926,-0.0348593288881148
"23918",5.79231596386141,-0.18885389998338,-0.0109493748051757
"23919",5.78711305602876,-0.192985661924323,-0.0181831263266013
"23920",6.01043504961861,-0.210390160308362,-0.0400402557052844
"23921",6.00950566192133,-0.185798153782967,0.002042117706634
"23922",6.01075162997836,-0.170736425903502,0.0275344493614515
"23923",6.03511191244169,-0.214532117309361,-0.0447118797887695
"23924",6.0199543093612,-0.209969049218459,-0.0382312212210418
"23925",5.99128513999679,-0.200677342337609,-0.023109626960765
"23926",5.97370040416491,-0.224496613240752,-0.0649713431069276
"23927",5.97859734649558,-0.220150009115707,-0.0587603739337434
"23928",5.98851750695029,-0.184135051986267,0.00358578820882231
"23929",5.98736677324752,-0.178067258354386,0.0138834945713358
"23930",5.9850661717669,-0.202078805090696,-0.0275308026934714
"23931",5.9934543369577,-0.219836048503185,-0.0555353171887153
"23932",5.95375530049364,-0.209115142838701,-0.0400469543420963
"23933",5.96100501911842,-0.194145413714692,-0.0149977440460174
"23934",5.98203708348621,-0.204845154774664,-0.032415651847059
"23935",5.96380224348956,-0.206889752113406,-0.036544721954146
"23936",5.9763348213618,-0.209716973268774,-0.0386276456977085
"23937",5.9440091249077,-0.222438972823022,-0.0620874626981032
"23938",5.93986789873496,-0.215447672282534,-0.049839847586695
"23939",5.93828762005548,-0.20496645227138,-0.0344090191173689
"23940",5.94294456475774,-0.194556431898558,-0.0161925962218292
"23941",5.91984162168829,-0.20475767943712,-0.0345243206945633
"23942",5.91212389679471,-0.205085922126778,-0.0353631358526749
"23943",5.90547421058952,-0.200636022384634,-0.0280319681034869
"23944",5.94029484503943,-0.204050823954537,-0.0300717595326078
"23945",5.91229946120917,-0.210069098711753,-0.0415507529917831
"23946",5.93562008485396,-0.19920093505692,-0.0222078884795715
"23947",5.88448047078544,-0.214005035164447,-0.0480895107456369
"23948",5.90332452948665,-0.215055509831046,-0.0493007897938557
"23949",5.89147388578097,-0.218125117371926,-0.0560270815312785
"23950",5.90676906049914,-0.207764992526073,-0.0369079128118015
"23951",5.86698867508234,-0.210721153088537,-0.0463171167167802
"23952",5.88976534366248,-0.21748816580693,-0.05534245556214
"23953",5.89275413519451,-0.213662788716722,-0.0473487844953497
"23954",5.88557636960109,-0.215423887974887,-0.0518974947058967
"23955",5.89467702219912,-0.218581578761622,-0.0571260703175616
"23956",5.92594303842103,-0.19616457711911,-0.0194783767051255
"23957",5.95197208409167,-0.21264456803569,-0.0444188873516016
"23958",5.98948425593621,-0.199041748031454,-0.0192498232408459
"23959",5.95331607130927,-0.205794769852823,-0.0316528558615993
"23960",5.92996148621089,-0.21762326622716,-0.0532358855414569
"23961",5.99854165994246,-0.212434821351358,-0.0416976514542398
"23962",5.99215341604848,-0.209977663954062,-0.0374321045040799
"23963",5.94178621550426,-0.219883450122444,-0.0573228496473231
"23964",5.94085387474382,-0.209619219481529,-0.0408528908136943
"23965",5.96815346699321,-0.211923446672738,-0.0436102047572033
"23966",5.96570000503386,-0.208426126399872,-0.0370877092528116
"23967",5.96173942497823,-0.211350162653924,-0.0422480339224626
"23968",5.9402619074275,-0.21828747461555,-0.0551854552392114
"23969",5.97085387473875,-0.20225818021197,-0.0256002813629774
"23970",5.97089163491003,-0.212781882975669,-0.0444874539112198
"23971",6.03392729748607,-0.217306140711388,-0.049417867693412
"23972",6.03338611195014,-0.210367599693531,-0.03711521049584
"23973",5.99334419000719,-0.218836921309151,-0.0530724788942947
"23974",5.9824106466087,-0.219401795205683,-0.0546312894562854
"23975",5.96819754339488,-0.214603983947038,-0.0463217739168129
"23976",5.94046122582053,-0.21189128967772,-0.0447281308801016
"23977",5.96448218097214,-0.215188144195252,-0.0483684454364743
"23978",6.00793656958384,-0.212936750528584,-0.0442770773249895
"23979",5.99184141903809,-0.215921717188073,-0.0487606549445484
"23980",5.98036674561427,-0.210229921208979,-0.0390981839457208
"23981",5.9723449323429,-0.205256513827828,-0.0306443313319969
"23982",5.98510602904595,-0.198053359680676,-0.0177201760374992
"23983",5.96963218109331,-0.203006333815776,-0.0284836210357268
"23984",5.99268113855612,-0.199442589031835,-0.0206086005748383
"23985",6.0035300673578,-0.199421354054576,-0.0202592003623504
"23986",6.02351884551963,-0.193585514295539,-0.00783527495407128
"23987",5.994219646107,-0.216355864341345,-0.0493737597020739
"23988",5.98501036550034,-0.215068933002618,-0.0469037890810352
"23989",6.01612338624138,-0.208246491332208,-0.0340261926413134
"23990",6.00986214914449,-0.196988480492597,-0.0145148900035901
"23991",6.11522183151093,-0.108370835590388,0.142842009059909
"23992",6.12867536834038,-0.092421615950262,0.171717248624942
"23993",6.06772383331474,-0.147523216560305,0.0740685444972073
"23994",6.01514240348357,-0.183561239668603,0.00895231033577054
"23995",5.96676480851942,-0.191255016963392,-0.00571119865882959
"23996",5.93890374121366,-0.216633029643094,-0.054504531061894
"23997",5.96341397804096,-0.205541046095837,-0.0345586550415685
"23998",5.97311199611742,-0.169852137947544,0.0272530907683862
"23999",5.96243760222162,-0.20393980466993,-0.0314939010505205
"24000",5.95380655518541,-0.220543157974032,-0.0586701489540216
"24001",5.97227185335841,-0.211432075301075,-0.0416611978457554
"24002",5.98821241233267,-0.220135437288182,-0.0565135822687642
"24003",6.03543266349455,-0.207603965788358,-0.032318975312341
"24004",6.07464911191128,-0.147763672786186,0.0727042419972175
"24005",6.01794628604235,-0.16911361241801,0.0347526331452334
"24006",5.98498890387662,-0.206672875240428,-0.0319911383093957
"24007",5.97852929189701,-0.206152381027504,-0.0309795542603825
"24008",5.98543344344612,-0.211094879360743,-0.0394232821296852
"24009",5.9586958039978,-0.204899534063153,-0.0298782552095508
"24010",6.0201715407736,-0.206562473345823,-0.0309081469131964
"24011",5.99443962364781,-0.198964945123625,-0.0200812897885448
"24012",5.99936627740091,-0.199634511970229,-0.0196996307656935
"24013",5.97556588726255,-0.209183893152006,-0.0365935360674498
"24014",5.97820308347918,-0.225047262357203,-0.0651454616755745
"24015",5.9477812679192,-0.222666495943948,-0.0620692669443607
"24016",5.98357748580326,-0.211867109953705,-0.041081458647785
"24017",5.95638911725072,-0.217416444369464,-0.0518505494595526
"24018",5.95789354273873,-0.215096932739156,-0.0474976440247
"24019",5.99655955036881,-0.217460105896504,-0.050771718636757
"24020",5.99278576044508,-0.209706038665819,-0.03748617126156
"24021",5.96838201567131,-0.214675528852299,-0.0478357435869579
"24022",6.20035313068404,-0.181977788525818,0.0186971546085691
"24023",6.20555205112313,-0.183634464596698,0.0159016537423941
"24024",6.2153258927587,-0.179737431625684,0.0233153216159668
"24025",6.28465545885064,-0.140587294437886,0.0958453570692806
"24026",6.24035675198715,-0.202255191454103,-0.0160544473654905
"24027",6.23274665318317,-0.209784546859737,-0.0276152820720551
"24028",6.18484788674938,-0.235647575294439,-0.0767311653029596
"24029",6.18442213654869,-0.234226840061943,-0.0748387106750857
"24030",6.19368785168755,-0.237206132143964,-0.0802683266629272
"24031",6.18237953372027,-0.234071613159186,-0.0747957445557141
"24032",6.18401001236055,-0.221321452054058,-0.0510561415356623
"24033",6.23484162263676,-0.191708292486824,0.00268854379817869
"24034",6.30187687177151,-0.146621370793508,0.0859942293833039
"24035",6.29759979200814,-0.14473711711781,0.0891597913016003
"24036",6.29567776223664,-0.137421809901721,0.10202333022395
"24037",6.30190812766557,-0.136251475258316,0.104321242482093
"24038",6.26047883958679,-0.173360811158691,0.0363588170431678
"24039",6.21934088866013,-0.234885471085124,-0.0755351966420133
"24040",6.20250896525349,-0.232899893110073,-0.0724388075861239
"24041",6.21457855692437,-0.228482819905267,-0.0640916867677418
"24042",6.18169409895926,-0.236958659923432,-0.080429510036111
"24043",6.19120689863027,-0.230004959907449,-0.0662727855718224
"24044",6.17248388362344,-0.225674211572534,-0.059269496665973
"24045",6.16372492357565,-0.228594686584179,-0.0658257083382241
"24046",6.15295167200298,-0.230802440214769,-0.0701004235434958
"24047",6.19115308317803,-0.209264221344423,-0.0303914928977555
"24048",6.17131923174387,-0.223537783655784,-0.0565085501260553
"24049",6.12046420577405,-0.220638090638708,-0.052164033233278
"24050",6.11517384747867,-0.227163748777117,-0.0630873958474439
"24051",6.14553952025493,-0.218290426681104,-0.0478022673522292
"24052",6.16893234428928,-0.191938749214376,0.000356536963299365
"24053",6.21172947730692,-0.189409863885229,0.00587746956510073
"24054",6.22252458833837,-0.178553024155241,0.0260722377108989
"24055",6.17152858112788,-0.208320459564455,-0.0293554287334766
"24056",6.17406207918091,-0.207123261820672,-0.0270865242223077
"24057",6.24329048390046,-0.164345706133496,0.0521202435298097
"24058",6.28358846622691,-0.140245451450361,0.0966984212715171
"24059",6.21941706261573,-0.182444579017399,0.01854096514659
"24060",6.18673154916231,-0.204093465936638,-0.0212590100504351
"24061",6.14167942816679,-0.219157495606198,-0.0495706731292064
"24062",6.17847500612547,-0.216719195081109,-0.0425302261876387
"24063",6.1147116563186,-0.226457872748721,-0.0628561121402454
"24064",6.06834903834809,-0.226477952471553,-0.0641396901876329
"24065",6.04613202836657,-0.221119888412233,-0.0546724331309161
"24066",6.05316619482146,-0.226933146495237,-0.0664577953582161
"24067",6.09402298836884,-0.223416137969998,-0.058853913163375
"24068",6.07802303810608,-0.22422947421219,-0.0602206316610722
"24069",6.05646192607548,-0.231211627104361,-0.0736003485817972
"24070",6.08934656938495,-0.226155384243182,-0.0637364217499735
"24071",6.09799118602375,-0.21955850308683,-0.051473336845926
"24072",6.11498787783655,-0.224189441946487,-0.0596533540660496
"24073",6.14718061732696,-0.229689405706805,-0.0666230254427782
"24074",6.12994092144457,-0.236951570158933,-0.0813126722418211
"24075",6.14762982898155,-0.229052524933298,-0.0652211363787991
"24076",6.14977249787001,-0.227504187059912,-0.0622699130885684
"24077",6.17794785995544,-0.221279370111064,-0.0505844529816324
"24078",6.17762855427086,-0.219219563480495,-0.0464180940771726
"24079",6.17596787443884,-0.232454110647331,-0.0714561859124171
"24080",6.2000849742564,-0.224449140862432,-0.0571992024644911
"24081",6.20247352911159,-0.231757308280281,-0.0702133991273653
"24082",6.21823960427808,-0.203927415117591,-0.0198560360079146
"24083",6.18396823309809,-0.215325069430639,-0.0414946332266332
"24084",6.13625373544315,-0.225057748494828,-0.0603963949667543
"24085",6.12797366235362,-0.232536039189791,-0.0744084822626424
"24086",6.13531994347477,-0.23173788862206,-0.0711748601850158
"24087",6.1276807646829,-0.231978674053738,-0.0728732430493251
"24088",6.18782926183428,-0.228509047609162,-0.0645579491350491
"24089",6.19914207549561,-0.232385923173264,-0.0709756609879826
"24090",6.21762362282279,-0.23218852706026,-0.0701848969632558
"24091",6.17823871794204,-0.240774946402536,-0.0862563458111043
"24092",6.1957753371035,-0.231496024002422,-0.0681508965616317
"24093",6.21869789841848,-0.232288475686751,-0.0699583252681693
"24094",6.22229300820179,-0.225512660632527,-0.0582957845299555
"24095",6.23196045825907,-0.230931906533249,-0.0679142745603345
"24096",6.24159085980537,-0.23722351766877,-0.0788796126843993
"24097",6.23725499585629,-0.241443390114741,-0.0867066145343497
"24098",6.21384922363905,-0.235652656783737,-0.0768557093841272
"24099",6.23349475670438,-0.21368919943872,-0.0367935873686698
"24100",6.22048968185518,-0.220739292304899,-0.0499060532753135
"24101",6.1899973403018,-0.234450328186928,-0.0747485561207407
"24102",6.18183238508212,-0.228849480001318,-0.0655813593884865
"24103",6.16802413936505,-0.233523917911277,-0.0733941177562937
"24104",6.18839418951645,-0.227682604214179,-0.0633583221609203
"24105",6.17741631095403,-0.229399762894109,-0.0667024172419779
"24106",6.18455886098376,-0.224622203478419,-0.057647941397829
"24107",6.19662123045299,-0.215895637384647,-0.0401528096245187
"24108",6.20145307638877,-0.222847593027438,-0.0520256319767637
"24109",6.20198430161985,-0.211392855942241,-0.031655543207453
"24110",6.17134414191495,-0.221854114218776,-0.0520259049846236
"24111",6.13107572474106,-0.232181544767518,-0.0736742676003912
"24112",6.15900362228784,-0.228570033686221,-0.0655440047687909
"24113",6.14723479654405,-0.232352441866678,-0.0727702368583686
"24114",6.16502813934897,-0.232033751978914,-0.0706487803097118
"24115",6.15256820937661,-0.22784902220441,-0.062996639509046
"24116",6.20796502397867,-0.210903189700709,-0.0327166877202924
"24117",6.18063647999382,-0.228001953941682,-0.0640293170919116
"24118",6.14928999326805,-0.230790142722989,-0.0703263428760827
"24119",6.19765472406452,-0.212593879727185,-0.0361217233944666
"24120",6.1954865444595,-0.233174120470428,-0.0732175226668404
"24121",6.20518519152892,-0.233027217175919,-0.0726073031911479
"24122",6.22374832329308,-0.228371779640075,-0.0632675503229407
"24123",6.20984364788383,-0.233377574991055,-0.0721015871707329
"24124",6.24153536729451,-0.245790752766153,-0.0930468981694889
"24125",6.28361614661061,-0.238139272794257,-0.0771013013659489
"24126",6.31532877676852,-0.23315338861566,-0.0690582120794864
"24127",6.3075176080466,-0.242247205384954,-0.0857878038762441
"24128",6.31223979751277,-0.241229172612614,-0.0833391568254414
"24129",6.30999049736498,-0.23109173448939,-0.0654882892113342
"24130",6.29536556269882,-0.238301045682349,-0.0790339859339131
"24131",6.2969205868678,-0.246230779435266,-0.0932848544481941
"24132",6.30764945090531,-0.237029685382639,-0.0764369311740914
"24133",6.27489319546681,-0.240049247034953,-0.0829567154518527
"24134",6.28966240126963,-0.241648085652058,-0.0837309546432131
"24135",6.27093863867363,-0.23893487964117,-0.0798743913306199
"24136",6.2890662168834,-0.236442452525529,-0.0759082422241615
"24137",6.2557840583215,-0.242544189463718,-0.0870758030697446
"24138",6.29866583050755,-0.242633410122741,-0.0848214777410175
"24139",6.28756226376228,-0.246888053046295,-0.0932664179893114
"24140",6.30361142203467,-0.241622813722271,-0.0829981414937418
"24141",6.34402495602151,-0.247506738091216,-0.0926302173328801
"24142",6.31320155721604,-0.245091658077255,-0.0891973641659443
"24143",6.35404540206931,-0.244666917340005,-0.0870788879104189
"24144",6.36429323094916,-0.245515842366726,-0.0868296621636339
"24145",6.32889571755639,-0.243029775007706,-0.0847308315251836
"24146",6.37018092495246,-0.241367175970633,-0.0803879360708237
"24147",6.34551578390688,-0.249166705819853,-0.0953533601257635
"24148",6.36595402133215,-0.248922396818231,-0.0944977388323373
"24149",6.38638496922208,-0.253357894012923,-0.101486489828625
"24150",6.34502315753434,-0.249918457526591,-0.0972300671301624
"24151",6.349354644405,-0.246443138921668,-0.0903570426677812
"24152",6.32837613729912,-0.246609996860226,-0.0915507577094109
"24153",6.35561682018351,-0.247134616251579,-0.0927259228780972
"24154",6.34585557333137,-0.242281314974719,-0.0832364262523343
"24155",6.31755425602593,-0.232083344567676,-0.0670839233185444
"24156",6.31244585551189,-0.242804785243794,-0.086423307221966
"24157",6.31147154801294,-0.243207678577282,-0.0873030178164212
"24158",6.29271179545567,-0.231680015299657,-0.0674267321487936
"24159",6.28823115837563,-0.232646550956802,-0.0693184647035087
"24160",6.31790394868197,-0.22343148610128,-0.0518558464066877
"24161",6.29897287623749,-0.233494412483703,-0.0702626497397898
"24162",6.32467170054814,-0.241765506243081,-0.0831940074908988
"24163",6.28258930553359,-0.248881533992116,-0.0973368242106389
"24164",6.31409908529677,-0.23438609708704,-0.0709333439410819
"24165",6.34374962593371,-0.219513345634263,-0.043835072308232
"24166",6.34914226475623,-0.237410255561989,-0.0758820908121147
"24167",6.32152306353634,-0.241055801932476,-0.082714095857623
"24168",6.33120011229259,-0.25175809300675,-0.100822134203115
"24169",6.33205082053563,-0.252595508795708,-0.102528128752547
"24170",6.34032791576132,-0.251213549263611,-0.0997176972360296
"24171",6.35954441925277,-0.250703507834925,-0.0981484652594593
"24172",6.3448945308251,-0.248124747805985,-0.0936275470448842
"24173",6.37094793334181,-0.250669797783042,-0.0966639938702492
"24174",6.35832616557161,-0.243429496599205,-0.0844836631406806
"24175",6.43878192625676,-0.255802017183004,-0.104328709966973
"24176",6.44359418656349,-0.258166168565583,-0.10840000493018
"24177",6.43563429537919,-0.260271210681822,-0.113228546510605
"24178",6.44989809714609,-0.259589459604666,-0.111153659339106
"24179",6.44436765896825,-0.254553984069963,-0.103131285210436
"24180",6.45491997364499,-0.254313802534612,-0.102287332002916
"24181",6.43877983524447,-0.25046687641719,-0.094497195534625
"24182",6.41454965082324,-0.249350468250189,-0.0931505826132811
"24183",6.41274976859392,-0.257139593908552,-0.107999642733046
"24184",6.446737189638,-0.256751963261555,-0.106803648772885
"24185",6.44838511707404,-0.249289811125663,-0.0931753052198432
"24186",6.39040302391525,-0.250383477267491,-0.0971290105932954
"24187",6.36672921200763,-0.247783552569914,-0.0924083902479084
"24188",6.40855435670704,-0.255614915165696,-0.104357635534704
"24189",6.40474904847278,-0.250917729664729,-0.0964905869104232
"24190",6.37348740953013,-0.254266518285666,-0.104000221269555
"24191",6.39647841246905,-0.247732672853615,-0.0925603670053113
"24192",6.39245508244369,-0.250127814074171,-0.0956036669661249
"24193",6.38223590258776,-0.245023380292861,-0.0865554782289093
"24194",6.36793510459921,-0.247678821383442,-0.0918109469895434
"24195",6.37837640831883,-0.250576943736857,-0.0972284390345851
"24196",6.38146650924809,-0.249230334730713,-0.0941492380095239
"24197",6.41604686950566,-0.249375274658134,-0.0948963511540901
"24198",6.41822549300512,-0.245550716716422,-0.0876405322078466
"24199",6.40261355971592,-0.240834860576951,-0.0799428111929019
"24200",6.39369619695281,-0.245300050652315,-0.0879790141571969
"24201",6.41057729728,-0.249035915914369,-0.0929627960220469
"24202",6.40457084974432,-0.24591318873158,-0.0868121108730643
"24203",6.4259231705992,-0.250675498766809,-0.0951502185699815
"24204",6.4041728324803,-0.250933597957191,-0.0982853989131779
"24205",6.36460212470993,-0.254892433395072,-0.105707541482576
"24206",6.38329348459771,-0.24432410822374,-0.0858536105507036
"24207",6.39647931062899,-0.245921152456416,-0.0877236218237053
"24208",6.40881125345578,-0.241691409451499,-0.0792945113563304
"24209",6.43325281647114,-0.243224480706208,-0.0809408650186768
"24210",6.40629191993596,-0.253485034805451,-0.101701757207916
"24211",6.45355540394147,-0.252146373887103,-0.0970953892356931
"24212",6.47285543644106,-0.254480115649375,-0.100491779751666
"24213",6.48785270796325,-0.256545631416083,-0.104021597180843
"24214",6.49042823971003,-0.258795837401708,-0.108083675979518
"24215",6.46471148095637,-0.26039110911155,-0.112373124594221
"24216",6.46774006578828,-0.231674045946541,-0.0601868034342369
"24217",6.48221502864488,-0.22351766281571,-0.0460206627736911
"24218",6.47468415401151,-0.224473211158267,-0.048776049759554
"24219",6.5067439512612,-0.232414666714361,-0.0612535265100274
"24220",6.49601110086884,-0.24833590652338,-0.0878433577203205
"24221",6.44161057376781,-0.256699928891981,-0.106369300543471
"24222",6.41262816277904,-0.243470798771153,-0.082528288346517
"24223",6.42037121529237,-0.247338351853519,-0.0892201175792609
"24224",6.44714204187087,-0.228022048921074,-0.0541274889805531
"24225",6.42936272616789,-0.226646492960592,-0.0534452455721679
"24226",6.42006360130238,-0.248771489150823,-0.0923314934964363
"24227",6.45659584356585,-0.251724219919713,-0.0960277711986776
"24228",6.44808306906439,-0.246006354149679,-0.08624286975668
"24229",6.43427401249026,-0.242735606897918,-0.0818445454076674
"24230",6.44502534234386,-0.254993529211473,-0.10272884594917
"24231",6.44631536217457,-0.258435318283171,-0.108316271306209
"24232",6.43653941932609,-0.257567062648659,-0.107120542815106
"24233",6.43636084617979,-0.255452318344048,-0.103901268309569
"24234",6.42666339014928,-0.251572387550192,-0.0967224084499019
"24235",6.40280129141218,-0.257777542878898,-0.109764732588335
"24236",6.44638877386233,-0.254180641170232,-0.100998272222306
"24237",6.45407900827193,-0.25364627944153,-0.0989806856884917
"24238",6.48225693020994,-0.254490304787668,-0.101268161382095
"24239",6.50981017445621,-0.24309362771165,-0.0801933735005803
"24240",6.53853193265731,-0.24758948859001,-0.0868906143676601
"24241",6.5099348323751,-0.248713454429484,-0.0897055651970251
"24242",6.51092082653971,-0.249590641072394,-0.0898656082230082
"24243",6.49933078102178,-0.244942218286295,-0.0813983844349785
"24244",6.4899608661393,-0.243933224829161,-0.0807484762862683
"24245",6.46753270409941,-0.252372044599632,-0.096888711359244
"24246",6.47168703142609,-0.252194723626423,-0.0959525465915274
"24247",6.49210728331344,-0.259963572464991,-0.109165127469999
"24248",6.47012037348674,-0.260358226598969,-0.110819137639219
"24249",6.46759035119518,-0.255349996534593,-0.102118683203303
"24250",6.47657156707044,-0.260663333202998,-0.111234139083924
"24251",6.4581754246888,-0.261954660004377,-0.11550601062131
"24252",6.48595054076233,-0.226346557746365,-0.0494839782530608
"24253",6.45032391423327,-0.253509450049204,-0.100907322950166
"24254",6.45556182107928,-0.259561817124424,-0.111039644937215
"24255",6.44998072860417,-0.25766688202308,-0.10623579452518
"24256",6.45097969148792,-0.256954442452265,-0.105384152262299
"24257",6.44014083153936,-0.258440562738362,-0.109645664325485
"24258",6.43971691217919,-0.249963438766142,-0.0930291666953284
"24259",6.46944892011639,-0.259965739104971,-0.110860548279458
"24260",6.46521792032333,-0.255563681830437,-0.102762881946063
"24261",6.45075916429098,-0.248983838563737,-0.0910017024218013
"24262",6.47721562524517,-0.234742023321969,-0.0658925455914168
"24263",6.4931629175319,-0.239433272292577,-0.0735952422119857
"24264",6.52606573421206,-0.24362703312384,-0.0783803485204904
"24265",6.5082922841123,-0.255372701117825,-0.101265557825562
"24266",6.50750384192694,-0.254706132714144,-0.0998368986465158
"24267",6.50826200758713,-0.265644446057755,-0.120287681500204
"24268",6.49080053215506,-0.262187528311416,-0.113337669265348
"24269",6.47083573300884,-0.253420340816366,-0.0988672864609503
"24270",6.46529797895734,-0.253612755327756,-0.099060597494779
"24271",6.48162020326353,-0.259695682243932,-0.110893714243432
"24272",6.46786018910477,-0.252912320267191,-0.0975518945523296
"24273",6.44003380473709,-0.250734327776315,-0.0951414043735986
"24274",6.44148228515484,-0.25373580551516,-0.101271768117081
"24275",6.42639857790297,-0.250854574274358,-0.0957816715745505
"24276",6.38960191061768,-0.252665785455816,-0.101000220558002
"24277",6.49003379730942,-0.259352007298493,-0.109972430384319
"24278",6.53944470151906,-0.248138163038944,-0.0877277397503544
"24279",6.53029623164517,-0.239502995027573,-0.0730610489014016
"24280",6.56074585854057,-0.235800270345434,-0.0653268031481064
"24281",6.59859190376629,-0.217538538221427,-0.0303225396846754
"24282",6.62693848041019,-0.205875172096715,-0.00782829051872683
"24283",6.64670202252424,-0.192386680719775,0.0178984896358487
"24284",6.57276639375199,-0.229295538729683,-0.0523162904201249
"24285",6.55526100172333,-0.235933937543776,-0.0651940324245564
"24286",6.55872199841442,-0.235137588857558,-0.0636978038546562
"24287",6.50605247857419,-0.247432094243803,-0.0880494302712662
"24288",6.55344403216888,-0.23253877154968,-0.0589203583365906
"24289",6.49533603453021,-0.252228250018719,-0.0971828680892259
"24290",6.49482558293817,-0.257440856036551,-0.10611961037587
"24291",6.51254561832546,-0.261919402328043,-0.113971016849348
"24292",6.54664240065391,-0.246456459568124,-0.0849084105725364
"24293",6.50133611518506,-0.257669799202542,-0.107212269097936
"24294",6.5179816043071,-0.252040554712162,-0.0938899610004026
"24295",6.48471754874554,-0.250995572941509,-0.0931148844140493
"24296",6.47667158433163,-0.226620694854078,-0.0507231055096027
"24297",6.47929608484827,-0.237301907756144,-0.0705398371600965
"24298",6.50724875238924,-0.263935202861113,-0.117225126869871
"24299",6.51843570719442,-0.262546641268051,-0.113329296128673
"24300",6.56292204527228,-0.245973587829109,-0.0838954375621769
"24301",6.50430907931793,-0.259155799307705,-0.109646263193604
"24302",6.52785316721386,-0.258114366700357,-0.106587039033053
"24303",6.5330486076308,-0.259559098217635,-0.108415890442384
"24304",6.54264031221811,-0.252087610222579,-0.0948709726420505
"24305",6.56527730007647,-0.246009624670695,-0.0837681386998261
"24306",6.53882694138994,-0.261343798339305,-0.112338575547611
"24307",6.58383533472167,-0.257318114305987,-0.104091198761279
"24308",6.56715839219911,-0.260396284522239,-0.109563654737996
"24309",6.55419362817669,-0.263539154949929,-0.115692669223265
"24310",6.57450799814776,-0.262422835946165,-0.113190542855967
"24311",6.56704413974993,-0.261369325318031,-0.111258320581889
"24312",6.55673146801692,-0.254369480989284,-0.0969427531262246
"24313",6.58524752082233,-0.2560019313832,-0.0993609624794734
"24314",6.59042192646064,-0.261474447239222,-0.108977844720005
"24315",6.56006011748504,-0.26782460513981,-0.12252954558128
"24316",6.56009294951502,-0.266309704318258,-0.119436299067979
"24317",6.55519319624866,-0.265166088615169,-0.116669142982001
"24318",6.55687544435595,-0.261664208827936,-0.110482366752711
"24319",6.52250419884711,-0.255237092137388,-0.100653919523576
"24320",6.52732901598359,-0.264537274035884,-0.11672321020668
"24321",6.53559102304816,-0.262402104931652,-0.113101503353308
"24322",6.55262869954179,-0.261636722290542,-0.110726014872042
"24323",6.53464808011463,-0.256862489132455,-0.102646758960658
"24324",6.55825509258449,-0.268907744948156,-0.124598010368104
"24325",6.57493164082479,-0.260044847781141,-0.106339230825488
"24326",6.57373810299208,-0.270474839489376,-0.126981384789025
"24327",6.59148495959101,-0.269083816297297,-0.123122386002995
"24328",6.75789809016058,-0.258872238138402,-0.0989212582313643
"24329",6.80562872784121,-0.262498697400956,-0.103146844610739
"24330",6.78412329651311,-0.262897028877463,-0.105596875396274
"24331",6.76395598052865,-0.274285765814565,-0.126185939076158
"24332",6.76867906818666,-0.274715128361596,-0.126250934945773
"24333",6.75769674183651,-0.271950111842043,-0.122767750664009
"24334",6.71400188514625,-0.274234884998458,-0.128658941128306
"24335",6.68985763934596,-0.276517809710404,-0.134443558987365
"24336",6.68718453311312,-0.270627034035771,-0.123046160764051
"24337",6.70106098381287,-0.270948977531709,-0.122917826965845
"24338",6.71122824408934,-0.268495134408677,-0.117792406420489
"24339",6.71375472634733,-0.269624576498515,-0.119533727059098
"24340",6.72209272327698,-0.273210787695548,-0.126742713576132
"24341",6.68805755525827,-0.271193182603975,-0.123400131135772
"24342",6.69055981113614,-0.272585836918496,-0.12666439650002
"24343",6.66921944794693,-0.275368486404679,-0.132930531095129
"24344",6.64674303033427,-0.263747446666587,-0.111237968637025
"24345",6.63518554130863,-0.274665264650739,-0.13290915019939
"24346",6.62753656092548,-0.272277990978684,-0.128528158013164
"24347",6.64368610172982,-0.265461822530456,-0.114619596251157
"24348",6.59627951874512,-0.257457311167546,-0.101469872297183
"24349",6.63583606272314,-0.261130454506779,-0.106536857079072
"24350",6.63105271269162,-0.260626460743602,-0.105932939971641
"24351",6.65262190313969,-0.266828087177099,-0.116878962704301
"24352",6.68170309326822,-0.267726322145742,-0.117439174318223
"24353",6.70120312662065,-0.272794173810265,-0.127104045895702
"24354",6.70969230710757,-0.269198723983279,-0.119654054838227
"24355",6.69945036756796,-0.271408015794097,-0.124132730624093
"24356",6.71031645915996,-0.270622991561224,-0.122714729796909
"24357",6.69010228305622,-0.269868732210106,-0.123573312607108
"24358",6.65359068650762,-0.266873699630708,-0.119169204652417
"24359",6.67036527964931,-0.272175945756648,-0.126124107408147
"24360",6.65851739242508,-0.273854161057452,-0.129736062320069
"24361",6.65971719343548,-0.274632139242482,-0.130965477600936
"24362",6.67089303475056,-0.267551864268251,-0.117827430627916
"24363",6.63852505955632,-0.261700931806603,-0.107830761236542
"24364",6.66087606370146,-0.263566695245178,-0.110520275317392
"24365",6.68362043301443,-0.267184075517389,-0.115928307329176
"24366",6.69651698618736,-0.276735457893111,-0.133810404658703
"24367",6.65023012248569,-0.269686097712255,-0.122798602584302
"24368",6.64867062081536,-0.26603437893793,-0.115825082380634
"24369",6.61964810075969,-0.255260625266193,-0.0963370250753356
"24370",6.6445126892273,-0.265861869993884,-0.115337852634483
"24371",6.64320794734134,-0.255061423339275,-0.0954985374432883
"24372",6.64321936672424,-0.241846206600201,-0.0763887061896858
"24373",6.67009324084793,-0.248648972520496,-0.0867281774918548
"24374",6.71637646899192,-0.252469491426337,-0.0885620470973936
"24375",6.70182676808447,-0.256500494196965,-0.0966501126698169
"24376",6.72357356317851,-0.260221040910293,-0.100953087348463
"24377",6.64019266919827,-0.270831516897037,-0.125173935797291
"24378",6.63687525800741,-0.27213904947771,-0.127898041058455
"24379",6.71686836708972,-0.278852024961609,-0.136963866379327
"24380",6.76920470203711,-0.281216085037293,-0.139600070402518
"24381",6.76046493263102,-0.27920642717008,-0.136224665732397
"24382",6.76305110218659,-0.265038909620015,-0.112157493772868
"24383",6.7509276085769,-0.269176946736549,-0.120476525101584
"24384",6.7397807018298,-0.282158616227905,-0.143430465197632
"24385",6.73348672004577,-0.275836138889208,-0.131308673414148
"24386",6.74145233204854,-0.268714518902239,-0.116607874334633
"24387",6.7390141467278,-0.269619024382107,-0.118463833561418
"24388",6.69615915640094,-0.273705293657621,-0.128621512337418
"24389",6.69509740642165,-0.279073125542167,-0.139095405377286
"24390",6.70324909143131,-0.275446025046448,-0.131078084479837
"24391",6.67824159985408,-0.2689745167499,-0.120338582732223
"24392",6.68792823324555,-0.269516793264041,-0.120738180726244
"24393",6.67862315902314,-0.269348386709818,-0.120895188217657
"24394",6.67174004050806,-0.269748224879067,-0.122007892782929
"24395",6.63646708274231,-0.260987112612161,-0.106746676696453
"24396",6.70321264289181,-0.272564372468902,-0.126091684052923
"24397",6.70638879522894,-0.274942754823497,-0.130592728774305
"24398",6.7052734382403,-0.274939707523333,-0.130667471525358
"24399",6.72416215700316,-0.276321787198042,-0.132652681888399
"24400",6.69652046880788,-0.269374063568816,-0.120079340340032
"24401",6.73390141650643,-0.276904744245509,-0.133492549804422
"24402",6.74013461511083,-0.274844664603295,-0.127666921530124
"24403",6.7557492374893,-0.278571120492273,-0.135695110746007
"24404",6.74068436276862,-0.277276775242882,-0.133807978776638
"24405",6.73058065904095,-0.276089935827674,-0.131913387162731
"24406",6.72789149718484,-0.275059596216912,-0.129070926110959
"24407",6.70743581385722,-0.265603920545671,-0.112774173238364
"24408",6.75404364254759,-0.268901302176531,-0.116803032752927
"24409",6.75761220321729,-0.266555011269652,-0.112441820145947
"24410",6.72504871362451,-0.263619472265767,-0.108327834249474
"24411",6.75756358261468,-0.268143301393882,-0.115467511034418
"24412",6.77315213158256,-0.266164358065852,-0.110770985800457
"24413",6.77061069856021,-0.271859970944126,-0.122003242942296
"24414",6.79430681128292,-0.277190729028652,-0.130047852820751
"24415",6.79785822862488,-0.276384864106127,-0.12839218732561
"24416",6.81742115762319,-0.273226631624731,-0.121530832873294
"24417",6.78592809078352,-0.278613854316672,-0.133129963654447
"24418",6.77827570164301,-0.270504702487316,-0.119348143009317
"24419",6.80806135633316,-0.27076335534581,-0.118611972159224
"24420",6.8313862434799,-0.281100095532749,-0.137159837673352
"24421",6.78810589049264,-0.278934955227479,-0.133665841391379
"24422",6.78029480011104,-0.280865561001516,-0.139215337279494
"24423",6.76710113054088,-0.275122881221728,-0.128372767214156
"24424",6.75286475677146,-0.280771681941942,-0.140140318803013
"24425",6.77061150233779,-0.282509901515485,-0.141984870439568
"24426",6.72819596859127,-0.274210789697866,-0.128445738295782
"24427",6.69507716428362,-0.272669434998449,-0.126696348093871
"24428",6.71951838081512,-0.278299875379817,-0.135836251454692
"24429",6.7313953095944,-0.270159546338224,-0.12185983619312
"24430",6.81939879651348,-0.284194147872954,-0.144208287576968
"24431",6.80329437257113,-0.284484485261247,-0.145434449071976
"24432",6.78857943370808,-0.283175178857766,-0.143384783338112
"24433",6.80539971983722,-0.286767775963976,-0.149943973762548
"24434",6.78170426212956,-0.280442453501878,-0.138401892803083
"24435",6.78575589178636,-0.280824417650513,-0.138940033187262
"24436",6.8127503604226,-0.277154695560902,-0.129132814809734
"24437",6.80877957667474,-0.268256532649853,-0.113835488894524
"24438",6.83505460161384,-0.269062690025821,-0.11425312893737
"24439",6.85923028490058,-0.280840978465324,-0.135540321542128
"24440",6.87840300778208,-0.289897854862451,-0.153020857909417
"24441",6.85159896951022,-0.286378108283184,-0.147162138615
"24442",6.85829741162204,-0.285615039281503,-0.145499466153083
"24443",6.83599691741817,-0.283784655346929,-0.142818336982722
"24444",6.82618645524463,-0.283821294094686,-0.143232526123394
"24445",6.84129185153283,-0.280509721256384,-0.134532995962533
"24446",6.82986046738707,-0.278584099627321,-0.131364062836636
"24447",6.84037703455565,-0.280032672430029,-0.133785383825311
"24448",6.85513757044688,-0.274313417094028,-0.122033604363931
"24449",6.85565342016491,-0.280620049636043,-0.134163539731251
"24450",6.86458644715025,-0.27597042733611,-0.124835338983962
"24451",6.8203771258493,-0.282439644098449,-0.140785075354597
"24452",6.83493246592209,-0.282800323377855,-0.139329984961134
"24453",6.8671821013699,-0.289131832372346,-0.151925763058449
"24454",6.85254161027303,-0.288145541611064,-0.150641960279585
"24455",6.83151892970825,-0.284787607418269,-0.144865225049833
"24456",6.85765442109879,-0.276046997516398,-0.125260857572065
"24457",6.83481166346105,-0.276335014902708,-0.126800690526539
"24458",6.84760475627851,-0.287399433173674,-0.149466992406412
"24459",6.83383757057921,-0.285748765694153,-0.146673059565052
"24460",6.84327143414982,-0.285971895441946,-0.14665434052434
"24461",6.86599409671664,-0.289055276284571,-0.151827019425732
"24462",6.86552460254172,-0.285455497283406,-0.144862663522323
"24463",6.86665478483508,-0.290437620560635,-0.154617142265142
"24464",6.85582793291529,-0.284157747019976,-0.14271018662389
"24465",6.84821920478849,-0.285825684585833,-0.146305295390185
"24466",6.84331069645102,-0.286604256882706,-0.147932344114925
"24467",6.85659985022563,-0.28419006313388,-0.141042609176601
"24468",6.87148265317433,-0.289424045247809,-0.15230769162937
"24469",6.8683863738717,-0.285748664364661,-0.143498535588582
"24470",6.87472033541346,-0.288402334859754,-0.150075030762411
"24471",6.86329136565591,-0.286188211114371,-0.146340637255894
"24472",6.8693923860405,-0.28499193737061,-0.142022369350773
"24473",6.89263089582736,-0.272139436486246,-0.116399467965347
"24474",6.88475671636439,-0.276371533148342,-0.12498541767972
"24475",6.85438263239512,-0.270023069464797,-0.115020963679417
"24476",6.86550201531908,-0.277248354250394,-0.127379102196155
"24477",6.86661585246149,-0.27815216781315,-0.129113247359595
"24478",6.87957414973195,-0.289750229587285,-0.152781516863967
"24479",6.87808289499751,-0.288851681167256,-0.151154915470096
"24480",6.9017846102709,-0.28907726385767,-0.150960261428925
"24481",6.89931629290982,-0.288353004898647,-0.149730913901294
"24482",6.91665736912692,-0.281419706127323,-0.135015760188082
"24483",6.88604886560255,-0.284481075042246,-0.142246216368362
"24484",6.91138480894793,-0.279694754811667,-0.130017876398158
"24485",6.8802706866706,-0.27653030208413,-0.125355953983189
"24486",6.87107821703484,-0.265971851324559,-0.107235786867831
"24487",6.87014792670881,-0.264289851575295,-0.103606141260265
"24488",6.87074150451364,-0.284979518603104,-0.143357597661566
"24489",6.8948915191644,-0.287512156765593,-0.148110700668469
"24490",6.86756203766617,-0.290889850914005,-0.155539132772035
"24491",6.87905268141818,-0.290589060030812,-0.154631240207924
"24492",6.89716329854631,-0.283560870479837,-0.140460250198149
"24493",6.85594974124028,-0.280759774906383,-0.136540676888737
"24494",6.84051761499976,-0.283500988311743,-0.142146523653423
"24495",6.81991759986125,-0.278814297617022,-0.133834706610402
"24496",6.81139246980058,-0.282740477099459,-0.141653616325315
"24497",6.83628508843209,-0.286819293798128,-0.14862459373848
"24498",6.85535778151774,-0.29011564315629,-0.154593786186983
"24499",6.8638370374593,-0.290103030081158,-0.154362907560861
"24500",6.89071721351515,-0.286606966737814,-0.146670178256452
"24501",6.91618092356492,-0.287438993977305,-0.147289595098115
"24502",6.88169271310981,-0.288786562743892,-0.150645021089015
"24503",6.88100766235086,-0.291231898475688,-0.155812156342917
"24504",6.86370818593397,-0.288046916065773,-0.15012195453654
"24505",6.86140843527294,-0.286038161610627,-0.146154291994206
"24506",6.85938809810305,-0.281025226823706,-0.134865046935527
"24507",6.8972123319785,-0.267465330065414,-0.108286795828182
"24508",6.90964042467256,-0.264682346412722,-0.102397656052314
"24509",6.91486094369986,-0.264416486016567,-0.101680153082488
"24510",6.90370157052109,-0.265606647284769,-0.104560961030655
"24511",6.88597622941588,-0.277582631010058,-0.127233439298089
"24512",6.88220407906157,-0.280114094847503,-0.13222771195645
"24513",6.88147770553868,-0.284363043364094,-0.140816445853909
"24514",6.8697089770969,-0.286321899617312,-0.144926416765663
"24515",6.86845751770282,-0.289168042825158,-0.151950764955722
"24516",6.89072854914158,-0.28811973054883,-0.14956573878265
"24517",6.8882765053348,-0.291627706063409,-0.156264954138608
"24518",6.89715044307237,-0.289056731040093,-0.150782334672781
"24519",6.90746718398679,-0.293748374775978,-0.159730671571076
"24520",6.90770633825991,-0.289806358777221,-0.151386676824277
"24521",6.94138095344489,-0.294845528164589,-0.160137174852848
"24522",6.92949851372611,-0.294622009358977,-0.160264782397705
"24523",6.93168963097717,-0.290222172476961,-0.15218436803325
"24524",6.94386323453647,-0.280185445144108,-0.134351547129458
"24525",6.87713717880404,-0.275261125941913,-0.128206180867682
"24526",6.92689185262386,-0.281543809493499,-0.134580399156314
"24527",6.89236251695598,-0.282931678912222,-0.139122300217962
"24528",6.86349425092023,-0.280477689477482,-0.135424099009778
"24529",6.87482214400828,-0.265910453699774,-0.106657123261104
"24530",6.8803722245847,-0.265334243791945,-0.105667150506955
"24531",6.91772214104742,-0.274196063553273,-0.123002139671189
"24532",6.98462747558062,-0.29935323914599,-0.167664019207324
"24533",6.99770643151978,-0.299555647500552,-0.16723222580927
"24534",7.10374986565305,-0.298171129614807,-0.160382137668545
"24535",7.14189971751104,-0.299396929079477,-0.160955444633888
"24536",7.11025646499741,-0.292173666670902,-0.150445943404937
"24537",7.12091267025954,-0.293362173796413,-0.15198560988535
"24538",7.07674096546836,-0.289317943693161,-0.146802176964262
"24539",7.06684349357848,-0.281574538839958,-0.132461215293252
"24540",7.07480415133681,-0.276930970604867,-0.123283973451162
"24541",7.10077647939319,-0.278203698643563,-0.124863172274416
"24542",7.13496258193196,-0.285098101910567,-0.136851563624376
"24543",7.18629310386325,-0.292887719653494,-0.148657045171406
"24544",7.16756974366657,-0.292050590515492,-0.148341828793352
"24545",7.22354020688123,-0.30173972621839,-0.161769515732457
"24546",7.12684575383247,-0.305503765478584,-0.173997883753603
"24547",7.06010491218844,-0.302605362506003,-0.171359065664001
"24548",7.07097662940267,-0.303494759982982,-0.172665097942718
"24549",7.11152504687272,-0.303540473004036,-0.170699196193728
"24550",7.11462690401615,-0.303948617054853,-0.171387652657768
"24551",7.17095774507878,-0.302480987008847,-0.166508127165491
"24552",7.19402649045598,-0.302198547894407,-0.164626892935997
"24553",7.13785810758256,-0.288056548249128,-0.142360990397875
"24554",7.15798169535093,-0.293018569518857,-0.150721336029969
"24555",7.19476682393961,-0.295978289646127,-0.154344332559393
"24556",7.19619142867992,-0.299214576398695,-0.160189758647402
"24557",7.20023243210098,-0.305453578843702,-0.170674780497474
"24558",7.18987534340888,-0.304461258221941,-0.168892453262111
"24559",7.07522659077285,-0.304090608473316,-0.173196878620582
"24560",7.06812113763709,-0.304050368582728,-0.173442710360785
"24561",7.09680579824235,-0.305955529439601,-0.17621940647902
"24562",7.09149595016445,-0.304671447188934,-0.174268799284758
"24563",7.07581403356761,-0.304159413755161,-0.173347624065053
"24564",7.07461844835809,-0.301669891644858,-0.168443500624742
"24565",7.12485280534884,-0.301287220398179,-0.165615160723996
"24566",7.07921302476397,-0.303016752240663,-0.17093059058734
"24567",7.11473122435998,-0.30260558303876,-0.168724204545478
"24568",7.16698387945736,-0.303710068755647,-0.167991539470586
"24569",7.16065032383268,-0.301214095820737,-0.164674845504522
"24570",7.13173707418859,-0.294323251601482,-0.153895171446338
"24571",7.13861209160906,-0.290303325342497,-0.146482392404894
"24572",7.15051536035426,-0.293683965350128,-0.152250495103175
"24573",7.14697609376617,-0.291573959024483,-0.148502277902794
"24574",7.18482677187828,-0.292051413736855,-0.147788722474332
"24575",7.22056790921381,-0.30104875607152,-0.161622727715303
"24576",7.16011032988471,-0.304959134790754,-0.171468054032369
"24577",7.16665531980251,-0.302275873296792,-0.165747796261419
"24578",7.10733762063201,-0.30313797265243,-0.170073777317531
"24579",7.1484968881574,-0.301904034159106,-0.165756431389868
"24580",7.13651482346204,-0.292002889829111,-0.149656705630625
"24581",7.1904119180451,-0.300953618456931,-0.162063969136204
"24582",7.07195522536925,-0.302585566000832,-0.170370753850358
"24583",7.13155973771674,-0.302282261820897,-0.168286670071292
"24584",7.11917045160228,-0.294950341897826,-0.154985330848332
"24585",7.06951068163539,-0.293943628880297,-0.154856330124851
"24586",7.08247095567667,-0.301412188313342,-0.168425115866861
"24587",7.05661345617533,-0.301627691191688,-0.169655980408068
"24588",7.07371887497158,-0.302662408773987,-0.170478104310831
"24589",7.09124868173713,-0.305637679415114,-0.175833732845785
"24590",7.08855136625299,-0.305306957986149,-0.175310545421729
"24591",7.09509900963123,-0.305992516452092,-0.176449669070342
"24592",7.10221993902235,-0.30485654213607,-0.173996193441389
"24593",7.09899602392419,-0.305704295804403,-0.175651383230779
"24594",7.09217255981945,-0.305783197273572,-0.176159579036589
"24595",7.09907579013371,-0.30516343268072,-0.174455882543752
"24596",7.06743103244336,-0.304669939672908,-0.174851850301089
"24597",7.07613248966079,-0.303823207693197,-0.1726603872363
"24598",7.11623203897426,-0.302412501590628,-0.168370113569752
"24599",7.11170963789916,-0.304585139939165,-0.172766536632342
"24600",7.07941237648087,-0.302249226517666,-0.1693928797522
"24601",7.0576512995899,-0.30008767018212,-0.165988513912794
"24602",7.15897751023516,-0.298007040426626,-0.155582716274561
"24603",7.14950151059519,-0.303285708427524,-0.168503311920501
"24604",7.16059016439905,-0.303476429125935,-0.168382943075644
"24605",7.15849731121133,-0.30410433476419,-0.16975222513879
"24606",7.09473447127626,-0.304748321496406,-0.173776732468919
"24607",7.07377374560293,-0.305249340281969,-0.17594876903703
"24608",7.07858469471761,-0.303512379800078,-0.171918541772371
"24609",7.10038521542111,-0.304736238766463,-0.173496779602545
"24610",7.11560625491399,-0.306334144389363,-0.176075808590267
"24611",7.11568495226301,-0.305990099259935,-0.175390815854576
"24612",7.13314686421172,-0.307695629319342,-0.178106454806187
"24613",7.15626049500249,-0.304860460153973,-0.171442162024345
"24614",7.15022814444485,-0.304726331228137,-0.171414687420708
"24615",7.16151120319301,-0.305031109899901,-0.171565566012626
"24616",7.13657462035509,-0.304746730660344,-0.172085682151612
"24617",7.11173002178142,-0.303310290274872,-0.17020789270229
"24618",7.14965500199245,-0.300851202069022,-0.163486661551283
"24619",7.17566325586978,-0.303803610353375,-0.167687078912003
"24620",7.12485221580542,-0.306176046547148,-0.175428546158193
"24621",7.19945422375026,-0.303695142274033,-0.167824070313491
"24622",7.18850068114092,-0.30763723404484,-0.175566589651535
"24623",7.16488926298426,-0.297490815945232,-0.158633493188162
"24624",7.21456812458997,-0.30295145657073,-0.165294587053829
"24625",7.16806444213511,-0.307959658878238,-0.177147108037476
"24626",7.12305918739526,-0.306783531224034,-0.176887355094424
"24627",7.18236851902589,-0.306817317199344,-0.174168191935234
"24628",7.1862930642711,-0.307089732840531,-0.174599311674047
"24629",7.14639622346621,-0.308887936050444,-0.180284338302931
"24630",7.13220247907068,-0.30867651721954,-0.18053679522384
"24631",7.11994815608921,-0.305564467815102,-0.175122084668932
"24632",7.14869710439701,-0.29928028455046,-0.162127540313469
"24633",7.14243149945313,-0.297625027521569,-0.159322641334985
"24634",7.21055469249112,-0.30914460681603,-0.176528542013199
"24635",7.18863486542612,-0.311118231555034,-0.182654415190022
"24636",7.19890969015547,-0.312263392813341,-0.184623782158305
"24637",7.18852485650445,-0.311560340110917,-0.184096495393766
"24638",7.22148422229001,-0.31255045630221,-0.184952889178387
"24639",7.21714441067234,-0.311492711642746,-0.182943530766576
"24640",7.19612240102175,-0.308455676050774,-0.178086544025386
"24641",7.21318817313938,-0.310611718448974,-0.18099770523047
"24642",7.21830494518343,-0.311049857010655,-0.181064669990031
"24643",7.26542101547299,-0.313824826289974,-0.184104590091226
"24644",7.26877861774402,-0.315307312855822,-0.187653317503654
"24645",7.21031276317615,-0.312899702717385,-0.185945372465958
"24646",7.23152985991991,-0.313830745021719,-0.18662733352501
"24647",7.27556325159281,-0.316718560198406,-0.190272281737242
"24648",7.26511636486629,-0.316453886770408,-0.190306729928068
"24649",7.27344789768152,-0.316455562007703,-0.189797464660743
"24650",7.28825254809633,-0.316094795921227,-0.188249063340585
"24651",7.34884940709943,-0.317610902072995,-0.18833226509473
"24652",7.29833771720614,-0.316615504926329,-0.189089571027089
"24653",7.37152739124613,-0.317995672423646,-0.188243033942167
"24654",7.33019842170036,-0.318287619519831,-0.191150462712624
"24655",7.29567483081579,-0.317782505916936,-0.191576501856945
"24656",7.2842899928539,-0.317184074023352,-0.190894464685647
"24657",7.23498100331519,-0.31385653553841,-0.186866918073588
"24658",7.22987529105905,-0.312617245596967,-0.18478012718782
"24659",7.27931480290539,-0.3157910490227,-0.188099125698342
"24660",7.29320353445184,-0.315872524610407,-0.18767567682413
"24661",7.33370872819227,-0.317839570987254,-0.189970109812758
"24662",7.28201450943244,-0.316765473074644,-0.190018387833122
"24663",7.25414389644657,-0.314939723146828,-0.187537539283188
"24664",7.25180944959552,-0.31356775206495,-0.184782380116283
"24665",7.30991092640081,-0.316268565728688,-0.187203125736446
"24666",7.28896529759712,-0.316846954544027,-0.189946293820722
"24667",7.32734719062433,-0.316858284084737,-0.18768364386868
"24668",7.31497303072351,-0.316043929297886,-0.186561682433078
"24669",7.32073905262269,-0.315117071992915,-0.184504999360032
"24670",7.24848796062435,-0.314737065512972,-0.187398735086059
"24671",7.2537710131563,-0.315188830286109,-0.188233145872158
"24672",7.23478012553423,-0.312853809714687,-0.185005736566905
"24673",7.19935217017217,-0.308903073121087,-0.178848558520146
"24674",7.17935391126615,-0.311724047703712,-0.184819407774289
"24675",7.18203376576477,-0.311240324557402,-0.183838034830528
"24676",7.200965246525,-0.306746370730578,-0.174622107975469
"24677",7.16905637744234,-0.305384252514746,-0.173126702271943
"24678",7.18600422795222,-0.303359323970884,-0.168508322794772
"24679",7.17441954360618,-0.308210251863072,-0.178342879149934
"24680",7.17752260912436,-0.30844341246379,-0.178724308656301
"24681",7.17414942893925,-0.305744690340794,-0.173665834647912
"24682",7.14697056970578,-0.308593607569518,-0.179785536684434
"24683",7.19043151626125,-0.309246660089089,-0.178722903518467
"24684",7.22321933776571,-0.310855360801361,-0.180381494165079
"24685",7.23438867391941,-0.312992865865682,-0.185090761717144
"24686",7.27836018332115,-0.316416215928561,-0.189504843364734
"24687",7.22410950444224,-0.314258417001182,-0.188195910458513
"24688",7.22731963359987,-0.313504378024377,-0.186526554465415
"24689",7.2681900727441,-0.314824846997974,-0.186761098493617
"24690",7.34479639184931,-0.318872514171787,-0.191645153965594
"24691",7.36050239098629,-0.318812500048382,-0.190918141304977
"24692",7.37519513524466,-0.319633317900184,-0.192141143785928
"24693",7.32751617728106,-0.319814373163746,-0.194569204795947
"24694",7.28096420880028,-0.316783377718846,-0.19085963252881
"24695",7.2364867514808,-0.314720340751086,-0.188698622673579
"24696",7.21942801483891,-0.3084976244772,-0.177369096305443
"24697",7.23204153290487,-0.313942894396295,-0.18732281921147
"24698",7.25621883246104,-0.315939532350973,-0.190202437124768
"24699",7.25464773063111,-0.312526410438063,-0.183773539694211
"24700",7.2812174180576,-0.315489118747449,-0.187844122153425
"24701",7.25345097515877,-0.314094453371795,-0.186680115784414
"24702",7.23064681276797,-0.314030979431478,-0.187576872009151
"24703",7.21993395323883,-0.313671134937171,-0.187025056887467
"24704",7.27105717526066,-0.315378332813146,-0.188118835699611
"24705",7.30192241354856,-0.317679783700982,-0.191048927447138
"24706",7.28219789818707,-0.31728067520665,-0.191164789306532
"24707",7.28040102757902,-0.316783718813233,-0.190164718794516
"24708",7.24697563717641,-0.313647092370055,-0.18586993802756
"24709",7.29071587958768,-0.316744576349808,-0.189698915228397
"24710",7.25254912915651,-0.314658988001844,-0.187118225324166
"24711",7.27723743265299,-0.316430912053442,-0.189572900324939
"24712",7.29769655342691,-0.317970191469565,-0.191843673565877
"24713",7.3094072061444,-0.319529047050539,-0.194625580692864
"24714",7.32845424095066,-0.320224778407089,-0.195941372474842
"24715",7.33079040895142,-0.320435974095218,-0.196275859793914
"24716",7.30307602073128,-0.31875773921768,-0.194289283332881
"24717",7.35752745255105,-0.320942359464,-0.196487343026432
"24718",7.36443106767232,-0.321471217771284,-0.197243027321837
"24719",7.39838087094417,-0.325066266558749,-0.202183079046326
"24720",7.37435177928984,-0.321446869826678,-0.195419822384952
"24721",7.44752343984792,-0.32253624369091,-0.194842499221446
"24722",7.42613902277893,-0.321850898247752,-0.19422932672654
"24723",7.4261386074893,-0.321907887310191,-0.194423516860715
"24724",7.4113476497504,-0.321860562821035,-0.1950424277456
"24725",7.41390052177379,-0.321953150672967,-0.195111793109211
"24726",7.45968822067603,-0.32218130930029,-0.193687221267776
"24727",7.45744851623347,-0.322730849124943,-0.195014023827502
"24728",7.36196374987868,-0.32123016221476,-0.195842269877223
"24729",7.3638052315296,-0.322020427018271,-0.197362704072108
"24730",7.36494405017768,-0.322191305852986,-0.198492820887158
"24731",7.32541972718231,-0.319906050414585,-0.195755615724542
"24732",7.35255769533273,-0.321322378170257,-0.197347264397192
"24733",7.36521251624906,-0.321928797229294,-0.198162547720727
"24734",7.36647424870777,-0.32345889122883,-0.200260308642702
"24735",7.39472754445086,-0.325030766521238,-0.202247863940199
"24736",7.4338059717907,-0.322928962965487,-0.197889484362921
"24737",7.42666581657186,-0.322116145888388,-0.196528729025416
"24738",7.45700361170269,-0.322610178632052,-0.196423950988974
"24739",7.37112662310813,-0.321254814305369,-0.196812211234743
"24740",7.40258221787492,-0.324015238170218,-0.200738525429861
"24741",7.43344818881003,-0.327659684903666,-0.206034554053757
"24742",7.45616620815199,-0.328819187340792,-0.20764508451825
"24743",7.43022490857047,-0.327189460236492,-0.205222068491175
"24744",7.45622892850716,-0.328837930203958,-0.207436536600541
"24745",7.46065821040253,-0.328858050298319,-0.207323323854997
"24746",7.46679054669465,-0.328102554922398,-0.205475269716769
"24747",7.43648527334741,-0.327061947674699,-0.204570971425125
"24748",7.47175457926149,-0.328587555227622,-0.206252924820005
"24749",7.48406432534291,-0.330267852376127,-0.209107123070972
"24750",7.47658733873713,-0.329549089684078,-0.207980860433592
"24751",7.49171592103587,-0.331028566526954,-0.2102774799025
"24752",7.47281531692376,-0.330265301026033,-0.209665345719136
"24753",7.46222805452588,-0.32558340518182,-0.202130776885583
"24754",7.47233061391663,-0.324411294431941,-0.199458608211584
"24755",7.44933304003917,-0.324157760036572,-0.199782613984411
"24756",7.40264438848885,-0.323352479709754,-0.199828613664547
"24757",7.4449447317319,-0.327152580775063,-0.204859812950202
"24758",7.48684138774924,-0.329785725156843,-0.207777119297865
"24759",7.47869538883493,-0.330501907103867,-0.209954860511292
"24760",7.44878956030906,-0.329116557258371,-0.208309458701175
"24761",7.43565770567586,-0.327670150427454,-0.206350143819877
"24762",7.45476800601765,-0.329079914250059,-0.208038367170204
"24763",7.46682134291862,-0.329233424842735,-0.207629018575914
"24764",7.50125509772111,-0.329186028478649,-0.205855850687314
"24765",7.46211441746346,-0.328958183517824,-0.207322060182854
"24766",7.42394449263068,-0.326819982237205,-0.204673160484757
"24767",7.42073145498982,-0.325969103686488,-0.203919505803765
"24768",7.42540544750812,-0.327579299262808,-0.206143703072837
"24769",7.4314395232221,-0.327883368256551,-0.206543062313043
"24770",7.40057092814981,-0.324794387997002,-0.202346058537975
"24771",7.38069293446567,-0.322916805946753,-0.199531204493984
"24772",7.41312459650932,-0.326777687976847,-0.205028753705007
"24773",7.44698786362556,-0.326089852813722,-0.201809721974661
"24774",7.42687135191075,-0.326732779598658,-0.204273792633278
"24775",7.44626961743868,-0.328783993354245,-0.207755188116382
"24776",7.4255076617298,-0.327346471548655,-0.205706133299619
"24777",7.45935883484601,-0.328763339704008,-0.20704146633673
"24778",7.43523832775978,-0.327158157972839,-0.204808738814772
"24779",7.41860255449404,-0.326402504398902,-0.204079349909133
"24780",7.41558288306034,-0.326242234732089,-0.203879636586138
"24781",7.42333226220984,-0.32586417359328,-0.202465287605158
"24782",7.47224209338085,-0.327257425224826,-0.203381958292549
"24783",7.48304957076553,-0.327232743214183,-0.202951146251533
"24784",7.52000145949668,-0.32793922143261,-0.202680883202837
"24785",7.57734327045412,-0.32841540726974,-0.201437739882031
"24786",7.5543024312252,-0.3329616440324,-0.211514084462692
"24787",7.49946329871982,-0.332046571410564,-0.212218331777755
"24788",7.44108669596668,-0.32680829644068,-0.205101144198749
"24789",7.47014692065454,-0.328915323200156,-0.208049666935646
"24790",7.5259775280626,-0.332947424593896,-0.212736120248387
"24791",7.52618311542216,-0.333471324541077,-0.213756809525711
"24792",7.5155789519897,-0.331983066282031,-0.212158780655648
"24793",7.51601856003691,-0.332672151498652,-0.212570563955924
"24794",7.52901072145007,-0.332682248785441,-0.212081406407156
"24795",7.5428950926001,-0.334402588075065,-0.215507994748006
"24796",7.52834532866213,-0.331630393686565,-0.21144020053485
"24797",7.49059800852694,-0.329112505656517,-0.207985093016236
"24798",7.51716815262466,-0.326677108771082,-0.20236461115149
"24799",7.49116004608931,-0.327093962596484,-0.204116937389046
"24800",7.46385764344084,-0.328651293624177,-0.207635931030488
"24801",7.46915280031052,-0.328561520275801,-0.207393334970105
"24802",7.45747393986305,-0.326779116500656,-0.204659227346531
"24803",7.46491794149726,-0.327500735174278,-0.205729868193981
"24804",7.46652385449943,-0.327779576351403,-0.206115529777046
"24805",7.47624678160318,-0.328525170704912,-0.207209302766935
"24806",7.44453927455352,-0.325396684953029,-0.202387955118166
"24807",7.46455131728317,-0.328373388540988,-0.207143458654534
"24808",7.48656366439065,-0.331088066347493,-0.211074564703141
"24809",7.49614147905772,-0.330748843491257,-0.210581200511335
"24810",7.43778216316538,-0.326321647268113,-0.2043905676196
"24811",7.47437611904546,-0.330332360010762,-0.210014807320344
"24812",7.51504065137243,-0.332150033387211,-0.21167833816366
"24813",7.48070896849182,-0.329504511595525,-0.207452432303011
"24814",7.48680982347596,-0.329587245709171,-0.20737742517522
"24815",7.5051725267158,-0.331137033054031,-0.209617492858712
"24816",7.48079275324198,-0.330241445093076,-0.209182952464829
"24817",7.44096100888064,-0.327785834689115,-0.206474729837377
"24818",7.40066309331998,-0.323915775356552,-0.201026674166459
"24819",7.37720935260749,-0.322725550256885,-0.199512759654767
"24820",7.4079919481991,-0.324348469039795,-0.201618513669666
"24821",7.43339397640422,-0.324726603113867,-0.201471247045182
"24822",7.47202922860866,-0.325411061016024,-0.201444954229968
"24823",7.43834433743569,-0.326188936974938,-0.203806020979945
"24824",7.50211565219477,-0.330138542037783,-0.208247540774396
"24825",7.5023062352491,-0.331359890052306,-0.210623958079805
"24826",7.51412699907534,-0.330797587187553,-0.208510880766126
"24827",7.48278582250704,-0.330414643411771,-0.209446188925267
"24828",7.51931994509403,-0.332114140307874,-0.210987405179877
"24829",7.53727655736376,-0.329024653793985,-0.204165199005902
"24830",7.50980418427911,-0.332103946554149,-0.212132057090403
"24831",7.4968669688896,-0.331420125249001,-0.211309627321635
"24832",7.43935155426108,-0.326012111603934,-0.203810913131577
"24833",7.47518767438763,-0.329591100747161,-0.208919772834286
"24834",7.49828020698923,-0.327731449895646,-0.205127647160641
"24835",7.48808719687498,-0.327645590789031,-0.205312167870983
"24836",7.50153237985558,-0.328157359387299,-0.205844887988249
"24837",7.52464418328484,-0.326151242976894,-0.201043176498297
"24838",7.52314537928679,-0.331683769632208,-0.211612391727395
"24839",7.53869841997628,-0.333773233901443,-0.214421228369348
"24840",7.5291064035649,-0.333382958582425,-0.214030090991863
"24841",7.56906346780646,-0.335236475547787,-0.21543147239428
"24842",7.6189388522188,-0.339757018846916,-0.222632600139614
"24843",7.64123965158116,-0.341294486191979,-0.224792443812062
"24844",7.63007463398894,-0.340110665258101,-0.223264989162583
"24845",7.5714326905669,-0.336057166261105,-0.217927696606076
"24846",7.54524203736268,-0.333707544139429,-0.214588823130607
"24847",7.47510939026337,-0.327523601171774,-0.205540206525839
"24848",7.49301434355603,-0.327037091246227,-0.203941346215069
"24849",7.51276503985405,-0.328094280296888,-0.205328502949681
"24850",7.52427277242596,-0.327877011712288,-0.204485184341465
"24851",7.53931731355211,-0.327841561727395,-0.203876342493387
"24852",7.51941744884526,-0.327932542148107,-0.204776930250428
"24853",7.57857577856774,-0.329478654207188,-0.205722622879363
"24854",7.63274058516699,-0.329182082770589,-0.203177498414406
"24855",7.5784353593311,-0.326748615686415,-0.200307096325427
"24856",7.53945708606936,-0.327842168410013,-0.203875969717005
"24857",7.5144433851109,-0.331217070240307,-0.21085858929909
"24858",7.52155370763412,-0.330366485504179,-0.209393492500361
"24859",7.4932466450536,-0.327152078445572,-0.204164239083624
"24860",7.49202327867178,-0.329442168743783,-0.20836592164542
"24861",7.51683771600739,-0.332338925024534,-0.212738851877021
"24862",7.53039754438372,-0.333530565685299,-0.214454905367009
"24863",7.54570085505342,-0.334974059530829,-0.216442890756496
"24864",7.55862218255539,-0.335741580517991,-0.217479198917429
"24865",7.54411100434021,-0.333502086040748,-0.214279187016947
"24866",7.57771947801104,-0.337382208759422,-0.219720154864544
"24867",7.55831990199576,-0.335632924210133,-0.216810783770528
"24868",7.58172709631799,-0.337793101360352,-0.220305831854176
"24869",7.54146024068659,-0.332241562980135,-0.212272621530346
"24870",7.55321456536975,-0.333963520631876,-0.214854714166566
"24871",7.58572522248951,-0.336278508111705,-0.218117229592882
"24872",7.60628479226056,-0.338764180096245,-0.221180598866622
"24873",7.62845335022369,-0.339765614558026,-0.222913675119987
"24874",7.57529954489392,-0.335650776256606,-0.217305964767737
"24875",7.55644973655105,-0.334238412009859,-0.215315272388742
"24876",7.51312989591246,-0.331365906106231,-0.211348822895467
"24877",7.51213196677681,-0.331994815108955,-0.212274831246294
"24878",7.46919955126822,-0.326828144028052,-0.204366394450039
"24879",7.43272984630984,-0.325275524279214,-0.202585890938141
"24880",7.47732683596297,-0.328494919857932,-0.20723053497277
"24881",7.50891977781009,-0.32893941296978,-0.207144108085186
"24882",7.51384253639148,-0.328550023231912,-0.206182517691349
"24883",7.49960006376576,-0.328823646921176,-0.207174949993344
"24884",7.50799806296518,-0.330770490052783,-0.210451904931649
"24885",7.56040029677479,-0.334894249795137,-0.216239276782474
"24886",7.54677222031173,-0.333222388842236,-0.213837776903111
"24887",7.53152116516572,-0.330232090849598,-0.208914688501795
"24888",7.52693895493141,-0.329926828771529,-0.208475784953584
"24889",7.61841745395706,-0.337898538312966,-0.22030098388198
"24890",7.63835693516427,-0.338328040829077,-0.220633504933343
"24891",7.64265270177682,-0.338912464931232,-0.221522527475168
"24892",7.6328792337054,-0.338113613460174,-0.220399151189864
"24893",7.61574028755766,-0.335728147140811,-0.216609133170126
"24894",7.56238322949853,-0.332044944468463,-0.211399359630016
"24895",7.55767046946984,-0.331906685697512,-0.211242857687798
"24896",7.56099668249991,-0.331894465528013,-0.211154931132429
"24897",7.5526024686959,-0.331732267653572,-0.211064499975244
"24898",7.56936121915873,-0.334973976994318,-0.216240472333552
"24899",7.6067490508905,-0.335828021345391,-0.217015806815445
"24900",7.61412029164452,-0.332947345542722,-0.211359091713264
"24901",7.54758906766489,-0.331645670169956,-0.211004615383486
"24902",7.53600780229167,-0.329745282854271,-0.207761475623771
"24903",7.56882867958847,-0.329964574019148,-0.207043538120909
"24904",7.5796971821803,-0.332054395495411,-0.210755663334825
"24905",7.57558489023936,-0.332199382462959,-0.211229711284586
"24906",7.59035681857337,-0.332246376325689,-0.210811837430794
"24907",7.57318594436744,-0.331950639414735,-0.210825418721406
"24908",7.6201983663934,-0.339605309545108,-0.222827688025005
"24909",7.61179518458057,-0.33808836562165,-0.220674080931641
"24910",7.59226294321889,-0.33586587781,-0.217408306283967
"24911",7.59076291345374,-0.3356454481226,-0.217047869592759
"24912",7.59616970750259,-0.33763300327975,-0.220093402778527
"24913",7.58962270308361,-0.337262200603296,-0.219417952446751
"24914",7.68046531678779,-0.343834424796433,-0.22835939430354
"24915",7.691189114697,-0.341311479679149,-0.224513234890185
"24916",7.61490817104003,-0.335065540987637,-0.215449909151475
"24917",7.59294586823167,-0.334119957301624,-0.214314622500069
"24918",7.58373473566837,-0.333325947701446,-0.213121405427114
"24919",7.61534190598134,-0.333980567338025,-0.213338704852845
"24920",7.60118957740577,-0.332899353330505,-0.211717301522309
"24921",7.58827115291077,-0.334685854706545,-0.215379948534716
"24922",7.60361183243287,-0.336873415702609,-0.218800744701788
"24923",7.58259454308722,-0.335346461349697,-0.21669901272115
"24924",7.63010318808565,-0.339876811792243,-0.222447232350294
"24925",7.61961900916688,-0.339875799702982,-0.222838891615338
"24926",7.6186850724398,-0.338190560980328,-0.219578934307432
"24927",7.64757691066316,-0.339028261261083,-0.219681204900362
"24928",7.63337176080635,-0.337253675377324,-0.216730947120286
"24929",7.65992044167925,-0.337192210134282,-0.215593456670555
"24930",7.61007594235094,-0.33805084724628,-0.219623361265271
"24931",7.57728264041471,-0.336507904152271,-0.218375817211404
"24932",7.53925460593329,-0.33044074909661,-0.209060625679575
"24933",7.52026202292084,-0.32810830931322,-0.205100251936783
"24934",7.57341167054375,-0.330500229334473,-0.207936345681311
"24935",7.54870913996774,-0.329851132345813,-0.207548871124972
"24936",7.554936172533,-0.329611884546367,-0.206839549771601
"24937",7.54714750877404,-0.330773104011066,-0.209342350491179
"24938",7.59296736578156,-0.335896617117609,-0.217416306723143
"24939",7.56625454125277,-0.333258293090398,-0.213475000081654
"24940",7.62815797993262,-0.33541666062908,-0.215683638692674
"24941",7.6398525608645,-0.336125221804266,-0.21663812436027
"24942",7.69003869510876,-0.341091917774205,-0.224237774761695
"24943",7.70140408319849,-0.342373251422774,-0.226175092484993
"24944",7.70562611839714,-0.342802441103578,-0.226829153149966
"24945",7.71125468061983,-0.342385624882053,-0.225975159545028
"24946",7.67468624685663,-0.338651428403555,-0.220325300234297
"24947",7.66887543123185,-0.33766982884446,-0.218683906791195
"24948",7.70590638365978,-0.342102214788094,-0.225608063436865
"24949",7.7108975985572,-0.342385329857493,-0.2259809789121
"24950",7.71485462003143,-0.343279349497195,-0.227449834856823
"24951",7.71083436502929,-0.342396389644431,-0.226014069286999
"24952",7.68085468594299,-0.340789947344319,-0.223907884663905
"24953",7.67605551713806,-0.340563408483228,-0.223611908880727
"24954",7.65245661476562,-0.336767210241633,-0.217486573088468
"24955",7.61135750363626,-0.334196437923677,-0.213922441709343
"24956",7.63114890340033,-0.335414462336605,-0.215593660749164
"24957",7.64597411829193,-0.33606552555201,-0.216359342985295
"24958",7.69364790955142,-0.337802186131395,-0.218090726061958
"24959",7.670778951761,-0.340171877943581,-0.223007945989611
"24960",7.64553728765407,-0.335784507934631,-0.215853171615093
"24961",7.68779609584574,-0.338805264897631,-0.220228261466009
"24962",7.71714696442932,-0.342523962659233,-0.226100139078731
"24963",7.72674524141988,-0.339875782784337,-0.221032528427393
"24964",7.73683314577096,-0.343757000501671,-0.22780966412779
"24965",7.74135756681293,-0.34421620432344,-0.228526262919489
"24966",7.73244041018769,-0.344109126653861,-0.228448962376067
"24967",7.78344876277725,-0.350589363770491,-0.237817632938417
"24968",7.77310013368538,-0.35023749611237,-0.2375482614229
"24969",7.7273318264122,-0.343566166932137,-0.227671279132169
"24970",7.7602288083024,-0.345742409958153,-0.230669444239607
"24971",7.72576810470973,-0.343243570833134,-0.227121995028669
"24972",7.72795188033997,-0.343474544702652,-0.227467025233355
"24973",7.68723385166627,-0.340652918368732,-0.223556476855757
"24974",7.67193147707244,-0.340232358051644,-0.223175227954595
"24975",7.67877773703218,-0.341140172176216,-0.224528297128131
"24976",7.67985435877816,-0.340716242869399,-0.223804706335261
"24977",7.65424998007429,-0.337980186256572,-0.219649983298924
"24978",7.64287857222624,-0.33592542250282,-0.21618403506604
"24979",7.64155432633245,-0.335184016536614,-0.214808280647947
"24980",7.62553280980538,-0.33543759075153,-0.21581712177144
"24981",7.62980721619969,-0.335402471329527,-0.215595840431196
"24982",7.63827744945483,-0.335003646148899,-0.214522633652538
"24983",7.63547083114169,-0.33559058618425,-0.215761203173993
"24984",7.67072943132319,-0.338395061205518,-0.219956314522107
"24985",7.6712742877996,-0.340070669323243,-0.222890748664565
"24986",7.62968046623282,-0.334838144867976,-0.214531795058643
"24987",7.59623731482625,-0.332591871784274,-0.211256104809924
"24988",7.58559844448735,-0.332735294864696,-0.211867660138726
"24989",7.59914588313544,-0.333129661989035,-0.212237015758234
"24990",7.62500640235595,-0.338368800329963,-0.220930415167261
"24991",7.75872168683258,-0.344885122465159,-0.229206677821761
"24992",7.76181101788439,-0.34501476022207,-0.229410601353758
"24993",7.74987788812673,-0.341953385588752,-0.224247753947199
"24994",7.73755029488804,-0.34031836157424,-0.221499004952454
"24995",7.75348604563771,-0.341164747983742,-0.222632744079888
"24996",7.75004451617139,-0.340790868163684,-0.222009276481897
"24997",7.71929595593289,-0.339497728933199,-0.220555976596573
"24998",7.76018978687111,-0.345351963981986,-0.230024095970726
"24999",7.7793421408053,-0.346923868645264,-0.23231073624252
"25000",7.7745206490498,-0.346584232520487,-0.231814109654891
