"","Dim1","Dim2","Dim3"
"15000",-3.05120265518151,-0.191184360037355,-0.212676322858964
"15001",-2.99701520466878,-0.187438913822854,-0.210988433977242
"15002",-3.04103412225429,-0.179009077786598,-0.221878222657847
"15003",-3.03520182795083,-0.188492592996933,-0.215317896109498
"15004",-3.07425905481912,-0.206091136067433,-0.195876398254116
"15005",-3.02378947332744,-0.249931190583848,0.0180037739240518
"15006",-3.0376865520046,-0.207867317963064,-0.173389011855969
"15007",-2.99436975056894,-0.253658987000203,0.0418343197037542
"15008",-2.96087624478262,-0.245539197520098,0.031490676115548
"15009",-2.91272407760272,-0.272098556439063,0.129248076623946
"15010",-2.86695171621857,-0.258938861405596,0.15802761677526
"15011",-2.92846107337118,-0.254795667571486,0.0647744741083704
"15012",-2.93987308518457,-0.266055221768608,0.0855253417347884
"15013",-2.947188847687,-0.271362319745015,0.110548620340647
"15014",-2.94908829873606,-0.245818079854109,0.042326877251533
"15015",-2.96747067907441,-0.245700932258598,0.0157963222325002
"15016",-2.94619084275442,-0.258914063313124,0.0681945637075675
"15017",-2.9088355613345,-0.261828070146869,0.159709600467095
"15018",-2.90110217014281,-0.259241184370284,0.164339647434422
"15019",-2.94035965631579,-0.259454197270929,0.0773296268946605
"15020",-2.97811122627482,-0.246381607057918,0.0163937626619498
"15021",-2.94976715939634,-0.256315789225562,0.0665487171199308
"15022",-3.02984431583812,-0.205597793415323,-0.1841282532765
"15023",-3.03603209619781,-0.203972793056717,-0.128051546217474
"15024",-3.02537889666389,-0.251646912744337,0.045191965429691
"15025",-3.1080919287794,-0.207573171797664,-0.126395464691401
"15026",-3.10247830480787,-0.204568537537156,-0.20469757575466
"15027",-3.03394952556255,-0.206871867937854,-0.169897114607366
"15028",-2.92020930318368,-0.201041613287423,-0.160597188758445
"15029",-2.93646699433151,-0.183314653468362,-0.208653950700053
"15030",-2.99595348570872,-0.202946614986287,-0.157523706118539
"15031",-3.04977311471085,-0.208388964148325,-0.178638295463005
"15032",-2.97281227116499,-0.25605439370552,0.0547442507734789
"15033",-2.90409755531301,-0.266773036018891,0.145389366878353
"15034",-2.85583773408464,-0.257439527167786,0.158301100987782
"15035",-2.90391589440411,-0.271114128052507,0.13188821063831
"15036",-2.95190432964484,-0.271302364246637,0.144105919022072
"15037",-2.90915985030907,-0.260258275515815,0.16298760742611
"15038",-2.88665431685606,-0.259445932006317,0.160284690948658
"15039",-2.92840765045165,-0.27091913345891,0.128366249425218
"15040",-2.96567908757401,-0.272110713598197,0.111665188726067
"15041",-3.04595199741772,-0.200819225788414,-0.109186691038003
"15042",-2.99335801268431,-0.263687318271963,0.0679030374721184
"15043",-2.95485466356637,-0.260686290761793,0.0622302686369588
"15044",-3.00242562203656,-0.202267310752069,-0.19148883076916
"15045",-3.02486190054209,-0.204909188917744,-0.136582532396908
"15046",-2.90863764564281,-0.265233913425166,0.109468249319767
"15047",-2.94685764223722,-0.18791125516464,-0.096025444070179
"15048",-2.9937792625547,-0.19335209544283,-0.203938380088002
"15049",-3.01581813269871,-0.190600167936296,-0.210723860230069
"15050",-3.00601341694092,-0.183103477755901,-0.216404221968198
"15051",-2.99075087549082,-0.193836480083912,-0.205214500753708
"15052",-2.96456023693996,-0.196459166563801,-0.130458924269347
"15053",-2.93236019780596,-0.253175969170733,0.0476544442287971
"15054",-2.91153577424348,-0.267617833789146,0.102348888406593
"15055",-2.9233661913965,-0.263200107840424,0.095132515868315
"15056",-2.95147483311558,-0.24567970120173,0.0424529581765128
"15057",-2.97835889121004,-0.211909056008184,-0.0514317736188245
"15058",-2.95228809623101,-0.187412340840629,-0.0741779075810172
"15059",-2.96161980623993,-0.201369653348796,-0.150829562818399
"15060",-2.97898299390755,-0.203546491596198,-0.146886003432798
"15061",-2.97379393323749,-0.201699034887219,-0.141214831084254
"15062",-2.98249908364175,-0.210860430756786,-0.050882971061931
"15063",-3.04728800372388,-0.201010172527994,-0.131278839778803
"15064",-3.01448507277525,-0.26303252073442,0.0658844007753577
"15065",-3.01631123892848,-0.273499601734945,0.0970609579914365
"15066",-2.94246589465282,-0.268528583365479,0.149918427595337
"15067",-2.90973895055777,-0.261816969559928,0.159470216782611
"15068",-2.89745307119058,-0.265783058128096,0.144752727798019
"15069",-2.97685441578637,-0.209641348410653,-0.0513245165876438
"15070",-3.03366000632746,-0.204795038165065,-0.190251743067991
"15071",-3.055247129276,-0.207604707845502,-0.142889059575987
"15072",-2.98921824961296,-0.207472578325059,-0.0542686319981669
"15073",-2.96360760916645,-0.196921169444742,-0.0605742633024656
"15074",-2.94761457455897,-0.198119735185322,-0.137318834492103
"15075",-2.97767523990685,-0.202232744635684,-0.140775817795266
"15076",-3.01614953062821,-0.193864063119639,-0.100727171777934
"15077",-3.02622642917131,-0.247105942551136,0.04227319343417
"15078",-2.94034746032,-0.258455134050834,0.173223597114424
"15079",-2.92774061716953,-0.262400126177897,0.162769515986253
"15080",-2.94498703289264,-0.26430060736938,0.16241056370702
"15081",-2.96696731929517,-0.271454168683277,0.148346065958094
"15082",-3.02339578018063,-0.237118270176151,-0.00394271147757051
"15083",-3.00796825288287,-0.231005891026573,-0.0132873678103481
"15084",-3.01487961290296,-0.221793517752682,-0.037299920888731
"15085",-3.0028858796386,-0.217223835821752,-0.0451927359916529
"15086",-3.01174092036389,-0.210774826015204,-0.0596616887388914
"15087",-3.02644271712626,-0.194843795774379,-0.0985156650036887
"15088",-3.01574632539197,-0.231536715816066,-0.0132489331388742
"15089",-3.00649592571056,-0.261053794609372,0.0573266352581378
"15090",-2.94967432776668,-0.272070653151521,0.138444319171826
"15091",-2.97047584293759,-0.266969030200471,0.0824018974488942
"15092",-2.98384478663919,-0.254984669924269,0.0393478044452402
"15093",-2.95663530640592,-0.226308572961174,-0.0129884668399071
"15094",-2.92017332955253,-0.224562346460732,-0.011637465099181
"15095",-2.91577423505764,-0.262542283969621,0.0788464928217079
"15096",-2.9765253217656,-0.271096680566965,0.0978881745388458
"15097",-2.92158363621362,-0.269115163101906,0.108148207831597
"15098",-2.92976550583183,-0.243047490636175,0.0300304076997269
"15099",-2.91226894974375,-0.220786759921415,-0.0243267486593096
"15100",-2.87243652376677,-0.187133463578023,-0.196867193686462
"15101",-2.88902818344972,-0.193709158140316,-0.151502149770613
"15102",-2.89504245595792,-0.183781625959244,-0.0617569078095906
"15103",-2.86049481128596,-0.182100353821307,-0.0609392481764978
"15104",-2.88161187385223,-0.183072779774699,-0.0611885924646472
"15105",-2.90539744429633,-0.190782559404803,-0.112495920319756
"15106",-2.9003212968528,-0.183876084155229,-0.0734364015735527
"15107",-2.94856846589777,-0.19927700880377,-0.146234861743231
"15108",-3.00564121027134,-0.191117412077642,-0.209118337149199
"15109",-2.90250528852511,-0.193262059560051,-0.0671881643251218
"15110",-2.8603515444317,-0.184812256417502,-0.197355569298678
"15111",-2.83757043572088,-0.186065222458626,-0.192907965525468
"15112",-2.88717238682284,-0.1950740394693,-0.167442437192933
"15113",-2.85607921356416,-0.25991296884641,0.0956294209131377
"15114",-2.88492347050836,-0.264044712200564,0.146452107732993
"15115",-2.91259324657882,-0.262150631719208,0.159564562647724
"15116",-2.89133286278381,-0.262149143159068,0.0938039271502169
"15117",-2.84212501246106,-0.248656241644382,0.0592445956546819
"15118",-2.89419557016427,-0.184409175671743,-0.0947968618901069
"15119",-2.93413284383919,-0.18947716157647,-0.202122768310762
"15120",-2.95848297070099,-0.197173880912837,-0.192717058066955
"15121",-2.93639103616477,-0.193286456716841,-0.1311028148023
"15122",-2.93802531612869,-0.185558288956747,-0.0750119674326298
"15123",-2.90914946497621,-0.183985747228522,-0.0654021750645235
"15124",-2.86201442318761,-0.193049848703992,-0.138195631311933
"15125",-2.90614522994459,-0.191809122955086,-0.196168671288828
"15126",-2.96740943357409,-0.194207036222241,-0.201375754303165
"15127",-2.91892867716425,-0.192069510355483,-0.054861852585989
"15128",-2.80165182205834,-0.244744222938778,0.0650655550082634
"15129",-2.83465779894104,-0.190824738146821,-0.117386747282369
"15130",-2.87459554598104,-0.188268608598821,-0.195780825790214
"15131",-2.92994891244118,-0.190015775641363,-0.201207182292155
"15132",-2.95642151951394,-0.196640072626548,-0.195353277461516
"15133",-2.90294838313315,-0.238644397242395,0.0251828626862159
"15134",-2.92051899882387,-0.1862947945316,-0.0956764838791268
"15135",-2.97607215554273,-0.233567144714362,-0.0167740041541717
"15136",-2.98217216085969,-0.217597264252035,-0.0379194511665406
"15137",-2.93560161307131,-0.257238140379989,0.0664013073901263
"15138",-2.91307766324759,-0.251034215672542,0.066369027950865
"15139",-2.89611571079142,-0.266112419292102,0.113053372472151
"15140",-2.87737762672486,-0.26376146848751,0.146654276550248
"15141",-2.89018523218682,-0.260561606666828,0.0938492233034968
"15142",-2.88349236871663,-0.267131312885963,0.139213141296407
"15143",-2.84216178124948,-0.264915079901628,0.134104458949734
"15144",-2.88602860689533,-0.267429141810739,0.137685456185578
"15145",-2.88443888061675,-0.261420529389974,0.154947303517415
"15146",-2.86101528274451,-0.26043014781429,0.152097629965049
"15147",-2.83685334102818,-0.259027951828566,0.148856475076932
"15148",-2.9509964056893,-0.226890186935258,-0.0122414907266472
"15149",-2.95582936254163,-0.227504412530807,-0.0109469746073757
"15150",-2.95915974656315,-0.218233688214804,-0.0383017313189995
"15151",-2.96207023823044,-0.196142596654425,-0.196280788971182
"15152",-2.94390502304469,-0.189355672484728,-0.203640337511565
"15153",-2.91397417717483,-0.185883305209007,-0.0972493883503988
"15154",-2.88478805278442,-0.263791934594056,0.105199898478986
"15155",-2.89341578032317,-0.247692458480062,0.0662671810291733
"15156",-2.86267185703864,-0.265309718995324,0.138793927976924
"15157",-2.88879340270954,-0.267522755959632,0.121462948901756
"15158",-2.90126599134247,-0.263667660941909,0.10409832359006
"15159",-2.95554507871036,-0.227706942528137,-0.0122576807582632
"15160",-2.94402083935065,-0.200353872221427,-0.0552727776789383
"15161",-2.92270282212638,-0.225264327970185,-0.0116143830251717
"15162",-2.9490090855028,-0.198784140969947,-0.0580698191605275
"15163",-2.9258495975023,-0.187513552191742,-0.0946447935844484
"15164",-2.84540011619288,-0.258999925707639,0.0969262183402077
"15165",-2.87029874642278,-0.263566151949633,0.106369328421402
"15166",-2.87667623920608,-0.252228418041793,0.0684203520975585
"15167",-2.93462874332236,-0.227875240185705,-0.0110850079483497
"15168",-2.88700852282408,-0.261134611419627,0.155907632857172
"15169",-2.90466552712118,-0.263513597737744,0.153948762490413
"15170",-2.88506932095975,-0.262639275001849,0.151626549292749
"15171",-2.85230188380934,-0.258420162387599,0.155562462106513
"15172",-2.90111665385896,-0.253741279981834,0.0576715166034824
"15173",-2.94664372237486,-0.199061176039178,-0.127285008342469
"15174",-2.90244741291409,-0.196981242331786,-0.148468760253548
"15175",-2.86168520752114,-0.194616224907438,-0.164789179475828
"15176",-2.89391292238239,-0.179774187279849,-0.207051902787478
"15177",-2.88082659090153,-0.19613192834197,-0.153844762274785
"15178",-2.85187976603454,-0.1792858627118,-0.0645280159014858
"15179",-2.86986527711457,-0.218788460817023,-0.0167773890258118
"15180",-2.8709706568792,-0.191529875298693,-0.0508118010837606
"15181",-2.87445222203048,-0.250893282010771,0.0618332196357845
"15182",-2.8754426839019,-0.264773369527614,0.142820066796669
"15183",-2.89636482417884,-0.26241274694605,0.154938544173544
"15184",-2.90432734659038,-0.262290796019795,0.157166753936661
"15185",-2.87122594423306,-0.258860337971531,0.159245095657357
"15186",-2.88988649071461,-0.25207186640927,0.0634711120939112
"15187",-2.89962890270014,-0.251157673771481,0.0641889037956534
"15188",-2.94061710357364,-0.187009395436896,-0.0623196276221985
"15189",-2.98635092702481,-0.204401079623033,-0.159929456046459
"15190",-2.92173113833015,-0.246132907942166,0.0270961735180723
"15191",-2.92983927582603,-0.235250548380128,0.0111431350072372
"15192",-2.89392612648031,-0.253210830312083,0.0662814815556826
"15193",-2.8796578173082,-0.251133339609619,0.0616126126306781
"15194",-2.92865094343746,-0.198864420594621,-0.13884986441984
"15195",-2.89070939830263,-0.263792562195531,0.0945359675550983
"15196",-2.9216944652635,-0.256885013869367,0.0718320736996083
"15197",-2.94412775224944,-0.246811627726605,0.0370398800723048
"15198",-2.88523355368845,-0.247457554622052,0.0492798741239266
"15199",-3.02367158294851,-0.205098769166981,-0.154672854900196
"15200",-3.03078234647406,-0.200375642177098,-0.200301279590201
"15201",-2.93140429566899,-0.186136649079069,-0.0969872337434402
"15202",-2.89508796840269,-0.195991063488061,-0.178276158766503
"15203",-2.88194770052511,-0.19598114712858,-0.153444517582916
"15204",-2.8942951697242,-0.193299952422021,-0.0516885832797532
"15205",-2.88517904676526,-0.250223611034061,0.0680368640176069
"15206",-2.81846744393836,-0.256678195806829,0.151303249825848
"15207",-2.89095228922529,-0.241609904623665,0.0392529732139984
"15208",-2.88719867675187,-0.221379024344994,-0.0109091373855885
"15209",-2.94818204221947,-0.199385798302085,-0.141579136930691
"15210",-2.90623252554614,-0.243604855265995,0.0562231006453838
"15211",-2.87281117307457,-0.256789716862167,0.0897933526004242
"15212",-2.91393688760911,-0.254754747372198,0.070463622519151
"15213",-2.88311084158987,-0.262731646165414,0.150471046932496
"15214",-2.85934642286805,-0.255972065631168,0.16300471129585
"15215",-2.84986916721673,-0.256870861457332,0.158499881790459
"15216",-2.95335503186617,-0.23007457014751,-0.00720658989565858
"15217",-3.02524432041,-0.205596645626866,-0.185960971349783
"15218",-3.02547285108669,-0.205072957225962,-0.143685616348197
"15219",-2.95356020263438,-0.195123870998204,-0.0613043481764061
"15220",-2.89389071628104,-0.19645049134437,-0.176998928803656
"15221",-2.88959481564965,-0.180442360889444,-0.205865013026886
"15222",-2.89503033168228,-0.179983992703117,-0.206088545036745
"15223",-2.77357263382386,-0.230708582888124,0.0452664904829579
"15224",-2.73108448460309,-0.251520681500376,0.14353844637907
"15225",-2.77259968200232,-0.257200569345368,0.138652301228
"15226",-2.87732762760799,-0.214231720888435,-0.0295843738010861
"15227",-2.82771629371686,-0.261584557979371,0.13975022940138
"15228",-2.85213261777627,-0.266136937002936,0.132401649776835
"15229",-2.88199008244586,-0.240662798604025,0.0416167362693575
"15230",-2.81270207927618,-0.259229762061421,0.142648431053111
"15231",-2.82550499605551,-0.256476154041726,0.0912222473503863
"15232",-2.90441334757595,-0.201182819090185,-0.0462749613845558
"15233",-2.96558205633432,-0.254906120575176,0.0679589058591412
"15234",-2.96439673735914,-0.272600978086542,0.118629878424883
"15235",-2.97883264766682,-0.267400825706326,0.0804170869162162
"15236",-3.02460231447707,-0.204678930410145,-0.137312055273506
"15237",-2.98565870673418,-0.20318381665225,-0.138756398286956
"15238",-2.93834459781561,-0.221107148236426,-0.0234642300507596
"15239",-2.95130746296858,-0.203646591698424,-0.0557643503340395
"15240",-2.89048435397736,-0.26990469627777,0.131841324576864
"15241",-2.86270372192844,-0.26768161171713,0.131170674115215
"15242",-2.85700983919069,-0.236867516059734,0.0343137551481421
"15243",-2.87308637087683,-0.197717764140948,-0.167912450196432
"15244",-2.83379375006578,-0.194322588895891,-0.170359413694151
"15245",-2.90747424838654,-0.182974612274095,-0.205685318473551
"15246",-2.98535651807576,-0.19001319189023,-0.208618816311384
"15247",-2.93336572511874,-0.187441837163493,-0.0939902319879727
"15248",-2.87130503964231,-0.197447653482598,-0.160549356025355
"15249",-2.80174134917274,-0.177314161072604,-0.0768267129702354
"15250",-2.83274204960891,-0.24679009983519,0.0714604407388355
"15251",-2.84390266918265,-0.264260986989609,0.118986234474315
"15252",-2.83630496332826,-0.25961074369358,0.148353471115101
"15253",-2.79232715677793,-0.25601129229201,0.146968673622984
"15254",-2.84197140111586,-0.24860205979076,0.0598288084481726
"15255",-2.84226543257497,-0.218177352608218,-0.0113621535500163
"15256",-2.90585956390247,-0.196130949649556,-0.140533045538496
"15257",-2.9230543027098,-0.198870070867637,-0.156434487479058
"15258",-2.88381264082664,-0.183034591405424,-0.0961175947976469
"15259",-2.80141361983488,-0.256055363424472,0.0930636774270383
"15260",-2.85199405049066,-0.251585297331363,0.0579584473134871
"15261",-2.84085165992929,-0.260528192045012,0.146435307173935
"15262",-2.83536061116421,-0.22565330033044,0.0129007964549226
"15263",-2.84214586701662,-0.190736061497421,-0.120610624818332
"15264",-2.85515848781372,-0.182123576380266,-0.0604323658985701
"15265",-2.89628965676317,-0.1838773766261,-0.0789600170069284
"15266",-2.84772024660021,-0.234735637862535,0.0536620891367528
"15267",-2.84594871503211,-0.23416863578504,0.0570143416081792
"15268",-2.87735283824178,-0.25944149404495,0.0822800567541141
"15269",-2.9146815027365,-0.257416751035862,0.0689409193601219
"15270",-2.97622388265193,-0.252610330875157,0.0354985869764882
"15271",-2.99038875898714,-0.216554899536283,-0.0438049322231925
"15272",-2.93917161889811,-0.18503070609237,-0.072962905206067
"15273",-2.90716796691111,-0.19618055176145,-0.129358117045782
"15274",-2.90190407698435,-0.240278996564871,0.0336674291808682
"15275",-2.95338362647772,-0.200367210766328,-0.0708518682565414
"15276",-2.9506551893965,-0.212513355562381,-0.0472576889314633
"15277",-2.91222676340444,-0.221987464508851,-0.0176276068767958
"15278",-2.89269281266229,-0.205128245123814,-0.0431520456682596
"15279",-2.9057547277066,-0.185291588250987,-0.0909893095497181
"15280",-2.92858230123262,-0.198350125224004,-0.153576651011678
"15281",-2.95901813162533,-0.188796539371688,-0.0987097491931676
"15282",-2.97814803172613,-0.191581264329897,-0.0935445142686042
"15283",-2.88514075988233,-0.250179098006927,0.0756143049401004
"15284",-2.87458639011328,-0.256298338520684,0.088399075955483
"15285",-2.88292712568419,-0.26179479278505,0.0983039330051062
"15286",-2.85650892768665,-0.264430541445799,0.120098678962071
"15287",-2.85425087476184,-0.236065891769518,0.0369089486019123
"15288",-2.88759021876479,-0.222510099419547,-0.00986654310292796
"15289",-2.93462621206322,-0.186758474594034,-0.077564359685181
"15290",-2.91033345870534,-0.254975020541591,0.0685510017088308
"15291",-2.84359121522878,-0.258850488430669,0.151744403816746
"15292",-2.83396013195991,-0.263506870376099,0.122807110502721
"15293",-2.8598319250056,-0.191091512425098,-0.114261069027764
"15294",-2.87228559756567,-0.179007262463972,-0.205242662623326
"15295",-2.88015329959532,-0.181773080884552,-0.203837980422211
"15296",-2.8590582612552,-0.182351097296849,-0.0894862338031132
"15297",-2.84886487408803,-0.18039591424507,-0.07931378251655
"15298",-2.79834913498883,-0.250308007834759,0.0723647201934625
"15299",-2.77969676841191,-0.254210391851027,0.148287543627326
"15300",-2.75304108553937,-0.251522225264334,0.150372166372199
"15301",-2.86490991429997,-0.196190547680373,-0.17028484638445
"15302",-2.80886728736159,-0.184489113822121,-0.102244849170795
"15303",-2.85086862283097,-0.191402244774277,-0.140268688772514
"15304",-2.8904202392695,-0.194829280180563,-0.140588337885987
"15305",-2.89900211511841,-0.185044128001999,-0.0605849240261861
"15306",-2.87207383271341,-0.1952947194922,-0.149120722338299
"15307",-2.77405390868757,-0.230612469792712,0.0315695395585959
"15308",-2.78799913344545,-0.176938678598975,-0.0555777351153476
"15309",-2.80907843558245,-0.182809697456734,-0.0996421435895084
"15310",-2.8312964209638,-0.193185325755189,-0.170268417867435
"15311",-2.78085777132129,-0.243838231682863,0.0579781268668507
"15312",-2.83705464973602,-0.18023623202035,-0.0604987514923877
"15313",-2.76369340447832,-0.236108880191037,0.0588038635182981
"15314",-2.81050922828094,-0.179504650029169,-0.0540550016414539
"15315",-2.83669871416427,-0.180214205663855,-0.0579601214854982
"15316",-2.86848069256862,-0.182214167078245,-0.0579669588152295
"15317",-2.83157956711446,-0.177652223239529,-0.0830879063683709
"15318",-2.8279869336487,-0.213497752716381,-0.00861689181809344
"15319",-2.77695768937607,-0.259255746061554,0.131333814834312
"15320",-2.73357445525969,-0.245087978943247,0.161623863669453
"15321",-2.79529115463814,-0.25419430147228,0.152783115574102
"15322",-2.86306738387112,-0.264208521156933,0.140170258288515
"15323",-2.83700063462405,-0.234749040386215,0.0438891957160493
"15324",-2.84494889361078,-0.184559796813586,-0.105965081307309
"15325",-2.81068013628758,-0.173996719507126,-0.20226405197233
"15326",-2.80930300508506,-0.181290826688903,-0.194195291849946
"15327",-2.84439721248286,-0.187158351174622,-0.186680254617445
"15328",-2.87971301319667,-0.181583899785801,-0.0899331043929428
"15329",-2.94152585248556,-0.188319860492992,-0.0615283090223084
"15330",-2.97368316542248,-0.188686031811508,-0.0835812134231908
"15331",-2.89400907157419,-0.223699317181727,0.00515517804326668
"15332",-2.79223928484901,-0.256505872059246,0.145162137573476
"15333",-2.82042685898645,-0.260075537950997,0.142288868511461
"15334",-2.92780304081767,-0.200303350380789,-0.165354375659699
"15335",-2.89377323124997,-0.185240571478661,-0.08943420410447
"15336",-2.90641298982784,-0.196473056749509,-0.140353008491488
"15337",-2.89027918364002,-0.196562915224314,-0.176996563205455
"15338",-2.840719444041,-0.193242951217124,-0.17381403776497
"15339",-2.81692324616092,-0.190267836702325,-0.137868994059219
"15340",-2.88330816336689,-0.1728008831737,-0.21021212085119
"15341",-2.9225680681667,-0.181765903067682,-0.208509641119391
"15342",-2.96509997998122,-0.19524847044422,-0.130496006310213
"15343",-2.85092918544144,-0.26200799803265,0.143149837459445
"15344",-2.76290959072512,-0.238638590167372,0.193615174596089
"15345",-2.70514753358941,-0.238184184163685,0.186754471217234
"15346",-2.70639319591397,-0.247905936199579,0.146453779020816
"15347",-2.80910374392913,-0.215756495453736,-0.0110317807619055
"15348",-2.78719077913841,-0.231110331520053,0.0418678675904198
"15349",-2.81993693282506,-0.18349887904344,-0.0999097490607879
"15350",-2.85042399087994,-0.191663337473765,-0.146659025997774
"15351",-2.82714549471435,-0.179492785354437,-0.0570241982614448
"15352",-2.87869021709046,-0.189886193111784,-0.128517007839702
"15353",-2.85830968159512,-0.181694097439223,-0.0579197160985442
"15354",-2.83849044853563,-0.235256057013504,0.0397963235655651
"15355",-2.82883090607337,-0.179941866313229,-0.092837509851611
"15356",-2.79685616596256,-0.184353289445265,-0.189457178853075
"15357",-2.83036615208413,-0.18170532439281,-0.197530650689673
"15358",-2.78693158780819,-0.182508462198367,-0.190342526462492
"15359",-2.76247661689581,-0.204495352450288,-0.000486812380509442
"15360",-2.78803902355904,-0.182726927554751,-0.0513529113830234
"15361",-2.74149975639837,-0.2583851962444,0.123909742897565
"15362",-2.8192176250934,-0.187532754019918,-0.127838617987711
"15363",-2.83772665046183,-0.180014451262828,-0.0600705798848658
"15364",-2.81206765902916,-0.178376677121547,-0.0584608548789896
"15365",-2.81001654844932,-0.188817884750302,-0.144437287114121
"15366",-2.79077010136993,-0.185549072602817,-0.133499596310158
"15367",-2.75331708130694,-0.179704119369654,-0.108759547151933
"15368",-2.73551257280075,-0.174808296486368,-0.106916879934115
"15369",-2.79725783489977,-0.188125762786651,-0.1314024397257
"15370",-2.87870993774355,-0.180375114208957,-0.0838860184793531
"15371",-2.857987652354,-0.180582618782846,-0.0772230125742483
"15372",-2.78895637590746,-0.21223152266473,-0.00366682359142453
"15373",-2.75286338172495,-0.180130963268962,-0.0481904583702513
"15374",-2.75565041327927,-0.174031712498596,-0.196147875125394
"15375",-2.77539741305629,-0.178532416658468,-0.1924055189183
"15376",-2.82628847641324,-0.178051066533153,-0.0940865199299326
"15377",-2.83413109795464,-0.223917592465154,0.0269323025383246
"15378",-2.78145859322691,-0.2525036093844,0.153754739313124
"15379",-2.72287610081734,-0.252298911070549,0.13921968037799
"15380",-2.77859349165674,-0.183784105225721,-0.0466981548439388
"15381",-2.77036374631085,-0.183359791331846,-0.127631301985797
"15382",-2.78389173507084,-0.189904272598465,-0.168072614717937
"15383",-2.82171403604871,-0.185179466970047,-0.111019722132505
"15384",-2.85824478805343,-0.192661043543764,-0.138885698985203
"15385",-2.86752807485849,-0.182389603063007,-0.0947357910923688
"15386",-2.83313939845099,-0.178864049150958,-0.0780335718844394
"15387",-2.85052745080446,-0.180377441562856,-0.0731047466901709
"15388",-2.83430877131625,-0.219014648401795,0.00527834432218813
"15389",-2.752157454269,-0.254706302288112,0.137985293303477
"15390",-2.7363707913594,-0.252947371138879,0.138939753774481
"15391",-2.72665068224742,-0.245705778814001,0.158051790557129
"15392",-2.73020159776375,-0.242199089716548,0.180247333809022
"15393",-2.71719373501004,-0.247380292900514,0.153495841146913
"15394",-2.73246874118035,-0.253466098550252,0.137903853993932
"15395",-2.79395561299258,-0.176907942708756,-0.0578007865460233
"15396",-2.81422409993094,-0.188813808692189,-0.138686238296522
"15397",-2.85150661893069,-0.192066481868517,-0.145683896148596
"15398",-2.87458460322774,-0.196993500476405,-0.170028649403857
"15399",-2.85235514903593,-0.192578734331418,-0.049826210361505
"15400",-2.85445334765958,-0.181786765474246,-0.0568119708463978
"15401",-2.86820520677253,-0.192741690853021,-0.0508737530896739
"15402",-2.84854505245076,-0.180673102483076,-0.0578498473393477
"15403",-2.89745550127162,-0.194670021814364,-0.122725689264621
"15404",-2.9465088864588,-0.198352046684462,-0.143300235565075
"15405",-2.97098896661824,-0.189496190648697,-0.0754889293844011
"15406",-2.94181120321384,-0.206715566057457,-0.0476194058719773
"15407",-2.94718474562486,-0.18818023239315,-0.0611121062336454
"15408",-2.9307737023723,-0.199530187637969,-0.177669474007443
"15409",-2.90702359801275,-0.189904850876094,-0.197520469691114
"15410",-2.92285370083911,-0.194882411726475,-0.191219475077384
"15411",-2.90346679152233,-0.197234549216029,-0.169361715492672
"15412",-2.94299302671486,-0.199263182458683,-0.158265477150217
"15413",-2.96254311390394,-0.193100802120104,-0.0611570549434426
"15414",-2.87424550883799,-0.258024987397331,0.160246427927958
"15415",-2.92625969492451,-0.257433694952358,0.0785857439124175
"15416",-2.83396563488707,-0.253524102499893,0.163259171305126
"15417",-2.79824816448458,-0.256913934545558,0.14435145498202
"15418",-2.84684112690197,-0.261021350935305,0.145715008471353
"15419",-2.88832029930969,-0.259571655984168,0.1603474180495
"15420",-2.93361224347742,-0.256132852197122,0.0676337374043165
"15421",-2.97590799586738,-0.20407693889637,-0.163397935053657
"15422",-2.9217589728941,-0.197966484916067,-0.145664857971309
"15423",-2.81964520225189,-0.193339904083646,-0.170068820109569
"15424",-2.82035284819278,-0.184349178551087,-0.11168945923536
"15425",-2.8582242643501,-0.182153783373672,-0.0909320482895529
"15426",-2.87680213902118,-0.226892465579063,0.00140347533935954
"15427",-2.91975646653614,-0.196565904997677,-0.0525050947038526
"15428",-2.89606193453485,-0.219668615757256,-0.0184464205204002
"15429",-2.90019556635797,-0.184899624761344,-0.058810488637212
"15430",-2.91578370591586,-0.198440222546399,-0.162781022712908
"15431",-2.92311487043042,-0.179979131431459,-0.21009185113456
"15432",-2.92460681622113,-0.19046325025619,-0.199070502845482
"15433",-2.89366079193864,-0.180917703016622,-0.0657429748449206
"15434",-2.80511252621168,-0.239462485530713,0.0588663571719306
"15435",-2.79928603973177,-0.231706766283808,0.036507013445482
"15436",-2.84125522757125,-0.18702372370948,-0.0518669448916824
"15437",-2.85449556526489,-0.259784534319643,0.0840041763176979
"15438",-2.85268361276573,-0.259891357480372,0.0956637918168454
"15439",-2.88320144601029,-0.221319062871455,-0.0120661943554712
"15440",-2.80729519879191,-0.23300467153051,0.0343464179583168
"15441",-2.82876638973109,-0.232449453723622,0.0171549511341573
"15442",-2.8380777886522,-0.237541048780522,0.0392985359017217
"15443",-2.83461355679486,-0.180342278257559,-0.0560601662754439
"15444",-2.78451722021077,-0.231127784688799,0.0424415652307176
"15445",-2.81628064103535,-0.178677284235966,-0.0572356855788542
"15446",-2.82563007432052,-0.233863519424901,0.0406763253584627
"15447",-2.80363752077457,-0.187242899576134,-0.182902871709944
"15448",-2.78066576818053,-0.181624010677277,-0.190824758757604
"15449",-2.78171972658807,-0.188924523751358,-0.178021458812252
"15450",-2.82501342091862,-0.186669404901863,-0.18885974473249
"15451",-2.75194779515159,-0.174155217693247,-0.0562864792468785
"15452",-2.77513268322457,-0.175075807970734,-0.0939770098658099
"15453",-2.77468596609609,-0.175161443989737,-0.077320656444066
"15454",-2.71079742011847,-0.224759602012315,0.0363274545220499
"15455",-2.67233963334702,-0.247037472149411,0.141238527808902
"15456",-2.66122800012998,-0.248454958454955,0.0986866276664095
"15457",-2.64334082151259,-0.219265233268929,0.0410782146075563
"15458",-2.68158195441967,-0.197355255089765,0.00254188555390081
"15459",-2.6948227808621,-0.186303797221413,-0.0181850010455755
"15460",-2.74657946496085,-0.189008862636151,-0.02786370287826
"15461",-2.7916199391001,-0.181594461437078,-0.191086841628144
"15462",-2.83201158236934,-0.173691115350759,-0.204248466044394
"15463",-2.8061818461437,-0.176401835907256,-0.200181236341828
"15464",-2.8145372968751,-0.183510688867663,-0.191578271234686
"15465",-2.81485949388477,-0.187467462611892,-0.137115671226826
"15466",-2.78484781125231,-0.173851164239006,-0.0623852470801302
"15467",-2.7219826414546,-0.225429069464001,0.0508625727708705
"15468",-2.72984687244951,-0.21121200809975,0.0305853027474662
"15469",-2.74448060176864,-0.175452056890679,-0.0564533026702753
"15470",-2.81009179584974,-0.186497980315855,-0.128201819313475
"15471",-2.8653498215464,-0.181197304174976,-0.0961758294020814
"15472",-2.78061465482944,-0.229317584796737,0.0540121543890789
"15473",-2.71024832691697,-0.246876088503739,0.15088988626761
"15474",-2.71632126318403,-0.255033963345764,0.129166851712947
"15475",-2.76836962855373,-0.19043395166963,-0.0302612773203336
"15476",-2.77070165318534,-0.175509903888267,-0.0565122105549995
"15477",-2.79887489061091,-0.177426114650851,-0.0560007920077318
"15478",-2.78978170951634,-0.242891692112928,0.0517933605013638
"15479",-2.8120383928379,-0.178312882294594,-0.0581013277570138
"15480",-2.77156802454389,-0.230262618733902,0.0324971359598019
"15481",-2.75802876170069,-0.233819157712967,0.0405876573512873
"15482",-2.79200151110963,-0.243818235424744,0.0669489125965609
"15483",-2.75593580447742,-0.250287286202977,0.0909922442057285
"15484",-2.75417281925952,-0.25182577564696,0.0927876503443578
"15485",-2.76110288367442,-0.244001451456722,0.0613370788192892
"15486",-2.75928391247127,-0.187295404881598,-0.158512670879685
"15487",-2.74363321865552,-0.178787071011503,-0.107601210417671
"15488",-2.76665142938106,-0.186833011499164,-0.178681414114809
"15489",-2.77583136517025,-0.18145590481618,-0.10993094169652
"15490",-2.82912740099238,-0.193258132013056,-0.149499743886368
"15491",-2.81893805444571,-0.179407324845009,-0.0885212780311178
"15492",-2.80155820301359,-0.190481423545212,-0.160184922836712
"15493",-2.74332018963608,-0.171616564940368,-0.0763891967972261
"15494",-2.7381036797639,-0.16987171380038,-0.0555217720436342
"15495",-2.80058260768223,-0.237936629774826,0.0382161467942003
"15496",-2.84016685830861,-0.248570123210334,0.0596778953827161
"15497",-2.78148221813501,-0.256309226700065,0.142936418633172
"15498",-2.80743136800437,-0.189247478806398,-0.0486184092409776
"15499",-2.7913651474161,-0.173768781676022,-0.0578252805120897
"15500",-2.76183957135061,-0.229274676664752,0.0342373882487776
"15501",-2.79240587792573,-0.229000960130685,0.0406816467101966
"15502",-2.80641767484642,-0.257873621692023,0.100066310497163
"15503",-2.81583772489168,-0.24640101335035,0.0630281056421941
"15504",-2.8125999714246,-0.224023337529285,0.013394854118122
"15505",-2.6776272227646,-0.178550729192556,-0.176516868554762
"15506",-2.684939377541,-0.181025066614395,-0.139907567420357
"15507",-2.69945026321137,-0.205982324248851,0.0180130447114537
"15508",-2.75000212376661,-0.18577248860729,-0.125363202080176
"15509",-2.73442737819719,-0.171566072428938,-0.0753337170668124
"15510",-2.67330790840442,-0.20592600755714,0.0259893456021842
"15511",-2.66669220058071,-0.20513677738234,0.0228564432190394
"15512",-2.70474034972625,-0.18874629891277,-0.0230922085685499
"15513",-2.70028126006032,-0.185331545439209,-0.158168226917714
"15514",-2.72409531139155,-0.171522591848452,-0.0569742000636554
"15515",-2.70573960947512,-0.17039436262094,-0.0549476456537375
"15516",-2.74748698759812,-0.186857073027798,-0.14526146270855
"15517",-2.76477656970786,-0.180584149505559,-0.108258145588395
"15518",-2.71879608672082,-0.210312559903887,0.0312061901924377
"15519",-2.68976109840085,-0.219778406536533,0.0382942528997993
"15520",-2.71278182873827,-0.188429834158243,-0.0189453733122644
"15521",-2.74115230203077,-0.17942256662256,-0.188107310187453
"15522",-2.76778897864261,-0.178207343177516,-0.192129493409068
"15523",-2.77464313911235,-0.17544742059281,-0.196792312133313
"15524",-2.7275468043502,-0.177429491924127,-0.0513622227929397
"15525",-2.73217526001343,-0.185411946188162,-0.1747041438155
"15526",-2.74136271335989,-0.184452362309667,-0.177301576083053
"15527",-2.75222372943966,-0.188124463278292,-0.16420492990169
"15528",-2.70442887661036,-0.197803595132733,-0.0030222462750516
"15529",-2.73051842283222,-0.169892111899232,-0.0816688015799968
"15530",-2.74533863656295,-0.189950977803057,-0.024462495633428
"15531",-2.69944380549861,-0.197628559284969,0.00807340191862096
"15532",-2.65422377130812,-0.203596447076096,0.0301327668745299
"15533",-2.65957672018295,-0.177602607982084,-0.134316159615356
"15534",-2.67810129340106,-0.179819881071194,-0.173262971989065
"15535",-2.71725145263125,-0.170501695167744,-0.0926799888674246
"15536",-2.65582593549935,-0.24401650397892,0.0921296772070862
"15537",-2.61929676442222,-0.241687197372028,0.143614010264484
"15538",-2.68492831881124,-0.25366422912367,0.122881759477441
"15539",-2.79191208100481,-0.177078327344087,-0.0581778064724424
"15540",-2.80311247456803,-0.177779444159348,-0.0587139325772401
"15541",-2.81340111097976,-0.179930671894255,-0.0780037957514984
"15542",-2.78478121476827,-0.17401577943092,-0.0836333218684348
"15543",-2.75693061498117,-0.174395859563776,-0.073395636026353
"15544",-2.73494206593929,-0.170603256481696,-0.082562097147456
"15545",-2.68727390164293,-0.213591525870335,0.0235089198258508
"15546",-2.71237476233016,-0.170605829678085,-0.0641072178972983
"15547",-2.76687456218765,-0.17974671545634,-0.0975444507797758
"15548",-2.80140273164977,-0.182700970788166,-0.192503109771954
"15549",-2.81337286918402,-0.183786185524278,-0.193023176259237
"15550",-2.79124562920945,-0.185765426176293,-0.139363245918064
"15551",-2.790082774638,-0.184269811477514,-0.134670965002394
"15552",-2.79811864234632,-0.19087852258001,-0.148096976140549
"15553",-2.84172341463884,-0.192854640885532,-0.140457411246942
"15554",-2.83494045711638,-0.183548047252941,-0.0869659771999775
"15555",-2.84850272707237,-0.186182487780884,-0.193989644637874
"15556",-2.70776421655544,-0.221156510643479,0.0404380440438813
"15557",-2.72010932122975,-0.250070316705806,0.0909969085104528
"15558",-2.70382847480218,-0.252887937804608,0.109433384842864
"15559",-2.70711992316654,-0.220340211751866,0.0460330927886251
"15560",-2.68346868519906,-0.250343825191622,0.10862428915999
"15561",-2.74235549263811,-0.21654732326013,0.0146886970756527
"15562",-2.74437198791977,-0.224156401450066,0.039568515170242
"15563",-2.73782484193891,-0.227516601621969,0.0411781780884414
"15564",-2.73861192147373,-0.191401186508693,-0.0236343144816008
"15565",-2.71219315854412,-0.1890819086901,-0.0249398698906698
"15566",-2.72337404314396,-0.176840433843741,-0.109418044277018
"15567",-2.78548826063148,-0.188723616539082,-0.178323787361491
"15568",-2.82071696071821,-0.185489137969859,-0.191875505880295
"15569",-2.8438919404288,-0.186309855596088,-0.11082094438522
"15570",-2.86123704733586,-0.18127377594213,-0.0745350746602865
"15571",-2.77248231641335,-0.249135627704169,0.0847695826034903
"15572",-2.74281884137781,-0.196742967818579,-0.00977482011127597
"15573",-2.72150120824084,-0.209428851679315,0.0272423844828542
"15574",-2.73995351327388,-0.191015034687793,-0.0244936612404803
"15575",-2.74678830260677,-0.180963785244946,-0.114528683543965
"15576",-2.75517518957877,-0.185109706249466,-0.181147132320284
"15577",-2.80658704572677,-0.18489949234337,-0.190090172775382
"15578",-2.80485536713048,-0.188907281804148,-0.156451962302048
"15579",-2.76401903738039,-0.219721396120059,0.0223888730765244
"15580",-2.76687222024451,-0.224741253135002,0.0473736020873424
"15581",-2.72710773831681,-0.243190343690114,0.0780295295367186
"15582",-2.71438782941055,-0.252725585065079,0.103461873578636
"15583",-2.72443332364953,-0.246014543554358,0.0815245054877613
"15584",-2.72746092069662,-0.226514607594596,0.033957232213298
"15585",-2.7906331872661,-0.176731491384118,-0.0577850928448265
"15586",-2.77613397983137,-0.174871498704815,-0.0758945102866673
"15587",-2.72874546180922,-0.233097840797227,0.0565957793984421
"15588",-2.67932738678968,-0.232338817043044,0.0808432313405884
"15589",-2.652125404549,-0.242396536857941,0.147196396802226
"15590",-2.67906563082673,-0.249072200885527,0.134139716213556
"15591",-2.68071628966644,-0.243529769311778,0.152852709106728
"15592",-2.68945581910821,-0.23730051594425,0.181109507500862
"15593",-2.6556139044768,-0.232297524626169,0.186616374575799
"15594",-2.70450773682417,-0.251541338507371,0.129021670652564
"15595",-2.76412578672861,-0.185799491782942,-0.165899358027019
"15596",-2.78858126924227,-0.174181433700912,-0.198421577496434
"15597",-2.82093734228383,-0.184610150944708,-0.192622696207966
"15598",-2.85185157225636,-0.182470676701203,-0.0970253294916982
"15599",-2.78967345705231,-0.231414412902422,0.0419120095056954
"15600",-2.72527299314572,-0.21807635501701,0.0375852896105545
"15601",-2.73209118784009,-0.18999586837149,-0.0253919897568079
"15602",-2.76963004737635,-0.182600339679144,-0.187034797374129
"15603",-2.78997345180142,-0.188105137115703,-0.17976408508303
"15604",-2.83906937624608,-0.185092239195617,-0.129093489357755
"15605",-2.82592484021388,-0.178356625799219,-0.0956062348895309
"15606",-2.77828086766699,-0.242816302855493,0.0689854203435627
"15607",-2.71247381378327,-0.207513313722259,0.0222672399528442
"15608",-2.69840355517175,-0.200851813436378,0.0158985855441357
"15609",-2.68210840228963,-0.25395225644903,0.114737544449528
"15610",-2.73090261953684,-0.216457791451215,0.0219195253605154
"15611",-2.73116084352493,-0.205299918335876,-0.00442115838049952
"15612",-2.66169401413907,-0.243124556857222,0.150412192482275
"15613",-2.67441122371772,-0.251224964100204,0.128922311172577
"15614",-2.6930042675158,-0.169082934528,-0.0534555427952783
"15615",-2.68454021390635,-0.181971847952761,-0.164556019855634
"15616",-2.67568181782474,-0.176665826233036,-0.18212249527762
"15617",-2.66561572880947,-0.172319799801028,-0.107282294430613
"15618",-2.65270877749532,-0.193392284317949,0.00942865446722327
"15619",-2.57655274414614,-0.234613948259196,0.161642120205927
"15620",-2.62163153502668,-0.248616976599617,0.120103419896586
"15621",-2.65343597807239,-0.196751392441173,0.00232716677185488
"15622",-2.6660523998466,-0.18170365518564,-0.163587925626676
"15623",-2.66078461078809,-0.17725425715287,-0.175934802616449
"15624",-2.63127486533156,-0.202322556491908,0.0247630227946072
"15625",-2.69951537685695,-0.182397178283364,-0.16989215491594
"15626",-2.72673657974944,-0.180914976489691,-0.172899293166155
"15627",-2.66589872111976,-0.165880171129542,-0.0541709796578031
"15628",-2.66850348557235,-0.166213548899408,-0.0704427500923242
"15629",-2.62676650524411,-0.196654241196693,0.0128568007534445
"15630",-2.58436980236579,-0.201647403121389,0.0244828457274563
"15631",-2.5328931896329,-0.235739359736695,0.133291147610882
"15632",-2.56649586024125,-0.244888872103321,0.124058118856947
"15633",-2.56427928806201,-0.233092468528552,0.0894450814539419
"15634",-2.62869661850513,-0.173930844445513,-0.131475508195868
"15635",-2.58957754034374,-0.197805267346473,0.0219586525319197
"15636",-2.6183616276081,-0.160887374754917,-0.070347734440559
"15637",-2.61459835089813,-0.159188690505851,-0.0662761606346332
"15638",-2.5693067375556,-0.226829207744274,0.0777037147784621
"15639",-2.50363285921699,-0.229276212698274,0.140666766590507
"15640",-2.59256206834111,-0.19365703571719,0.0171908283216936
"15641",-2.61086676171581,-0.17004178164589,-0.111659048805333
"15642",-2.60613284808164,-0.170576997302108,-0.178973766489069
"15643",-2.56153210894853,-0.156576184681333,-0.0638601339934372
"15644",-2.56772716925425,-0.191055390335614,0.00947332786808318
"15645",-2.56757226832274,-0.24352630610027,0.127782228464723
"15646",-2.6209130844244,-0.196006553551318,0.00840501216740173
"15647",-2.60068697246375,-0.208443297837578,0.0637341896958831
"15648",-2.62543333347012,-0.196172961378836,0.0118028955729534
"15649",-2.66102207066189,-0.251165060463935,0.106874536649694
"15650",-2.66859973308248,-0.251645366149821,0.12290655121866
"15651",-2.71555730170243,-0.185053967895136,-0.147077527046018
"15652",-2.63591436457153,-0.162939515041665,-0.0749000328126578
"15653",-2.63824400521187,-0.169015412748901,-0.0925006922426697
"15654",-2.67729203172447,-0.165342964942412,-0.0810184439276054
"15655",-2.69728375615628,-0.175602663321378,-0.106084183045085
"15656",-2.62153505114511,-0.200947503587107,0.02724012299001
"15657",-2.5551597163446,-0.195688521250746,0.0290651703336772
"15658",-2.68987774301624,-0.173250341787251,-0.183118901450356
"15659",-2.69727172888654,-0.173878059161667,-0.186681146073748
"15660",-2.74111189960851,-0.174235360234731,-0.193201688442527
"15661",-2.72957506309652,-0.181246892286639,-0.181970766197286
"15662",-2.68750745579322,-0.182662119444765,-0.154254815504599
"15663",-2.69604866736226,-0.180766443713435,-0.176132215503009
"15664",-2.7231798673873,-0.186026293600419,-0.16850534972292
"15665",-2.73605976479925,-0.172339079942197,-0.0564129027409741
"15666",-2.65152607486367,-0.164373525925665,-0.0772130114825761
"15667",-2.59820318769191,-0.170919669693796,-0.0297923406241135
"15668",-2.60742527806977,-0.205327194342673,0.0486278689852464
"15669",-2.62966866000665,-0.215218825750109,0.0463154676442024
"15670",-2.58759665028172,-0.236074825915814,0.145834509583291
"15671",-2.62456612034726,-0.238550420119622,0.147354884934488
"15672",-2.63164387483424,-0.232399069719635,0.181337096131939
"15673",-2.57488285806582,-0.230563267829931,0.171751005696734
"15674",-2.60830326043734,-0.24444347221581,0.124513368142219
"15675",-2.67686106539042,-0.185945331617555,-0.0252686327850049
"15676",-2.71402905196446,-0.183541913624945,-0.149996787112506
"15677",-2.7044739615867,-0.17593186780965,-0.107139264404996
"15678",-2.69361185861523,-0.18302518884331,-0.0353801788608558
"15679",-2.7226838090179,-0.202448120276562,0.00357939549765411
"15680",-2.70653485321953,-0.168522532386316,-0.0793501133087864
"15681",-2.74590086969995,-0.185779780739248,-0.0394761390630869
"15682",-2.7815679186238,-0.17433893385216,-0.0814151199364535
"15683",-2.82404115836303,-0.189666733925751,-0.174747495691271
"15684",-2.80368152333241,-0.183418487593292,-0.110028620663472
"15685",-2.70028810573594,-0.25327694600649,0.127873416325275
"15686",-2.71620456247991,-0.182786803197417,-0.0315944103860557
"15687",-2.6463637923575,-0.202196977407958,0.0335830612232652
"15688",-2.62470160407745,-0.164787838372862,-0.0505321115992317
"15689",-2.62304651891528,-0.177526676155661,-0.168125895476135
"15690",-2.62751783873078,-0.172955445866314,-0.176750737225125
"15691",-2.60963044994372,-0.174669033573557,-0.171631675182988
"15692",-2.65260341292212,-0.177312150345514,-0.174682671638361
"15693",-2.66139147753933,-0.175575131832822,-0.180928346316883
"15694",-2.62933377329412,-0.202385163207979,0.0258457058463994
"15695",-2.63094415225159,-0.202231680127674,0.0285180282237488
"15696",-2.65815002896604,-0.204478870275606,0.0287745313508905
"15697",-2.65246085164626,-0.233016533560423,0.0578830173797564
"15698",-2.66247902150847,-0.220623432752558,0.040847232785851
"15699",-2.67376141045229,-0.184971068120807,-0.0285020981212136
"15700",-2.67977550866411,-0.165158390311713,-0.0830087462933115
"15701",-2.63972325312004,-0.161921306494061,-0.0798320934072023
"15702",-2.59265894734454,-0.20724007083272,0.0450073826311085
"15703",-2.6661438672382,-0.177678944015841,-0.12581549059807
"15704",-2.66288003384495,-0.181139445665145,-0.168617695996661
"15705",-2.67130619773084,-0.182434839935853,-0.164934757347893
"15706",-2.65372038907393,-0.174268744593338,-0.123443227324133
"15707",-2.64782774188257,-0.171799872648601,-0.115286348226985
"15708",-2.64776412165651,-0.175666305938459,-0.175587986366602
"15709",-2.56129580081916,-0.239311832161681,0.134050930410857
"15710",-2.59564276855262,-0.23887385912878,0.143432431557431
"15711",-2.65691855048493,-0.24313801107214,0.149410794015447
"15712",-2.67009800768971,-0.241951909648486,0.154156478982415
"15713",-2.68787023010587,-0.248817529157721,0.140115429309009
"15714",-2.75915819177823,-0.175192488426417,-0.0894062733043172
"15715",-2.71955311096232,-0.180397271007179,-0.180282798227083
"15716",-2.72040611616566,-0.179055374489171,-0.182015671482865
"15717",-2.76431332690561,-0.172699710567525,-0.198167696741666
"15718",-2.74987003107328,-0.180121472008754,-0.119176842023887
"15719",-2.66738996602878,-0.230155426869641,0.054706395246969
"15720",-2.6319010666661,-0.222876351629714,0.0762574999895549
"15721",-2.65624017923904,-0.178290499585869,-0.0322732747897074
"15722",-2.64468965214652,-0.171242246899321,-0.105765195776876
"15723",-2.64872839252434,-0.163089972462844,-0.0808158644953292
"15724",-2.68072339826384,-0.173864242831607,-0.107426390896341
"15725",-2.69135850722026,-0.166606296030002,-0.0810970621259246
"15726",-2.64669120253955,-0.183444182858329,-0.0126403793082833
"15727",-2.64925606703158,-0.197450909603494,0.0121609819152109
"15728",-2.68404718191407,-0.202277213046485,-0.00561727655459128
"15729",-2.63678328360926,-0.247143985362456,0.129956646834072
"15730",-2.72506290029,-0.170463125008927,-0.0782688811875712
"15731",-2.71462302666164,-0.175346112445881,-0.083422985684907
"15732",-2.69650770413844,-0.207306898566319,0.024852059493163
"15733",-2.69901862137072,-0.181436808471689,-0.140969518170199
"15734",-2.70452375808393,-0.174781549728707,-0.189054105222922
"15735",-2.74163076409038,-0.176666470761486,-0.19020435124397
"15736",-2.71834776872491,-0.181974915891653,-0.174647832765699
"15737",-2.66517083886978,-0.204608909346684,0.0161708223385181
"15738",-2.62877733768294,-0.212153244046716,0.0380425226106588
"15739",-2.6017560567458,-0.198991517207607,0.0325131110265327
"15740",-2.57007115201935,-0.193880190052057,0.034777155583024
"15741",-2.58741820828896,-0.189209647225259,0.00444168613462794
"15742",-2.59201235582618,-0.169501461903291,-0.115892705742825
"15743",-2.5979654184178,-0.16971355225795,-0.1768875165765
"15744",-2.61673171684389,-0.169416990361272,-0.180235533635956
"15745",-2.6403751414037,-0.168293970260399,-0.10317147882102
"15746",-2.63583702189801,-0.160844755724486,-0.0641512715804131
"15747",-2.58988858112954,-0.222594980461913,0.0961192860846948
"15748",-2.62317028853845,-0.237264436152632,0.101004116305645
"15749",-2.60389401109488,-0.196528151192561,0.0310977241715134
"15750",-2.56147131752964,-0.159820359126637,-0.088635540479669
"15751",-2.52756319062376,-0.162805161182126,-0.176463257528046
"15752",-2.58775655874441,-0.152405606654077,-0.189241755911587
"15753",-2.56691703607192,-0.1419012621439,-0.201351686935204
"15754",-2.51536257647927,-0.15810232146473,-0.181277855827716
"15755",-2.51575270239825,-0.155654111036223,-0.181320883627355
"15756",-2.46356102687142,-0.158308197944549,-0.175053300637749
"15757",-2.52547499488329,-0.165798920021919,-0.133800304389152
"15758",-2.55999227639508,-0.170353667669381,-0.158529795714955
"15759",-2.58667841950354,-0.168639479485994,-0.172560327863126
"15760",-2.55795866530218,-0.205962571163965,0.0630325180922095
"15761",-2.54832843903956,-0.236515377609251,0.138539807892474
"15762",-2.6057345161466,-0.240992341142636,0.0902859323424202
"15763",-2.65104484283966,-0.200235784527183,0.0180305459896688
"15764",-2.59570929469375,-0.189841590783068,0.0125075439699239
"15765",-2.52602784371292,-0.21248505704452,0.0807006517274457
"15766",-2.48314971204806,-0.229352591622949,0.136996829884437
"15767",-2.52850599407264,-0.231836596093028,0.145042068578416
"15768",-2.59504214995083,-0.238962730569886,0.144176517522016
"15769",-2.6417491967651,-0.244168962159843,0.138724304283805
"15770",-2.7145515686965,-0.209071851422588,0.0259588668086301
"15771",-2.68261375273094,-0.219471226828617,0.0458851772315265
"15772",-2.64727573875534,-0.196486484003227,0.0165684419307221
"15773",-2.63455329366953,-0.209845632948896,0.0378412949624105
"15774",-2.66241130047877,-0.174440415186202,-0.106563507902083
"15775",-2.72243210942949,-0.174118203658063,-0.101246260313227
"15776",-2.73183051840265,-0.181996693118048,-0.0482084615927035
"15777",-2.67473164218211,-0.218592144844598,0.0492561013129032
"15778",-2.65970261527405,-0.247491303673935,0.137395208476274
"15779",-2.66731904699312,-0.203454169916667,0.0227635751212201
"15780",-2.5851906906086,-0.24298467822024,0.104385237411819
"15781",-2.56844614722717,-0.192269037603038,0.0332256870249341
"15782",-2.66750849512534,-0.176352904588078,-0.17611996772925
"15783",-2.70838160717506,-0.17040213259275,-0.193188329986577
"15784",-2.66919516451838,-0.176405678923617,-0.178317908856164
"15785",-2.65282285638804,-0.175754818623407,-0.175041458198647
"15786",-2.67517197782083,-0.172963024216435,-0.184636420349944
"15787",-2.69308717466424,-0.163716249803969,-0.198988222991387
"15788",-2.68651544586829,-0.162424884056665,-0.198045334699042
"15789",-2.66681556659772,-0.166523130458482,-0.190482728121688
"15790",-2.62750072958838,-0.171245513061671,-0.120733703264333
"15791",-2.60332642924862,-0.16045120080323,-0.0684203607772091
"15792",-2.59920838772683,-0.189500514434957,0.00318730929376567
"15793",-2.56276521332942,-0.201178108441874,0.0484939236449906
"15794",-2.56832884399943,-0.165779936433806,-0.0445345733103936
"15795",-2.54605189659385,-0.193614677194282,0.0311744514337515
"15796",-2.60431324192905,-0.180452221562344,-0.0211982906640165
"15797",-2.62203483749819,-0.182172358404646,-0.0198054135566727
"15798",-2.63914558306154,-0.170197813967338,-0.100186537734608
"15799",-2.62526967188768,-0.160036232151493,-0.0776367106061215
"15800",-2.6114398981745,-0.176299806617629,-0.16791320525919
"15801",-2.59704315910488,-0.165259513009268,-0.0973933144163061
"15802",-2.59614539740255,-0.177581582903055,-0.0206091856956252
"15803",-2.58415023809286,-0.193315982336102,0.0125586717760569
"15804",-2.60898492575572,-0.174972438025297,-0.172725622849026
"15805",-2.62294365639292,-0.166147045031791,-0.0492373307741009
"15806",-2.59770129020039,-0.159170553385841,-0.0745080674932766
"15807",-2.62192521117245,-0.161081506336232,-0.0784862526389475
"15808",-2.62907891883898,-0.20467404152922,0.0403585794741723
"15809",-2.64211503903785,-0.233046475635266,0.0764828626866906
"15810",-2.62310093173401,-0.248180409408644,0.120484102873263
"15811",-2.52830729537959,-0.193430514657065,0.0289057332775658
"15812",-2.55044653073806,-0.194905738746124,0.0283212554427109
"15813",-2.54130917699114,-0.213239361201458,0.0680325052210673
"15814",-2.52839577946391,-0.21966478427419,0.0875223846590769
"15815",-2.48030132731385,-0.227708710682962,0.137710161418873
"15816",-2.52140710925243,-0.225396944811662,0.0914457571884833
"15817",-2.55852975814483,-0.20522461943609,0.0629964075690156
"15818",-2.58209501613147,-0.202743850283982,0.0429426789830378
"15819",-2.58713384285837,-0.221413005249252,0.0614217170234578
"15820",-2.58479811759597,-0.198769885255072,0.025190667403119
"15821",-2.59114105448681,-0.161541781989728,-0.0762763383310461
"15822",-2.56156661483176,-0.196560504913509,0.0228622949006554
"15823",-2.57624386131319,-0.167468285398056,-0.111862322925618
"15824",-2.62090355195779,-0.17574625989765,-0.146640235268447
"15825",-2.59631361095968,-0.19137216680777,0.00529012577917459
"15826",-2.63520484669059,-0.171118155861507,-0.178985792970935
"15827",-2.59417825620948,-0.161950745264906,-0.189681430841342
"15828",-2.54362490248298,-0.158443502636196,-0.185033803028326
"15829",-2.50782898096605,-0.160168331489613,-0.180277872061218
"15830",-2.53362991648832,-0.169057827027151,-0.160997433668053
"15831",-2.53111003502116,-0.164430500568832,-0.117958926676306
"15832",-2.57520897979572,-0.15543618917456,-0.0632218052084923
"15833",-2.56408007789492,-0.23421551000459,0.148625111904977
"15834",-2.49177231835918,-0.224838541053757,0.166286620850077
"15835",-2.45347349081272,-0.214514333116828,0.0946222409351513
"15836",-2.48916543222238,-0.185303224058596,0.01721201442725
"15837",-2.50027070833708,-0.160725110665342,-0.174059568743192
"15838",-2.53522141932713,-0.160711426270018,-0.180491353248232
"15839",-2.59901186541266,-0.154081432825898,-0.193188855881539
"15840",-2.60605922061397,-0.16835563149539,-0.17851351136046
"15841",-2.60161153133936,-0.159286976575763,-0.0424334389334129
"15842",-2.58524881322094,-0.224413846015692,0.0877599288286159
"15843",-2.55066864319737,-0.239719494470881,0.12571653747013
"15844",-2.54230961077983,-0.194351931954391,0.0263435635935179
"15845",-2.55401153556369,-0.157224841143584,-0.0728388247534039
"15846",-2.57113227616539,-0.158771211865541,-0.0741381254227099
"15847",-2.60931275074912,-0.198312242347388,0.0243128976210602
"15848",-2.62569229209319,-0.20567418285788,0.0411660415790636
"15849",-2.64772351446342,-0.184151677711896,-0.0207616091416189
"15850",-2.69221913878063,-0.173030495169458,-0.184266508036718
"15851",-2.65254666906293,-0.156634056583216,-0.203537749071802
"15852",-2.61269789274618,-0.167648251249693,-0.184292161369825
"15853",-2.62571366571014,-0.160795011296894,-0.0784775247454499
"15854",-2.60923700723636,-0.194331097585973,0.0114953826737474
"15855",-2.58184234880154,-0.218904751660438,0.0759131247815266
"15856",-2.59552235189499,-0.206135875562075,0.0367141564250316
"15857",-2.6351311286232,-0.174639662675448,-0.0411296398396644
"15858",-2.6254719442203,-0.201867222649458,0.0242068063728796
"15859",-2.56136946754235,-0.238379499128056,0.136558432247941
"15860",-2.618036185107,-0.197227256690577,0.0162396474351061
"15861",-2.64411495466209,-0.177858080454027,-0.1713330704376
"15862",-2.61950657632592,-0.199661337932453,0.0203989406956908
"15863",-2.59676553492545,-0.198314149968332,0.027750809543059
"15864",-2.56491176525506,-0.205914297415412,0.0639447756597357
"15865",-2.61608135875303,-0.16496371737414,-0.078600512990171
"15866",-2.58821217459573,-0.166165392644078,-0.0410673955025922
"15867",-2.557909562732,-0.236439154680857,0.0968143119993158
"15868",-2.58694696809505,-0.228568491165781,0.0735898420125272
"15869",-2.55174616015402,-0.237503401632527,0.100922728727933
"15870",-2.5788922105322,-0.196830802291052,0.0233596653002181
"15871",-2.63103910151456,-0.17441922678741,-0.151339023488359
"15872",-2.62628524123602,-0.171980376971469,-0.18032209200182
"15873",-2.63681468824698,-0.166584390814909,-0.189337913931147
"15874",-2.61601829614224,-0.161964251685459,-0.086495833806209
"15875",-2.6082131790469,-0.170282860296484,-0.109658950887156
"15876",-2.58813265313925,-0.158784382480147,-0.0757639554993298
"15877",-2.55927985668446,-0.156349213496554,-0.0725406938250292
"15878",-2.51778696703591,-0.199880449633338,0.0690903080341933
"15879",-2.58308494603464,-0.206205410983611,0.0652177895357824
"15880",-2.6415999241725,-0.202000550686922,0.026344326404668
"15881",-2.68615223139339,-0.200669986785507,0.00771981254256129
"15882",-2.71532207907305,-0.173534450405682,-0.07351313927768
"15883",-2.63210908046947,-0.225817669190471,0.0549212062121378
"15884",-2.60216049071266,-0.156736248656375,-0.069331834000177
"15885",-2.59605838590976,-0.153237895058602,-0.0692314647761682
"15886",-2.63166666133745,-0.176299450916518,-0.155539423208924
"15887",-2.6772412167685,-0.176546510245038,-0.18106451945806
"15888",-2.70493762061376,-0.166245666391931,-0.0760539538365924
"15889",-2.58975539394814,-0.240756679776252,0.136112779543059
"15890",-2.61205554314837,-0.236974525040022,0.148590514242424
"15891",-2.62430899748478,-0.244964160993598,0.133992038030484
"15892",-2.648898800913,-0.208664774416886,0.0258596722729586
"15893",-2.66128707137758,-0.178711332805714,-0.174540920477781
"15894",-2.66367575412983,-0.17340671137079,-0.113907213418604
"15895",-2.70746701973382,-0.168400896279048,-0.0820352709657177
"15896",-2.70532241500921,-0.182745240554447,-0.139216735377368
"15897",-2.65032190369968,-0.163845434231447,-0.0778686656761327
"15898",-2.59461347199298,-0.242123925267874,0.131846721619344
"15899",-2.64621816371345,-0.194806998166629,0.0157269311610026
"15900",-2.69781812736033,-0.167730332501703,-0.0646023964920634
"15901",-2.70314137617449,-0.166851461379521,-0.0766019183614369
"15902",-2.67583729303901,-0.239877569991513,0.0926063200813083
"15903",-2.62024317082747,-0.242335573602414,0.139841929530866
"15904",-2.5934460363647,-0.230872825033494,0.159012255525321
"15905",-2.61209896245342,-0.243522689991231,0.134881013533253
"15906",-2.63115691862215,-0.247181296956656,0.129659988129635
"15907",-2.60884196419399,-0.243565233567567,0.134576330989639
"15908",-2.60053268869834,-0.243165150220099,0.129107411756531
"15909",-2.68121631700459,-0.245538048760425,0.0784004345453927
"15910",-2.78917261793453,-0.180666728387134,-0.0849723727308446
"15911",-2.79366544021692,-0.189971447827589,-0.170972491940959
"15912",-2.73931444509671,-0.180904373905194,-0.180472710222478
"15913",-2.47226935915178,-0.162501576793058,-0.151715424053881
"15914",-2.46886163728511,-0.158184295431123,-0.118775826101454
"15915",-2.46222831854683,-0.170363820185756,-0.00730014803118388
"15916",-2.44198757286249,-0.197515428592234,0.0642599067791678
"15917",-2.44889039000969,-0.19831416528088,0.0657153160967672
"15918",-2.5142046157934,-0.187713182328353,0.0265304338957748
"15919",-2.56323835075722,-0.177430227096865,-0.0140524411295733
"15920",-2.5952222235226,-0.162436106474967,-0.0866048055030085
"15921",-2.64552473698509,-0.16203304074239,-0.079334526283486
"15922",-2.57761107402881,-0.218323191973051,0.0685216585499581
"15923",-2.55218661162847,-0.239051050667356,0.130326445026789
"15924",-2.60289902586697,-0.198960571641961,0.0200120865458549
"15925",-2.53982846644734,-0.200548077500918,0.0614551647450697
"15926",-2.48816148792216,-0.196504571706806,0.0607005207964197
"15927",-2.52711306904412,-0.161135536467843,-0.0379915267486054
"15928",-2.47197920257099,-0.231695462773421,0.127904342262187
"15929",-2.53458415169605,-0.194422851204036,0.0275337371026288
"15930",-2.52022554405599,-0.188600275331254,0.0337679024012908
"15931",-2.58346579393965,-0.156817756723884,-0.0647644200527552
"15932",-2.62214013148595,-0.174011572432271,-0.173216081504203
"15933",-2.62382525696768,-0.173580875346695,-0.178034023054111
"15934",-2.61675375655587,-0.1706270373257,-0.180733749879826
"15935",-2.58635939866511,-0.155361258633847,-0.0557666378331914
"15936",-2.58345484418897,-0.215509556428818,0.079651923741013
"15937",-2.57027864192947,-0.240569838825133,0.126487050896067
"15938",-2.54411732575858,-0.230137956916225,0.162664641834799
"15939",-2.57256701133708,-0.235281700537346,0.143487097996622
"15940",-2.68234573005683,-0.21082046926905,0.0272402675839308
"15941",-2.72893539550547,-0.176490794765118,-0.112217088081366
"15942",-2.72005013273506,-0.182807139350011,-0.170365979657773
"15943",-2.6718145716623,-0.169635026183193,-0.098370733213812
"15944",-2.61436653846889,-0.186642325425204,0.00614765688717618
"15945",-2.59375039235028,-0.24313134131392,0.131090939572931
"15946",-2.61255522633036,-0.243412946413863,0.135719936363986
"15947",-2.60394471368665,-0.24118773882547,0.135369222341055
"15948",-2.60966512024836,-0.243692241234413,0.132618915615285
"15949",-2.59101292794539,-0.239188437972154,0.132197032477779
"15950",-2.612737313231,-0.239964107355622,0.143728449566015
"15951",-2.66601675637826,-0.248373965553521,0.134272120298169
"15952",-2.6781135766102,-0.248854357489088,0.136233698817818
"15953",-2.71492517166598,-0.216767264865438,0.0386543798556818
"15954",-2.6807095603222,-0.213813342804496,0.038926992963844
"15955",-2.71377283561223,-0.175262533726798,-0.091224939423335
"15956",-2.72936732498039,-0.176826835563162,-0.188696332650589
"15957",-2.70438877846559,-0.175033279545839,-0.189032629115155
"15958",-2.67396518982991,-0.180912310536076,-0.151669099743526
"15959",-2.57478900396704,-0.192228474852209,0.0312983924594502
"15960",-2.52904969983624,-0.229576448787816,0.143718132629276
"15961",-2.56253717385224,-0.239609762977314,0.133639922372305
"15962",-2.62692180727054,-0.228035434003848,0.0792214463028604
"15963",-2.6026268635279,-0.242605647419806,0.13585190255565
"15964",-2.45304953326745,-0.149318563190558,-0.0648969247961571
"15965",-2.45728547649082,-0.19713127270432,0.0660354253821901
"15966",-2.46842555221647,-0.199785193547324,0.0596731260263674
"15967",-2.45637382645612,-0.231937478655664,0.131817741459553
"15968",-2.44987099440937,-0.22460349437573,0.139659705412614
"15969",-2.48167019084796,-0.229110005247825,0.137167292798039
"15970",-2.53550757383442,-0.218584361279555,0.0520784114889713
"15971",-2.54644346568946,-0.175202873977427,-0.0213412973297757
"15972",-2.51591412379872,-0.145818139795838,-0.0723237069039252
"15973",-2.50012749925775,-0.160945660573056,-0.173250163467587
"15974",-2.51069089691009,-0.163002849683785,-0.173712615958667
"15975",-2.5344109820737,-0.163200303380067,-0.11211800473927
"15976",-2.57175900358993,-0.154821271289512,-0.062288066309616
"15977",-2.49086938958542,-0.229344304553628,0.153454182194197
"15978",-2.42729842234001,-0.212951917978646,0.173915428940096
"15979",-2.45234431529943,-0.227872313131334,0.132990176311173
"15980",-2.45069437595629,-0.190925156313216,0.0394319617357161
"15981",-2.48636253087984,-0.147103413712773,-0.0487974615090617
"15982",-2.49556726481676,-0.157306177601888,-0.179557909146092
"15983",-2.48972071818096,-0.161816334794804,-0.170820052999071
"15984",-2.50851517273502,-0.152763203123121,-0.0673084242661917
"15985",-2.52586244431835,-0.187199443056412,0.00891280723029876
"15986",-2.41225713997368,-0.21970690173968,0.16140118927404
"15987",-2.41432185169978,-0.223446871649472,0.132123671704286
"15988",-2.43791480364802,-0.225633971170117,0.127285988937177
"15989",-2.46149901227112,-0.18748048382438,0.0269208191267318
"15990",-2.51873527473807,-0.168281452692983,-0.157374286462798
"15991",-2.51667534819391,-0.159058042269572,-0.093904673363594
"15992",-2.47739297317782,-0.198124194370236,0.070965864732029
"15993",-2.48077946645198,-0.230649255281142,0.132187876940963
"15994",-2.47706784282082,-0.22857607226425,0.136339977500258
"15995",-2.5009893112304,-0.190955828123607,0.0272265502421378
"15996",-2.49602624153268,-0.190661089172725,0.0272014587507335
"15997",-2.51693221019774,-0.184083710102877,0.00622397730277387
"15998",-2.54927286146699,-0.15914273657837,-0.0954089110270294
"15999",-2.58209328108938,-0.163220211266237,-0.18546013132485
"16000",-2.58179078053982,-0.170270403090085,-0.171125064373922
"16001",-2.54781705301103,-0.156434441666124,-0.0674181397137731
"16002",-2.54574126526237,-0.156319740488987,-0.069311552538505
"16003",-2.52948304106279,-0.187100956645614,0.00699656810373062
"16004",-2.50495077526994,-0.17646942014471,-0.00436741456889472
"16005",-2.47994171525747,-0.216560392190999,0.0920597361352637
"16006",-2.46220528508913,-0.221921031993934,0.14454780468499
"16007",-2.48123448618283,-0.223963575168247,0.143307049859473
"16008",-2.51385790974204,-0.239290119884718,0.114135711893734
"16009",-2.54150982465281,-0.187050875620632,0.0207657401789875
"16010",-2.63481455952626,-0.161066952915274,-0.194566783785447
"16011",-2.62186571051903,-0.166560171201647,-0.185722024149902
"16012",-2.59747133691444,-0.172526048363786,-0.138438628358991
"16013",-2.56068857812617,-0.156465645971951,-0.0678034162733833
"16014",-2.55136929977574,-0.155409001150819,-0.0671298332730002
"16015",-2.50129197358511,-0.189664977985182,0.0222299358244673
"16016",-2.51145200053663,-0.145988487577059,-0.0737340888996055
"16017",-2.50922211331634,-0.162910751196256,-0.121634734641376
"16018",-2.54446479314859,-0.168347841132351,-0.135895161470556
"16019",-2.55654214507627,-0.15673208887435,-0.0673881164285682
"16020",-2.55938229320944,-0.166391386967409,-0.109714293057234
"16021",-2.52953662045851,-0.154592986842223,-0.0725387868525703
"16022",-2.47615247816099,-0.221230591119033,0.0938528141605848
"16023",-2.42835689702529,-0.223761676202631,0.138814987724129
"16024",-2.45134341588739,-0.231589290874855,0.120069206490564
"16025",-2.5455079062255,-0.174761901941206,-0.0196962384630668
"16026",-2.58874922874339,-0.170890979809837,-0.173848029562804
"16027",-2.61454482628784,-0.169180036956699,-0.177428623637038
"16028",-2.60387231144618,-0.166626403815236,-0.109398478736753
"16029",-2.56596049717296,-0.157486699150973,-0.075912553869651
"16030",-2.48889591693404,-0.229634089561701,0.13553182189666
"16031",-2.474891539348,-0.214571119617718,0.172186469206908
"16032",-2.49961469277586,-0.232833229520018,0.136054654006798
"16033",-2.51878404970052,-0.189526980003085,0.0323933005971757
"16034",-2.5295798831801,-0.160298032781843,-0.0420203761901336
"16035",-2.54415933657617,-0.164090076095892,-0.125079266310485
"16036",-2.56646644642498,-0.157937809167731,-0.0724445571268794
"16037",-2.56815062481277,-0.190850155777114,0.0107790060038518
"16038",-2.57692776079837,-0.197365305424847,0.0218842415206218
"16039",-2.60831535528145,-0.161002491603948,-0.0761194725668381
"16040",-2.57483016913729,-0.158031844284295,-0.0630982729991463
"16041",-2.54827891492413,-0.165889989510877,-0.119498531407764
"16042",-2.4701265231101,-0.177608785862062,0.00295603243158084
"16043",-2.43034387104308,-0.155189662656109,-0.041624209159531
"16044",-2.42062919098745,-0.157050670758162,-0.0304076638723969
"16045",-2.47160956612305,-0.157044923681223,-0.0446206091084484
"16046",-2.45297537774425,-0.19834435436552,0.0657596473443074
"16047",-2.47409282685716,-0.187007314678742,0.0287224654461093
"16048",-2.53480724754935,-0.162079394512154,-0.0948246956029685
"16049",-2.55294059751927,-0.16804110389382,-0.175053045542439
"16050",-2.53194796709477,-0.153104198583636,-0.0678637222440803
"16051",-2.48204468976673,-0.20108258110612,0.0606329571341116
"16052",-2.45557743828559,-0.197636318302759,0.0616018770824691
"16053",-2.4925329400263,-0.168991621487423,-0.0140316619611591
"16054",-2.46013628147965,-0.186666443134712,0.0260789013507916
"16055",-2.51446730705962,-0.159873779364448,-0.0997318754036072
"16056",-2.52472733366931,-0.160046219571206,-0.09730729302239
"16057",-2.52735928604303,-0.154298575845673,-0.072488866293215
"16058",-2.49211664222744,-0.151118345338051,-0.0477141124206265
"16059",-2.44798005507171,-0.196290393699552,0.0553344398188522
"16060",-2.45950407927567,-0.185549929937752,0.0288962556411365
"16061",-2.52498545545218,-0.157961895318884,-0.0792899008462897
"16062",-2.57867175339697,-0.157818644834596,-0.072287727635272
"16063",-2.52677083551491,-0.238339772427013,0.124833752564912
"16064",-2.51698627920169,-0.2001175473127,0.0435182226509065
"16065",-2.44430998166251,-0.22821326568841,0.13139965845784
"16066",-2.50585087230665,-0.237030071648459,0.130940645874997
"16067",-2.51452013644247,-0.22931501894733,0.144532464336518
"16068",-2.52588855759196,-0.236569596204841,0.130492726438457
"16069",-2.55977108761173,-0.220103898427426,0.0639677472528311
"16070",-2.61364626046799,-0.170900009569985,-0.11214381243366
"16071",-2.60804249120698,-0.172183983298668,-0.176314640759005
"16072",-2.59055153618187,-0.159299736326621,-0.0723634068469583
"16073",-2.49519624332176,-0.232594582191333,0.133971004576142
"16074",-2.46295204702719,-0.2291125684006,0.138471875103202
"16075",-2.51126208124787,-0.189291610884738,0.0309219385833074
"16076",-2.55518225764716,-0.169101270490988,-0.15913557827107
"16077",-2.57063470171236,-0.16564543542465,-0.177101561775237
"16078",-2.56557408034879,-0.164679664905806,-0.183731433566753
"16079",-2.56302789930032,-0.165085581794291,-0.175143466398625
"16080",-2.51237657310141,-0.152107069774867,-0.0649397793136645
"16081",-2.46522452666527,-0.192936663601932,0.0441289143954778
"16082",-2.44171061345902,-0.189914294158339,0.0698931685295465
"16083",-2.38843125180315,-0.213889040882246,0.159090967801719
"16084",-2.44067667024838,-0.226432413325698,0.133050951507839
"16085",-2.45600297040536,-0.197362087650719,0.0548084986906153
"16086",-2.45763202292278,-0.186147840997305,0.0268861543923595
"16087",-2.48784425280855,-0.159973963111255,-0.114142365869549
"16088",-2.48936704783422,-0.161906937591261,-0.169881930368207
"16089",-2.46559673899402,-0.162553750488317,-0.166836223279586
"16090",-2.47781660120848,-0.162442215340385,-0.167128271554462
"16091",-2.50544213803222,-0.162131203081741,-0.117381884750925
"16092",-2.51596365667525,-0.168210302930213,-0.161792386372822
"16093",-2.47544362543395,-0.156034851342688,-0.0865256302791329
"16094",-2.47842055690067,-0.166307844582749,-0.0258577483774712
"16095",-2.46691245722519,-0.183418623153705,0.0147994636905218
"16096",-2.52312256644424,-0.159750220350773,-0.0914335042655865
"16097",-2.54420581674981,-0.154459974410633,-0.0727972431775811
"16098",-2.53849378158992,-0.194990104650811,0.0242570668633477
"16099",-2.53790962683439,-0.15489776971773,-0.0730554623012366
"16100",-2.51632212529806,-0.191892221628944,0.0252373355898326
"16101",-2.57427013634346,-0.170326787077912,-0.146156578096503
"16102",-2.56226189334558,-0.161169309250702,-0.177046484436688
"16103",-2.5540361075418,-0.144921844005652,-0.197936118181487
"16104",-2.51280509071484,-0.152237413792649,-0.188523943299759
"16105",-2.49535225190059,-0.155539365718758,-0.178164555128625
"16106",-2.46174694807887,-0.147770601976926,-0.0414907746462874
"16107",-2.39937565337076,-0.189354152682511,0.0739619618930131
"16108",-2.43673474742336,-0.194764623370958,0.0669287721832201
"16109",-2.47245125551817,-0.202096154605669,0.0576883221920965
"16110",-2.49137634503377,-0.20099766574496,0.0583071546649382
"16111",-2.49459376020336,-0.187726006511304,0.0167009503032711
"16112",-2.48783268420147,-0.18815974345644,0.0292290628459949
"16113",-2.51148414529076,-0.161992109132504,-0.123201468288793
"16114",-2.51707866581351,-0.156022491143857,-0.0983252638760459
"16115",-2.5125570394421,-0.165491014611717,-0.170067316438321
"16116",-2.52692917802342,-0.169230529172413,-0.135061052080519
"16117",-2.55050706342183,-0.193239324874364,0.0301144392198714
"16118",-2.53108869625171,-0.195863342530059,0.0284771769093378
"16119",-2.55081048517333,-0.166819302668967,-0.141404109381973
"16120",-2.53687631061274,-0.160770016302268,-0.180268325919585
"16121",-2.56149586459667,-0.155043069790004,-0.192922700108458
"16122",-2.59659155701751,-0.162337020981761,-0.186544496640053
"16123",-2.63353923656114,-0.160727529478255,-0.0763838213568651
"16124",-2.6271676100627,-0.205303843765502,0.0247695071659871
"16125",-2.55404993513329,-0.237037738597689,0.136970285209017
"16126",-2.5635586936974,-0.176797039473956,-0.00504630857215173
"16127",-2.55267969392376,-0.18157159688151,0.00484505982212497
"16128",-2.55086040434082,-0.188862813012289,0.0184084838263181
"16129",-2.56934864206591,-0.194297283192645,0.0288250555978583
"16130",-2.59517327805237,-0.167699902140167,-0.111139960271846
"16131",-2.57121526826191,-0.158457068327283,-0.0821387504150665
"16132",-2.52205110558061,-0.175550813005755,-0.00180824751853314
"16133",-2.4660565268402,-0.192801654735371,0.0422736599649677
"16134",-2.41620024142154,-0.189814125943966,0.0743619181880807
"16135",-2.49528800558794,-0.168954188655729,-0.0173944917434323
"16136",-2.5143388043626,-0.202451150789551,0.0603638530228073
"16137",-2.52752344689305,-0.154463127800594,-0.0709700336945245
"16138",-2.47565988497148,-0.16076743659328,-0.0311292836316755
"16139",-2.43987535728607,-0.156941791865917,-0.109861001740168
"16140",-2.4283551978153,-0.15395024834481,-0.0411291267194599
"16141",-2.43012628694206,-0.152661320242285,-0.0372402124704426
"16142",-2.42352114908583,-0.188736300561933,0.0297973890680822
"16143",-2.41674154643365,-0.193260787881441,0.0552507524121252
"16144",-2.46553408947661,-0.190492824104604,0.0436781310376624
"16145",-2.5019059866521,-0.238545294121334,0.123702816390012
"16146",-2.50608056220557,-0.228154827303398,0.142610973805068
"16147",-2.4828824779249,-0.228150003522549,0.1597404572631
"16148",-2.44442337408022,-0.218925323700997,0.148525677686532
"16149",-2.4409798548817,-0.223636832676439,0.140851155760759
"16150",-2.53825059260254,-0.195393072655485,0.0339615417661782
"16151",-2.58788388186934,-0.166514404310714,-0.126779194630197
"16152",-2.58212281611025,-0.157341123291996,-0.0747155063824449
"16153",-2.56917444737814,-0.158004153154742,-0.0701336976133456
"16154",-2.59904503659746,-0.160474841600673,-0.0761430050831513
"16155",-2.61025391168645,-0.164410788528376,-0.091869753540686
"16156",-2.5678604240233,-0.154169760720651,-0.0678333122738347
"16157",-2.52708264686784,-0.181374666293074,0.00468791321124778
"16158",-2.53754441539343,-0.16536528401381,-0.140333339787823
"16159",-2.53471912842894,-0.164026800082189,-0.110677271324035
"16160",-2.57957505886414,-0.168072123796853,-0.120908924237316
"16161",-2.55199960418738,-0.176893862915261,-0.0111039581742964
"16162",-2.51925059306086,-0.20245108256437,0.0594041643459972
"16163",-2.43230335118912,-0.226493770144485,0.134717171154145
"16164",-2.47343722007662,-0.190065344994431,0.0322160982325388
"16165",-2.53775914529415,-0.166821013326516,-0.171588925162684
"16166",-2.56738051795133,-0.17148867797642,-0.1683953018005
"16167",-2.57924200466714,-0.170750667912882,-0.167597061343084
"16168",-2.47629042555468,-0.147708843966635,-0.0585842413772205
"16169",-2.50081629845781,-0.159352180327767,-0.125640993346807
"16170",-2.51250432612533,-0.167429790739757,-0.140642115466955
"16171",-2.49963391011744,-0.16040008918899,-0.123260891428464
"16172",-2.52467973439666,-0.154611703738179,-0.0708121310882092
"16173",-2.53461180215874,-0.194104598692431,0.0251368040498731
"16174",-2.54074235818702,-0.188805189899455,0.0156112864576195
"16175",-2.52596773636332,-0.165114068876779,-0.165452984929673
"16176",-2.48570580170726,-0.159720006930862,-0.175448239409039
"16177",-2.44802038249126,-0.155209903162079,-0.106007565330381
"16178",-2.44529664635657,-0.183326268541926,0.0220587506696446
"16179",-2.48825080351235,-0.148354290739325,-0.0664524404526588
"16180",-2.49164703056061,-0.148919535879194,-0.0508582223199401
"16181",-2.51129201678485,-0.159621713131522,-0.0447310612875587
"16182",-2.52543836213095,-0.164859278569206,-0.120538496134754
"16183",-2.5110221560902,-0.154149668130703,-0.0707376424064802
"16184",-2.48103149303419,-0.198436510052328,0.065474126369975
"16185",-2.48482265257022,-0.152148340050434,-0.0701205895018221
"16186",-2.4700089444573,-0.149817063851155,-0.0708572404965406
"16187",-2.41653051200799,-0.192017135840943,0.0475847844892582
"16188",-2.3929288681703,-0.166002479141589,-0.00158500645686843
"16189",-2.40804925685728,-0.158590816627022,-0.0248186161578759
"16190",-2.43819487641927,-0.15006122044354,-0.0889700179358167
"16191",-2.5035716980742,-0.152605983844616,-0.0778515833725347
"16192",-2.53104764019073,-0.152413255126485,-0.0597586595090761
"16193",-2.5665226493518,-0.168399488931737,-0.119983681204556
"16194",-2.56186314464882,-0.172077464753169,-0.161445768654872
"16195",-2.53290239051744,-0.165436178130117,-0.127437870168164
"16196",-2.49925271507712,-0.16801080551266,-0.0189703193282999
"16197",-2.53330339297848,-0.164491502215799,-0.174113188076837
"16198",-2.53215755700988,-0.165049399563632,-0.0305548210966588
"16199",-2.57094312594373,-0.171718012833896,-0.151905970925457
"16200",-2.63302192014684,-0.169277837662869,-0.185555179431034
"16201",-2.58714674033493,-0.167062380639317,-0.115188136236668
"16202",-2.54631800580129,-0.164186485570574,-0.124666091338802
"16203",-2.57484045543192,-0.164730076897737,-0.137332605682082
"16204",-2.60845010796804,-0.157701761505945,-0.193057379273205
"16205",-2.59849356480403,-0.157375415369323,-0.0739623628961986
"16206",-2.54554588144627,-0.199910837809991,0.0589266344283536
"16207",-2.48810479840981,-0.231532920670541,0.133289595149383
"16208",-2.51159784320045,-0.19806559758992,0.0605726122286891
"16209",-2.56481026014214,-0.171361941231343,-0.144121266807367
"16210",-2.59803711813546,-0.173070385560816,-0.171517757162862
"16211",-2.60750403957643,-0.172204266817096,-0.17487709395716
"16212",-2.5797603313709,-0.157277532091623,-0.075937233151361
"16213",-2.56224847326477,-0.168823607396034,-0.170460837766255
"16214",-2.51176116812259,-0.159638258186187,-0.121958899882389
"16215",-2.41542358018428,-0.193405172708869,0.0544696353578822
"16216",-2.45662184416816,-0.185849950164382,0.0244486125828471
"16217",-2.49107749927314,-0.167648412540374,-0.0263831904296034
"16218",-2.51344217553715,-0.156751447996558,-0.050166000144612
"16219",-2.45758823526549,-0.197311143614815,0.0560557310948702
"16220",-2.43784140486947,-0.199269214901474,0.0563254627751825
"16221",-2.43315471643786,-0.196551022788865,0.0584535863850442
"16222",-2.40360505334234,-0.221244039316833,0.117534686099254
"16223",-2.39717721653255,-0.226071760235028,0.13073287042741
"16224",-2.46379855201059,-0.199694597435933,0.0765979760212058
"16225",-2.42274797711312,-0.194097250143465,0.0651638666650748
"16226",-2.37739531590009,-0.191093623693544,0.0496923996265416
"16227",-2.39556529500889,-0.139626439708834,-0.0540121410967416
"16228",-2.37071923124103,-0.175785573216775,0.0248532962415731
"16229",-2.38968034820179,-0.138699546360199,-0.0689405883813405
"16230",-2.39961786105987,-0.157950770382552,-0.161786666456607
"16231",-2.39225880177564,-0.141038040755709,-0.073211956499237
"16232",-2.44813090201516,-0.146936661453654,-0.0698015574794368
"16233",-2.48161744231007,-0.1501621380892,-0.0263899027230696
"16234",-2.37674145997515,-0.220383535403921,0.13264954557464
"16235",-2.33906367464523,-0.214432217652679,0.133980097623756
"16236",-2.40125763486642,-0.139456322716405,-0.0440325138463908
"16237",-2.45227331964457,-0.151605774624,-0.17466510438542
"16238",-2.4500009061006,-0.155335273643513,-0.177629145156666
"16239",-2.49061937575511,-0.161856190314791,-0.174836094631919
"16240",-2.51583737298386,-0.152283654626834,-0.0771589928320942
"16241",-2.46021824357582,-0.194853233150964,0.0641656725326567
"16242",-2.42813950141402,-0.192131741166663,0.0631319212135868
"16243",-2.44617890620408,-0.17012547265982,-0.00400357762059134
"16244",-2.43907429873521,-0.15827023776271,-0.118239249722403
"16245",-2.45301857173914,-0.155089609739093,-0.126696240682097
"16246",-2.4860020186846,-0.154217596146234,-0.12202492938543
"16247",-2.47063694048949,-0.176446362456601,-0.00832999656253871
"16248",-2.42252317494404,-0.224662373759684,0.132550926976544
"16249",-2.46397464274256,-0.227902329148156,0.112445526987184
"16250",-2.42972714933805,-0.227539823551901,0.127860766326564
"16251",-2.50721286292042,-0.186942952753113,0.0158264948601794
"16252",-2.53250653077182,-0.155838853653418,-0.0695778048566833
"16253",-2.47419949596435,-0.201806433739352,0.0595358384605177
"16254",-2.44744663947913,-0.147263553672512,-0.070983682927936
"16255",-2.37961167507808,-0.174905915146518,0.0198980489179398
"16256",-2.39952962323734,-0.175686240570893,0.0169376407097174
"16257",-2.46934404621502,-0.187702240919073,0.0445192904754254
"16258",-2.48821300992261,-0.217950902592274,0.0923231971815681
"16259",-2.48688304971255,-0.2073220602027,0.0774494388066165
"16260",-2.51667620074668,-0.149301171985317,-0.0659211268321522
"16261",-2.47364186785473,-0.145873969986387,-0.0687909144009746
"16262",-2.4625267638442,-0.156277490410754,-0.115162498790467
"16263",-2.5161579871885,-0.155743807260436,-0.183971885589177
"16264",-2.524331699576,-0.148918388937961,-0.191958474941857
"16265",-2.48564849861203,-0.156437782330293,-0.139039838432972
"16266",-2.49578473878818,-0.160990827899199,-0.096526531566518
"16267",-2.47991161303592,-0.156788154626603,-0.094523242413282
"16268",-2.43133251858038,-0.158138427522937,-0.0313483277406803
"16269",-2.41658956084973,-0.190897877467537,0.036269148347393
"16270",-2.33573625568015,-0.146550340960147,-0.152127624379685
"16271",-2.40059307866507,-0.130918155025289,-0.180254851961608
"16272",-2.45144706630833,-0.136828039852495,-0.190197093288019
"16273",-2.45347414506842,-0.148900355371665,-0.140700671387263
"16274",-2.34808274601898,-0.137865382946109,-0.0657758071873986
"16275",-2.28260617879257,-0.179034896115632,0.0574828994148248
"16276",-2.28533413173831,-0.181725785569336,0.0438060758494672
"16277",-2.30131838211003,-0.154450464491068,-0.0134542971055047
"16278",-2.30303382451972,-0.1855103916662,0.0598560278703468
"16279",-2.35154241908699,-0.189668644432056,0.0629294325356608
"16280",-2.41170207130566,-0.195701824281454,0.0640084407922965
"16281",-2.35824090642253,-0.189695133899512,0.0664878928602834
"16282",-2.35452243512634,-0.174727351285258,0.0205672471510927
"16283",-2.39400272452307,-0.15144040157941,-0.173264275858039
"16284",-2.38264394523555,-0.147938912418849,-0.123880501154936
"16285",-2.3420531421313,-0.139954506850693,-0.0681121770696922
"16286",-2.37518535914798,-0.148468378978445,-0.0398491503972555
"16287",-2.37775792939882,-0.136765951428441,-0.076593759494627
"16288",-2.31844357947298,-0.187486217043906,0.0499598310932862
"16289",-2.33930698374104,-0.190296270861412,0.0554890474541755
"16290",-2.4051487811199,-0.193574288390329,0.0542786561199788
"16291",-2.49280437227728,-0.159945619137537,-0.166908879784602
"16292",-2.43573313420551,-0.142608306428787,-0.0687813702245325
"16293",-2.42191868364622,-0.145293419280912,-0.0698330339384852
"16294",-2.43613045120118,-0.153526711823012,-0.101616011944291
"16295",-2.45108559454682,-0.147813284316566,-0.0609072592018611
"16296",-2.46117019885642,-0.196507300851884,0.0576904616968271
"16297",-2.36177027930803,-0.221013339585995,0.129800028474639
"16298",-2.43302746810705,-0.182241484118234,0.0193796573769289
"16299",-2.46660297081924,-0.15733170016402,-0.119026194609159
"16300",-2.44133051915298,-0.148574364975084,-0.0677841305521839
"16301",-2.39826898325506,-0.188280137143606,0.0725433649640515
"16302",-2.37931268100816,-0.188211204644792,0.0747302918718001
"16303",-2.43182877074232,-0.191888974277681,0.0591940294904114
"16304",-2.49674972111115,-0.157880647651572,-0.112684874641335
"16305",-2.49327786759034,-0.151144884172447,-0.0715143298426836
"16306",-2.43439681938381,-0.227528680499581,0.128464153103128
"16307",-2.48350143034009,-0.195792444631833,0.0617022756637402
"16308",-2.53689448817725,-0.166141500650065,-0.0272982227367053
"16309",-2.55973247929113,-0.169966349390793,-0.149396289410371
"16310",-2.5521351359569,-0.167894958618438,-0.16903135187507
"16311",-2.5558399591381,-0.154116341945851,-0.193009709735042
"16312",-2.51351806021903,-0.154882243789113,-0.135958307377201
"16313",-2.45878161102632,-0.184863935669463,0.0528370105536119
"16314",-2.41512624467806,-0.219247321544467,0.151604718959887
"16315",-2.49219451324989,-0.228278045097383,0.111987874063525
"16316",-2.51811034000856,-0.232656885810308,0.111414431679779
"16317",-2.56132336207121,-0.170271079425226,-0.0270288708573934
"16318",-2.55074370581517,-0.200805237768718,0.0547212998147847
"16319",-2.53773525986671,-0.200747059107921,0.0485198569560062
"16320",-2.51956217561596,-0.183288722498606,0.00915698658633994
"16321",-2.37671586682059,-0.149127888142464,-0.171078399284786
"16322",-2.43150400621939,-0.156540636048099,-0.173250767448275
"16323",-2.42051512392935,-0.146248959100704,-0.0670824193578987
"16324",-2.4073097823286,-0.150471295471494,-0.0407061531658925
"16325",-2.38128230681277,-0.193572891491391,0.0559737580264982
"16326",-2.3980580757552,-0.144957030865252,-0.0686022126648383
"16327",-2.38174107594425,-0.187941577938597,0.034537618716905
"16328",-2.36670189596929,-0.187179044575954,0.0471702799208747
"16329",-2.31642333327782,-0.217903343335987,0.124721138904746
"16330",-2.39593511112242,-0.137609980290557,-0.0712073139486414
"16331",-2.38981504489946,-0.154870279086345,-0.1167716625388
"16332",-2.36808054584855,-0.173788274323724,0.0127833100447359
"16333",-2.38315346384257,-0.17673343578812,0.0120292116001509
"16334",-2.40775386377467,-0.173095799336536,0.0384286091798623
"16335",-2.3599743448299,-0.214358646831926,0.140407195454343
"16336",-2.38179949401576,-0.21786277899688,0.137867363662478
"16337",-2.39939404510463,-0.22661734636793,0.12137010191971
"16338",-2.4388130589618,-0.139328596362849,-0.0717100575796978
"16339",-2.44278077157963,-0.161554291869088,-0.157890371409944
"16340",-2.49718526819883,-0.159183628440875,-0.173773188617548
"16341",-2.49622222904592,-0.148977314563729,-0.0733866260618445
"16342",-2.49386329224692,-0.207851895858966,0.0795843329987212
"16343",-2.45089874039596,-0.221818828963147,0.141907655412878
"16344",-2.41085764678542,-0.218798860860067,0.146462525477107
"16345",-2.38238400520474,-0.216159701116146,0.102321237058863
"16346",-2.39373050912703,-0.178662778941656,0.0253367471326096
"16347",-2.47696112729353,-0.14309381430193,-0.0706751464995288
"16348",-2.51370708143781,-0.161352072556467,-0.180164740989415
"16349",-2.44530227586311,-0.152795213793747,-0.133461019709605
"16350",-2.41581191560048,-0.143261614846485,-0.076934749383867
"16351",-2.40009073078454,-0.168474619580665,-0.0108840466952327
"16352",-2.37338218564608,-0.188766331659105,0.066178561877936
"16353",-2.33444448542064,-0.18541074930947,0.064542694268521
"16354",-2.34368581395012,-0.189499099130884,0.0606691790163904
"16355",-2.37114889559239,-0.151756091357382,-0.104464483773088
"16356",-2.39905846768465,-0.148565571239409,-0.040118168677959
"16357",-2.41142438671114,-0.192145896442024,0.0711728787108063
"16358",-2.39645582436878,-0.225543094302235,0.12485745703484
"16359",-2.4619677449749,-0.214693492192122,0.0736875282260364
"16360",-2.53567129002811,-0.147933072583509,-0.0701164290278059
"16361",-2.54063788808155,-0.161679095263421,-0.128026611470888
"16362",-2.54527882214012,-0.155469169262873,-0.0734614310558002
"16363",-2.52008192828112,-0.151075718149838,-0.0546680898562417
"16364",-2.49971973021569,-0.147482278200573,-0.0603314275894112
"16365",-2.44160614968547,-0.176015709346905,0.021401126993094
"16366",-2.475217728354,-0.146385282581965,-0.0701226726622526
"16367",-2.52197400203931,-0.149049531754516,-0.0716248397329393
"16368",-2.52962155834975,-0.161063358972933,-0.111176956555343
"16369",-2.50522119576066,-0.150615677531434,-0.064372625328091
"16370",-2.39934677489424,-0.217758879344216,0.151065912132507
"16371",-2.38613177538065,-0.214151038201028,0.141146210736244
"16372",-2.40690679265845,-0.179313852635098,0.0197137691541105
"16373",-2.4036441413629,-0.150474085307974,-0.121416020201869
"16374",-2.35528469705996,-0.133873951492131,-0.0465274214626392
"16375",-2.33915703468193,-0.17377682191371,0.0198509390184587
"16376",-2.35175170957672,-0.167454505548627,0.0175620428326955
"16377",-2.36923038549388,-0.125681557576075,-0.0677676042313645
"16378",-2.33814278367872,-0.137582709710614,-0.164433001917717
"16379",-2.28111215772055,-0.14369517504185,-0.161411873996154
"16380",-2.30785473063719,-0.147504541674243,-0.164366758494971
"16381",-2.32280748521989,-0.135783857200976,-0.0923808457094089
"16382",-2.27446809693435,-0.136125758373677,-0.108236326522108
"16383",-2.2302898019778,-0.147496697020722,0.00567773419211069
"16384",-2.1412287676558,-0.192572408024854,0.0937405696537226
"16385",-2.20339396976616,-0.207278022868262,0.110520744032923
"16386",-2.27763993415676,-0.195637126328687,0.0719047197787158
"16387",-2.32934087825454,-0.187123365479207,0.0533687384084325
"16388",-2.33405476965363,-0.175961985272365,0.0171986581134187
"16389",-2.31136425018285,-0.172800075754593,0.0418654827766791
"16390",-2.35127477077313,-0.150471556994996,-0.119515393933894
"16391",-2.32811052397306,-0.172404326905827,0.0166336205408985
"16392",-2.35905355312119,-0.153893351154486,-0.00832396015535743
"16393",-2.41984693249012,-0.174485961327268,0.0377634240445482
"16394",-2.40862391306348,-0.206559051979739,0.0941398934642313
"16395",-2.33444918263364,-0.200446059396351,0.192404526526647
"16396",-2.32785064511001,-0.201881598490447,0.181642744586372
"16397",-2.30096270706314,-0.189982095975344,0.202930296509455
"16398",-2.30269534762746,-0.199298810982482,0.191307852226891
"16399",-2.29698853766959,-0.199615593770608,0.186470990740474
"16400",-2.33586560597423,-0.188549024908148,0.164767367900368
"16401",-2.41341341543556,-0.158610286113172,-0.0136117386598797
"16402",-2.43761712719049,-0.143470281614381,-0.177012446830925
"16403",-2.55751152511308,-0.119102118103459,-0.204411068378139
"16404",-2.47429495210842,-0.146747217440224,-0.187663150140645
"16405",-2.48069935125194,-0.147225279988664,-0.186787142038793
"16406",-2.41232425150633,-0.149376985792103,-0.171128909731413
"16407",-2.38187087122948,-0.147234248513702,-0.131825515270391
"16408",-2.359151441862,-0.137965972735633,-0.0765021765662461
"16409",-2.36668667484851,-0.168244119667518,-0.000661057929898475
"16410",-2.42670480910876,-0.145824935406155,-0.0649611954979868
"16411",-2.44203905053298,-0.142869221740946,-0.0636873274709881
"16412",-2.38617012095234,-0.183575409040217,0.0570840771589536
"16413",-2.31706633126618,-0.211417200149971,0.155598734704
"16414",-2.31283265106079,-0.203416738140577,0.16716130515703
"16415",-2.29563621759143,-0.211335713131015,0.13378684048896
"16416",-2.28455919936068,-0.213925585833299,0.126255462647895
"16417",-2.23474094335428,-0.197633678466359,0.139450804994308
"16418",-2.35936918096725,-0.12964511955154,-0.0668044332357714
"16419",-2.37041541751185,-0.154450085351116,-0.162757752111754
"16420",-2.39154010137485,-0.151947035570592,-0.155265530289049
"16421",-2.40097906622017,-0.15133823019831,-0.175969086494683
"16422",-2.35207803669654,-0.13578777321155,-0.0752562097811525
"16423",-2.3225236725142,-0.129207124764569,-0.164023766675985
"16424",-2.36829968586207,-0.126198611775669,-0.179213261383766
"16425",-2.42837398291563,-0.118890938510033,-0.190607200422337
"16426",-2.3945922205608,-0.138003218913824,-0.171935642733618
"16427",-2.30805880623186,-0.159869559662603,0.0463991510565413
"16428",-2.23269848095671,-0.202121485077857,0.154310843641238
"16429",-2.20126920668923,-0.185105183898712,0.193430167637976
"16430",-2.24309234991442,-0.206692012401013,0.129829251668713
"16431",-2.32156491626221,-0.219153265639492,0.126540960508413
"16432",-2.40008235119182,-0.181756472558112,0.0263529789429176
"16433",-2.37500359383827,-0.175936043801589,0.0158579593773251
"16434",-2.37984673244517,-0.162334626785449,-0.0155143270602043
"16435",-2.38260400125481,-0.145904853359186,-0.0975690040040132
"16436",-2.3338406116154,-0.135268810908509,-0.0674418304369825
"16437",-2.30505574827268,-0.134702626531688,-0.0668266680203589
"16438",-2.27439458600078,-0.12627757614596,-0.0360512346071776
"16439",-2.2801634989601,-0.17503810615344,0.0383075055870583
"16440",-2.28658120172641,-0.183929285766892,0.0667657897956445
"16441",-2.34560446450612,-0.189396017472146,0.0545039349553222
"16442",-2.37517594258416,-0.16848911369017,0.0159788607934797
"16443",-2.39629725338764,-0.145652651976349,-0.171035944625025
"16444",-2.39917613607715,-0.14437314846844,-0.166772993797294
"16445",-2.34622714281055,-0.14920306963316,-0.172863893378389
"16446",-2.32648509495309,-0.144114805483152,-0.175648158357824
"16447",-2.32476129369942,-0.144874357260853,-0.118585277859717
"16448",-2.31513962427795,-0.167929109621643,0.0135204422561148
"16449",-2.32388302182695,-0.158771023630566,0.0080960827041209
"16450",-2.33134499095363,-0.18805424818337,0.0663418428444515
"16451",-2.32234853035431,-0.186901762083913,0.0655223936212039
"16452",-2.30853900294461,-0.188755046318021,0.0780590799509869
"16453",-2.31381844857262,-0.164163796404861,0.00664654538468714
"16454",-2.31923192799099,-0.126824345056734,-0.0670170674558815
"16455",-2.38521810063051,-0.134767165335858,-0.176342136920603
"16456",-2.40040983987422,-0.155946416821716,-0.151608587743639
"16457",-2.40393473477019,-0.145142579927398,-0.126676357539414
"16458",-2.35184142821283,-0.166502496714388,0.0379181266513423
"16459",-2.26471205353637,-0.206121572598802,0.128125040153856
"16460",-2.2919373655139,-0.182974961611239,0.0776450983948464
"16461",-2.28804059931034,-0.184161128197596,0.0646776232169775
"16462",-2.32579085858157,-0.172431362128925,0.0178597319357634
"16463",-2.35455598130278,-0.135165065710741,-0.0623945420336858
"16464",-2.36397717131953,-0.14691399992336,-0.119989844481684
"16465",-2.37397992377871,-0.140481089935422,-0.0889452702804298
"16466",-2.3214375090926,-0.185892079663124,0.0488620057386196
"16467",-2.33463187074255,-0.140943414164284,-0.080321637264192
"16468",-2.29948403956751,-0.185453535847959,0.0627639349036099
"16469",-2.3248355926254,-0.186941487909306,0.0477466126744419
"16470",-2.38221561483091,-0.150095370166832,-0.0421570389257336
"16471",-2.37419107537485,-0.185869678974522,0.0460047689998395
"16472",-2.31586048352594,-0.211135426994831,0.0956997388459558
"16473",-2.30113042093186,-0.185996249688141,0.0635938801552878
"16474",-2.36802002649593,-0.130780341589259,-0.179360998109983
"16475",-2.30446069816181,-0.142545500786144,-0.148326118239065
"16476",-2.27233054492187,-0.124666269105747,-0.0518246124617772
"16477",-2.26414467436358,-0.132439296000828,-0.0687678446594454
"16478",-2.27820296735569,-0.153907627028879,0.00493294069656954
"16479",-2.30097440457589,-0.140647675952213,-0.0375196140314058
"16480",-2.27055604941888,-0.168231861362297,0.0376173629754406
"16481",-2.24606011782241,-0.180816077273226,0.0525042055887718
"16482",-2.27967236720056,-0.150041485777771,0.00495930561998309
"16483",-2.2257956022356,-0.211102911863423,0.118047669301105
"16484",-2.25579214597102,-0.212177421913959,0.125497378557602
"16485",-2.30697102102954,-0.209612663929477,0.105181047297452
"16486",-2.34327328030699,-0.141584238134713,0.0092661043027673
"16487",-2.37311739939131,-0.138453245131831,-0.143725715489394
"16488",-2.43614796749199,-0.110875305500001,-0.191400657020683
"16489",-2.37118459333549,-0.128941348767123,-0.18156009825431
"16490",-2.34715218990458,-0.14033328067981,-0.171625209201006
"16491",-2.28380521549275,-0.137113583528906,-0.10366022244259
"16492",-2.24978029334945,-0.171439629903321,0.0514579583043798
"16493",-2.21186642818473,-0.166452105186961,0.0560262510220779
"16494",-2.23165520730765,-0.152345615630491,-0.0019613510050217
"16495",-2.18728814394776,-0.117115029259465,-0.0430164607897285
"16496",-2.20707769570384,-0.116291859739944,-0.0470671009758369
"16497",-2.23428862461497,-0.116045673965052,-0.052686527568468
"16498",-2.23055998690555,-0.119784421589355,-0.0468404132915059
"16499",-2.26564407273711,-0.13563434625298,-0.168439928812273
"16500",-2.2876370269358,-0.138026606146519,-0.160788606981163
"16501",-2.29217436030761,-0.126906632232351,-0.0728597928256536
"16502",-2.26027531333939,-0.122892527226801,-0.0427292083378507
"16503",-2.17714753048351,-0.18344235148652,0.0851318468092829
"16504",-2.18809188210165,-0.164819642704832,0.0602136540454031
"16505",-2.26914445881777,-0.142275743160862,-0.0223189405225835
"16506",-2.29464243181158,-0.130452078812247,-0.0730455674815776
"16507",-2.28554555378253,-0.162030912040016,0.00914722480908807
"16508",-2.27311712267589,-0.128245453138498,-0.0646532009556598
"16509",-2.33125990116179,-0.140666672016439,-0.158820639755666
"16510",-2.34991780652939,-0.139622925369689,-0.168047405072309
"16511",-2.37116424249864,-0.136695398830807,-0.169298364646009
"16512",-2.33653352341573,-0.132725497662097,-0.175845259737375
"16513",-2.34655802939066,-0.130949255380707,-0.171115596740359
"16514",-2.28736676728795,-0.130399628395554,-0.0790592497888544
"16515",-2.25543719735145,-0.138497804849728,-0.0201687706914527
"16516",-2.21986627628327,-0.161905511754949,0.0477692910455258
"16517",-2.2657253910993,-0.169688345444867,0.0564325589984095
"16518",-2.34421193599427,-0.153069491803707,-0.0147727050340731
"16519",-2.33304306917168,-0.184202113323316,0.0444151492149061
"16520",-2.31826749199923,-0.187125055863672,0.0536066432773653
"16521",-2.33419036679609,-0.169496495001184,0.0196712660020323
"16522",-2.33881523291069,-0.134502067556808,-0.0666138890779699
"16523",-2.36677398851742,-0.146165837585126,-0.121840309979497
"16524",-2.33139447612785,-0.164252075177855,-0.000454989658233785
"16525",-2.36448900531423,-0.13925349821476,-0.0412356594750702
"16526",-2.37888229929551,-0.144938704604129,-0.00318708890820371
"16527",-2.33806113644988,-0.202267820014931,0.0856614696948797
"16528",-2.25074103230577,-0.193447133425121,0.187267231416005
"16529",-2.26556449876779,-0.205513524382891,0.132372742674779
"16530",-2.25586583602343,-0.210984712108852,0.125423287772452
"16531",-2.30904334279004,-0.131237038297483,-0.0705768386608749
"16532",-2.32728720831932,-0.147264989047702,-0.105537996975496
"16533",-2.30413209474944,-0.158584004420787,0.000994019798848798
"16534",-2.23394611704941,-0.178756267660887,0.0614505483767468
"16535",-2.23584871480139,-0.180332954572772,0.0557823772708419
"16536",-2.23981017790509,-0.165496853718743,0.0164852428544597
"16537",-2.24356369072046,-0.182209399887479,0.0547160910826785
"16538",-2.27965458183225,-0.185616387971505,0.0524934339468173
"16539",-2.35882933815628,-0.176551301964904,0.0129897161476208
"16540",-2.33664580132113,-0.189486571005019,0.0555894736522778
"16541",-2.34636345979424,-0.137995787732927,-0.0691206442302585
"16542",-2.25712584897398,-0.169581183674048,0.0524601851420717
"16543",-2.26150207264688,-0.147470916243651,-0.00901009797162514
"16544",-2.29325391385334,-0.145415584875467,-0.116457816740567
"16545",-2.31819955078251,-0.148005045258548,-0.018959149392084
"16546",-2.32176774857283,-0.187343267452193,0.0517188475170354
"16547",-2.37782202977858,-0.155073165952523,-0.0121367936528841
"16548",-2.3607122937751,-0.187656851468663,0.0568655178197143
"16549",-2.30711862607002,-0.177924454007268,0.0584903755385945
"16550",-2.34207036751511,-0.170649481868962,0.0194726709701299
"16551",-2.35627096355149,-0.131570190717291,-0.0721805810716971
"16552",-2.37724115724697,-0.139684121115638,-0.171018533482202
"16553",-2.35356753773052,-0.148742098839381,-0.126184275416433
"16554",-2.39519149058356,-0.152708967378066,-0.175442356881328
"16555",-2.35823689949041,-0.148644017064393,-0.173857125824106
"16556",-2.31014655665512,-0.133798019705994,-0.0790826878446739
"16557",-2.25614306492641,-0.175214650462449,0.0594708080811285
"16558",-2.30543220421515,-0.133640648888488,-0.0673729471771495
"16559",-2.36020664655566,-0.136908290099309,-0.0541865821472343
"16560",-2.39595101467222,-0.156104154106375,-0.0309834914614566
"16561",-2.37004802494514,-0.185296466979678,0.0672996659740981
"16562",-2.34792684299086,-0.188387034930537,0.0694594694364408
"16563",-2.4201473787406,-0.179380691054048,0.0150992059174916
"16564",-2.43132806771828,-0.151593947376341,-0.109325794559387
"16565",-2.43021439774356,-0.153713142672511,-0.174171712032683
"16566",-2.37453610184981,-0.142774602958592,-0.175452453564308
"16567",-2.27730211581944,-0.133176533990877,-0.10380068273562
"16568",-2.2475931599876,-0.17262679845876,0.0604099519064842
"16569",-2.24320875916915,-0.209063715637068,0.123012836242686
"16570",-2.24924784099886,-0.213310664446533,0.120448803890442
"16571",-2.32066834560913,-0.171932937633912,0.0220085823603264
"16572",-2.27666578578576,-0.195245584589396,0.0904655776398802
"16573",-2.2556969203009,-0.199367842873688,0.0977870345309587
"16574",-2.2663776149563,-0.203282452890964,0.0981164492330216
"16575",-2.31498065474389,-0.183267933428937,0.0601071964252589
"16576",-2.22171777306852,-0.178297157703011,0.0667764729217482
"16577",-2.22973691825391,-0.209065539006288,0.1046271701613
"16578",-2.24549070666044,-0.181017621644013,0.0632488959299004
"16579",-2.29723292453707,-0.185484812021437,0.0642877707022842
"16580",-2.32244147299199,-0.211871643705761,0.0854577210880182
"16581",-2.3813375723619,-0.177099708791825,0.0171302861031667
"16582",-2.38896605235146,-0.149383842638835,-0.122528811520447
"16583",-2.33997167309782,-0.143738878028555,-0.142737230445038
"16584",-2.3262685401492,-0.130791300253042,-0.165891139109047
"16585",-2.29774227064032,-0.126858027972237,-0.174809225513041
"16586",-2.21120503000065,-0.136044384011912,-0.111542977652218
"16587",-2.19033551495458,-0.117385898806086,-0.060841567568366
"16588",-2.17260130081278,-0.149416948197913,0.036248246957062
"16589",-2.22674429931103,-0.196909886623162,0.112138692821593
"16590",-2.28310870594977,-0.206291526216208,0.134933511661515
"16591",-2.24001697079465,-0.198668007477922,0.175777063713411
"16592",-2.15068579215888,-0.194990849475665,0.166780236021106
"16593",-2.10098383961313,-0.192349196885228,0.155704155606857
"16594",-2.20121391977604,-0.149019041074428,0.019503129320809
"16595",-2.26578928022273,-0.139169026633657,-0.150132702012856
"16596",-2.32960047242814,-0.144446611571071,-0.16589139655663
"16597",-2.34800422160114,-0.150664343292008,-0.167024134485946
"16598",-2.36840045433886,-0.150909307117357,-0.143300305506212
"16599",-2.31512591497005,-0.13373513292596,-0.066111288012606
"16600",-2.31036717568704,-0.132450742997757,-0.0758607013981873
"16601",-2.26894392802261,-0.177887641697274,0.056602255830604
"16602",-2.27190732902145,-0.178977175153052,0.0677670717758293
"16603",-2.22629452313888,-0.207262088788692,0.126950674323912
"16604",-2.27045067554091,-0.208035754496149,0.131485345472329
"16605",-2.32628112292195,-0.186908808477427,0.0561962458136305
"16606",-2.36030516629817,-0.17421290985219,0.0168181655823663
"16607",-2.35941655304048,-0.150347170622587,-0.148691768076471
"16608",-2.29974614905579,-0.144095650104666,-0.158652443751932
"16609",-2.2919681615106,-0.140875727342961,-0.163798653899747
"16610",-2.30794840215237,-0.143234809030754,-0.171546461804938
"16611",-2.37371748613464,-0.151449007563139,-0.170390125275859
"16612",-2.43297788415288,-0.149155587411707,-0.183026612521613
"16613",-2.3809749392075,-0.150176287207907,-0.151662663440918
"16614",-2.34218103919655,-0.145085262442104,-0.122282968049085
"16615",-2.31965552648004,-0.141800666715225,-0.112184761011855
"16616",-2.2661110492974,-0.174100183969804,0.0476127145084945
"16617",-2.25631693406995,-0.169733886450191,0.0596177756238011
"16618",-2.30020112495232,-0.136273794518686,-0.0670059420951324
"16619",-2.27527308137333,-0.158158818047834,0.0366726484307818
"16620",-2.13662225503739,-0.192696245482654,0.168090031211464
"16621",-2.16992341021586,-0.205042420600084,0.105467255151052
"16622",-2.18553732199527,-0.203333438899776,0.142049800493459
"16623",-2.19314962247678,-0.208161737811129,0.127394249210371
"16624",-2.2072411336038,-0.200217753111523,0.107503225931803
"16625",-2.21563375626735,-0.167343061827595,0.057343037400375
"16626",-2.28322678686701,-0.126324745616618,-0.0659431460843223
"16627",-2.22978041627424,-0.176839334094421,0.0545228468538727
"16628",-2.24804329948732,-0.141619182492188,-0.00951253577725071
"16629",-2.2392793929971,-0.147602775494054,0.00238904537848966
"16630",-2.21770853014674,-0.168729727895947,0.0524238596182834
"16631",-2.22334175181407,-0.163360464040219,0.0175237335602148
"16632",-2.23780303156196,-0.142127551027041,-0.157965405033544
"16633",-2.27049065695167,-0.144426130667717,-0.159946029664472
"16634",-2.27536270720425,-0.141159464688614,-0.115454898986744
"16635",-2.20005860975742,-0.169017516943158,0.062024485003427
"16636",-2.15057544946736,-0.209991964616919,0.132685260407595
"16637",-2.15949915028702,-0.204415059394448,0.116813502762936
"16638",-2.27820620350443,-0.124558176371372,-0.0541358139517033
"16639",-2.25958823496864,-0.132429753766332,-0.0173037971435798
"16640",-2.26705107131577,-0.143471209241424,-0.153431741406089
"16641",-2.22953644956776,-0.130868057035648,-0.0867230515220695
"16642",-2.21562657331896,-0.132998524806664,-0.0993398309246057
"16643",-2.24085420790796,-0.125970570226317,-0.0655717413846194
"16644",-2.24992875566547,-0.126181179263037,-0.058758835917329
"16645",-2.25274668666387,-0.12842867362141,-0.0685044968846114
"16646",-2.2756012877735,-0.165334245409624,0.018567761265861
"16647",-2.28890100378249,-0.169361772194589,0.018527304363427
"16648",-2.27537567075393,-0.143726777367971,-0.0187821686074413
"16649",-2.28085536637724,-0.168566931125988,0.0175655035772234
"16650",-2.29064902199347,-0.128164027182376,-0.0646084636206279
"16651",-2.31551677585183,-0.140683437162267,-0.162853526923356
"16652",-2.31159530767484,-0.135079601671782,-0.170535731836632
"16653",-2.27835882750771,-0.142094211540398,-0.170871080349367
"16654",-2.28042063014388,-0.135643043476198,-0.118201116403533
"16655",-2.25173446570033,-0.131416632533616,-0.0997264223926104
"16656",-2.18714581101062,-0.169548007178243,0.0656877381830093
"16657",-2.14695788226785,-0.201088876765064,0.120322288098874
"16658",-2.21222658213736,-0.174907747189697,0.06033110264813
"16659",-2.1832139251936,-0.161382762466727,0.0660109486736298
"16660",-2.2407996603794,-0.14437463941977,-0.156757910058673
"16661",-2.33173101602142,-0.129102912590308,-0.163517534138082
"16662",-2.29301732409074,-0.131769073209946,-0.0646619506810612
"16663",-2.26595312302605,-0.152415758974181,0.0178982167714606
"16664",-2.23464404726692,-0.172573335261072,0.0659426255261423
"16665",-2.2020181394724,-0.185190819992788,0.146657121181534
"16666",-2.18076800317522,-0.192495902916182,0.17091717807507
"16667",-2.26163228317892,-0.20824638714165,0.126325024632071
"16668",-2.29452246944085,-0.193851949240395,0.075934932194874
"16669",-2.27131589994169,-0.172158652834233,0.0412631945415288
"16670",-2.25504542415644,-0.131122184384988,-0.0956011306327472
"16671",-2.2547853821957,-0.129047927629158,-0.0780313187614265
"16672",-2.30286034873713,-0.147375273217497,-0.157831375400423
"16673",-2.30546639145622,-0.144754397543733,-0.0178410701978722
"16674",-2.28069255466649,-0.180557564846888,0.0618213077558573
"16675",-2.31307896573753,-0.168035845418921,0.0188805206742273
"16676",-2.32301781252136,-0.149591392000068,-0.152928009231462
"16677",-2.32934102871554,-0.139081694912786,-0.0992464108532765
"16678",-2.12243614838638,-0.155155205736032,0.0551519968973078
"16679",-2.15744100574513,-0.120123869378598,-0.0189187986637583
"16680",-2.18236089960979,-0.115578616990992,-0.0490359965071419
"16681",-2.2245984126647,-0.140301326688623,-0.150466740410901
"16682",-2.24927709264415,-0.127908676719109,-0.0664410701720214
"16683",-2.29497931745459,-0.131395284658155,-0.0700285453368192
"16684",-2.21710472878997,-0.173243140170471,0.062475828432214
"16685",-2.15304095473502,-0.169270999497322,0.0724823087265929
"16686",-2.17459954985776,-0.146880005069504,-0.00469845741588083
"16687",-2.20882083852551,-0.153605976843248,0.0219658568175499
"16688",-2.26229989807039,-0.133389491046613,-0.0144704422393599
"16689",-2.20583669123158,-0.208006047975825,0.121264690249077
"16690",-2.23277332894909,-0.175731397822639,0.0575876017107784
"16691",-2.23248042911599,-0.16594322807065,0.0223990627556025
"16692",-2.18736922954978,-0.165364819888477,0.0323182941270136
"16693",-2.22020376320153,-0.123449260129071,-0.0626187997711398
"16694",-2.25182537730976,-0.135999128836424,-0.125790239692505
"16695",-2.27486179003517,-0.144774521723936,-0.133012664204105
"16696",-2.26440076957192,-0.16443438859699,0.0149010733489908
"16697",-2.21437123458875,-0.134466651021179,-0.103414493971722
"16698",-2.14584785096218,-0.1175773499599,-0.0222900017221397
"16699",-2.11697308572446,-0.156468514976363,0.0526723192316889
"16700",-2.14073577363215,-0.137722576996292,0.0328674788325443
"16701",-2.12706126802824,-0.163435941834439,0.0684954312015041
"16702",-2.1877776316436,-0.168710879501929,0.0598878373689419
"16703",-2.1694290191709,-0.200329782532099,0.123819944444103
"16704",-2.21255820436067,-0.16683445696354,0.0528326797842492
"16705",-2.25026408553298,-0.132465516786691,-0.0923317918525612
"16706",-2.21314559656587,-0.173350895134148,0.0549837608411435
"16707",-2.16486020701403,-0.168416348511547,0.0561688595765772
"16708",-2.15941660569132,-0.169269868397461,0.062379505650468
"16709",-2.26118491747595,-0.122956288765873,-0.0684680922596799
"16710",-2.26400591052815,-0.143417108219252,-0.148040159558314
"16711",-2.26809292538147,-0.140450577051081,-0.154942032526215
"16712",-2.24234319805146,-0.128357846402157,-0.0801353787043456
"16713",-2.19903413286824,-0.120436237610081,-0.0670013185108838
"16714",-2.14680679548925,-0.1107658955518,-0.0607059072027711
"16715",-2.09896260047138,-0.139218418926564,0.0160996028949995
"16716",-2.12433467069734,-0.114321551135568,-0.0646361379951995
"16717",-2.15986919432373,-0.119624751993359,-0.0244513657406468
"16718",-2.19393956213237,-0.126809137720231,0.00418297500968976
"16719",-2.15076126594981,-0.126781008584628,0.00765560824771864
"16720",-2.07708143074913,-0.163994465242331,0.067747474425612
"16721",-2.13419193621751,-0.119767709123045,-0.0769545045886741
"16722",-2.1593085258924,-0.134359720914463,-0.152467044926584
"16723",-2.15113749855252,-0.133544521205548,-0.139215928012562
"16724",-2.22555569448056,-0.123620393195273,-0.157675576966908
"16725",-2.21366920089734,-0.135340313649552,-0.156495514226291
"16726",-2.22246389539924,-0.141504098872645,-0.137208044266984
"16727",-2.24799001775605,-0.141312509889023,-0.130536465681935
"16728",-2.23171466184971,-0.153392360286038,-0.000959657110476367
"16729",-2.1991781606662,-0.128710400883818,-0.0997846991480831
"16730",-2.12750097076337,-0.168258269441488,0.0707344798105366
"16731",-2.15866653116298,-0.131886000170404,-0.000131431550976851
"16732",-2.15257527425499,-0.117937038603884,-0.0613329015409552
"16733",-2.15661489434522,-0.132107967263988,-0.128139827465256
"16734",-2.14546653183112,-0.121273161061478,-0.0820310199717696
"16735",-2.14037402436633,-0.128399254193615,-0.114287211670926
"16736",-2.16214869356255,-0.129471881596173,-0.148238814329015
"16737",-2.16912931825007,-0.141146489035287,0.0252910651871958
"16738",-2.15578043556145,-0.171716524409499,0.0624080266092856
"16739",-2.1266826967553,-0.161495189388635,0.0744589090488161
"16740",-2.12652330850566,-0.165746231378033,0.0685405327044544
"16741",-2.15519269036882,-0.116415536022531,-0.0611317826807141
"16742",-2.17563966243197,-0.117033768651448,-0.144304049353993
"16743",-2.14368968557073,-0.113075578022568,-0.158982149549332
"16744",-2.18258228044961,-0.102379706976687,-0.133873340309059
"16745",-2.16283115725784,-0.121025288717619,-0.12584327482358
"16746",-2.08424880039566,-0.15046552576503,0.0547337445771681
"16747",-2.03255333628238,-0.141054580213132,0.0703895446134183
"16748",-1.9829324026076,-0.163656441421035,0.0761031595303616
"16749",-1.96698805676663,-0.165693614601234,0.0937103261400828
"16750",-2.06449538753078,-0.106769715817766,-0.0136576073716391
"16751",-2.12862003454661,-0.109928033371246,-0.0567067612645567
"16752",-2.15366885993533,-0.130147945224914,-0.122635557227445
"16753",-2.14637637256295,-0.121670128266521,-0.0672284318853697
"16754",-2.13936096409622,-0.137854012458741,0.0296880665644223
"16755",-2.12975822831478,-0.164471521907885,0.0721312870681568
"16756",-2.17210370875296,-0.164164631039568,0.0568998377928642
"16757",-2.13717288105107,-0.165945346818698,0.0725844863200522
"16758",-2.17960247254353,-0.127347441336349,-0.0946232278905042
"16759",-2.20155823938037,-0.137528937217927,-0.151702600912527
"16760",-2.1783957964,-0.110845214488772,-0.0476336899925039
"16761",-2.1147269947341,-0.143844898439633,0.0389050849213541
"16762",-2.07502164740351,-0.164526783231734,0.0652966585024127
"16763",-2.09271093379835,-0.163008893808597,0.0810052875439932
"16764",-2.13153789668662,-0.13385810478896,0.0327270023483762
"16765",-2.13842062257802,-0.157322770946365,0.0498200800815193
"16766",-2.13053296587321,-0.170618027900718,0.0618716333908
"16767",-2.06192104765497,-0.192986875275196,0.15299295229238
"16768",-2.08219692446806,-0.181295079755312,0.142398843316177
"16769",-2.16912783332164,-0.155327636247235,0.0580230690259039
"16770",-2.24516161866547,-0.127269164575342,-0.0713488540827747
"16771",-2.21099075699289,-0.174413520630886,0.0661418679204433
"16772",-2.17426011756101,-0.2064904560032,0.11790211666635
"16773",-2.1716841138738,-0.164297156000404,0.0541263547968449
"16774",-2.13518108831282,-0.164099913110888,0.0643570716737661
"16775",-2.18255551454853,-0.115948883432782,-0.0460055139229795
"16776",-2.15078330469016,-0.115132429531425,-0.0469860961308184
"16777",-2.17051037547915,-0.133931250936235,-0.15891038579751
"16778",-2.18269007214077,-0.133045854737137,-0.112944787646925
"16779",-2.2054045205858,-0.127028886799221,-0.0685671209577739
"16780",-2.11371049126645,-0.135345680715351,0.015050645188902
"16781",-2.08456135332661,-0.134883373411886,0.0189269032864038
"16782",-2.09305194271094,-0.129734942819589,0.0134209038043998
"16783",-2.08212101772913,-0.176008365465472,0.115681023222704
"16784",-2.19719282128801,-0.115494389829765,-0.0790324101317431
"16785",-2.19432077966074,-0.133342604220851,-0.157754337627257
"16786",-2.17745936927758,-0.128846035752728,-0.156074881059359
"16787",-2.13148612647982,-0.124736907458342,-0.104495297589266
"16788",-2.05812153130017,-0.158993838837162,0.0535193530127453
"16789",-2.09285523579213,-0.159201343724487,0.0642822261802495
"16790",-2.18452628000458,-0.150897188168207,0.020692167665269
"16791",-2.23784529236373,-0.123988444079776,-0.0590172105050252
"16792",-2.22613865487372,-0.154963285153045,0.0579766266257041
"16793",-2.14029303128161,-0.196643718922924,0.106043370306929
"16794",-2.12330109272017,-0.159200444494207,0.0574428924637502
"16795",-2.14543411544594,-0.120419673593235,-0.0100218043478147
"16796",-2.17154806260146,-0.112418707045559,-0.0390111020481656
"16797",-2.19546383121638,-0.130892415576641,-0.126607304037848
"16798",-2.18335214650529,-0.134229542276309,-0.122335455842655
"16799",-2.18880058594909,-0.13665104791716,-0.158385239305196
"16800",-2.21483187095602,-0.127453317283007,-0.0806000332314774
"16801",-2.21605166592265,-0.170851357289629,0.052164422637539
"16802",-2.16606411906979,-0.200510583227012,0.124783112244268
"16803",-2.13039696647803,-0.194319719185838,0.128465460134902
"16804",-2.17116381063502,-0.120260985178958,-0.0621817861959276
"16805",-2.17791311780553,-0.12410741118651,-0.0801862278663509
"16806",-2.18344536430955,-0.11863893194686,-0.060887131272895
"16807",-2.21153471097903,-0.131933911583605,-0.132452856419705
"16808",-2.22240328160728,-0.14029750921829,-0.155019519902269
"16809",-2.20397304853331,-0.127179700274308,-0.0173461092215641
"16810",-2.22553333968812,-0.119735427671141,-0.0500808022735486
"16811",-2.18782660069403,-0.13258482021119,-0.126855832977144
"16812",-2.13880378957485,-0.12401725195276,-0.0992454594269193
"16813",-2.13578886398637,-0.127712233863327,-0.126177485812796
"16814",-2.14670925936398,-0.120022628169144,-0.126643191321847
"16815",-2.07012158086285,-0.102518718397831,-0.0147374218403459
"16816",-2.05160975038987,-0.134227488851291,0.0298649034669974
"16817",-2.09731935386524,-0.119016483700749,-0.0778541449344719
"16818",-2.10288161038538,-0.116404936274435,-0.0665497773637356
"16819",-2.13913258092184,-0.123975303907479,-0.125265756738462
"16820",-2.18181557721993,-0.122730743244036,-0.124550887222571
"16821",-2.16721635438775,-0.112369175365627,-0.0299574987123837
"16822",-2.14013575002352,-0.121078023249439,-0.0670389142477882
"16823",-2.1533601012714,-0.128393378184954,-0.015620707890502
"16824",-2.1631701468327,-0.111464413668163,-0.0405287509139668
"16825",-2.1264399204898,-0.116609657738283,-0.0697982817510404
"16826",-2.10853504102316,-0.12521463625017,-0.131702951802653
"16827",-2.1133638508995,-0.131300767194268,-0.1521245360092
"16828",-2.14990462608231,-0.121666842528247,-0.105146517301335
"16829",-2.16907297320044,-0.117793277878196,-0.0590468836211873
"16830",-2.09903378459556,-0.19899796315154,0.115745466084473
"16831",-2.20205675029797,-0.128391202375755,-0.0895872656847777
"16832",-2.11613606395886,-0.1494513720664,0.0328902109021778
"16833",-2.09504266854097,-0.120803308789861,-0.0151913412630988
"16834",-2.09776447042728,-0.114440524044569,-0.0670006853079411
"16835",-2.09786234659533,-0.123331453934425,-0.114607004882292
"16836",-2.13315618678534,-0.127573687671769,-0.137497468862351
"16837",-2.15402540819137,-0.120361531522593,-0.124860868221426
"16838",-2.08347172899285,-0.142216550952403,0.0514168068119135
"16839",-2.02846646952585,-0.146440361075914,0.0578839470986983
"16840",-2.04125189956708,-0.122018879896078,-0.11086330658998
"16841",-2.06604008993911,-0.123332986922184,-0.117198597903057
"16842",-2.03587959102014,-0.131719840380569,0.0281876064824691
"16843",-2.02644802773959,-0.150843448691172,0.0637036793827999
"16844",-2.0260947764321,-0.172192489426044,0.094641645928952
"16845",-2.06444771512675,-0.164722665940427,0.0905855000526002
"16846",-2.05650349959863,-0.179962658299214,0.110033229534705
"16847",-2.08929783711489,-0.15358024699361,0.0545441250855764
"16848",-2.09379479529997,-0.165271094946675,0.0620537167758029
"16849",-2.12979930619237,-0.13686937006596,0.0265320336867543
"16850",-2.09427916002341,-0.16690283271086,0.0670223301240376
"16851",-2.10208450266326,-0.162493451011895,0.0632916548873889
"16852",-2.11006884897984,-0.117140824994879,-0.0267537937961015
"16853",-2.13623144978825,-0.12639292479225,-0.150581029919719
"16854",-2.11560208990957,-0.125267181555837,-0.00388264081105942
"16855",-2.0423072864396,-0.173618606606248,0.116942937655319
"16856",-2.12655788773614,-0.136554576729268,0.0201349567239446
"16857",-2.13854814008745,-0.118511318264072,-0.0666105363944754
"16858",-2.13131624242989,-0.11251027716624,-0.0353655957394773
"16859",-2.10563334013811,-0.103915215035721,-0.043251610983228
"16860",-2.07345688649917,-0.147455639018611,0.049098165922799
"16861",-2.12798884253111,-0.113461205553874,-0.0605199761177877
"16862",-2.10375438861417,-0.117760624610577,-0.0690469122528606
"16863",-2.16076539272234,-0.122630644055523,-0.151291761965486
"16864",-2.1694839181261,-0.129577124665862,-0.155470776480969
"16865",-2.18126891013612,-0.113654455453761,-0.122678339315232
"16866",-2.13531781769931,-0.1049535842912,-0.0428427634413199
"16867",-2.03896083711797,-0.140834549552278,0.062488157574617
"16868",-2.03820438419561,-0.161582911901338,0.0592108644894329
"16869",-2.0643478822448,-0.137754886958916,0.0390406990440486
"16870",-2.12311644299394,-0.122150900229431,-0.122815391556874
"16871",-2.0904238957341,-0.12104974835797,-0.101556912816357
"16872",-2.098526593979,-0.12512979719532,-0.121096589092385
"16873",-2.08556314414459,-0.132910057834942,0.0294318666901057
"16874",-2.0701663382061,-0.154970115142171,0.0659705152738571
"16875",-2.08796092999664,-0.14968926181368,0.027329484257309
"16876",-2.0093292197385,-0.149332788729745,0.0659805946552517
"16877",-2.01560080019326,-0.121535414502229,0.0359251183133166
"16878",-2.01426239596392,-0.119377975280982,0.0373527710811657
"16879",-2.04709846102095,-0.11543965745351,-0.125327877873756
"16880",-1.99635660279452,-0.1011865533089,-0.0284704724691074
"16881",-1.99460953901537,-0.105354527485673,-0.0250488631849928
"16882",-2.07076786109406,-0.184349359782694,0.163757240996465
"16883",-2.1179034410424,-0.158188346058481,0.0615914746128545
"16884",-2.12732268258741,-0.16777728024189,0.0535904682375777
"16885",-2.12823064744466,-0.16885819196696,0.0515668317919945
"16886",-2.11001390918293,-0.119770815882783,-0.0638280669235005
"16887",-2.13936552202403,-0.126078257121304,-0.115728855138655
"16888",-2.16938662083739,-0.128706696102111,-0.156781458062926
"16889",-2.1718024082972,-0.134130839323611,-0.154425447531495
"16890",-2.17736051545095,-0.132198883346943,-0.141484395625444
"16891",-2.15666025618547,-0.131507850692991,-0.10808822777736
"16892",-2.10057222029561,-0.135039586061077,0.0350058647948923
"16893",-2.08040766477629,-0.127205788362228,0.0303293855314876
"16894",-2.00473968178734,-0.183386199989877,0.136746220584737
"16895",-2.00436558427238,-0.198351898729739,0.152533356075319
"16896",-2.04417242726848,-0.199739280827493,0.155778244309834
"16897",-2.07816834577086,-0.203401982251796,0.128292358734328
"16898",-2.09229670233755,-0.164807642383878,0.0592334192276834
"16899",-2.10182092304142,-0.109418065088963,-0.026567641045019
"16900",-2.14822286603626,-0.121778457530352,-0.0168322361277025
"16901",-2.21369117076986,-0.134237096904291,-0.101595042293164
"16902",-2.21587292307483,-0.135537761281784,-0.100690114485081
"16903",-2.21829272315718,-0.154389259547415,0.0351740090605667
"16904",-2.15718997613225,-0.151587081943399,0.0648599158260419
"16905",-2.09021554130813,-0.143573559344181,0.0559981350791221
"16906",-2.07700253409898,-0.154047864774382,0.0603530459327363
"16907",-2.14095917033626,-0.112331251897211,-0.049025695496121
"16908",-2.13494383277008,-0.119760887228507,-0.023534551623046
"16909",-2.1295635054127,-0.131667736512686,0.00419831169714238
"16910",-2.15321029855776,-0.134421072191584,-0.134488204630568
"16911",-2.18235222072851,-0.121833770650509,-0.162337546197697
"16912",-2.17206730014389,-0.113622020014703,-0.131849100643255
"16913",-2.15291738915774,-0.118544685414614,-0.0812520889938795
"16914",-2.17855648250949,-0.112992000805627,0.0359031433786203
"16915",-2.08608358328733,-0.180415294765273,0.171571004273666
"16916",-2.07192138974264,-0.184602090759079,0.196814007990393
"16917",-2.08418616050568,-0.180651383209651,0.174633650203074
"16918",-2.08910297761676,-0.168291372282015,0.19269014651568
"16919",-2.07088672515389,-0.192776126132815,0.152902343414803
"16920",-2.06246086262567,-0.189484290633399,0.146162175421648
"16921",-2.06363532341714,-0.183329453164858,0.1467992564206
"16922",-2.09347496231478,-0.164914305563197,0.0811836084031514
"16923",-2.14922520653167,-0.120232432526423,-0.124878945520373
"16924",-2.18347107554662,-0.13231359876934,-0.160550048320661
"16925",-2.19461232871946,-0.122980995393941,-0.0704256099789586
"16926",-2.16432830781102,-0.120082514604046,-0.0175761934439511
"16927",-2.10132263459925,-0.16607926570319,0.0762450407455857
"16928",-2.11885370754794,-0.156952732761079,0.0532157286576746
"16929",-2.14838900379619,-0.14318871172327,0.00438908426332926
"16930",-2.19402936356555,-0.123104588535432,-0.0669196453541118
"16931",-2.17899974230851,-0.159752613587248,0.0423373636336012
"16932",-2.18933887154645,-0.176307755508038,0.0616690686945425
"16933",-2.04281993386321,-0.113398870286201,-0.0755655168606447
"16934",-2.0454042015836,-0.113039806912826,-0.0736589109463077
"16935",-2.08288804859815,-0.120784807262115,-0.122716323750855
"16936",-2.11749988651807,-0.123899379849915,-0.123798830410059
"16937",-2.13784237501625,-0.120670135808668,-0.0942097939443045
"16938",-2.12356787878424,-0.130115687952939,-0.157887098262169
"16939",-2.13973108168032,-0.128882222308643,-0.1218956646398
"16940",-2.17462903982973,-0.137490120095536,-0.154864210444329
"16941",-2.15386701338084,-0.12792541261726,-0.10838812305807
"16942",-2.0833975635447,-0.163936941683988,0.0661669248975799
"16943",-2.04640666404914,-0.162727166107196,0.073095849741445
"16944",-2.05089194699605,-0.159378617318392,0.0681883862178008
"16945",-2.0609748988857,-0.157114037100279,0.0773073807842904
"16946",-2.0970923266571,-0.165991697036015,0.0705995146955136
"16947",-2.07414720599444,-0.170712681679931,0.0896292961629928
"16948",-2.06539100356782,-0.148880645865129,0.059628386620523
"16949",-2.09458236063469,-0.121687415541031,-0.103251695302572
"16950",-2.07297109086378,-0.120622116532434,-0.0941096516356718
"16951",-2.09878965016614,-0.12345086552582,-0.140344751166096
"16952",-2.14684520004665,-0.133153051464168,-0.151747520622675
"16953",-2.15444305662925,-0.130229313378801,-0.104998634374333
"16954",-2.11250242079022,-0.156297158239091,0.0496938320857086
"16955",-2.13867811139797,-0.156562430766533,0.0532848141276624
"16956",-2.12993668185459,-0.169271950991632,0.0647935721201005
"16957",-2.076985885067,-0.193831496626882,0.118811730838529
"16958",-2.04222486053785,-0.165428209704666,0.112468420858931
"16959",-2.02913000422192,-0.160273662547811,0.0814267790228894
"16960",-2.08507476920089,-0.123153629638037,-0.118633379913511
"16961",-2.14725647862066,-0.124723224494679,-0.153592288279607
"16962",-2.13485991011572,-0.105188069253278,-0.0476027866730088
"16963",-2.13250812954736,-0.140980213822917,0.0319201126734387
"16964",-2.13052939802103,-0.159117147542633,0.0618744471716734
"16965",-2.20259568536066,-0.132679128664035,-0.0193269293066479
"16966",-2.17570626547984,-0.160705246527446,0.0212673457547769
"16967",-2.15008037908836,-0.126903394070578,-0.0936581893764873
"16968",-2.1700854837676,-0.109158598374608,-0.126169962561631
"16969",-2.19151469424561,-0.0924001081345252,-0.167648010815701
"16970",-2.13641690110398,-0.113311514784167,-0.161339838037508
"16971",-2.12128079641845,-0.115501104001863,-0.127657088664268
"16972",-2.12170516620189,-0.116411052426357,-0.0876712451028884
"16973",-2.09854924822276,-0.126215443722319,-0.105666328148983
"16974",-2.08964226703825,-0.128999078066539,0.009790249332475
"16975",-2.07247200621064,-0.115770507356618,-0.0768699378235505
"16976",-2.09665300555567,-0.101409474907468,-0.0341730716077256
"16977",-2.10271622210056,-0.127715315753337,-0.0988361946413042
"16978",-2.05373283249194,-0.150514685694498,0.0535275409349881
"16979",-2.12965972332157,-0.145042070696089,0.0210376784276442
"16980",-2.14821695936392,-0.11790664659077,-0.0253415721552046
"16981",-2.16987834468957,-0.117738208559725,-0.0375790685372844
"16982",-2.12038370667374,-0.163922703589365,0.0427681124694804
"16983",-2.09782228402477,-0.161625358148103,0.0420448005039966
"16984",-2.04074237202971,-0.155263488955232,0.0443823132467799
"16985",-2.08374950113588,-0.147438322686861,0.0164111608052306
"16986",-2.05600081405275,-0.145773664706554,0.0612215979332456
"16987",-2.06973550013866,-0.110328300442115,-0.0575613781651414
"16988",-2.05369989258195,-0.125702547098254,-0.129337067359497
"16989",-2.07826099810747,-0.125922324640983,-0.139640712295417
"16990",-2.1144662947018,-0.128459198268217,-0.115331483172194
"16991",-2.06087941192715,-0.121306525370575,0.00304595427350769
"16992",-2.06345054206383,-0.146533695808318,0.0306713650964148
"16993",-2.10201522888212,-0.128741656969023,-0.112615006251996
"16994",-2.1210660762387,-0.132504304697959,-0.154360778326863
"16995",-2.12290273772933,-0.119223425637265,-0.025353302965587
"16996",-2.08205975546952,-0.133883925629705,0.0347528189802595
"16997",-2.02049618717103,-0.153361327225356,0.0565057739044995
"16998",-1.98667615580721,-0.163704229580426,0.0790009072113991
"16999",-2.02269912172871,-0.155827233601105,0.0572084209004808
"17000",-2.10319066356168,-0.115501377226275,-0.0726509931376804
"17001",-2.18240496907786,-0.12595393628936,-0.13952606935816
"17002",-2.2492745012592,-0.12264288150112,-0.162887774018819
"17003",-2.19658418610591,-0.134350659691911,-0.167130390884494
"17004",-2.1330968328633,-0.108324503535127,-0.0757436090286256
"17005",-2.08667531263449,-0.112768352630591,-0.0750370928352916
"17006",-2.12251708663289,-0.119720324591907,-0.0922517777569522
"17007",-2.05169715392343,-0.165735454594005,0.0778703977206871
"17008",-2.03986740820363,-0.17732334159046,0.111391048954713
"17009",-2.02311336489509,-0.179727732509338,0.158012282506627
"17010",-2.07769287096682,-0.14974729042219,0.0618156135383976
"17011",-2.14892661065109,-0.116390862142215,-0.0259927120563441
"17012",-2.16726190406614,-0.120684486654099,-0.0206991560431813
"17013",-2.14856155085345,-0.126826764245625,-0.0205549527348696
"17014",-2.13856272096503,-0.110212032955247,-0.030785081370838
"17015",-2.11721897504139,-0.101859838892028,-0.0350516204912524
"17016",-2.14676553655621,-0.127989881190848,-0.100976841930842
"17017",-2.13779073622258,-0.117878440449644,-0.0672707988586374
"17018",-2.09819579003237,-0.122106704488337,-0.0914552960939587
"17019",-2.06428083973061,-0.117174962108168,-0.0834071218410649
"17020",-2.07331325131207,-0.118665305326078,-0.119119884860177
"17021",-2.04640358170456,-0.156067450441801,0.0487164419437734
"17022",-2.11498402778828,-0.131805267246156,-0.147148563619474
"17023",-2.1086277385201,-0.130048749229729,-0.121542184283748
"17024",-2.1348107374223,-0.119218835257093,-0.118142647662226
"17025",-2.12393511449022,-0.12363085787803,-0.104539057560578
"17026",-2.02293161664396,-0.140412365835172,0.053024623365978
"17027",-2.02340093964043,-0.145415252107821,0.057075502539096
"17028",-2.07467692002775,-0.104206964408191,-0.0359310831902583
"17029",-2.05683715595034,-0.112498267054547,-0.0245168416379342
"17030",-2.04105551278691,-0.0972210569810952,-0.0419143923112408
"17031",-2.0320176773444,-0.113937518048361,-0.0874661710998191
"17032",-2.04436366930894,-0.122733064223675,-0.101898879703282
"17033",-2.0952080215037,-0.116834986832254,-0.126466382045636
"17034",-2.08469486130494,-0.122808102264141,-0.122656064693469
"17035",-2.02885702520568,-0.120010357558622,-0.117371037781598
"17036",-2.06055999528232,-0.113385507865587,-0.0160527192598027
"17037",-2.0533969713239,-0.159685821163675,0.06131363004207
"17038",-2.07686474604721,-0.153079755777668,0.050484070360983
"17039",-2.08339545889935,-0.130937456903817,0.0305003748528854
"17040",-2.07109329172946,-0.133389657518828,0.0358949600574102
"17041",-2.03855748731333,-0.135808062845124,0.0567694481579811
"17042",-2.01698371968002,-0.176747654575973,0.113367093976406
"17043",-2.0288758758735,-0.16805979471167,0.0803165025535428
"17044",-2.0447188919339,-0.123235126386786,-0.134049309879529
"17045",-2.00274521412017,-0.119022054556455,-0.153173441226736
"17046",-1.95856840496912,-0.115990062994753,-0.149264253875657
"17047",-1.97788656830873,-0.104769394863267,-0.149606345977984
"17048",-1.99297132487819,-0.0946465637243867,-0.0443417033923958
"17049",-2.07867440178179,-0.102747025527263,-0.0452900624243124
"17050",-2.13999230959658,-0.123203489892277,-0.101309102687463
"17051",-2.04460507519381,-0.146399595963828,0.0532860360922397
"17052",-1.99236660579581,-0.123952571258745,0.0418589194412361
"17053",-1.96095155115388,-0.162744670575775,0.0840401237090149
"17054",-2.04095100044419,-0.149887252482212,0.0484222725726101
"17055",-2.06640478389104,-0.113964028301278,-0.019590254788158
"17056",-2.03641005123015,-0.115275348139845,-0.101064365039058
"17057",-2.0636925423553,-0.111864392000148,-0.157970881555356
"17058",-1.95183702385986,-0.125303736637538,0.0223091971032897
"17059",-1.92783097866918,-0.093721104703517,-0.0554632149573367
"17060",-1.98759660465135,-0.112535699589841,-0.10537002225854
"17061",-2.07701082354122,-0.112464586495438,-0.073717775779708
"17062",-2.0697589394327,-0.138368214306505,0.0699376150882705
"17063",-1.99814458504285,-0.179780070987334,0.158378419475984
"17064",-1.98627046833466,-0.166836892854083,0.10912149903868
"17065",-1.92240373289672,-0.16208676715097,0.103178443347822
"17066",-1.91272456020424,-0.12608678119874,0.050732574074647
"17067",-2.02747889572226,-0.121411879901943,-0.147637649418847
"17068",-2.09279960291886,-0.110516587655901,-0.118511603485294
"17069",-2.08762451188409,-0.103930107587472,-0.046962076847336
"17070",-2.08769003620611,-0.13653835693278,0.0314116561708156
"17071",-2.04392274310998,-0.162117595985924,0.066868754598968
"17072",-2.0583802284472,-0.157278701950395,0.060512383372579
"17073",-2.02844254311716,-0.192463920671051,0.114920550318291
"17074",-1.9871598448066,-0.185694965286094,0.149765025279151
"17075",-2.005438213216,-0.197376072172111,0.132041151267291
"17076",-2.05788773438227,-0.176735188623301,0.11632648371363
"17077",-2.1294264394738,-0.156676256091671,0.0491369052707722
"17078",-2.11337549627922,-0.165369143062356,0.0708825074409166
"17079",-2.09114845360725,-0.168143793924862,0.0738104490025176
"17080",-2.10105517151837,-0.10917069429419,-0.0408816920649468
"17081",-2.0306143764359,-0.156821670043093,0.0622865698818487
"17082",-2.04508595363617,-0.103926266564315,-0.0271509438262935
"17083",-2.04796224051774,-0.156330044135482,0.043066879611046
"17084",-2.05582608741217,-0.148087217471711,0.0638222558682212
"17085",-2.00489642949788,-0.191257421324201,0.130788553424858
"17086",-2.01099987809758,-0.118908516222826,0.0013917613250338
"17087",-2.02504590361098,-0.102314994049476,-0.0466163111615435
"17088",-2.03377580224017,-0.127279057264429,0.0235576094158287
"17089",-2.03814149739507,-0.131337149570448,0.0227951277971833
"17090",-2.03691705904944,-0.130428639370026,0.0502919563139797
"17091",-2.00707463520449,-0.160723963868832,0.0891369708569286
"17092",-2.03302972917925,-0.157088494593637,0.0576750229161746
"17093",-2.00268527526513,-0.130639118823757,0.028825154021258
"17094",-1.97781473162608,-0.135034013582283,0.050538074961484
"17095",-2.04534919863621,-0.120899318166234,-0.00411715296686772
"17096",-2.01412683184914,-0.126374976365399,0.0306008721831804
"17097",-1.98023578334623,-0.145179873983587,0.0577653041911297
"17098",-1.99389067905282,-0.127221940376825,0.0205640893513747
"17099",-1.92649556564961,-0.122280262583143,0.0434503887572672
"17100",-1.95791955727957,-0.116993151385376,-0.110389626673487
"17101",-1.94840465563435,-0.11539555550531,-0.113478247661641
"17102",-1.9778035484746,-0.110058490204403,0.00327537760167653
"17103",-2.09321736059361,-0.11377564767093,-0.109994731574541
"17104",-2.11205056927114,-0.119838013150722,-0.14117702160227
"17105",-2.06076163398755,-0.129376423483818,0.0368237724778335
"17106",-2.01649629331129,-0.144099700283314,0.0563321245888111
"17107",-1.97947265792322,-0.138817533688061,0.056220998385693
"17108",-2.01157695296954,-0.122154840711669,0.0251430673707021
"17109",-1.99946961294025,-0.12182650518306,-0.131083145431065
"17110",-1.98456630602145,-0.109908654475105,-0.11178913996724
"17111",-2.03677633325065,-0.112234449103118,-0.109728257136624
"17112",-2.03484340224866,-0.118681199732374,0.0266169322554763
"17113",-2.01601919582342,-0.152934707804133,0.0790837398171212
"17114",-2.06536517746925,-0.153820175156747,0.0547413616433387
"17115",-2.03812870808585,-0.159138202401569,0.0589165206746544
"17116",-2.04410677377572,-0.12009088995249,0.0149315773010509
"17117",-2.02334376700102,-0.113835977944409,-0.0800186579973499
"17118",-2.00279845016743,-0.116698648960745,0.0019581447566842
"17119",-2.01326127868153,-0.118626180841955,-0.0908855695338563
"17120",-2.03532551570531,-0.112124992669496,-0.0890459139548054
"17121",-2.03039425715503,-0.127950990299223,0.0390781840352663
"17122",-2.06010758792688,-0.152333699252879,0.0704609321499905
"17123",-2.07949046552483,-0.154549633523718,0.0775023334034614
"17124",-2.04377811062419,-0.184538770143897,0.158021667507703
"17125",-2.08688842252169,-0.163782374504751,0.0530870642495865
"17126",-2.09879230860947,-0.118555635280745,-0.0871252236261826
"17127",-2.08162305620462,-0.105096814403771,-0.0315582160654891
"17128",-2.0531189168693,-0.102938971106721,-0.0352864845855622
"17129",-2.05343281066805,-0.122666829651468,-0.0925071732403397
"17130",-2.04487715068916,-0.116546347849566,-0.0889139968856905
"17131",-2.0171806875772,-0.151513754210335,0.0530803560582936
"17132",-2.02247645712866,-0.159258090746504,0.0641265532527812
"17133",-2.04916917882681,-0.131878223725356,0.044376287053665
"17134",-2.00296810059151,-0.170137000506845,0.090326874239546
"17135",-2.0363656997713,-0.153816807807421,0.0682102007985376
"17136",-2.02805513709683,-0.163387269860449,0.0757638732223393
"17137",-1.89871567755471,-0.116059159244046,-0.14260580675169
"17138",-1.88127458087075,-0.104424828848109,-0.103053157332384
"17139",-1.98159515730488,-0.10134932846376,-0.113170502737524
"17140",-1.97224985054653,-0.116832392842747,0.033754412520906
"17141",-1.98437213367109,-0.12307287225352,0.0359548416499985
"17142",-1.96726937125751,-0.165237555925831,0.119480333118834
"17143",-2.00636111472148,-0.15583541381514,0.0661180822609166
"17144",-2.01234113861422,-0.104195843425764,-0.059107951870471
"17145",-2.0488198148684,-0.122468938608721,-0.150955817605012
"17146",-2.05937700096516,-0.126735364468185,-0.153456834100812
"17147",-2.07783339500091,-0.111946562107604,-0.11809721262277
"17148",-2.08193147428407,-0.114366712238727,-0.11446120532322
"17149",-2.02635492029961,-0.0982983768920967,-0.0191707132857881
"17150",-1.99908590597184,-0.121469796710966,0.0360541575983249
"17151",-1.9766151751079,-0.154828664693042,0.0610432841734145
"17152",-1.99006854648197,-0.128304462195392,0.0588345015562024
"17153",-1.92481934181284,-0.194646056040372,0.147759626610399
"17154",-1.91164300657014,-0.161729731010149,0.103915432011112
"17155",-1.94473230331146,-0.117565624992944,0.0378362322410058
"17156",-2.01444046092367,-0.0936901372574704,-0.0307939978575128
"17157",-2.04587797992921,-0.135479044732764,0.0196162376083965
"17158",-2.01353321285935,-0.126641189423832,0.0366193150251298
"17159",-1.94673650616127,-0.135779472077243,0.0609800100617326
"17160",-1.93398505614293,-0.123521642838447,0.0441402069523336
"17161",-1.99981870737541,-0.141369920359565,0.0589478658080817
"17162",-2.02986823303323,-0.125287641509461,0.0301235982897921
"17163",-1.98863015277132,-0.128327661898393,0.0483977616112271
"17164",-2.01376945157669,-0.122253828359213,0.0391500698653921
"17165",-1.95307475897587,-0.192613567784166,0.141066942911959
"17166",-1.95324155416884,-0.196548080405343,0.147208680650918
"17167",-1.95187298119721,-0.169666986156356,0.112170608314623
"17168",-1.98955529948146,-0.153646910476566,0.0579146161137518
"17169",-1.99463905191006,-0.165068521396946,0.0620012965308438
"17170",-2.05422044070094,-0.114975183649382,-0.0708305753350886
"17171",-2.07992260040327,-0.121203403221206,-0.125446617766632
"17172",-2.05664777762281,-0.124854458706825,-0.153639895042666
"17173",-2.01760142588794,-0.115547473810117,-0.100219859370438
"17174",-2.01391336587567,-0.11731995099669,-0.154026651507867
"17175",-2.00765003403495,-0.113577802596803,-0.113907467884937
"17176",-1.96899052849112,-0.104829058473576,-0.0775252724062245
"17177",-1.94463071378569,-0.12502110049846,0.022767101264867
"17178",-1.91110781587147,-0.162539856114556,0.0997377820189355
"17179",-2.01624179834815,-0.110389227988237,-0.102900486352657
"17180",-2.04780394779588,-0.0954310745572351,-0.0290127628199468
"17181",-2.11736513387703,-0.126008578530225,-0.103771245689825
"17182",-2.03788800620193,-0.192768091550226,0.113190138949093
"17183",-2.0177570631659,-0.174350854902151,0.117988217616833
"17184",-2.02437557880047,-0.150181323746666,0.0556734164533973
"17185",-1.98905738063006,-0.141098410915456,0.0600510580481327
"17186",-1.99399741959399,-0.124196292017211,0.0282624403276542
"17187",-1.9712375031561,-0.117490865846822,-0.0982766397838045
"17188",-1.90569797383706,-0.156220345677263,0.0976236043288824
"17189",-1.94979561138904,-0.113846273237869,0.0412977860862327
"17190",-1.89743983176441,-0.110943603136801,0.0435127986815922
"17191",-1.90058942188723,-0.0849308082764942,-0.0547793856916787
"17192",-1.98680200741566,-0.0813355886761382,-0.13368831322893
"17193",-2.01735525537751,-0.0728633027769652,-0.146797798480336
"17194",-1.99321678725405,-0.109331129547765,-0.153491115192835
"17195",-1.95554912072323,-0.118577166376852,-0.146349284086026
"17196",-1.97109228082733,-0.104777917666042,-0.0774309224849257
"17197",-1.93498044522916,-0.107635098042169,-0.0801149737788328
"17198",-1.94809917581286,-0.0988988376341981,-0.0623909454283378
"17199",-1.94185188223123,-0.103584655467707,0.0207891271442214
"17200",-1.95368577945324,-0.108138929235415,0.0497891920223322
"17201",-1.9118080418312,-0.187692561435434,0.15963033534473
"17202",-1.941808757683,-0.176593407652968,0.141056872479122
"17203",-1.90967740235253,-0.176104188480572,0.150432012505917
"17204",-1.96216808593006,-0.166004929814075,0.0960784093275724
"17205",-1.94828611911231,-0.143103998015769,0.0633606157810472
"17206",-1.95419423644725,-0.116899669170438,0.0379570809877849
"17207",-1.98906098142788,-0.11432381986792,-0.134327021346986
"17208",-2.0242416123453,-0.0944484674516104,-0.15194344681804
"17209",-1.96326540612246,-0.104578587807438,-0.137464297303645
"17210",-1.98113033360189,-0.0930839846226301,-0.123452324886786
"17211",-1.90652292159379,-0.144720984391861,0.072761117113905
"17212",-1.8103664234825,-0.159525779821659,0.142947531313456
"17213",-1.86727688893653,-0.123071369296678,0.0516422189872774
"17214",-1.93246832947865,-0.0968156302100389,-0.0730972983002643
"17215",-1.99980503727802,-0.118127380358592,-0.147892822308663
"17216",-2.04893804211155,-0.125316862268931,-0.148005540579934
"17217",-2.05018479445861,-0.122523511574332,-0.118410271664364
"17218",-1.99477167332519,-0.125974657689585,0.0205151623444515
"17219",-1.95704562938634,-0.124059660898657,0.0381571063925366
"17220",-1.97827118118984,-0.106297771584583,-0.154740963673364
"17221",-1.99525923328675,-0.0996206595959394,-0.154309019008907
"17222",-1.96695701935856,-0.111671280727203,-0.12639641550399
"17223",-1.94439582111666,-0.124569991169881,0.057743816408381
"17224",-1.94573630604433,-0.164320020936771,0.113743354755708
"17225",-1.89406229002946,-0.162162187011022,0.146422034659762
"17226",-1.86364483235656,-0.18484330572887,0.15925181656326
"17227",-1.92647513743606,-0.11919049963424,0.0441134353636141
"17228",-1.9258622883689,-0.121381387221626,0.0240216708278923
"17229",-1.92088108925097,-0.114253911904604,0.0269736454531624
"17230",-1.93440944330151,-0.106780078386951,0.0181453631033879
"17231",-1.86431677558752,-0.113999957702401,0.047409879304984
"17232",-1.87864165302597,-0.113983673844699,0.0426503605096774
"17233",-1.8059679854533,-0.161986500274971,0.140016558512087
"17234",-1.82559306124031,-0.14607651013497,0.18770069046724
"17235",-1.85116180954511,-0.155266314683732,0.149047460297179
"17236",-1.97440887250849,-0.117944308344228,0.0807254720741006
"17237",-2.01024455041651,-0.0939994717953202,-0.057507595071398
"17238",-2.03407763785586,-0.113690621572349,-0.149857889877594
"17239",-2.0223698578109,-0.103577066535252,-0.133719369392286
"17240",-2.00887769242584,-0.081958103187036,-0.152301197991252
"17241",-1.98807811892956,-0.104304845641629,-0.156275232144394
"17242",-1.99112685230561,-0.118311455675634,-0.11883956881754
"17243",-2.02338176728486,-0.101311368927645,-0.0451997211906769
"17244",-1.98472902362655,-0.102678058675852,-0.0655955715619824
"17245",-1.91892439134754,-0.111463730457093,0.0433192305942411
"17246",-1.8601934347764,-0.180861065852462,0.103214287019153
"17247",-1.89167600030937,-0.118703328840735,0.0596947032882993
"17248",-1.93763999559035,-0.144304123168707,0.0587062858980799
"17249",-1.94225946006479,-0.135509591477767,0.056618198535737
"17250",-1.95556180616177,-0.170293139610133,0.0854725451382118
"17251",-2.01582821554239,-0.106274434766715,-0.00692222653637008
"17252",-2.03115838323447,-0.119879808822572,-0.134538422371947
"17253",-2.00893495827263,-0.113549626506873,-0.110682475504922
"17254",-1.96560211196668,-0.127162282553741,0.0276408078027204
"17255",-1.99355811476905,-0.118135870720535,-0.105393097356104
"17256",-2.03244216903644,-0.116029609268607,-0.104951640046351
"17257",-1.97313591186907,-0.124254921317742,0.0415347836735206
"17258",-1.97279471162891,-0.150333707812494,0.059928967358003
"17259",-1.99636308499777,-0.16978261942019,0.0846581476085506
"17260",-1.96136963667828,-0.146642868910053,0.0740342406750286
"17261",-1.96799781179704,-0.149948690202844,0.0677021486859292
"17262",-1.99743148511754,-0.130396830425556,0.0228045168578797
"17263",-1.99518958343925,-0.121755526358108,0.0383283836382167
"17264",-1.94374288385498,-0.13483829011744,0.0688219999024234
"17265",-1.96757407034688,-0.147020073129885,0.0602839600146078
"17266",-2.02482869265487,-0.126895096546894,0.0351368143484027
"17267",-1.97737302262493,-0.154218207270507,0.068977679318659
"17268",-2.02356558147143,-0.15595122886912,0.0683183763633864
"17269",-2.04342082772316,-0.117970247496626,0.0379381247447775
"17270",-2.00896261999377,-0.110829630971022,0.0426782681135005
"17271",-2.01356682566546,-0.157270072952096,0.0602988816115742
"17272",-2.08052306624488,-0.101126015552134,-0.0287851901143051
"17273",-2.05718069716335,-0.150282198408736,0.0561269400034888
"17274",-2.08745459475681,-0.13979557564246,0.0477781094081071
"17275",-2.05432716275722,-0.162865392063263,0.086975643166065
"17276",-2.06273208706401,-0.154196702740066,0.0494138271791839
"17277",-2.03974112525277,-0.133892990753663,0.0522535840930676
"17278",-1.97506495447293,-0.159104830621466,0.110951807526669
"17279",-1.96191463654344,-0.155002627599733,0.0669770651214256
"17280",-2.05541998758676,-0.113785236353592,-0.0853689662673341
"17281",-2.120269605592,-0.129623790335329,-0.159902770375171
"17282",-2.06008878482722,-0.118999007402621,-0.103596648824292
"17283",-2.05252222663118,-0.124578728875239,-0.134876967978768
"17284",-2.08395543746666,-0.113371079892554,-0.112623562558961
"17285",-2.03119741757599,-0.120854377231015,0.0347354155144042
"17286",-1.97498092237557,-0.142583187880637,0.0603530841589691
"17287",-1.96985915657247,-0.135517517058983,0.0561371695721462
"17288",-1.98956704454339,-0.146805134884805,0.0530357471348981
"17289",-1.99854068626808,-0.104837048986807,-0.0105538246821495
"17290",-1.98876790995113,-0.115307750448968,0.0431090593027602
"17291",-1.90331718656123,-0.166603485460522,0.131086115768601
"17292",-1.92012364865115,-0.162678418861133,0.099463410987427
"17293",-1.94423498333861,-0.133084011232742,0.0436974277721365
"17294",-1.9873294952943,-0.121130061955232,-0.131347139536664
"17295",-2.03783278571766,-0.119001312552408,-0.128892478834199
"17296",-2.05219672712865,-0.119780355312094,-0.109078525286697
"17297",-1.94319165412617,-0.126609922027867,0.0548087812191474
"17298",-1.87159792035112,-0.111195972590636,0.0508188444151773
"17299",-1.86449856033012,-0.0903374209880802,0.0186704031993443
"17300",-1.87583283677537,-0.0858956184209423,-0.115119683741436
"17301",-1.93008229678234,-0.0574505291392086,-0.149364318055903
"17302",-1.97366889854012,-0.0784847300511751,-0.131012519876375
"17303",-2.02592408447121,-0.0975016006644425,-0.0029094942063232
"17304",-2.02386208888135,-0.158855481347535,0.0668552309366587
"17305",-2.01729547466888,-0.1689780351724,0.0851038438621435
"17306",-1.96820030573229,-0.175847770869475,0.121549370279816
"17307",-1.95823104882214,-0.160970692330006,0.103076173179337
"17308",-2.01163738653055,-0.0988466033067179,-0.0109181078483836
"17309",-2.01820919644286,-0.116812159728791,-0.143010037000341
"17310",-1.97516098425024,-0.113753107239445,-0.144252837885647
"17311",-1.96106278198693,-0.089442895128451,-0.134462695610529
"17312",-1.87819770315131,-0.106255135824261,0.0450487644315044
"17313",-1.86556288151422,-0.11653716914115,0.0559829105848825
"17314",-1.91874857381187,-0.136432157361135,0.0729645019720479
"17315",-1.96515358591327,-0.149921162947328,0.0940655196207167
"17316",-1.9522516706011,-0.166649213151448,0.193648954606491
"17317",-1.94152175269608,-0.138533783456697,0.229004323728997
"17318",-1.91218185514651,-0.143323623327371,0.167024848801786
"17319",-1.93372700678204,-0.123021558262835,0.0579015248458212
"17320",-1.96152657608034,-0.0924977231599417,-0.0589221859455413
"17321",-1.96907863517261,-0.0895006127069509,-0.149200847773772
"17322",-1.9594830348321,-0.104039412860812,-0.156581660270336
"17323",-1.9678009522214,-0.106483781067708,-0.151790522945438
"17324",-1.89586049176085,-0.104497939885206,-0.0834783961748246
"17325",-1.93187485134303,-0.0896150792368062,-0.044665970540987
"17326",-1.98419490734772,-0.111989022228111,-0.100953053975184
"17327",-1.9474507275962,-0.113662339786598,0.042448066412597
"17328",-1.93870988238319,-0.140630441004416,0.0849162824226546
"17329",-1.87458932642689,-0.182611488041019,0.144448504019726
"17330",-1.93646720382677,-0.120517318637766,0.0522500589572706
"17331",-1.93965997439236,-0.123611110149248,0.046040711694055
"17332",-1.85936437712604,-0.164148012758175,0.14677944477974
"17333",-1.89780108897035,-0.160541263432939,0.107663396003365
"17334",-1.99104078466752,-0.109792717552499,-0.0750438260767427
"17335",-1.99660480129989,-0.122970177560563,-0.146756641634967
"17336",-1.98431871119314,-0.1035867633382,-0.0671379875541053
"17337",-1.95037662781049,-0.122859813367348,0.0496248874971746
"17338",-1.90754708853327,-0.151091787488741,0.0711565917097524
"17339",-1.9122809043723,-0.123297024458071,0.055211095049652
"17340",-1.91727372744708,-0.110040445646145,0.0168223494920094
"17341",-1.90687321395965,-0.165296838163133,0.0879294281335485
"17342",-1.97931407200107,-0.106221982714668,-0.0676259566329271
"17343",-1.92631345023608,-0.11778903238525,0.0495482615410061
"17344",-1.97595636167483,-0.114247220349615,-0.13026554616655
"17345",-1.95652718395468,-0.111577054795255,-0.150949385247515
"17346",-1.97931372948119,-0.112342713653962,-0.154328385747749
"17347",-1.97175066390552,-0.105982120311169,-0.152352323110497
"17348",-2.00167155009539,-0.0980432110049865,-0.153221619284989
"17349",-1.95404892840575,-0.120609141653235,-0.134480929304601
"17350",-1.95605363495169,-0.114252154384357,-0.110156083684114
"17351",-1.96142659349393,-0.107977027993185,-0.0859696674115308
"17352",-1.89610766865223,-0.116230421490518,0.0502718633266802
"17353",-1.88485400800246,-0.138121971499575,0.0644918061886616
"17354",-1.89835893468024,-0.155695154320806,0.0798987217250327
"17355",-1.89041478997606,-0.158879747744593,0.116533954927429
"17356",-1.84987320568253,-0.157399909016954,0.121693212029256
"17357",-1.83995078841135,-0.174465667448351,0.131924631051456
"17358",-1.87736092978441,-0.115735376984956,0.0626098550907057
"17359",-1.88680517309338,-0.163098484828173,0.111866547976842
"17360",-1.87059988863742,-0.169491373647054,0.145830022391593
"17361",-1.87862001852768,-0.190544651302515,0.158806498449919
"17362",-1.89300642433855,-0.17023268506956,0.138671487961766
"17363",-1.86886192623075,-0.160890535941628,0.0936969039270083
"17364",-1.85067145560804,-0.157356550010697,0.102615595696068
"17365",-1.92638470104721,-0.0931301654182522,-0.0235245896590221
"17366",-1.91785508695732,-0.0871047771422961,-0.0429228158426
"17367",-1.88728782080486,-0.0927895334293179,-0.060180982664287
"17368",-1.86306953553372,-0.0875406435955811,-0.058921299029048
"17369",-1.83823589313925,-0.114317908394002,0.0316395691926398
"17370",-1.88112370546168,-0.106814632446836,0.0434849820006089
"17371",-1.93806686851837,-0.10151804825815,-0.0200853255315004
"17372",-1.9541260953936,-0.107628888068018,-0.0833041329654378
"17373",-1.88962492262211,-0.119139447298842,0.0241202899002439
"17374",-1.92344821136955,-0.0981626872467307,-0.0735095272025586
"17375",-1.86624260082212,-0.0858211077447917,-0.00835259101906255
"17376",-1.77969749774271,-0.177683412571387,0.159875718968166
"17377",-1.80416815644627,-0.154639249365859,0.146147156190482
"17378",-1.83602701802527,-0.153961372726344,0.142586051890053
"17379",-1.9123821153445,-0.135727925299814,0.0676791922180249
"17380",-1.96658164204265,-0.101837405619365,-0.0173870347263772
"17381",-1.92874176275695,-0.116630260581341,-0.11176248895383
"17382",-1.92671093720485,-0.117505648587824,-0.13372173117772
"17383",-1.94992626346168,-0.113767641194459,-0.107169993785404
"17384",-1.95684285146253,-0.107118940880177,-0.0793085779286166
"17385",-1.926798102364,-0.11864262614558,0.0281215821150126
"17386",-1.91539694889507,-0.12233206581253,0.0247236049204298
"17387",-1.87543321152344,-0.118903970313396,0.0327539371521601
"17388",-1.86266758042486,-0.114339423757958,0.0338647928280894
"17389",-1.89745358198817,-0.116237718213019,0.0369748695650663
"17390",-1.94149755012,-0.0975935096442432,-0.0113253525533536
"17391",-1.99260596213,-0.112229478402244,-0.0857312516007968
"17392",-1.88084157959956,-0.178004000340409,0.129271873114193
"17393",-1.93785106466399,-0.130227923292199,0.0627996648227821
"17394",-1.98621072458316,-0.121402958678489,0.0465791804835226
"17395",-1.92603562558858,-0.188925280301863,0.140800147725296
"17396",-1.85642673126815,-0.173900805540144,0.175100993559552
"17397",-1.86058661846266,-0.15079714317617,0.138211089613368
"17398",-1.94841562677126,-0.107457677053311,-0.119290595467934
"17399",-1.93912838363201,-0.107034837808083,-0.155467547818405
"17400",-1.98824589565437,-0.0975442561111229,-0.155709893053795
"17401",-1.97033374287563,-0.115605938881397,-0.138143945521927
"17402",-1.94941254274579,-0.119604634916024,0.0346901650917162
"17403",-2.02540715521061,-0.116430565256721,-0.119052088602665
"17404",-2.02043880176282,-0.105894000804102,-0.0640592810311798
"17405",-1.98425897188476,-0.125939421012204,0.0368557304362963
"17406",-1.99833107738677,-0.110144252471939,-0.0680656170673184
"17407",-2.01388049834177,-0.114803383761513,-0.111383301002768
"17408",-1.96202485536834,-0.113240983537852,0.0196231902130685
"17409",-1.94091048578512,-0.098940060313385,-0.065725536833025
"17410",-1.92967816156498,-0.109434711068909,0.0361305531531335
"17411",-1.92235554213066,-0.0921294947986673,-0.0189008600094628
"17412",-1.82493652527975,-0.14288084035529,0.0957843262253267
"17413",-1.77154456729707,-0.152123164114086,0.138561654434782
"17414",-1.86108158725852,-0.108505790670548,0.0231793012657688
"17415",-1.82898261103901,-0.115015472783299,0.0318426482642978
"17416",-1.84702743882732,-0.0917173255923698,-0.0186068929200465
"17417",-1.84424496611014,-0.087005742850551,-0.0249442474836844
"17418",-1.85894393906152,-0.0902304576762285,-0.0735062981093309
"17419",-1.87230773320986,-0.0988274230221615,-0.0893214981025819
"17420",-1.83184758996913,-0.114894457232553,0.0277315345435886
"17421",-1.82824815164547,-0.113418422191752,0.0413837299411117
"17422",-1.81943073538006,-0.141703093159673,0.0842738368672061
"17423",-1.82350293055398,-0.140461840028775,0.0935421008205482
"17424",-1.857999135413,-0.109487345092935,0.0324239681514539
"17425",-1.88868806735714,-0.0963159360493801,-0.0203106343323179
"17426",-1.90636274186835,-0.113393685988267,0.0216753091144812
"17427",-1.93829207052694,-0.101507275143126,-0.0209694806691276
"17428",-1.94341150723111,-0.117259441019692,-0.149509054501149
"17429",-1.89935517243943,-0.092517445093523,-0.0625542321363221
"17430",-1.87764703477206,-0.0945245453219323,-0.0131410090712512
"17431",-1.86783581030603,-0.0921466299563922,-0.00880792272745044
"17432",-1.86970334176068,-0.0966808916490025,-0.101042644239167
"17433",-1.83215187882471,-0.0916397963510108,-0.00682231900252716
"17434",-1.807909760132,-0.110461992846929,0.0338902056874702
"17435",-1.87307575833799,-0.0878560448742939,-0.0951028698683639
"17436",-1.84795049040896,-0.103126197813379,-0.106380030290093
"17437",-1.86299869640996,-0.0911648123819934,-0.0730022893527615
"17438",-1.82388256642351,-0.104363961550309,0.00909981472771686
"17439",-1.80288816498084,-0.136535988674465,0.0716351333148082
"17440",-1.79870436143126,-0.150775959629569,0.111077063440139
"17441",-1.77506941134542,-0.171376313167797,0.160378447189538
"17442",-1.76239345741008,-0.170443932726298,0.156285249035429
"17443",-1.90213955477634,-0.081265392857638,-0.0425735877785605
"17444",-1.93966315457137,-0.08560232020144,-0.0190567282512176
"17445",-1.95430695923076,-0.113223330432455,0.00824816528486987
"17446",-1.91878342827465,-0.149034861801817,0.065375417767437
"17447",-1.95019199955003,-0.125033930711725,0.058433388933227
"17448",-1.90760452580879,-0.17520813706408,0.133939502984238
"17449",-1.886099568968,-0.166263786448917,0.142838531409279
"17450",-1.82654507259039,-0.156043081376927,0.146196784318792
"17451",-1.8524195406644,-0.152136290021789,0.10586287541819
"17452",-1.91223257518981,-0.124204985761321,0.0442164370451135
"17453",-1.97767550066054,-0.114267747411247,-0.126179438616167
"17454",-1.96960048182626,-0.117193073550435,-0.113520004438207
"17455",-1.94284984078837,-0.114245300928551,0.033229364363091
"17456",-1.9370158538061,-0.0873147102422204,-0.0140405841915325
"17457",-1.90696914370836,-0.112468041831906,0.0482873293563789
"17458",-1.88862358503669,-0.118160155472775,0.0439303926231893
"17459",-1.87564601373326,-0.11541960247855,0.0361781374629998
"17460",-1.81870158254396,-0.108948064072064,0.0483863960655008
"17461",-1.83824448406691,-0.074100184319052,0.00119284601295945
"17462",-1.83335096786699,-0.0932112063611007,-0.00720536859340101
"17463",-1.84743091156599,-0.111219885174297,-0.141222780386508
"17464",-1.89584122304307,-0.112421432617627,-0.143070740379015
"17465",-1.86212776547378,-0.113984426977718,0.03124133082912
"17466",-1.82311089418019,-0.103564581945176,0.0484829719774085
"17467",-1.84949037286535,-0.112904507478264,0.0448705719255944
"17468",-1.85312700592701,-0.115955578222151,0.039494786801097
"17469",-1.86831585388031,-0.118161398836998,0.0282325032812847
"17470",-1.84461606365125,-0.106883626858777,0.0269692596786017
"17471",-1.84431956652995,-0.101997267677223,-0.101544875013111
"17472",-1.85175679782653,-0.089650219283732,-0.0241378485385237
"17473",-1.90138024129279,-0.102555526083872,0.00337141150828487
"17474",-1.89682240233596,-0.118842981821285,0.0469250621795851
"17475",-1.86791906977519,-0.111551318790872,0.0330149979741504
"17476",-1.8004295424978,-0.0938838740193922,0.0347618011421772
"17477",-1.82279522406996,-0.0836534940741713,-0.076735976204806
"17478",-1.85751785361475,-0.0982034614674337,-0.132533291285857
"17479",-1.87134895087357,-0.0976344284423139,-0.0959619210004371
"17480",-1.87678049248391,-0.0792352413037762,-0.0249027389636942
"17481",-1.87580861454346,-0.0739458345754943,-0.0408313885646774
"17482",-1.84356523015124,-0.101214644427656,-0.129901777978923
"17483",-1.7998470110029,-0.0842820428864516,-0.130816090313648
"17484",-1.74308039592005,-0.0738028982540139,-0.0611162823409623
"17485",-1.76889816331957,-0.0919679489288664,0.00927085147507678
"17486",-1.80089287580064,-0.120023229384871,0.0808751286425286
"17487",-1.8525682183715,-0.128727725116555,0.111049643382686
"17488",-1.85032132533621,-0.168149738206324,0.161813759541829
"17489",-1.84092489888487,-0.15714637754698,0.143237178000551
"17490",-1.7964789116003,-0.14331014048075,0.102632269387779
"17491",-1.78420375928817,-0.0766572524604223,0.00674106031880788
"17492",-1.82928514728716,-0.083024172297366,-0.144134548179623
"17493",-1.93862105716408,-0.0557288686755445,-0.151517258661326
"17494",-1.88042416760775,-0.100733317663473,-0.126634777364588
"17495",-1.82069684890625,-0.0770803312525316,-0.0534128369439526
"17496",-1.81134502467482,-0.100764455001151,0.0162669818682913
"17497",-1.84832365422939,-0.11705413642233,0.0139852197838668
"17498",-1.8388659579452,-0.113450203089916,0.0552863111766261
"17499",-1.9091810753744,-0.157695873538379,0.0896248781576124
"17500",-1.92257852288371,-0.119340749039901,0.0399769046493476
"17501",-1.89611323354365,-0.1140144300688,0.0580514965473622
"17502",-1.87109536185389,-0.150954053252334,0.0962640884082234
"17503",-1.89396871270926,-0.128399856534159,0.0430584423439548
"17504",-1.89994629007376,-0.0995187153123091,-0.0857986461171216
"17505",-1.88866683555324,-0.11476728088187,-0.131604485709797
"17506",-1.8356349152448,-0.0938762919973202,-0.0116551294488405
"17507",-1.77602004090015,-0.0991961499326212,0.0356144216776522
"17508",-1.79612315817344,-0.102265362619085,0.0325993564234916
"17509",-1.85498946438469,-0.0811064535617194,-0.03217638759478
"17510",-1.90018693407873,-0.114867311648267,-0.125896673109703
"17511",-1.91441072909129,-0.110016235731844,-0.109277692632574
"17512",-1.891362155421,-0.0888709668745266,-0.0275260077647506
"17513",-1.90225952713683,-0.111563148310762,0.0216629383320257
"17514",-1.85770421333158,-0.157810231683722,0.0995173850485768
"17515",-1.78258893018453,-0.149955692520854,0.14467098675342
"17516",-1.76285382148547,-0.155899777681909,0.134250060864566
"17517",-1.78072055549346,-0.115514814708867,0.0418110332043089
"17518",-1.81049070924595,-0.0737366000465825,-0.0525738032930819
"17519",-1.82419349640984,-0.103519720686508,-0.14503837723608
"17520",-1.87253881228796,-0.0915460666125313,-0.141183499023864
"17521",-1.85046578178435,-0.101023807043038,-0.0875394716384538
"17522",-1.82617332317336,-0.104792004764235,0.0445770730040912
"17523",-1.85605170145516,-0.0815002318101288,-0.053312597127285
"17524",-1.83915755710578,-0.0918715659154641,-0.0134824578432751
"17525",-1.85598154360928,-0.0919155694815767,-0.0882983227653951
"17526",-1.8298741749438,-0.0795563259129797,-0.0141960135949681
"17527",-1.83261499698817,-0.0653257143901775,-0.0162821242204473
"17528",-1.83657358995479,-0.0864360784308816,-0.11280453051886
"17529",-1.80425996796072,-0.0913709043990745,-0.122713115973428
"17530",-1.79503907427878,-0.0970122428576766,-0.133213200634391
"17531",-1.82144110338414,-0.0948810772394043,-0.0987277636078958
"17532",-1.80970617716227,-0.115388266609622,0.0375106720518255
"17533",-1.83824953817991,-0.064841978216114,-0.0368460121207718
"17534",-1.72831279112308,-0.13485784669406,0.0925011156228766
"17535",-1.7128564020285,-0.0914617036057911,0.0587950805468703
"17536",-1.75611815036421,-0.0839025806439081,-0.0843884798445815
"17537",-1.77923441481795,-0.0962321613044434,-0.105155812576795
"17538",-1.81969790422388,-0.0825507888538188,-0.070954566578146
"17539",-1.79046726572882,-0.113803129170605,0.0195274645217172
"17540",-1.76697548476088,-0.103209531497809,0.0284943557993357
"17541",-1.79997154027445,-0.0872676109045451,-0.020409419482057
"17542",-1.7742539171377,-0.110893464387469,0.0380020787486626
"17543",-1.80178537625341,-0.112548967403223,0.0359982278253262
"17544",-1.81684254872311,-0.0881389397415394,-0.00209887159109935
"17545",-1.84679787082964,-0.134715295257527,0.0919430666931445
"17546",-1.89474693405008,-0.114377204661185,0.0584591216434754
"17547",-1.84349371455354,-0.164689846181876,0.138144841206061
"17548",-1.85851847884052,-0.124745966889952,0.0606025138917743
"17549",-1.93222047679278,-0.102993199015071,-0.128370306182948
"17550",-1.91404486718787,-0.0986426379276951,-0.152419080845769
"17551",-1.87464238388654,-0.100674066128291,-0.152594800893091
"17552",-1.89183705862174,-0.0984646755685669,-0.149836021901119
"17553",-1.92184033840115,-0.102248914370143,-0.14340040378251
"17554",-1.88756249009046,-0.0937564422918825,-0.00768841347547838
"17555",-1.82662635633689,-0.146014797350573,0.100762014420119
"17556",-1.86108153129896,-0.113936509970909,0.0599156815723301
"17557",-1.8819520765234,-0.118869397738885,0.0427211742301801
"17558",-1.87950836049032,-0.112804068343051,0.0466756531794331
"17559",-1.84899859009876,-0.149067525233239,0.105921869454205
"17560",-1.91734220174884,-0.0788717267107277,-0.0332734379006701
"17561",-1.91187908996951,-0.100287519780001,-0.122115935407979
"17562",-1.95712576364028,-0.0918713290944007,-0.135800319168225
"17563",-1.9080081540537,-0.114195214354883,0.0262067966410094
"17564",-1.89503943311387,-0.0938425178769438,0.0576057765619387
"17565",-1.84775942932734,-0.154955863966025,0.0938125694352577
"17566",-1.9139934482715,-0.113714339401712,0.0260473650148804
"17567",-1.82785393409478,-0.145523483419348,0.151867205771326
"17568",-1.87355041875618,-0.0997630561322042,0.0476139687368152
"17569",-1.87946038953049,-0.112799734745312,0.0385550356241401
"17570",-1.91761199389534,-0.119828997527016,0.0345641622464311
"17571",-1.89765127927402,-0.120562570396676,0.0507673224535248
"17572",-1.88047744392841,-0.156619232057579,0.105414278151219
"17573",-1.89384194003139,-0.128636207051846,0.0417579580466347
"17574",-1.90765873137854,-0.0912533529198553,-0.00709718115235132
"17575",-1.93100019716479,-0.10211599562355,-0.142310121721331
"17576",-1.88082782917465,-0.107624075104234,0.0146793226616581
"17577",-1.87340544611905,-0.113520822753589,0.0363766154854702
"17578",-1.83137435784306,-0.112735609203778,0.0414599129526528
"17579",-1.81358529386788,-0.103780670695942,0.0178010664352305
"17580",-1.82600569514098,-0.0892318178929258,-0.00818778067024618
"17581",-1.8748147817631,-0.0955929419391973,-0.0907256951937847
"17582",-1.86570073230188,-0.0984499493238675,-0.000255155790341039
"17583",-1.8493367150369,-0.115940276543767,0.0495694565357265
"17584",-1.84350018948916,-0.191361866894579,0.152938470410093
"17585",-1.81152776601227,-0.132710987918485,0.162287636936512
"17586",-1.84322721827658,-0.122787092125461,0.0432041555142548
"17587",-1.8364520107642,-0.0840588273656274,0.0155583850992085
"17588",-1.81473460419266,-0.0784850062115871,-0.0808891446939916
"17589",-1.82730298641555,-0.0900380898183872,-0.145088318943165
"17590",-1.79416151843897,-0.0978237995413588,-0.127872683080728
"17591",-1.85466916441493,-0.108182362345735,-0.134641681087883
"17592",-1.90663736491878,-0.0896067864362907,-0.0968115832371936
"17593",-1.86404352367231,-0.138476307813346,0.068680689867084
"17594",-1.78575980318542,-0.171298712611802,0.103541283959534
"17595",-1.72665174733714,-0.146661403063974,0.138592572716395
"17596",-1.81672068264718,-0.104410459050217,0.0452799451515587
"17597",-1.80919768982827,-0.092522546374619,0.0266447394257308
"17598",-1.80401623238963,-0.0732550456470766,-0.020471098599985
"17599",-1.84154416003566,-0.093098911148934,-0.0841458486356375
"17600",-1.84917018973342,-0.107592130538994,-0.131962788791223
"17601",-1.86033198193795,-0.101723703164632,-0.145367664208384
"17602",-1.89774168768377,-0.0903846444724202,-0.142167238532082
"17603",-1.83652847989356,-0.0775284725608114,0.0239723995358858
"17604",-1.71033992145946,-0.155989877077736,0.102189680246476
"17605",-1.73298227545493,-0.115299077793332,0.0671804455180973
"17606",-1.73873429250331,-0.107977121106089,0.0420109600306433
"17607",-1.7772335544819,-0.0865238378039414,-0.00132325185089378
"17608",-1.74536753926618,-0.104519822551603,0.0478416667673303
"17609",-1.78787903401262,-0.0917612798293112,-0.00642063511269416
"17610",-1.73022764602052,-0.145556968314637,0.0959405895436099
"17611",-1.76308668121214,-0.0926550726635862,0.0439281292968864
"17612",-1.7974054595534,-0.0672074936910658,-0.0850844327785212
"17613",-1.84721086230719,-0.0735798289932533,-0.151514067489282
"17614",-1.85926004556339,-0.0865616678654409,-0.14956681375417
"17615",-1.89329467700183,-0.0827797763642644,-0.152305835392107
"17616",-1.90085612899721,-0.0910910588966489,-0.146726493642451
"17617",-1.83836154257132,-0.104943216998435,0.0145871078041325
"17618",-1.72237625885297,-0.143304816970849,0.139760073690389
"17619",-1.71819801093611,-0.141474088319118,0.131813418654548
"17620",-1.77251936168483,-0.0682465350510907,-0.00629168425590181
"17621",-1.72555170846146,-0.135650361953998,0.0980810673383785
"17622",-1.70581122521206,-0.126059370370654,0.123048175250525
"17623",-1.69362605988751,-0.0760875150894125,0.0582227769839124
"17624",-1.69593651205626,-0.0743018034610687,0.00659662273927685
"17625",-1.69877190465742,-0.0850483869851105,-0.00123265280335742
"17626",-1.75799983901614,-0.0755424908967581,0.0492799449984374
"17627",-1.82049325445616,-0.0766920764770626,-0.0571960648635077
"17628",-1.77549905056707,-0.111489196940351,0.0314078392706456
"17629",-1.75425180784699,-0.0947522533676503,0.0227394961624324
"17630",-1.76316615585855,-0.10268177767934,-0.138552264263531
"17631",-1.79854004203199,-0.0946856288386792,-0.131997804480505
"17632",-1.79875159250107,-0.0939596844773853,-0.13544744244027
"17633",-1.82322264407871,-0.0825304722566192,-0.14243832580825
"17634",-1.79667834862291,-0.106806124484373,-0.1372605767881
"17635",-1.80143332892454,-0.0898163699198328,-0.0861050358088201
"17636",-1.88286058833478,-0.0929531025007621,-0.141424452937875
"17637",-1.84519171719336,-0.111403839465539,-0.139577742452045
"17638",-1.79410838108978,-0.0720795030092437,-0.045859227339706
"17639",-1.7345731794632,-0.0651862866300957,0.024288880297924
"17640",-1.7166850094472,-0.049276488235474,-0.00442975228436823
"17641",-1.7386885833101,-0.0886823244665459,-0.142653179962317
"17642",-1.75645921240062,-0.083133247347331,-0.135141591643103
"17643",-1.71951489558768,-0.0884372111463625,-0.106167562656006
"17644",-1.71640885830001,-0.0892185831204752,-0.104373947005456
"17645",-1.73979551255519,-0.0855218918052856,-0.100933504991742
"17646",-1.70536287684128,-0.087336519961611,0.015424653811744
"17647",-1.70940283283864,-0.118134397851426,0.0623112823937571
"17648",-1.76399612025655,-0.0842211026536029,-0.0170209029086775
"17649",-1.75953618813581,-0.118393517969185,0.0391527975364687
"17650",-1.76130224117088,-0.137865080764066,0.0865688120837554
"17651",-1.79984257263116,-0.111501510234231,0.0514673795345784
"17652",-1.83685633906338,-0.113952327481585,0.0407567622993473
"17653",-1.81936759184093,-0.104124246211633,0.0558917700885236
"17654",-1.81598165824972,-0.0825727478181825,-0.0950251346233546
"17655",-1.79537388243012,-0.0855143889203115,-0.0857163626969704
"17656",-1.84433188153084,-0.0835693878995489,-0.130915637463018
"17657",-1.8403223828878,-0.0883450448651972,-0.148514585638591
"17658",-1.8167700194209,-0.0711051346687888,-0.146679369740877
"17659",-1.74515871393246,-0.0670604215286601,-0.122457601596437
"17660",-1.69819886144507,-0.0510284691025926,-0.0351337643777621
"17661",-1.67039445299203,-0.136302660886655,0.0863793777227232
"17662",-1.7517836813142,-0.126033700114677,0.0589490280465609
"17663",-1.73175430208024,-0.146960747779607,0.0954876775855556
"17664",-1.73423960160515,-0.10715493774069,0.030779979514383
"17665",-1.7388999173668,-0.0883813667772988,-0.00385309836233884
"17666",-1.76009521922362,-0.0759731053275992,-0.0141785730661874
"17667",-1.75942327258391,-0.080733034960431,0.0187373580264972
"17668",-1.76529399580398,-0.0790880025483282,-0.0216087144403371
"17669",-1.75995761556848,-0.0795484929302315,-0.0135069918651318
"17670",-1.73603682789149,-0.102245345619794,0.0295406332116342
"17671",-1.74807249524845,-0.112668916983921,0.0414042102860089
"17672",-1.79584503370703,-0.068038177252403,-0.0383895346357317
"17673",-1.8000306468499,-0.12491244489915,0.0496053671554905
"17674",-1.82656315588939,-0.150282148165196,0.0897912292700285
"17675",-1.75167922737842,-0.184715879750893,0.165932399101816
"17676",-1.7469984448129,-0.152746821856014,0.140141918501521
"17677",-1.76670176675651,-0.103451198096966,0.0480531968711993
"17678",-1.77449164614687,-0.0849180121410335,-0.00230590769412853
"17679",-1.78229052177285,-0.0830380483729708,-0.0105598209143513
"17680",-1.77247459172883,-0.102871694317977,0.0353548552408143
"17681",-1.80011748505276,-0.0803214989778496,-0.00231626759534503
"17682",-1.77900269376785,-0.149937791479781,0.0921774057958072
"17683",-1.78457755490622,-0.151029310004553,0.122224994259747
"17684",-1.77164603543577,-0.146336364538334,0.0913421321194766
"17685",-1.79793592353979,-0.105609414428746,0.0498464502967032
"17686",-1.81332232472129,-0.110411526607852,0.0493412381061233
"17687",-1.79924895209068,-0.154636844185861,0.0950491031521851
"17688",-1.8022077616386,-0.105596864656721,0.0295543462059934
"17689",-1.81364669940511,-0.099918320295473,0.0400766609245274
"17690",-1.84925714296082,-0.0920850480074899,-0.00804439917140227
"17691",-1.94120189217915,-0.115698573200575,-0.131246415577216
"17692",-1.9526659377588,-0.114253212800482,-0.140985607763432
"17693",-1.85282168626161,-0.122557363217553,0.0331752809622523
"17694",-1.79701928100295,-0.103345579548677,0.0496414727439664
"17695",-1.75644837683178,-0.0403797214171874,0.00093985774310935
"17696",-1.74548152063861,-0.066147192081155,-0.0201941476648629
"17697",-1.76915697437605,-0.0949026826040805,-0.115612399227851
"17698",-1.69194896833485,-0.149458052263874,0.127616767540017
"17699",-1.68102578843105,-0.137200916042559,0.150948380299026
"17700",-1.69050663361928,-0.148279547454287,0.131133764658646
"17701",-1.71655869353377,-0.107698922576901,0.0429093837736374
"17702",-1.73905049714986,-0.0826194944317192,0.0387943056849837
"17703",-1.78425234291284,-0.0866090288669405,-0.0810109259799746
"17704",-1.788422385317,-0.0789223542878969,-0.0793923084610653
"17705",-1.79572855319329,-0.0936224964090885,-0.145943920124343
"17706",-1.75355553638245,-0.0911243823372848,-0.123234081570989
"17707",-1.73502478546105,-0.0820444277895654,-0.121422369124891
"17708",-1.71262025327933,-0.0748670123544509,-0.0947253720469321
"17709",-1.71134254381279,-0.0820579011712538,-0.09436275645319
"17710",-1.69581103245872,-0.0766104613109723,-0.0140562978400856
"17711",-1.72437514081018,-0.0791486111988146,-0.0145862705211116
"17712",-1.78605059699116,-0.0872227239199838,-0.0928116869093898
"17713",-1.75097915571721,-0.0769904577600701,-0.0149159439723358
"17714",-1.67294706809866,-0.105337399394501,0.05596535514022
"17715",-1.59980120306669,-0.0979721485873943,0.096864417231499
"17716",-1.6587088634836,-0.0555247349543554,-0.0632816748729959
"17717",-1.6820460591961,-0.0721608732697423,-0.115222337639401
"17718",-1.69276431422665,-0.0736212749966744,-0.136119380807125
"17719",-1.72843898913343,-0.060016121325602,-0.132857681158865
"17720",-1.74481642283235,-0.0404510171552019,-0.139835459302342
"17721",-1.72746369461598,-0.0525699313002509,-0.140641353731203
"17722",-1.7038210158118,-0.0852936706761666,-0.108069392420456
"17723",-1.64792304516106,-0.106249454719826,0.0808319979548073
"17724",-1.5905999322792,-0.135771891749353,0.165680620522788
"17725",-1.5995946028206,-0.136002406160964,0.165777817933235
"17726",-1.66369228817694,-0.135346491344355,0.111648493522679
"17727",-1.7322192827933,-0.066985158661738,-0.00265142632857247
"17728",-1.7326535803916,-0.0886325466395483,0.0470476035783755
"17729",-1.72150095388241,-0.120650613299761,0.0590809503920301
"17730",-1.75418862106794,-0.118151237651649,0.0440486885974502
"17731",-1.78777203769701,-0.0811124600180557,-0.00465069147132263
"17732",-1.71140481044369,-0.14060317046069,0.124680492558483
"17733",-1.72143504455514,-0.105674283941608,0.0383578493991302
"17734",-1.7268746230736,-0.125384363990147,0.0534360142615594
"17735",-1.71445265237031,-0.149078066196713,0.10934201690816
"17736",-1.74275833986885,-0.107981665118024,0.0322843257414324
"17737",-1.74522709133691,-0.0876097967676237,0.0148488920375171
"17738",-1.75934681649682,-0.0996731063703373,-0.135147219201239
"17739",-1.74340216461797,-0.0838608525173117,-0.084841900444113
"17740",-1.7244847257666,-0.0739572292592513,-0.0156069098238651
"17741",-1.73539758955763,-0.100783241319955,0.0389960582195166
"17742",-1.79833928494481,-0.0846592910296637,-0.0706779221596134
"17743",-1.80191473702017,-0.0820995868740978,-0.012307189867358
"17744",-1.71849602172006,-0.137084713263397,0.121499607664866
"17745",-1.69143344954234,-0.101184280609681,0.059753407957681
"17746",-1.65621146065038,-0.123933179541903,0.136696774725016
"17747",-1.73567847903959,-0.0667213240738842,-0.0042676299330697
"17748",-1.81326566758148,-0.0719618544170977,-0.028209529667362
"17749",-1.68770903192614,-0.102677896413058,0.0324194412299065
"17750",-1.73712455910043,-0.0609573825927442,-0.0409916036336483
"17751",-1.7577405095402,-0.0961239810607445,-0.143300775962416
"17752",-1.72783831020583,-0.0907538697431246,-0.122897667006403
"17753",-1.72542211947674,-0.0817388862109443,-0.095226832198419
"17754",-1.72917250937477,-0.0615979468748687,-0.0661217558876254
"17755",-1.69368625490503,-0.0733981584922116,0.00337486188932038
"17756",-1.68940687750852,-0.0738970232873422,-0.014202746796934
"17757",-1.68399170636303,-0.112636272668346,0.040234473347977
"17758",-1.71092258276948,-0.115848289238382,0.040465364240929
"17759",-1.75934777420549,-0.119262157315746,0.0373258769667516
"17760",-1.79009769944708,-0.115934821319877,0.0572934429642503
"17761",-1.74003255331375,-0.155708672767572,0.134173310521611
"17762",-1.71812091416872,-0.146708996700221,0.138513332170409
"17763",-1.67315999936609,-0.138681942347345,0.14825025133748
"17764",-1.6970268212963,-0.0986617494028078,0.0768089465378111
"17765",-1.71892563300735,-0.0773779572305899,-0.0819192711554097
"17766",-1.71751699606495,-0.0785444156577338,-0.136153717830145
"17767",-1.77399254603012,-0.0632505484358466,-0.146423906112092
"17768",-1.78465843949233,-0.0570713418256422,-0.143049990387037
"17769",-1.74279661090724,-0.0625365330371226,-0.132626834221655
"17770",-1.68439563399597,-0.0707877315684916,-0.0744541915575128
"17771",-1.70253351895491,-0.0558909892639883,-0.042746315738002
"17772",-1.63827432428647,-0.143141175849684,0.132418172523802
"17773",-1.66186449293703,-0.139336826997721,0.124899691975065
"17774",-1.66661567854133,-0.139872159422162,0.094193029391068
"17775",-1.70505624954959,-0.0882749748485919,0.0240422041490042
"17776",-1.74199540916139,-0.0817926786119816,-0.121405665470148
"17777",-1.75776342517524,-0.0704097814744034,-0.145146290414568
"17778",-1.72663715834556,-0.0801490275454928,-0.143396381198887
"17779",-1.73246608880382,-0.0780660010336967,-0.126963330901019
"17780",-1.70806736967977,-0.083989699366823,-0.124760929464272
"17781",-1.68937183453045,-0.0560021150045852,-0.0551567705115768
"17782",-1.57919540876976,-0.167877363299557,0.157982000228798
"17783",-1.58747819611389,-0.134038990456713,0.160506260836036
"17784",-1.63820415781093,-0.144167010911927,0.137266417564508
"17785",-1.66794039361526,-0.141501917251033,0.125416268592454
"17786",-1.72735396804184,-0.0592052572681753,0.00102905653522577
"17787",-1.72835630891931,-0.06363265253698,0.0032813609817051
"17788",-1.75644769545672,-0.0822751397022936,-0.143447587909731
"17789",-1.76850199458477,-0.0886072658677816,-0.140385176554343
"17790",-1.78425268540212,-0.0934809244043187,-0.125021492870658
"17791",-1.7350376800675,-0.12847777439449,0.0683081953117306
"17792",-1.71720767121366,-0.165630710177377,0.100853421631597
"17793",-1.63298897819317,-0.127227998638029,0.167594886148907
"17794",-1.62191651427814,-0.101893507590315,0.190810486824584
"17795",-1.67873440336382,-0.139982381979582,0.139160131614488
"17796",-1.70032056743413,-0.095290291182354,0.0446424561848159
"17797",-1.74189834708183,-0.070295763508696,0.00174859652919888
"17798",-1.71076033527902,-0.0569013510691861,-0.037333463315389
"17799",-1.7321251311023,-0.0610078455265222,-0.00365268788207114
"17800",-1.59534394996557,-0.107433306594831,0.0859448081113505
"17801",-1.62530885954022,-0.114043594284314,0.0880013375654832
"17802",-1.57850384262245,-0.142041150767246,0.140415734389838
"17803",-1.60552305532657,-0.133597023941613,0.0909950088876865
"17804",-1.63443028236062,-0.0855585616809286,0.0417268367739001
"17805",-1.62546949379985,-0.0846499394588661,0.0311484739776551
"17806",-1.66694076984619,-0.0702057753531765,-0.0828015614562303
"17807",-1.66165133163377,-0.087748764720361,-0.119654819765197
"17808",-1.65101587249168,-0.0713522865561404,-0.0133636901115318
"17809",-1.69442496250048,-0.0711398134376072,-0.00221955791438268
"17810",-1.74765089519671,-0.0823418186792956,0.00491611774981304
"17811",-1.75649428117241,-0.087279463712612,0.00557482103813066
"17812",-1.7104411234839,-0.152082239975721,0.105342269988864
"17813",-1.66555071303172,-0.15548235317169,0.143057095903491
"17814",-1.65266665438706,-0.140147196131267,0.133136360561909
"17815",-1.69539821560106,-0.113226795268241,0.1043463242687
"17816",-1.69436565278723,-0.138010214485556,0.114948547680181
"17817",-1.77279742973502,-0.107899624534989,0.0336563405800625
"17818",-1.76073031949612,-0.099979292920752,0.02175171581037
"17819",-1.77035474085672,-0.0880496473288117,-0.134934815346057
"17820",-1.74444759502297,-0.0778025180007681,-0.0985633399212669
"17821",-1.79323165751353,-0.0810708389236258,-0.112788406729404
"17822",-1.81426313396785,-0.0930230893487019,-0.144352254256826
"17823",-1.81993102439592,-0.0920228155564554,-0.126181655167631
"17824",-1.7304883442506,-0.129610458956681,0.0865583218879295
"17825",-1.73573453307283,-0.0797020007811983,0.0286672520333727
"17826",-1.64108896153608,-0.129460561887387,0.131684712908783
"17827",-1.71283004712475,-0.0733331115274891,-0.00956372154017356
"17828",-1.73554091008206,-0.0884157058803935,0.0155799907276552
"17829",-1.76666844375079,-0.093132648391021,-0.114140137380567
"17830",-1.77858460141762,-0.0837615929740227,-0.130952280543571
"17831",-1.77043785696068,-0.0859354659457783,-0.122836229842941
"17832",-1.68891142502904,-0.134682831382545,0.0890375499742571
"17833",-1.64046902590929,-0.174817772679871,0.188433302101328
"17834",-1.68072399160781,-0.168366367151088,0.152600690965038
"17835",-1.66705583381579,-0.143843691211959,0.135539898942237
"17836",-1.67321271376694,-0.107687586363546,0.0770704475472294
"17837",-1.7597475178968,-0.0705567725495055,-0.016571977178265
"17838",-1.71768093725459,-0.10156798052079,0.0398748748777837
"17839",-1.71641078097511,-0.0894068497241995,0.0511113878591563
"17840",-1.70106407492854,-0.0932061624325607,0.0496017070200355
"17841",-1.73611039282823,-0.0992052658269657,0.0262908149926242
"17842",-1.75697598263001,-0.0982668992646231,-0.129989083281922
"17843",-1.73911435404116,-0.060441916184952,-0.0333636123063657
"17844",-1.76862471847287,-0.0865255501783025,-0.120593665179274
"17845",-1.75249560531494,-0.0981795811283959,-0.133746773169681
"17846",-1.74633459720486,-0.0860435247679736,-0.0871474129879905
"17847",-1.70640044489584,-0.0848436143303959,0.0121756876101845
"17848",-1.68502700724982,-0.101216866594723,0.0471027549486355
"17849",-1.65949013632845,-0.141908052198272,0.110821121996427
"17850",-1.67578096130205,-0.134727616221898,0.0920204875872017
"17851",-1.64220401178353,-0.0765365051214973,-0.138494531771489
"17852",-1.66647907998687,-0.0626223048064793,-0.136625189100133
"17853",-1.7027830704048,-0.0459247484517932,-0.134458575027958
"17854",-1.68951964150573,-0.0348375334727579,-0.0440921669677231
"17855",-1.64666532264185,-0.136381130259725,0.14105602144205
"17856",-1.58619228723502,-0.148490993739806,0.205629888889198
"17857",-1.60826449997424,-0.133273792269456,0.174935387363243
"17858",-1.64806648251319,-0.14282807297662,0.132511509778926
"17859",-1.71702663444982,-0.0904672943319856,0.0156712948734538
"17860",-1.72538027674139,-0.063966050779427,-0.0319776335517226
"17861",-1.69638967720687,-0.0706725865139,-0.0495056620825485
"17862",-1.6349459508601,-0.0663585158743535,-0.0479189206527681
"17863",-1.65154244160473,-0.0609124197519916,-0.0728461346985428
"17864",-1.67247696032405,-0.0671680354000216,-0.0932003623579135
"17865",-1.70559987104433,-0.079358150942135,-0.10305429534968
"17866",-1.71747278705267,-0.0857827095984098,-0.11243314176464
"17867",-1.74863666562941,-0.0741993726612851,-0.0263228212966312
"17868",-1.72268027830278,-0.0715613669314321,-0.00336569418480587
"17869",-1.63557215482744,-0.116419634061838,0.129875066278169
"17870",-1.63723128597172,-0.0996295422641762,0.0375486851529233
"17871",-1.6528444169654,-0.100907427261462,0.0399943112890316
"17872",-1.67503588334112,-0.0670942269625367,-0.0687772942990058
"17873",-1.72862016288347,-0.0737043109596398,-0.117090611727665
"17874",-1.73402955238528,-0.0820074255953739,-0.132999201169701
"17875",-1.71058352443639,-0.097225663246399,-0.136227002102608
"17876",-1.73607284450967,-0.0797447086499705,-0.135644267272784
"17877",-1.69557763339531,-0.0812585222008281,-0.0917616205518009
"17878",-1.65846238753422,-0.0837650371733449,0.0121460667887243
"17879",-1.61678074560181,-0.131064140824584,0.0866250955058771
"17880",-1.59962926337705,-0.137369776013992,0.119466467775086
"17881",-1.57011453260212,-0.126536365334839,0.14249824963582
"17882",-1.64896685700805,-0.124553498023487,0.129102487634333
"17883",-1.69935859460956,-0.0900070308738864,0.0494572947870553
"17884",-1.74097019931029,-0.0737221856076635,-0.0557633546230776
"17885",-1.72582119576006,-0.0761653625063996,-0.0196848629441816
"17886",-1.70247712304518,-0.0653278511284233,-0.0520436562929699
"17887",-1.65678449136802,-0.0678296734726973,-0.0460402935293898
"17888",-1.64539356732655,-0.0656840849781403,-0.0101691568301576
"17889",-1.67600181864575,-0.0518159430006517,-0.0421247456719673
"17890",-1.68432344082316,-0.0722541907022383,-0.0803024608100672
"17891",-1.65118237232069,-0.0852005108364753,0.00863601285275797
"17892",-1.687927361292,-0.0589666423124835,-0.0796017733829238
"17893",-1.6226223854265,-0.0554103057433579,-0.00958085074745065
"17894",-1.6499748021036,-0.0755309568231395,-0.0927447231181334
"17895",-1.67142767025672,-0.0843546822823012,-0.125274651676774
"17896",-1.69607615281056,-0.0842551891581055,-0.111073507248498
"17897",-1.68792579953295,-0.0809018430412031,0.0157419392640329
"17898",-1.69037131511548,-0.0615479399175456,-0.0480585397230402
"17899",-1.62848623669164,-0.0843568900252872,0.0358421185586609
"17900",-1.61326425046337,-0.0900726398145825,0.0368988457702139
"17901",-1.64504586376043,-0.0770681415839058,-0.118464776624805
"17902",-1.65234812794613,-0.0891595559702077,0.0451537835329167
"17903",-1.65484129779551,-0.118625156755561,0.0828136178900151
"17904",-1.69016053572655,-0.104994643170389,0.0367086725997889
"17905",-1.70168517336426,-0.0769471863156873,0.0139708232968449
"17906",-1.69576913486482,-0.0917472484248885,0.014427556583331
"17907",-1.64607703514388,-0.157129054851237,0.099525306473537
"17908",-1.59042140756956,-0.129545569896661,0.145899344485989
"17909",-1.5765089003828,-0.129628764260184,0.149251873382414
"17910",-1.63058650939273,-0.131506233724715,0.130294510367908
"17911",-1.66273371087474,-0.119809226818107,0.0735437731702273
"17912",-1.69050228923445,-0.0700208776176948,-0.000215925546916968
"17913",-1.69240731184986,-0.0777869430592543,-0.0825007982597974
"17914",-1.69590674995341,-0.0840022641402308,-0.139195896168751
"17915",-1.69232574360692,-0.0875126060961201,-0.144808837590326
"17916",-1.64645667387706,-0.0742608767443544,-0.0877567724392214
"17917",-1.65478321592585,-0.0566134325642889,-0.047168036836369
"17918",-1.66329265330345,-0.0530626041523763,-0.039316721130469
"17919",-1.63445490302577,-0.115984318578741,0.0778136850184954
"17920",-1.63260816983757,-0.147160261146519,0.140656606226787
"17921",-1.60055446333514,-0.150995067280513,0.144594943691118
"17922",-1.63896325904675,-0.117067750938388,0.0783356148541494
"17923",-1.64742432218893,-0.0924125739955567,0.0442048210562084
"17924",-1.7391952043517,-0.0847059859946707,-0.0878458534097905
"17925",-1.76035121748609,-0.0908919829872403,-0.111157441141706
"17926",-1.67852110430134,-0.0629401201477067,-0.0315856072694928
"17927",-1.60861737169721,-0.0806033395008195,0.00621853772007063
"17928",-1.56957416575557,-0.0581100889635295,-0.0118763754191963
"17929",-1.58328772892203,-0.0527756886531765,-0.0712926443189241
"17930",-1.59525012208862,-0.0596821662880336,-0.0100582321400968
"17931",-1.62907334722873,-0.0403163007952315,-0.0345768671065334
"17932",-1.60736983326119,-0.0670447168187375,0.00449276762820793
"17933",-1.59823696846281,-0.0866755088567993,0.0399946717464918
"17934",-1.58138069794546,-0.0930442020293936,0.0380980020048907
"17935",-1.56385016345335,-0.0849191545322876,0.0309456468583906
"17936",-1.59079976076669,-0.0719956617277102,0.0278094977211261
"17937",-1.64801547218954,-0.0817783690953222,-0.106494773791499
"17938",-1.63789853549772,-0.0800241762057633,0.0146091423623197
"17939",-1.59577647012409,-0.153229037815583,0.129515172182512
"17940",-1.56123480757271,-0.130767330188404,0.116100455989854
"17941",-1.55223155782794,-0.128274452080472,0.109217261022733
"17942",-1.63006514957806,-0.034705642621145,-0.0313919289312907
"17943",-1.55932786567838,-0.0992070198516256,0.0893122513288693
"17944",-1.52027969014814,-0.123451474674208,0.128054967194081
"17945",-1.52386700200393,-0.112002176586247,0.104886464812244
"17946",-1.55193768890879,-0.0823513154362661,0.0370304699107589
"17947",-1.49337298915834,-0.0842669536424646,0.0462144297178488
"17948",-1.49764299004522,-0.0459446190004885,-0.0657164219510484
"17949",-1.5332394175104,-0.0355587411333989,-0.124203861677016
"17950",-1.54248435227132,-0.0315162596559755,-0.0990631311796854
"17951",-1.48903376412054,-0.0524552011248282,-0.100546038217473
"17952",-1.503316382358,-0.042169731061869,-0.110666917282826
"17953",-1.5720202553467,-0.041942758779453,-0.0294756925897277
"17954",-1.58933945584515,-0.0466703455065362,0.0213881315687239
"17955",-1.61351728221707,-0.0507490182808677,-0.104755333244563
"17956",-1.59414119289846,-0.0623662096896031,-0.109222695415235
"17957",-1.56484264764341,-0.0579111144633744,-0.105155824297606
"17958",-1.57885347502038,-0.0786608726602888,-0.136199849909323
"17959",-1.58326655560287,-0.0631555576660718,-0.132777111730784
"17960",-1.55525026962139,-0.0727039931228409,-0.131905688182884
"17961",-1.59922466115451,-0.0670537588494777,-0.110735246884704
"17962",-1.59910116040125,-0.0619083515822958,-0.11061412030884
"17963",-1.6349903990445,-0.0877386204446351,-0.140330238017677
"17964",-1.61246280939807,-0.0415895074716182,-0.0370152561735013
"17965",-1.56376205570743,-0.110103126806323,0.105724745719394
"17966",-1.50843217316619,-0.136173932901772,0.149234845072915
"17967",-1.49656923332666,-0.124865465995297,0.155463267398323
"17968",-1.55378760259146,-0.0497389405922363,-0.010950379439894
"17969",-1.61445608295325,-0.0737276750743794,-0.0864535441545634
"17970",-1.67751744750584,-0.0779566900494077,-0.0844003716702854
"17971",-1.66239655926526,-0.0702616748436463,-0.000759044233474224
"17972",-1.61290775963204,-0.0971266579549334,0.0366357698307557
"17973",-1.59436461495506,-0.121445215833055,0.0995667700493761
"17974",-1.58430589984889,-0.112915336074293,0.0704167961864977
"17975",-1.58577006741718,-0.1332908471373,0.122638749861854
"17976",-1.60638374100402,-0.144541322675468,0.136214422081014
"17977",-1.64102601587984,-0.116126653329077,0.0807028547625863
"17978",-1.63762040077468,-0.121603950872702,0.0932546139475101
"17979",-1.57696007794035,-0.133215059069271,0.137606892578584
"17980",-1.56822385507558,-0.0945595357125968,0.0717038016920698
"17981",-1.59697268453423,-0.0574125376444242,-0.0675980606500051
"17982",-1.59464770404663,-0.0695912400351429,-0.0976076077113282
"17983",-1.62874700359492,-0.0676566526535917,-0.133133443480792
"17984",-1.61981537892456,-0.0791137064548505,-0.142927497461129
"17985",-1.58597297290309,-0.0664853923563449,-0.130131555972633
"17986",-1.55577915301163,-0.0609163965049756,-0.101052849673332
"17987",-1.56440532843592,-0.0558863563206636,-0.0794631011141933
"17988",-1.58767310258,-0.0745994752556317,-0.106723202241773
"17989",-1.55975221109115,-0.0464411378033964,-0.0419055066866374
"17990",-1.5658368315046,-0.0589737674953164,-0.00996044884454202
"17991",-1.54352060823828,-0.0448977207771218,-0.0248591653464976
"17992",-1.54307925543493,-0.0793810901280314,0.0322179243572691
"17993",-1.53993817314477,-0.0479354415560633,0.0369775959206148
"17994",-1.53889566451987,-0.075978370084939,0.0702901200443613
"17995",-1.54064485546556,-0.0400361374468653,-0.0349791964344444
"17996",-1.55917513696112,-0.0558971159866445,-0.103261942982913
"17997",-1.58923553153342,-0.0600146452556221,-0.107627826012586
"17998",-1.62780166680543,-0.0687902917765936,-0.135911561149075
"17999",-1.62303704723823,-0.0641948846939688,-0.0741425720332511
"18000",-1.63590067893345,-0.0526858422623574,-0.0511189596114192
"18001",-1.60723798128691,-0.0567231035695371,-0.0296147593040101
"18002",-1.58950677546012,-0.0734072129555964,0.0338517431268005
"18003",-1.53287752830247,-0.114368317400297,0.124613128838996
"18004",-1.5674112961906,-0.0693299245775193,-0.0834022845570207
"18005",-1.52470001096067,-0.0748829277420976,0.0335129671285761
"18006",-1.52995443174148,-0.0915596974537085,0.0325449768683329
"18007",-1.58521816060264,-0.0553556230376864,-0.0497570187925834
"18008",-1.60524057214127,-0.0564630614177659,-0.0182624691536378
"18009",-1.58602756831642,-0.118886680577692,0.0607256810191204
"18010",-1.58231618123984,-0.107951733035134,0.0515310139301291
"18011",-1.59090485381625,-0.117017994440582,0.0663862086179085
"18012",-1.55801537735812,-0.138700897364335,0.116137209535966
"18013",-1.58329515452138,-0.0963489144885372,0.0380114150136124
"18014",-1.59488745629752,-0.0714033119911259,0.00145045884043787
"18015",-1.65592653689231,-0.0682992630458506,-0.10549875905431
"18016",-1.70611538121512,-0.0495595342792631,-0.162779190851332
"18017",-1.62622496887265,-0.0487466231728236,-0.0551832418030169
"18018",-1.57790746506245,-0.109304314623639,0.0623880159466305
"18019",-1.55892108576597,-0.116333748533045,0.0619177434778432
"18020",-1.58743043202451,-0.0612940675860909,-0.0503741482654906
"18021",-1.52701641643496,-0.106584630767803,0.0638992780577652
"18022",-1.56903881324003,-0.0606311790562832,-0.00366925773975304
"18023",-1.57729571691939,-0.0393715475792656,-0.0146459238756081
"18024",-1.48804644447412,-0.115002903782242,0.115108617041976
"18025",-1.50415690561106,-0.127824764962399,0.10972592040112
"18026",-1.56106626015197,-0.0780450898196984,0.0376813265345415
"18027",-1.57828516435849,-0.0904477278513127,0.0402874416852548
"18028",-1.59988478552832,-0.113386672004409,0.0623048560382887
"18029",-1.63361085759923,-0.11760229952761,0.0555002674810805
"18030",-1.60830625567219,-0.159876263527973,0.148496213164845
"18031",-1.60256272715118,-0.126703506434175,0.150939160222908
"18032",-1.60622725721197,-0.142465127405973,0.122127744525187
"18033",-1.63263160646576,-0.103085397722433,0.0678978707583074
"18034",-1.64822824700598,-0.0669337276535855,-0.0074131235630133
"18035",-1.66856006699826,-0.0681298983730013,-0.0960044295428787
"18036",-1.69558239004925,-0.0723663667601265,-0.103526368867197
"18037",-1.71751330892317,-0.0865102531362211,-0.137828004530448
"18038",-1.75265665824259,-0.0391259869876162,-0.136199714046996
"18039",-1.64129986385665,-0.105973693426839,0.0504066446941765
"18040",-1.68280206226406,-0.0753179977023973,-0.014661565587348
"18041",-1.71194444902015,-0.0457093851101559,-0.0380820399923596
"18042",-1.7073922154208,-0.0604318898696187,-0.0393509124676473
"18043",-1.67184281633392,-0.0741599835143408,0.0356755481916892
"18044",-1.62425208862891,-0.0704412069881427,0.0438456172786698
"18045",-1.62777643219316,-0.0973902156155598,0.0600007463837192
"18046",-1.61323418529846,-0.115008859173848,0.0651548586714867
"18047",-1.58332031047827,-0.118267557212328,0.0971621277868144
"18048",-1.52439759967423,-0.127051845296235,0.124762691409802
"18049",-1.60534386214072,-0.0909312206819596,0.0269983832978778
"18050",-1.65249574726391,-0.0901793726975512,0.034236440233317
"18051",-1.72933096453087,-0.0544765636903818,-0.0316379587412914
"18052",-1.74391515900298,-0.0740420031477451,-0.0210631575625942
"18053",-1.73252732027689,-0.0744920129273109,-0.00397504482718998
"18054",-1.70680474469284,-0.0493838319052914,-0.0146817814391175
"18055",-1.56825039197968,-0.0494192743976714,-0.0462773688246045
"18056",-1.56185017009173,-0.0693770237207402,-0.0938305571583546
"18057",-1.58057013617963,-0.0463580957644713,-0.0458575712748419
"18058",-1.60108344732394,-0.0446051220242946,-0.0133960933181199
"18059",-1.54020740858514,-0.150644268484712,0.139843530464021
"18060",-1.55138255948888,-0.150011747359064,0.11616748862984
"18061",-1.49818154536657,-0.15589243088315,0.153976495666595
"18062",-1.54046397703424,-0.112756239454927,0.0893321245708867
"18063",-1.57268810179404,-0.0766766633413012,0.0280024175236175
"18064",-1.60681626949627,-0.0541271780462636,-0.0436799900111173
"18065",-1.59876467561829,-0.107523395823766,0.0562925115978936
"18066",-1.60835604180411,-0.0843683213535565,0.0239764388587579
"18067",-1.56960121466465,-0.0925559685157317,0.0374288117628328
"18068",-1.58923522404734,-0.0933807148275704,0.0363506014885494
"18069",-1.60701544086469,-0.0576856718581138,-0.093071636545117
"18070",-1.60397250587902,-0.0667818405040568,-0.0993131978927296
"18071",-1.59866411345821,-0.0738301369520512,-0.128499407879086
"18072",-1.55394887356731,-0.0582044204060935,-0.0948471679244842
"18073",-1.51697293352648,-0.0608584623313387,0.00189745792693817
"18074",-1.45371201912367,-0.157616246513703,0.167182007918402
"18075",-1.4859162890582,-0.15258733066903,0.163690271490306
"18076",-1.50033188980273,-0.121425747102916,0.123682548775585
"18077",-1.52171796520591,-0.0679807726293398,0.0277709918890914
"18078",-1.45680948196843,-0.0994642082367735,0.0697672805873834
"18079",-1.50577356823263,-0.0469632988839529,-0.0927661551364605
"18080",-1.54196386790547,-0.0514986462302809,-0.120852307526262
"18081",-1.56462415279364,-0.0488289605076277,-0.070786578365716
"18082",-1.57341960548285,-0.0509553833330732,-0.0386252194903044
"18083",-1.59332010835048,-0.0647777296993387,-0.0893668405142748
"18084",-1.55686188332666,-0.0731435690229506,0.0216737871144416
"18085",-1.60913435360263,-0.0517156524696088,-0.0581742517979829
"18086",-1.569262721049,-0.0829251498103666,0.0207897092210321
"18087",-1.55457533924911,-0.0739343489454181,0.0250360916567212
"18088",-1.51732853856539,-0.0879316318338393,0.0330220082011338
"18089",-1.51142547828684,-0.126189950146049,0.091696225414464
"18090",-1.56793272341808,-0.0875608642191741,0.0461681607639422
"18091",-1.51170959668422,-0.166192008989969,0.14288064410004
"18092",-1.53314173259396,-0.16415901550893,0.161615758212457
"18093",-1.50875806359374,-0.131240237840626,0.153253808023453
"18094",-1.51108022120024,-0.121720505527575,0.142061598495987
"18095",-1.58187531732041,-0.087966702080759,0.0265408565725376
"18096",-1.60520935705584,-0.0531846448203941,-0.0239048708871276
"18097",-1.66763853242438,-0.0623007343806346,-0.0214155253903897
"18098",-1.65434613148328,-0.0679803474596125,-0.0104892120759219
"18099",-1.64583270164816,-0.0774099811523787,0.0176367343200261
"18100",-1.67884582463325,-0.0447108428174344,-0.0438347774671905
"18101",-1.63003070197536,-0.0537678548874453,-0.0250550023263408
"18102",-1.66682988633947,-0.0605487446099492,-0.080061465587136
"18103",-1.66034901253513,-0.0826049358601482,0.026793872401321
"18104",-1.64894878027966,-0.0941732138555093,0.0404963581393343
"18105",-1.67082750131108,-0.0551969466979541,-0.00273948434936786
"18106",-1.51467750104894,-0.125887226582734,0.135630543727041
"18107",-1.59335756890654,-0.0546851833244631,-0.00816065408344573
"18108",-1.58729577465802,-0.0539789677009277,-0.0897541477147191
"18109",-1.55951511904764,-0.0698576287013705,-0.11903372279852
"18110",-1.49338055051589,-0.0662836339211283,0.0154995410415749
"18111",-1.51269387001325,-0.0160008519105236,-0.0109029673806352
"18112",-1.46267104109373,-0.129988242443016,0.105396231713925
"18113",-1.48780056914214,-0.114817394589653,0.141874639732461
"18114",-1.51029193447004,-0.12449840717548,0.13110345782769
"18115",-1.47049700948402,-0.111631190691883,0.142916359525651
"18116",-1.4381259980714,-0.125314725938369,0.145932212165733
"18117",-1.47898391014065,-0.0728016776356337,0.0231454919377923
"18118",-1.45678228617905,-0.0516812799632186,-0.0930788628990954
"18119",-1.51007717849703,-0.0122359049151554,-0.113169570565301
"18120",-1.57337040831928,-0.0327795468962038,-0.146429352809232
"18121",-1.6206081738938,-0.0308034295653924,-0.125834974061528
"18122",-1.60606346136875,-0.0814937598710076,-0.122966361310339
"18123",-1.57444838485959,-0.0502037312447997,-0.0154186112807932
"18124",-1.51353932868161,-0.0889060401310501,0.0854741834583102
"18125",-1.53204130913987,-0.0732434071425416,0.0201807724363484
"18126",-1.51491620256756,-0.0554921638572772,0.00591971599350331
"18127",-1.50674115236796,-0.0459942980065544,-0.0881197490774814
"18128",-1.47544131945151,-0.0515711610627647,-0.0831701511110067
"18129",-1.49999244824976,-0.0726335328965063,-0.138076092207239
"18130",-1.48638058903171,-0.0303302678282371,-0.0371226639919576
"18131",-1.4763364950574,-0.00349702825063262,-0.0105453026116698
"18132",-1.39738519348031,-0.0644006385121038,0.129999978903336
"18133",-1.40245265560883,-0.0397772580258586,0.0870448994803141
"18134",-1.38128690948095,-0.0176099674148544,0.0255771957163967
"18135",-1.41984666569488,-0.00108285314873579,-0.0190907446109062
"18136",-1.42694066415115,-0.0289791155395138,-0.0685311051373966
"18137",-1.4658019983421,-0.0436483041866163,-0.123174204460142
"18138",-1.51166011668823,-0.0452033505371121,-0.0889680751713626
"18139",-1.49396409309531,-0.0417667784673214,-0.0340340066127334
"18140",-1.49006044428824,-0.0662736494976901,0.0379253925299024
"18141",-1.50659927403328,-0.0465528555840053,0.0103258602957188
"18142",-1.48624011141682,-0.0500400341568713,-0.0480568552249254
"18143",-1.47013722539891,-0.0560346484909177,0.0110902754098257
"18144",-1.51723795737611,-0.0429349763564647,-0.0359139030373472
"18145",-1.51987358619269,-0.0620676932774262,0.00808608031487918
"18146",-1.47041501158619,-0.131016430226051,0.122076781831824
"18147",-1.49022616740615,-0.130619715278088,0.148896698328237
"18148",-1.50924216948428,-0.123521446185067,0.0950925866123294
"18149",-1.49484684918237,-0.107213826890134,0.104149551994943
"18150",-1.46357547417192,-0.118317451564863,0.095064479571236
"18151",-1.47784287873612,-0.0561471774622437,0.0183797689920942
"18152",-1.48659718916177,-0.0840607109346942,0.0641117080183319
"18153",-1.5647595061842,-0.04210281477035,-0.0400199550521699
"18154",-1.49924011753874,-0.113623671517948,0.0687209471943711
"18155",-1.45614284575443,-0.125813023819353,0.12073512196845
"18156",-1.51318616072155,-0.0837526995108887,0.0609268782140688
"18157",-1.5966929277011,-0.0463520701849847,-0.157236181579065
"18158",-1.55231892690248,-0.0303105390008979,-0.0456449274863086
"18159",-1.52115855981254,-0.0657215809235948,-0.0107912134170289
"18160",-1.48345680108125,-0.120121028027079,0.109821312992446
"18161",-1.54509636244796,-0.112457446611596,0.079335499527593
"18162",-1.56794346165337,-0.132172022303696,0.0950091244473821
"18163",-1.55996947834551,-0.132270672380393,0.0998052142732199
"18164",-1.56283058544887,-0.0999400775890989,0.0616873213464945
"18165",-1.53293830109807,-0.0876050795110589,0.0369622986044133
"18166",-1.52964160489792,-0.0527630795146004,-0.00511763719159781
"18167",-1.53487930872291,-0.0586958016558771,-0.0630339638241958
"18168",-1.53296852174788,-0.0633467967002873,-0.0915173170444913
"18169",-1.58916022550138,-0.0668079879194376,-0.133915666991297
"18170",-1.57235182335687,-0.0807488619674477,-0.138241914642691
"18171",-1.55721256628287,-0.0721699693762616,-0.113589845124672
"18172",-1.54449844005611,-0.0404164989039763,-0.0585688463082491
"18173",-1.51217217235711,-0.0467291141867745,-0.00605775329048645
"18174",-1.46010081844402,-0.0452995441198904,0.00967091235915059
"18175",-1.42168921842643,-0.0967877201222223,0.0708893103395638
"18176",-1.47444939626496,-0.0586082563551613,0.0229783640663176
"18177",-1.48222318524482,-0.0641500971134443,-0.00478827532394231
"18178",-1.49712861701277,-0.0727574258567875,0.0438655324055184
"18179",-1.46622220594925,-0.145388602790311,0.186071029259243
"18180",-1.52959646749995,-0.157936974177797,0.191643435093018
"18181",-1.55329258244398,-0.162403251929752,0.191240442542654
"18182",-1.59200630262837,-0.105775753022439,0.17321044978229
"18183",-1.56356853428236,-0.130725989272221,0.129038136277939
"18184",-1.62224703285332,-0.0852060437957578,0.0689535565868745
"18185",-1.6567590181534,-0.0528304071773068,-0.0448792979467984
"18186",-1.64020629402777,-0.0500245488641034,-0.0452023527245654
"18187",-1.63362435536825,-0.0463263129498873,-0.0377190802470816
"18188",-1.59106327520288,-0.0758687790938651,0.0311373278135616
"18189",-1.5909471415085,-0.0566730286541965,-0.0845527548813261
"18190",-1.58669377903367,-0.0696657265648434,-0.106562666634991
"18191",-1.57071284097681,-0.0610182961655459,-0.0119763817597793
"18192",-1.55462727643588,-0.0914731126086844,0.0310639295352908
"18193",-1.50088168835986,-0.136024175020171,0.130349693606449
"18194",-1.50091266461643,-0.131578821439906,0.117041356325942
"18195",-1.52132987020366,-0.100964979386026,0.0599600635915091
"18196",-1.50171409879965,-0.0924985058579069,0.0610277698490523
"18197",-1.49144450942164,-0.0934836733856796,0.0515548847697479
"18198",-1.50978970760048,-0.058644611314644,-0.0957919566093995
"18199",-1.56502586291742,-0.0558935211956995,-0.132653011937611
"18200",-1.62237983908456,-0.0561400464029401,-0.131080233852212
"18201",-1.60796092891545,-0.0779961264587883,-0.114276446968707
"18202",-1.55474801543722,-0.0407497105314366,-0.0269059521457195
"18203",-1.53621711768779,-0.0676904449550602,0.00665491647229994
"18204",-1.5601782149527,-0.0743966109605478,-0.136791525596222
"18205",-1.55121468389321,-0.0674028169282535,-0.130183390960756
"18206",-1.55750238370023,-0.0676046260822769,-0.109369688144378
"18207",-1.55104175212452,-0.0582306926371212,-0.0794549744135423
"18208",-1.53133965662039,-0.103639177158635,0.127112116151456
"18209",-1.58150455659021,-0.0511489756335111,-0.00931282385651767
"18210",-1.57644946551869,-0.0683782498729318,-0.00886257262394644
"18211",-1.61479969620413,-0.0718001549024035,-0.0797126129408527
"18212",-1.6126897724388,-0.0661880931766328,-0.0125317159548268
"18213",-1.55063837916806,-0.101629784335275,0.0987525840953663
"18214",-1.52282295059915,-0.0932236405367926,0.0778460360147337
"18215",-1.51492266467235,-0.114483323823905,0.0820343078199346
"18216",-1.54502094936729,-0.0854986777379084,0.0594199379579759
"18217",-1.59052650287512,-0.0332723503898346,-0.0207407718747588
"18218",-1.56517774072529,-0.0421339991447383,0.0468801669794801
"18219",-1.62115531971717,-0.0631536246273759,-0.0902627715444302
"18220",-1.68867672795701,-0.0480604450260869,-0.137981066558373
"18221",-1.73508693449329,-0.0288182379401982,-0.11770503115528
"18222",-1.69508738870172,-0.0409703621832326,-0.0665805298865711
"18223",-1.74406209001736,-0.0479138360547514,-0.0426498696392952
"18224",-1.7722768638548,-0.0527615531238185,-0.0271832581506056
"18225",-1.71990885686819,-0.151854171438686,0.110718581722438
"18226",-1.68179331251179,-0.152994554260782,0.145031226126512
"18227",-1.67860649161652,-0.126838512073577,0.136636156715789
"18228",-1.64315906446887,-0.129927657913663,0.146294421120215
"18229",-1.68168066813971,-0.100335739770635,0.0897874903314934
"18230",-1.67920379943257,-0.0773849241987092,0.0872932402941221
"18231",-1.65430457813574,-0.0477234125739286,0.0673825410321675
"18232",-1.6754085477521,-0.0335987452383829,-0.0283658839167434
"18233",-1.67581033986483,-0.0550257687262155,-0.0353572319668622
"18234",-1.69260098394384,-0.0539367864437892,-0.0511971370971255
"18235",-1.68469425623216,-0.0971373586884131,0.0214861042529264
"18236",-1.6907530348707,-0.108517347598801,0.0679498738318135
"18237",-1.68883462826341,-0.0987622667877317,0.0563952224054347
"18238",-1.62500170712121,-0.120640324025047,0.130594895090168
"18239",-1.5506923934036,-0.0854264716221401,0.17109836487174
"18240",-1.53371810555465,-0.073638884896006,0.0840991836639666
"18241",-1.52747625142819,-0.0461503356703484,-0.0742650095448003
"18242",-1.53651411917047,-0.0575922210830849,-0.12148933779628
"18243",-1.50662807878824,-0.0474379149037745,-0.0618294488065571
"18244",-1.59405996169258,-0.0512826226662426,-0.132830486391321
"18245",-1.6288660757693,-0.0428586462504117,-0.0385204754458831
"18246",-1.62481131273747,-0.0796815270672181,0.00373535444540424
"18247",-1.57503949222159,-0.147190152289522,0.102671668108987
"18248",-1.53852093383393,-0.135288909407499,0.152936718821612
"18249",-1.51280423305861,-0.129399963387522,0.204363262793573
"18250",-1.52564525098489,-0.110294614140877,0.158630588649909
"18251",-1.50782749973746,-0.118108975898027,0.126095085901849
"18252",-1.55069468187657,-0.0849187294385553,0.0797617632537839
"18253",-1.61346064547682,-0.04986435204992,-0.0546355381687609
"18254",-1.64433546270522,-0.0480986722011374,-0.0481903155655016
"18255",-1.63819704005598,-0.111797439542994,0.0600171682803017
"18256",-1.57360614152159,-0.134428726180046,0.151391060465802
"18257",-1.61380457864576,-0.0964212119809276,0.0758397168509744
"18258",-1.61866765377361,-0.0485957196440178,-0.0348298394005512
"18259",-1.5066438738931,-0.0513102726269901,-0.0424320404557611
"18260",-1.48759860498157,-0.0945123893123631,0.0327338242568032
"18261",-1.50078866558661,-0.113257285300901,0.0690152551366853
"18262",-1.46069309133095,-0.111777261993274,0.116988246068463
"18263",-1.49986593546486,-0.0363462229358464,-0.036821978813038
"18264",-1.48765245413439,-0.062895626874458,-0.108556454886154
"18265",-1.493808506575,-0.0679342219006846,-0.131612659515579
"18266",-1.49854560347005,-0.0607518873997142,-0.0788820499445504
"18267",-1.54125789036702,-0.0558178933329886,-0.0992555721131717
"18268",-1.57565065159465,-0.0630939645577413,-0.126210349113577
"18269",-1.56159561130473,-0.0704158718934398,-0.0967036407883412
"18270",-1.53953061670021,-0.0662963362288512,-0.0987672147993958
"18271",-1.56963005085005,-0.0513309727908402,-0.0909152269261942
"18272",-1.55800994547593,-0.0730727976207608,0.0146172429718855
"18273",-1.53494732143511,-0.114605606900038,0.100712634027992
"18274",-1.53157771599678,-0.147946100877912,0.139229785836658
"18275",-1.47053089378977,-0.1167870582572,0.13841450348611
"18276",-1.42378230460497,-0.108087425222282,0.125988382459738
"18277",-1.41964397621963,-0.0887613847718302,0.059054121952344
"18278",-1.42591874738878,-0.0466051784708773,-0.0785196044595992
"18279",-1.48128690893447,-0.052887710240407,-0.10585386409862
"18280",-1.54972878757381,-0.0617331594320315,-0.107372570760008
"18281",-1.55079229117324,-0.0752423388888664,-0.123915365161588
"18282",-1.50594885325376,-0.0517035896330214,-0.00337303631342545
"18283",-1.44293966386428,-0.0330464526594575,-0.0178343094991423
"18284",-1.37855888504775,-0.0673554439934868,0.0313446496122126
"18285",-1.43179676890654,-0.0377534101265034,-0.0674156946911637
"18286",-1.4559215833706,-0.0594701797421439,-0.13553351672129
"18287",-1.4315531032757,-0.0168968150268392,-0.0453952647462484
"18288",-1.41180143020232,-0.0333053395324496,0.0658594278667342
"18289",-1.35851810410009,-0.137163242290135,0.130126935120132
"18290",-1.34624299694871,-0.1240714532076,0.161142826101446
"18291",-1.35439968732263,-0.0853481793138836,0.124190046998622
"18292",-1.38031706180395,-0.0735024812870561,0.114900918332005
"18293",-1.4553338692705,-0.0277458623951475,0.00319630858705393
"18294",-1.43341665799672,-0.0436919324138252,-0.0487260025669427
"18295",-1.40181696095176,-0.0455076133334765,-0.0527533851524038
"18296",-1.41138936078749,-0.0360238146947538,-0.051139828627825
"18297",-1.4445145441307,-0.0373550317797894,-0.0399061335733042
"18298",-1.47921703323607,-0.0300343246675942,-0.0164960163345854
"18299",-1.42520673255322,-0.138421396317799,0.132274178993973
"18300",-1.36648407861494,-0.144463366704504,0.142672049651113
"18301",-1.33006761355266,-0.110325050312928,0.121510957365036
"18302",-1.39922771132675,-0.039634384346808,-0.0489779405431077
"18303",-1.41341922892492,-0.0465121401927341,-0.0919448500260566
"18304",-1.43060738212567,-0.0508541077764662,-0.164659347864421
"18305",-1.42192788616031,-0.0368038623913675,-0.108636533762631
"18306",-1.41522874106262,-0.0553408476441277,-0.104655014767418
"18307",-1.42771388756429,-0.0338978725420602,-0.0797393597659921
"18308",-1.37261627249756,-0.0817141065500973,0.0774546475570166
"18309",-1.34268528756742,-0.141245574104396,0.133551125692456
"18310",-1.43470222141441,-0.0864344350607664,0.0425787499937154
"18311",-1.4731254533992,-0.0531092931144869,-0.00469319780284481
"18312",-1.4899852460481,-0.0514380912207813,0.0191337758547433
"18313",-1.42926413760504,-0.11028199791465,0.127895535506528
"18314",-1.4421571505797,-0.14353543481159,0.166703163686926
"18315",-1.46024462515187,-0.115459912133596,0.147273797892949
"18316",-1.48119371899187,-0.108688244048453,0.131842411893566
"18317",-1.46274486270433,-0.124707848279085,0.104020451757356
"18318",-1.44592293867652,-0.118433841525056,0.119188737534842
"18319",-1.46220073134001,-0.111184371132443,0.0724106016757094
"18320",-1.43890655962285,-0.125800096655833,0.143631605851316
"18321",-1.48534737819619,-0.078794660200665,0.0607475544459995
"18322",-1.54733866382101,-0.0525504069731245,-0.0277689296842382
"18323",-1.56968686161502,-0.0527603940379824,-0.0487415167431417
"18324",-1.51498656716884,-0.0835740231704328,0.0361972482238596
"18325",-1.55461394043758,-0.064786035498088,-0.106406253996756
"18326",-1.56694579695232,-0.058895464335571,-0.10685061633461
"18327",-1.5297107017814,-0.0519590727659686,-0.0939981728897681
"18328",-1.48593437257386,-0.0238660908815328,0.00753793019470712
"18329",-1.51515378232355,-0.0432818633250184,-0.0911750142429937
"18330",-1.50022885414288,-0.137709558984381,0.09404547970856
"18331",-1.49404315786584,-0.141766578689069,0.173702220032315
"18332",-1.44944362536148,-0.150108520253169,0.183565043093755
"18333",-1.45699839422147,-0.128370183569975,0.155376473380501
"18334",-1.41882120444837,-0.108798764774949,0.167584801627178
"18335",-1.47953443354454,-0.0900017695363116,0.0609226979909356
"18336",-1.50696163544882,-0.0492573657709732,-0.0687041731558248
"18337",-1.50251257434353,-0.0645981017162476,-0.101769563052714
"18338",-1.51545171497742,-0.0657287965428378,-0.091025259015816
"18339",-1.53540111280481,-0.0516996049918847,-0.0472551264922404
"18340",-1.5351606849724,-0.0554769362249547,-0.0499956590162197
"18341",-1.55303109020091,-0.056737410332851,-0.0460076762402503
"18342",-1.5192952169007,-0.0523637804779648,-0.0108451234740518
"18343",-1.53777151028969,-0.0546613934758684,-0.103615967457841
"18344",-1.52696996650002,-0.0457982366295945,-0.067935765006284
"18345",-1.50194848167498,-0.0598009728606966,-0.100685069845849
"18346",-1.43145166491843,-0.090265786076246,0.0813508331063918
"18347",-1.43506279478353,-0.0861281582669188,0.0563810463085876
"18348",-1.45492936251763,-0.0487246216421838,0.00800671316373644
"18349",-1.41072886075461,-0.0723146676031929,0.0436108978605321
"18350",-1.40794306260041,-0.0400514251515663,-0.0910218289206939
"18351",-1.47682530991139,-0.0341725583074443,-0.142909411474546
"18352",-1.44542343326553,-0.0473389817267514,-0.137890007281924
"18353",-1.43257259578295,-0.0650712848129936,-0.13551015213394
"18354",-1.41440256398337,-0.0423625066078676,-0.0760981792196383
"18355",-1.40798885301766,-0.062941626441246,-0.133698596966107
"18356",-1.41260825541811,-0.0594061268249362,-0.103384073851846
"18357",-1.44392865556241,-0.0409789616280984,-0.0850690648494348
"18358",-1.45996597922019,-0.0612470126176575,-0.104110474578932
"18359",-1.4679310620131,-0.0354018855515819,-0.030798159324871
"18360",-1.42125723381324,-0.133873185232236,0.100180976396285
"18361",-1.43934285132988,-0.158196948034726,0.151424620108323
"18362",-1.47257303360178,-0.12540376942039,0.139311602717176
"18363",-1.42017262728277,-0.122266449053204,0.170120157335876
"18364",-1.39322435191704,-0.098951219280365,0.174110200132414
"18365",-1.44678284430041,-0.0838228902549964,0.0759044549559033
"18366",-1.49416465773133,-0.0550018911855774,-0.0747904834230353
"18367",-1.5206603227677,-0.0486888115667135,-0.107889019701628
"18368",-1.51798625708912,-0.0559180258003062,-0.141773028260291
"18369",-1.54283175215329,-0.0360260863154964,-0.129774186979297
"18370",-1.48757933896345,-0.0653366222091001,-0.141806424811225
"18371",-1.48056937098361,-0.042353556718991,-0.0803612417564161
"18372",-1.44599044979621,-0.0599768593363501,0.0151877055004678
"18373",-1.42014040063612,-0.0707906729861015,0.040473836730268
"18374",-1.39037377950884,-0.0773522310420877,0.0561876389261702
"18375",-1.33693889616212,-0.105794417172267,0.0930540191172973
"18376",-1.38072026858106,-0.07188273058532,0.0578596638283387
"18377",-1.4540925098073,-0.0356823862691635,-0.0422323222817292
"18378",-1.41353996198176,-0.117390542559951,0.0861639711000444
"18379",-1.37871388516452,-0.109247462169995,0.127823198371826
"18380",-1.36265850928037,-0.113460681426564,0.120944097193829
"18381",-1.38836925360525,-0.089527741006024,0.0723860051092382
"18382",-1.36989541399808,-0.0590343362274923,0.0381497020940323
"18383",-1.40275782772716,-0.0373852375030452,-0.0464358191878719
"18384",-1.38596887077953,-0.041933385540357,-0.0281407470306389
"18385",-1.41753239144442,-0.0345276842711237,-0.0244396434869739
"18386",-1.46550113083488,-0.0204942181162291,-0.0354973332971977
"18387",-1.45372839518129,-0.116552304132127,0.116472402987484
"18388",-1.38909655910519,-0.123481536747567,0.198682059581321
"18389",-1.35111823703136,-0.114010570393629,0.201717606220194
"18390",-1.36866699877571,-0.133571075534376,0.141466959629618
"18391",-1.44244052439475,-0.0423865235695109,-0.0763729047141927
"18392",-1.46035849355438,-0.0453159692898412,-0.0882243708341006
"18393",-1.46061793548795,-0.0557394224322901,-0.0853587547571751
"18394",-1.4619052994284,-0.0362432788355675,-0.0471046551645003
"18395",-1.43190942405417,-0.0362122641428788,-0.00415006226065572
"18396",-1.39939907517004,-0.103417968894703,0.0944332598764489
"18397",-1.42960764295785,-0.0985021815928476,0.118229507404862
"18398",-1.476866084874,-0.0855498360517242,0.0314503546054425
"18399",-1.49804915102374,-0.0532742018763355,-0.0522292763153592
"18400",-1.45534710671496,-0.0598305078110094,0.0114768921326885
"18401",-1.43197391559042,-0.116498727117362,0.0976053236315497
"18402",-1.42805249162984,-0.152694590975008,0.135846206870013
"18403",-1.4148972507929,-0.134267817851285,0.158626248539761
"18404",-1.36141236707229,-0.108707802329082,0.18753453961833
"18405",-1.35641441699947,-0.0881494576235348,0.13191709048953
"18406",-1.38050129579968,-0.0182631120089539,0.0422318784506773
"18407",-1.43669702694041,-0.00849507701071086,-0.0972667525116273
"18408",-1.43026315501451,-0.0560516651740251,-0.174010099935805
"18409",-1.37422617583622,-0.0340300439187059,-0.0626326899516776
"18410",-1.36071686510386,-0.051798469796627,-0.104475805053432
"18411",-1.3640195028904,-0.0418690073743181,-0.102733368161684
"18412",-1.47395910387318,-0.0476013068076887,-0.140225109087779
"18413",-1.44280671921692,-0.0626466183208102,-0.145094140659923
"18414",-1.4452802780935,-0.0564263425607764,-0.126126666061164
"18415",-1.389239694996,-0.0725386035317663,0.0509588810316719
"18416",-1.36334965249998,-0.130384035710178,0.101272344023581
"18417",-1.38762737876659,-0.124871106307359,0.117508501166056
"18418",-1.35465496691437,-0.132289675356926,0.166539761442738
"18419",-1.39754879136832,-0.0815220164534595,0.0829639298657402
"18420",-1.35627699638655,-0.101159520542087,0.0801059151645355
"18421",-1.38806886864955,-0.0308994980644765,-0.00743081269279757
"18422",-1.3625290055524,-0.0608376551204538,0.0448657081806827
"18423",-1.38167917506396,-0.0466913803610584,0.0153549899035895
"18424",-1.39227688295618,-0.0648624783423768,0.0929824651275145
"18425",-1.42781079660186,-0.0442058812910643,0.00874348825388449
"18426",-1.44193879770486,-0.0414528754224536,-0.051325823769318
"18427",-1.42083153780591,-0.0334401467115696,0.0183236259407694
"18428",-1.39035505075222,-0.0211528447301319,-0.0421915431583687
"18429",-1.34934699501362,-0.048978250923367,-0.0994717088365797
"18430",-1.39368363210792,-0.0414011592081862,-0.125283572538938
"18431",-1.49644905482438,-0.0317811870427153,-0.148582104607076
"18432",-1.5089485867067,-0.0269366689671668,-0.10515861586561
"18433",-1.476664598166,-0.0687632711263473,0.0394000561325552
"18434",-1.41753554940949,-0.110155610455825,0.145278319577049
"18435",-1.35666292065175,-0.140122784019417,0.183971117740353
"18436",-1.39858987372247,-0.118580237557646,0.123300237999764
"18437",-1.40295435200556,-0.0945527780022338,0.0538840189826537
"18438",-1.37564095066044,-0.0262970910245566,0.0289511377678556
"18439",-1.4209169136353,-0.0539487115519084,-0.109290584154313
"18440",-1.45690296587287,-0.0644300212507205,-0.129859623807073
"18441",-1.4641609255415,-0.056815434317773,-0.0998362011507306
"18442",-1.52094489409496,-0.0670517359363124,-0.130320855743446
"18443",-1.52305298685837,-0.0669362905239788,-0.106311229425807
"18444",-1.44516277250874,-0.0944024675545673,0.0707527042668443
"18445",-1.36991412914898,-0.0870877877152263,0.1283486123323
"18446",-1.3325580672877,-0.089391309393411,0.111949476474643
"18447",-1.36526850141098,-0.0384103073127369,-0.0325274764453029
"18448",-1.43670256604972,-0.0538528280580033,-0.119360623581749
"18449",-1.47387596996596,-0.0417038396753475,-0.0689019241776329
"18450",-1.43433683974591,-0.140134122222301,0.102312565170055
"18451",-1.42285375793164,-0.114772951571245,0.145667879491696
"18452",-1.42931890131144,-0.0652326491883294,0.056437453494301
"18453",-1.39542525749187,-0.0224747278539922,-0.0331983455838655
"18454",-1.39292099882911,-0.0447113548172905,-0.0752447829547701
"18455",-1.40134973308784,-0.0307588459277223,-0.021260039145398
"18456",-1.45925559616578,-0.0602616682720593,-0.104150360343656
"18457",-1.45569999366066,-0.0420280398882561,-0.0443527910975672
"18458",-1.39622288158645,-0.0984066564908355,0.082079854298203
"18459",-1.37408955129253,-0.108296377815048,0.103347978973492
"18460",-1.41595412824204,-0.0412885354729332,-0.0385166362366025
"18461",-1.40281799593804,-0.0387244044176453,-0.0396991593634351
"18462",-1.44477245662936,-0.0400045764898261,-0.120252266027528
"18463",-1.39034972557929,-0.0166369702959917,0.0135258131399458
"18464",-1.35637863186873,-0.115256951773098,0.106841330641105
"18465",-1.39517753928018,-0.10011686140908,0.0760194259789948
"18466",-1.43350585735509,-0.110834158840584,0.0750964510594706
"18467",-1.43341556519034,-0.11836535534306,0.109198357420667
"18468",-1.42865880306975,-0.119199170375796,0.103267388738577
"18469",-1.47002406445442,-0.0829158983817243,0.0308028403031902
"18470",-1.48947904332185,-0.0463703093399083,-0.0627931879748526
"18471",-1.44267202952644,-0.0110875637440418,-0.00393834154149038
"18472",-1.40481408978599,-0.0839120475047378,0.0684660045499198
"18473",-1.39758784715305,-0.107492477417825,0.0790454615143062
"18474",-1.42322971922958,-0.0883809455252009,0.0406262940586663
"18475",-1.3865467389967,-0.106575991646765,0.0909121520413931
"18476",-1.42738664713758,-0.0948577199262533,0.0462996430657507
"18477",-1.43937684039734,-0.0636020584233528,0.0216794603992267
"18478",-1.41261288907552,-0.106375692157347,0.0843854614243229
"18479",-1.45006902803048,-0.0392913520901759,-0.0438922184229279
"18480",-1.44257102780905,-0.0529364147392768,-0.0703400458038326
"18481",-1.46321558269093,-0.0638924131919857,-0.114072324285707
"18482",-1.44114272802062,-0.0183475561483933,-0.0432281371313532
"18483",-1.43756911497708,-0.0544308171837249,-0.0926103072670805
"18484",-1.38452467670355,-0.0850660306932613,0.0781896725656629
"18485",-1.42281230463483,-0.0380855743232082,-0.0388696264407013
"18486",-1.4364388512085,-0.0211045198955414,-0.0189507528910578
"18487",-1.43760032895716,-0.0207062836536423,-0.0128941844878954
"18488",-1.43561946735101,-0.0766262958210927,0.0453887041622149
"18489",-1.43045065709129,-0.0976908838559358,0.0697085948708672
"18490",-1.40966101803304,-0.118380728112378,0.103439604590733
"18491",-1.42491922987279,-0.0986583177715113,0.0754623739418175
"18492",-1.4015250191058,-0.108926286885862,0.0958125193740984
"18493",-1.39673709155775,-0.112268761548287,0.121779189437066
"18494",-1.39818312895342,-0.104802906800018,0.111928238314918
"18495",-1.41394549985756,-0.0363041010342559,-0.041039328283883
"18496",-1.40404665586315,-0.0308526209967864,-0.0401873727740972
"18497",-1.41228472922251,-0.0404604270210229,-0.0525991301148697
"18498",-1.40455678771916,-0.0815283055962172,0.0681877769670997
"18499",-1.42630855288127,-0.0622427456751795,0.0291390100120521
"18500",-1.42135652364997,-0.0477026403301676,0.0200232301143023
"18501",-1.41751183031399,-0.0476034387299505,-0.0744342127399171
"18502",-1.40030887080671,-0.0333273780902389,-0.0696136216706165
"18503",-1.43092270537238,-0.0542464177302049,-0.162400895267138
"18504",-1.37996145007023,-0.0560778019150957,-0.141946280552498
"18505",-1.37780801550982,-0.0193718006501747,-0.0335567132616781
"18506",-1.37941596243092,-0.0307431314634711,0.00561743354162705
"18507",-1.41909566339175,-0.0315167330588378,-0.0455892023960947
"18508",-1.41385639007334,-0.0360369674154479,-0.00799822374361764
"18509",-1.40021137977889,-0.0673755010335639,0.0399440859675453
"18510",-1.41213524500272,-0.0375710827887297,-0.0495113167044243
"18511",-1.42676025314051,-0.0330899491985793,-0.10967114990087
"18512",-1.3854578054139,-0.0460866061315848,-0.120958988361086
"18513",-1.38721966528548,-0.0596286855047316,-0.136370718941228
"18514",-1.35009937624684,-0.0918127864697006,0.0716131928313727
"18515",-1.36966683471146,-0.0443484034966525,-0.0831294928836463
"18516",-1.34990765252936,-0.056732749710557,-0.132042259832611
"18517",-1.36170633736149,-0.0477239610326637,-0.125357094451355
"18518",-1.35660283569635,-0.0381088892880763,-0.0605146869119959
"18519",-1.40856532927402,-0.0042108303033638,-0.00963430755334572
"18520",-1.36620898247201,-0.148626676262952,0.160633456962855
"18521",-1.39449002547206,-0.13018140994712,0.190781007734706
"18522",-1.36034577055545,-0.0988453605322959,0.217824771908764
"18523",-1.3536313144281,-0.113011402803244,0.182065003402575
"18524",-1.32195985664952,-0.102549561130306,0.128679661166468
"18525",-1.37088713610759,-0.00539202913708137,0.0395509090091175
"18526",-1.39589041109194,-0.0371963490959477,-0.116037135167671
"18527",-1.37734937272883,-0.0513806445733316,-0.0936921894401549
"18528",-1.46639448509628,-0.0146562493565741,-0.128505889141864
"18529",-1.49155944551052,-0.0295340199698936,-0.144107411245041
"18530",-1.45260485043261,-0.0598686835869805,-0.106052532564179
"18531",-1.4239256642115,-0.0703298021511048,0.0196490118839324
"18532",-1.42345355249428,-0.1018482589951,0.0563435451431725
"18533",-1.48377871447632,-0.0393269491091413,-0.0461030287642324
"18534",-1.47859356567727,-0.0826539758094061,0.057835794498136
"18535",-1.41207787649306,-0.102694041616457,0.0932269562626416
"18536",-1.36730749229972,-0.124350150276083,0.156347690080002
"18537",-1.35242682107689,-0.0915049304055844,0.120972527543033
"18538",-1.3493381130681,-0.0920780936029723,0.0873424583097679
"18539",-1.39112818699989,-0.0490600936486521,-0.0908642420308696
"18540",-1.35839922558675,-0.038253853726055,-0.0769505923812197
"18541",-1.3850709878811,-0.0294580959219441,-0.101202386311386
"18542",-1.41766272990596,-0.0374156799977271,-0.0477401408654604
"18543",-1.3917775451449,-0.0951734907910985,0.0660176952165689
"18544",-1.36658136977182,-0.113126781221477,0.124741281112116
"18545",-1.3705529022689,-0.104020985430659,0.130105398642533
"18546",-1.42256773976518,-0.0720725701422355,0.0313248674353332
"18547",-1.4327976128366,-0.0588512760811352,0.0310307054730113
"18548",-1.40915942160093,-0.0939435951120831,0.0699251480367324
"18549",-1.41729610295297,-0.0437551875183386,-0.0781406741399954
"18550",-1.39815449132654,-0.0410233233676447,-0.0747996861242519
"18551",-1.38428836831218,-0.0503733288600054,-0.0881317993908468
"18552",-1.38010427007614,-0.0318030572997745,-0.0390673625572905
"18553",-1.35123479545872,-0.031895027419459,0.00374249508301953
"18554",-1.35131052199577,-0.100869694880896,0.0708370323872131
"18555",-1.45929017730395,-0.0193004871324461,-0.0453695259967736
"18556",-1.49657143581869,-0.0766001529676107,0.0273276582866507
"18557",-1.48243035107934,-0.103311028335293,0.0713999402264056
"18558",-1.42257979016497,-0.113010095263421,0.131850576848418
"18559",-1.40154922006681,-0.0951476139281094,0.12268661102876
"18560",-1.43507765883814,-0.0640445857481071,0.0426029967623114
"18561",-1.4618824291337,-0.0376068760253927,0.0034804067310253
"18562",-1.47211697531345,-0.0479394657260023,-0.0787803720959997
"18563",-1.46576285105864,-0.0475290737244323,-0.0773767371327217
"18564",-1.39725883462226,-0.0550648658159872,0.0306692242180362
"18565",-1.34849237867809,-0.0990643680070889,0.0935491253572615
"18566",-1.36916015175648,-0.0784726961891249,0.0828415395855414
"18567",-1.39459864148447,-0.102129450286692,0.0617568893083247
"18568",-1.38581532412611,-0.0978558041236065,0.0681339859178978
"18569",-1.43093660071369,-0.0763315173971081,0.0205011497820873
"18570",-1.47410225268762,-0.0307263847589524,-0.0233388117374448
"18571",-1.41191715088988,-0.109829543343124,0.0932848420817748
"18572",-1.37979134625758,-0.115178157901712,0.100977710551473
"18573",-1.43260400563382,-0.0360722570366408,-0.0180970074875809
"18574",-1.46354209582879,-0.0423199187179018,-0.0420744565902635
"18575",-1.42993980447814,-0.0334311021817881,-0.0306379988180829
"18576",-1.41399824718266,-0.0437635919494719,-0.0944869602716654
"18577",-1.37964362721783,-0.0273715413366369,-0.00971032168587995
"18578",-1.3335719739427,-0.0298317906220729,0.00336117430568783
"18579",-1.35112386726819,-0.0583377251540744,0.0300531956287447
"18580",-1.38661217621514,-0.0424181346095081,-0.0378631769493292
"18581",-1.37672945556755,-0.0450781118750926,0.0229494527012523
"18582",-1.3569289848218,-0.0967271525871115,0.0589051649776213
"18583",-1.39121614702297,-0.0374780809159564,-0.022888593463232
"18584",-1.38473057061203,-0.0318585429205499,-0.00690143251628539
"18585",-1.37306521866352,-0.0658099461955969,0.0634502065328561
"18586",-1.31568060327623,-0.107221166496357,0.102669992902725
"18587",-1.3344078972334,-0.0845717777020083,0.0671582695465211
"18588",-1.38658407723093,-0.0344688157272365,-0.0451254167495948
"18589",-1.39481903775353,-0.0178529806068783,-0.0207355295565621
"18590",-1.38739154719293,-0.0835830560297122,0.0665110168632067
"18591",-1.40339870319572,-0.0746283627909385,0.071355737079273
"18592",-1.32811521893619,-0.0915198697800227,0.134207007483247
"18593",-1.2313471400558,-0.0739173081753516,0.226010146023623
"18594",-1.28022663672891,-0.0941287814061797,0.124453974232296
"18595",-1.32889688912421,-0.0957376289059652,0.0886121357067171
"18596",-1.39477353584609,-0.0473628251874695,-0.0855942647011294
"18597",-1.41751305196032,-0.060554052062595,-0.136974219736767
"18598",-1.42074436642701,-0.0524374745209876,-0.124564744054282
"18599",-1.47328449506549,-0.0154134853529929,-0.118027061030161
"18600",-1.43430708089315,-0.0548592519600773,-0.123287310769818
"18601",-1.42852510343861,-0.0652167674769853,0.0484523716855413
"18602",-1.42539645165211,-0.0973479449580479,0.0747199689608703
"18603",-1.43270326590337,-0.0993162248749406,0.0681102889638861
"18604",-1.39454803864367,-0.109863266849349,0.127094607789631
"18605",-1.38807146897073,-0.0953699549775642,0.112753617202241
"18606",-1.45989967849031,-0.0460598058492962,-0.0409231036037039
"18607",-1.49854092998852,-0.0212708980008985,-0.0254728075754526
"18608",-1.45221327127619,-0.0712311760061783,0.069952496237288
"18609",-1.35906886773449,-0.120402542038903,0.176847496828054
"18610",-1.36066396350223,-0.0990916790971844,0.146808894852981
"18611",-1.42481444866057,-0.102516276058749,0.0541259680473651
"18612",-1.43023379596493,-0.03671051824846,-0.0401388830042359
"18613",-1.43840604807476,-0.0518732944224533,-0.106421887767285
"18614",-1.4803666575468,-0.0510140597293043,-0.117529036882656
"18615",-1.50342888800204,-0.0427156557954666,-0.131861309856189
"18616",-1.30058978187996,-0.0787884501927487,0.106382436719796
"18617",-1.27569445790405,-0.08966890168721,0.0864978781586851
"18618",-1.29951565848991,-0.0311506872701449,-0.0362527482993576
"18619",-1.28162264772781,-0.0439076014635566,-0.0657289343660045
"18620",-1.29722621565082,-0.0401939174459282,-0.0884412640848103
"18621",-1.30829636292241,-0.0392842160257838,-0.100358207336228
"18622",-1.31805499598648,-0.0491204137427193,-0.125381103012884
"18623",-1.26593236736695,-0.078992567956125,0.0647860834586725
"18624",-1.27518317180763,-0.0383312435413847,0.0546084720267929
"18625",-1.27478787546258,-0.104474844638264,0.125056091785385
"18626",-1.25194875140965,-0.121745249238389,0.160295528514558
"18627",-1.31633021858891,-0.080054351084322,0.0603882450382506
"18628",-1.34340526289666,-0.0479233158362014,-0.0536797926705831
"18629",-1.3360249376618,-0.0266135272468807,-0.00614946083387641
"18630",-1.34310380236365,-0.0475318309777576,-0.0958583393322041
"18631",-1.33883184782109,-0.0509441102839938,-0.140032309028507
"18632",-1.33378285655798,-0.0505532472824218,-0.140213895831792
"18633",-1.33894046839342,-0.0176889155935223,-0.00273609524460274
"18634",-1.32825416080105,-0.0497270259264439,0.0364954014499286
"18635",-1.321860634106,-0.0862330948901606,0.0647640583599433
"18636",-1.27635518591173,-0.139914921301348,0.146359222246809
"18637",-1.26360984270908,-0.130443020208869,0.170070759795219
"18638",-1.23749249394841,-0.127501656187756,0.162529515170414
"18639",-1.26351010870577,-0.10538511728882,0.109067579874713
"18640",-1.27854549067328,-0.0827608854546734,0.110530827439561
"18641",-1.31028801595389,-0.0271337803152511,0.0280881683405039
"18642",-1.31435785000853,-0.0200387176229057,-0.00305443072274499
"18643",-1.32630552273562,-0.0515615978708031,-0.125321305592858
"18644",-1.34374382834406,-0.0512699441425137,-0.106902982471879
"18645",-1.3330068972166,-0.0349290133167983,-0.0365114252548492
"18646",-1.32948016055245,-0.0405378168714833,-0.0839441681775813
"18647",-1.28721339041692,-0.0548085353356276,-0.134084119282408
"18648",-1.29401649838285,-0.0421114855429516,-0.0939942195375848
"18649",-1.31089103526579,-0.0415831418063038,-0.101589141283147
"18650",-1.33529494774923,-0.0342883580146502,-0.148776416065784
"18651",-1.33767323537367,-0.0375257998511212,-0.098423709465164
"18652",-1.35160182696718,-0.0297413175645205,-0.0531845997144999
"18653",-1.34998545187026,-0.0512675279125191,0.0337113282813761
"18654",-1.32302831434891,-0.0922309085589858,0.119594315408132
"18655",-1.37893319832394,-0.0810274245359886,0.0591691699023432
"18656",-1.38407319850516,-0.087327968183572,0.0461025707053586
"18657",-1.42010256235256,-0.0449579598642769,-0.0666753993132113
"18658",-1.41901144640634,-0.0594188363378672,-0.115985322924988
"18659",-1.37164599824968,-0.0153946640700082,-0.0585617892020256
"18660",-1.35751443303897,-0.0404198879090426,-0.0759269985588869
"18661",-1.3675063958125,-0.0419159180823265,-0.0893327262348124
"18662",-1.38065383327023,-0.0474447648121034,-0.101550648991034
"18663",-1.38105056677289,-0.0426576993236817,-0.0983137402481363
"18664",-1.4451382671377,-0.0441648560964508,-0.112607715755354
"18665",-1.43894282541858,-0.0574785700157839,-0.135813100627295
"18666",-1.44378839545079,-0.058086184654671,-0.133490435113353
"18667",-1.3284864243052,-0.0362126466612708,-0.149757666336084
"18668",-1.28053552063714,-0.0106988655829162,-0.00161872605252011
"18669",-1.28712018214206,-0.0321769269892286,0.0311390994523028
"18670",-1.25801783690777,-0.0856045970445874,0.087975473569097
"18671",-1.21502015446025,-0.109492870876845,0.144548949390933
"18672",-1.16685203733362,-0.0933440151030143,0.154134732453604
"18673",-1.13763607627404,-0.111985264991438,0.15943047538176
"18674",-1.14414815082424,0.00972851633090264,0.162035382757189
"18675",-1.24015500830202,0.0122607800891757,0.0129393161331273
"18676",-1.29799360862382,-0.0270539900054269,-0.100881634451294
"18677",-1.36137014423864,-0.0458062560650277,-0.121945074825422
"18678",-1.37018501213519,-0.0216607523734847,-0.048637110596164
"18679",-1.33835689803035,-0.0847851446511587,0.0815573434934757
"18680",-1.29074218231715,-0.134861539211924,0.164585464078238
"18681",-1.28176540741934,-0.126829776096224,0.177101211683487
"18682",-1.28362132289932,-0.132891305852974,0.15897315151465
"18683",-1.29500844029557,-0.0935113622243951,0.127581976129697
"18684",-1.2950301579236,-0.0420963520905121,0.0235191376695612
"18685",-1.29249879198299,-0.0422287721754486,-0.0961687510359201
"18686",-1.28782445991748,-0.0540104399907264,-0.12477464638953
"18687",-1.31057152357676,-0.0504661220339921,-0.135317152311384
"18688",-1.28157296240058,-0.0565517126180777,-0.164034109664085
"18689",-1.24105316226907,-0.0350793025379295,-0.105535322699211
"18690",-1.2844255935825,-0.0457836920790114,-0.149238873593208
"18691",-1.27738493795714,-0.0193632078293397,-0.113800458128029
"18692",-1.25657190781575,0.028270858678234,-0.0216189678180774
"18693",-1.25061315696835,-0.0361686663506667,0.0430672688506676
"18694",-1.1800187170952,-0.0960466921277675,0.113182639965119
"18695",-1.17259266210358,-0.0383769686111141,0.131663008588249
"18696",-1.25577397019986,0.0104038646196959,-0.0115351358722021
"18697",-1.26679798706612,-0.00780619072705451,-0.0671514249515369
"18698",-1.24193155674628,-0.0187900065941585,-0.0479305749006486
"18699",-1.24244460583664,-0.0392116951557858,-0.101830372760527
"18700",-1.24037365754939,-0.0399038843003363,-0.0871114270795566
"18701",-1.23746136397327,-0.00456991730717621,-0.00914985728034813
"18702",-1.26486645450058,-0.00288792411798491,0.00810896155351468
"18703",-1.23503382135187,-0.0774441703308583,0.121659534378142
"18704",-1.26130738502602,-0.0589195711611109,0.080220733391267
"18705",-1.24933697875092,-0.00719647652035841,0.0327932038025237
"18706",-1.22543830996806,0.0254189212058785,0.0127840559191111
"18707",-1.21709833500335,-0.0417669457829157,-0.127710131812441
"18708",-1.2128557512692,-0.0212205364786178,-0.0668418051670238
"18709",-1.23629824673609,0.0581231484559251,-0.025890897671435
"18710",-1.23707974881308,0.00866926992808664,0.110641986665034
"18711",-1.13659911594483,-0.0751287374918776,0.192160806288781
"18712",-1.17787940763714,-0.0551783132218535,0.123065763741824
"18713",-1.18972457314398,-0.0440182748729171,0.0726434380009527
"18714",-1.20149094200348,0.0216116651360677,0.0431865398286553
"18715",-1.18385730417966,-0.0204795373554124,-0.132894992088475
"18716",-1.18852718949813,-0.0168752771855727,-0.144132054547082
"18717",-1.23279309832845,-0.0220663918037964,-0.214978466281284
"18718",-1.25974407544288,-0.107217055620095,0.115073484717769
"18719",-1.23540684419221,-0.0865762289473664,0.133892335744303
"18720",-1.24925279596985,-0.0467726921467839,0.0844359567027894
"18721",-1.23522752055622,0.0266359449621499,-0.0262561605217568
"18722",-1.20964093952669,0.0069232335173749,-0.124469669650202
"18723",-1.19176486382548,-0.0174843478734881,-0.179064785585366
"18724",-1.19590894912028,-0.00094554828272915,-0.179502113052565
"18725",-1.22833964180251,0.0178244493734053,-0.199933439522343
"18726",-1.22206821387975,-0.00622285086286062,-0.194244828264699
"18727",-1.27928603492291,0.0576376828361293,-0.165081774946012
"18728",-1.22869459417721,-0.0318950322841193,-0.154660436012731
"18729",-1.19486661320832,0.0398801295419521,0.0282934320640554
"18730",-1.14526963041053,-0.046682298222033,0.0717659081224269
"18731",-1.18445403754163,0.00069378277714385,-0.0197341123911253
"18732",-1.20410002583917,0.00591605052833881,-0.0182153176475448
"18733",-1.24800470742604,0.0516477903929867,-0.038997498584772
"18734",-1.17560685592302,-0.0280157549541046,0.0995586910661949
"18735",-1.1857262106242,-0.0186657240952878,0.0968113684139877
"18736",-1.21354729985196,-0.00310229718993892,-0.0379313660320187
"18737",-1.17536182711,0.00817362882288508,0.0117603125089552
"18738",-1.19124860336201,-0.0444583588626256,-0.142590389368496
"18739",-1.1658033759183,0.00330212088107322,-0.0378936168484607
"18740",-1.19786015295971,0.0342371422023226,-0.0257338691519469
"18741",-1.21611428704837,-0.0235984360162916,-0.144412211794988
"18742",-1.18575057471246,0.00692277399715029,-0.0355205009477569
"18743",-1.1796307077397,-0.0443585001984683,-0.148951353805924
"18744",-1.17108194598287,-0.0158791379964317,-0.0654457112966344
"18745",-1.2165711386794,0.00806230655386627,-0.0369226712616097
"18746",-1.23856456367186,-0.0469992851205425,-0.156148974048464
"18747",-1.21879955388308,-0.0346261704896344,-0.10621130417604
"18748",-1.19334846364183,-0.0375850941376982,-0.0873528917376477
"18749",-1.21058868366237,0.00913360587313971,-0.00593183586874324
"18750",-1.22649768805883,0.0345195514774227,0.0150363482758963
"18751",-1.16400054576414,-0.0651604044582109,0.134120022242507
"18752",-1.1889949032587,-0.0526505578953897,0.0805815898781321
"18753",-1.19503530823805,0.00503978945707303,0.00861486613748296
"18754",-1.1750753359806,0.0336848192291131,0.00544520890479175
"18755",-1.16497361451229,-0.0483796552506417,-0.161541737353886
"18756",-1.19941449135283,-0.0494476445860057,-0.189441744502752
"18757",-1.26570557980083,0.0640023926967261,-0.182914132204296
"18758",-1.2388841616855,-0.0515246768472206,-0.163496421367564
"18759",-1.21773136232863,-0.0128441183313432,-0.101028298102772
"18760",-1.20051670294925,-0.0110797656714647,-0.0906795788550529
"18761",-1.17235557129083,-0.0417111335034973,0.0990837552791579
"18762",-1.18560074964752,-0.0540642977589,0.0983254486048638
"18763",-1.24670157204465,-0.032732331209287,0.075575138470317
"18764",-1.21354100690474,-0.06687787060944,0.108670157741707
"18765",-1.20290611960427,-0.0771175541093739,0.114277709210805
"18766",-1.19903020629374,-0.0460047246378734,0.0933710679857294
"18767",-1.22607272960278,-0.0369577695441171,-0.102526022832349
"18768",-1.24839340875638,-0.00562709175105218,-0.182097480925903
"18769",-1.21185278118311,0.0328304290115866,0.0230605100507823
"18770",-1.16715105421072,-0.0773663558228847,0.1432135128477
"18771",-1.12137646276917,-0.109102363557625,0.16171303079343
"18772",-1.20519093559655,-0.0524308714300538,0.065232385249799
"18773",-1.18333488523405,-0.0648083912058801,0.10103686950336
"18774",-1.22352775866887,-0.0282088425137537,0.0849177499753016
"18775",-1.2181375672453,-0.0233309063698845,0.0732321982836469
"18776",-1.19204115707731,-0.0118484997934849,0.0385585058134706
"18777",-1.22723694576655,-0.00157976553314403,-0.0476509612628417
"18778",-1.25957635445958,-0.0406964309056473,-0.131455408894466
"18779",-1.18670079793368,-0.0345069932950097,-0.0855383267952787
"18780",-1.17569162971389,0.0135488129181491,0.00393844498944836
"18781",-1.18135043290771,-0.00958099914795963,-0.0537365852107603
"18782",-1.19025354058526,-0.0233161622066504,-0.0768511118161726
"18783",-1.15863085537205,-0.0166640006782711,-0.0403535487287456
"18784",-1.17717554269457,-0.0213586969334019,-0.0781862814730381
"18785",-1.16935104187516,0.021206483831181,0.00621801497007771
"18786",-1.18720139737996,-0.0284056604674683,0.0412416887417684
"18787",-1.18286655336609,-0.0287305249295014,0.0674374865621935
"18788",-1.16180160686696,-0.0552500802363475,0.110624031008309
"18789",-1.17137649575469,-0.0398147485621755,0.0872164111282847
"18790",-1.19615412099438,-0.0530824166350936,0.0956210167215043
"18791",-1.22002143018551,0.00678539651643916,0.0370321506964906
"18792",-1.21568817770579,0.00564545383897985,-0.0396074288167852
"18793",-1.21943246469321,-0.0535630930266802,-0.153597828774145
"18794",-1.25660674734976,0.00586352733219694,-0.1690196840505
"18795",-1.21605458581893,-0.0409993630015313,-0.121756638804946
"18796",-1.21645007560586,-0.00709348605922488,-0.0445111711212145
"18797",-1.21947924995101,-0.0127377580533826,-0.111617632062216
"18798",-1.22234760606277,0.00394838598102148,-0.0644532598742447
"18799",-1.17800500016827,-0.0024236506846494,-0.0479714243833856
"18800",-1.14237339331,-0.0473765703107898,-0.13711741185022
"18801",-1.11305469501572,-0.00674547226239296,-0.0377701719519405
"18802",-1.18074526358443,-0.0149722649986709,-0.143090027624481
"18803",-1.19650339740718,-0.0252939745976212,-0.11981025775646
"18804",-1.24339702046904,-0.0359236493015522,-0.163958262697288
"18805",-1.19245005325583,-0.0413377405423309,-0.131372275952902
"18806",-1.21164420340761,0.016114155509924,0.00323805072729808
"18807",-1.17395548246218,-0.0231857814941769,0.0449376929391932
"18808",-1.14403212701196,-0.0819227332788418,0.099664903340303
"18809",-1.15851850150708,-0.0410016179383914,0.0803362701440917
"18810",-1.1546957476413,-0.0696090152441538,0.0952701869364972
"18811",-1.20199790868816,-0.0217873345248786,-0.0392785341848968
"18812",-1.23782142677685,-0.0257647848654808,-0.0409819859281265
"18813",-1.26502929124126,-0.0231055576426416,-0.0549832138924107
"18814",-1.25843914872266,-0.036516465004492,-0.125754330847917
"18815",-1.22428469683935,-0.0240592970992809,0.0319530787540286
"18816",-1.13178859860781,-0.0682216547549014,0.113695486207213
"18817",-1.13249723441071,-0.050846774778217,0.0900590185626194
"18818",-1.11771861274948,-0.00957749067397818,0.0810611566498373
"18819",-1.17276538796947,-0.038412088714255,-0.129121626499741
"18820",-1.19437729385754,-0.0764017723855709,0.0935802158986296
"18821",-1.19742302712701,-0.0831412031197675,0.0949472884225552
"18822",-1.21417793556252,-0.0595276924823998,0.0789615072904334
"18823",-1.23949540420687,-0.0428620364582988,-0.0802114528401359
"18824",-1.21637388060287,-0.0017892980060153,-0.0404792205692235
"18825",-1.17519033347184,-0.0246045262169782,0.0715852765614044
"18826",-1.15445515909086,-0.023522166100264,0.0720708025624267
"18827",-1.168628764574,-0.0119269209832852,0.0408315365615433
"18828",-1.22739861563462,0.0383292094453912,0.02994637437539
"18829",-1.26190128248922,-0.00486565379723951,0.0303988723447898
"18830",-1.28080334401757,-0.0421868252451924,0.0340989116863232
"18831",-1.28922217780395,-0.0999038414856068,0.0819850368842994
"18832",-1.29670261242314,-0.0696213032484277,0.0604994713379922
"18833",-1.29648074618372,-0.0474876970682678,0.030704924536409
"18834",-1.29446819410425,-0.0387957822169226,0.024042605079601
"18835",-1.29442011923542,-0.0369134303262287,-0.0950398655120669
"18836",-1.26509932992237,-0.0240729407608426,0.0303925617915497
"18837",-1.29462231300227,-0.00360593610482072,0.00960212853688145
"18838",-1.32323708872199,0.000829865757036932,0.000991941457824058
"18839",-1.29291214629542,-0.0430235945355583,0.0378746784870877
"18840",-1.27195974872034,-0.0206389400432055,0.0402970648632475
"18841",-1.2400395624246,-0.079399147573063,0.0926282622434796
"18842",-1.30056117560728,-0.0380304948139143,-0.0526656854270157
"18843",-1.30650878572028,-0.0277434472372922,-0.0532256453285745
"18844",-1.29495861114237,-0.0457110450478434,-0.140418206098542
"18845",-1.25438337048584,-0.0307833044501673,-0.105042431416115
"18846",-1.26575768591732,0.0110672063619255,-0.00863167933972115
"18847",-1.27549062258309,0.00566796056351203,0.0459863073957376
"18848",-1.26458243499195,-0.0867479205826103,0.103365022875103
"18849",-1.20952711597589,-0.123736275851404,0.153836311106785
"18850",-1.22072818076515,-0.106444620857192,0.112178812012912
"18851",-1.20245967540354,-0.0812758391209886,0.0970895647548587
"18852",-1.16430171161873,-0.0794400517112742,0.121235516891197
"18853",-1.20284559555878,-0.0473795539966367,0.0778230940931351
"18854",-1.26675626440771,-0.00605342015217243,-0.0548289030505152
"18855",-1.30045746125883,-0.0454581259327208,-0.102659717289851
"18856",-1.28011819440453,-0.0364338099266215,-0.104023166090851
"18857",-1.25434550988676,-0.0286217909589052,-0.112198072553644
"18858",-1.23962788581373,-0.0217306579128749,-0.109969874296486
"18859",-1.29068578375701,-0.0323912061336494,-0.213493671525506
"18860",-1.26007594214363,-0.0484199047401047,-0.168452923212133
"18861",-1.28653669907647,-0.0485868560400563,-0.148524763109357
"18862",-1.25149572760815,-0.01097002842392,-0.032753288238409
"18863",-1.2356013016127,-0.0137086216092938,0.0356256483263919
"18864",-1.21634479079216,-0.065817203959831,0.0741427601260194
"18865",-1.18226267905008,-0.0639035281681626,0.0929113249706728
"18866",-1.11436556223922,-0.0980264139395223,0.144041112911808
"18867",-1.14266464328767,0.0035102612633144,0.0283453909549353
"18868",-1.12977793674129,-0.0599651399554702,0.0697339457321756
"18869",-1.19188947082746,0.0138815756645959,0.00805857961646767
"18870",-1.22222715570481,0.00086369698286582,-0.0128181999921587
"18871",-1.21038697836494,-0.0172555825661638,0.0372127675882934
"18872",-1.11940608838534,-0.114033001558036,0.137571531135048
"18873",-1.13545567292011,-0.0612175868085999,0.11814929271609
"18874",-1.18845689459002,0.0140938551308486,-0.00134044706629428
"18875",-1.15998415890185,-0.0119504085609015,0.0354193870195884
"18876",-1.16665580765969,0.0153783410216348,-0.000717623455661338
"18877",-1.13154054515368,0.000922274858350957,0.0336626497858066
"18878",-1.11894618164944,-0.086525704760325,0.112851092817041
"18879",-1.15953040373935,-0.0667950316688985,0.107920497965513
"18880",-1.17140999687194,-0.0697041655165409,0.124779699353022
"18881",-1.16141537311629,-0.111246688652275,0.122866633411039
"18882",-1.14031694192619,-0.0820881621293402,0.0975704124559945
"18883",-1.19640150998144,-0.036265730954974,0.0816760737221272
"18884",-1.25515034029415,-0.0363858063284831,-0.138145352044257
"18885",-1.22460935461657,-0.0166828209729129,-0.0998339233655015
"18886",-1.21783821006617,0.0288593199496303,-0.0208777678758828
"18887",-1.16377328890985,-0.0833578944724495,0.146276301132619
"18888",-1.12767307101599,-0.0916387337593757,0.166661678816135
"18889",-1.09785352830324,-0.0615001224287325,0.193195459193925
"18890",-1.15282407354168,-0.0940180913094989,0.1528143754834
"18891",-1.16475176490217,-0.0708573212412973,0.138596449673056
"18892",-1.16171531906011,-0.0754561995245208,0.121711805422629
"18893",-1.20531705604715,-0.0673683597048667,0.0974172772259647
"18894",-1.24774824819058,-0.0209843937519112,0.0242462402477721
"18895",-1.26197022555846,-0.0222282938232426,-0.109801727019564
"18896",-1.27253005779907,0.0226555935708207,-0.14835002910457
"18897",-1.24345780164503,0.00172724365776524,-0.139630166645789
"18898",-1.18723735231072,0.00620454042396092,-0.121376151740655
"18899",-1.17559849608846,0.00142538524640449,0.00189255728196958
"18900",-1.16555629697978,-0.0744364585132694,0.093508157095183
"18901",-1.15594415583218,-0.0912674363229931,0.107743346085755
"18902",-1.17970336976176,-0.032541883313751,0.0289064017377352
"18903",-1.21303380030765,0.0345811657976064,0.0203875893319257
"18904",-1.11265874180105,-0.100435485429605,0.150823962914531
"18905",-1.07181539444987,-0.0981182278964767,0.168116169418854
"18906",-1.12798624556797,-0.0660939538470393,0.095005741957165
"18907",-1.22418708535674,-0.00716850473841065,-0.0319938619390816
"18908",-1.21273158654408,-0.0332877621341644,0.035553314167736
"18909",-1.19511218609367,-0.0623181974741592,0.0962266548474222
"18910",-1.19821073110343,-0.0833706482626135,0.0872903780914874
"18911",-1.10389184209067,-0.0906184885895693,0.146672925772073
"18912",-1.13608564662991,-0.0240461905102822,0.0532995037539437
"18913",-1.1764672028919,-0.00712038172481615,0.0151268009443334
"18914",-1.17140389461279,-0.0342572601608643,0.0455080897417595
"18915",-1.20776544641549,-0.00494633411781691,0.033201819308391
"18916",-1.21845092046267,-0.0236038036564637,0.0405362744505733
"18917",-1.19005650009495,-0.0947531801971181,0.0977940432153948
"18918",-1.20208125109055,-0.0853388446950507,0.0919435766334759
"18919",-1.26510168656817,-0.0193597058590531,-0.0492421117153448
"18920",-1.21472797822865,-0.00650676373068931,0.0335869467436224
"18921",-1.1941277278156,-0.0109129884099103,0.0440987732452056
"18922",-1.26344952930468,-0.00674046880278437,0.034020579982941
"18923",-1.26167102672903,-0.0376338362478238,0.0314609537843323
"18924",-1.2458530789911,-0.0305671812807519,0.0316794121922077
"18925",-1.30932121586349,-0.0429076641554185,-0.203644299355931
"18926",-1.29267206185074,-0.0273108995895018,-0.110922559105402
"18927",-1.26747450575736,0.0127149477997524,-0.0323032703013173
"18928",-1.25875026421362,-0.0193416328664593,0.0988191338582129
"18929",-1.21732668835501,-0.0853213106068021,0.185215214951606
"18930",-1.27566757727774,-0.118106271199875,0.168726314712908
"18931",-1.31644920356034,-0.124084753801588,0.14296996291867
"18932",-1.38090517531106,-0.0839186938316682,0.051135143143644
"18933",-1.38431970520273,-0.00941365298113228,-0.00465962856087974
"18934",-1.33609453707132,-0.016582450457091,0.0307431310227833
"18935",-1.29604294520943,0.019610082975291,0.029012032922265
"18936",-1.29651835565565,0.018243631117003,-0.00165319602428125
"18937",-1.21925073666645,-0.0716721814421811,0.14158934062092
"18938",-1.20831318432691,-0.0548901854956817,0.136162796583685
"18939",-1.22730950628589,-0.014882689928457,0.132965132689766
"18940",-1.33971172759901,-0.0227834173050386,-0.0940312570017657
"18941",-1.35574395152339,-0.0339668019069018,-0.0571838708431919
"18942",-1.28434672671371,-0.106805754349614,0.105952329155486
"18943",-1.26505610949192,-0.101156483184224,0.0986084373434827
"18944",-1.27484949201638,-0.0618620383332165,0.0673183191664559
"18945",-1.30185212806453,-0.0273102864685202,-0.0582720989803296
"18946",-1.28371663968643,-0.0192696795435286,0.0372964009657677
"18947",-1.2224670787897,-0.122283617753343,0.165606259563702
"18948",-1.23697330784418,-0.113640225072562,0.17181011450721
"18949",-1.19788089179667,-0.0994153742790976,0.172561676112504
"18950",-1.23425964419263,-0.0836313125833445,0.0988134700580591
"18951",-1.23968934306561,-0.0494665566335669,0.0463229134167998
"18952",-1.24621401192682,-0.0358897265308517,-0.0672047387587679
"18953",-1.24476688153529,-0.00612426026449332,-0.0219253842963076
"18954",-1.26523106489878,-0.0468224523436291,-0.125830939643701
"18955",-1.25435834622849,0.0102797588668433,0.00163749796500794
"18956",-1.19435242747926,-0.0572198662192622,0.0880578674010281
"18957",-1.132145605422,-0.101425669818056,0.161619830082621
"18958",-1.10790021372159,-0.102764504324917,0.165014208634163
"18959",-1.15277248134103,-0.116443275070569,0.155475287752127
"18960",-1.149155999919,-0.100374782373131,0.150139806650434
"18961",-1.14815501295943,-0.0818052896569615,0.142077024189471
"18962",-1.12156215801549,-0.0422451022114934,0.123634907273563
"18963",-1.1370917333957,-0.0404851729750747,0.077661423630323
"18964",-1.18450770056542,0.0132865541345922,-0.0322542955906074
"18965",-1.21863143674139,-0.0505934279218775,-0.165750484808281
"18966",-1.22994983752602,-0.0526960685520426,-0.168592932227528
"18967",-1.18575098606523,-0.0412451202005973,-0.09451321301246
"18968",-1.17083397902143,0.0151160630030041,-0.0129053362378589
"18969",-1.13272273153958,-0.0307796908492102,0.042353749993961
"18970",-1.20172612260982,-0.00665603364261756,-0.0275174576325697
"18971",-1.20781440785736,0.00279979703835258,-0.00714763954284605
"18972",-1.23415659024473,-0.00533901302231089,-0.000115831292085655
"18973",-1.26928811478496,0.0552720400971369,-0.162702778857649
"18974",-1.18739329094814,-0.00135329714399637,-0.110257542794808
"18975",-1.19061083726563,0.0188097694289719,-0.0229985258402909
"18976",-1.22253209897091,0.0193952889228715,0.0324885746862271
"18977",-1.25608667804115,0.00904067991380474,0.00801651109174917
"18978",-1.25888472841081,0.000520610584213499,0.00182520293845935
"18979",-1.20684519733047,-0.0976960903263028,0.107421892143388
"18980",-1.17551227681795,-0.029603235252644,0.0771072383985
"18981",-1.20106681373129,-0.0065164819981925,-0.0534940075403793
"18982",-1.19525223469523,-0.0175169895870964,-0.0593181942950303
"18983",-1.19273004130209,-0.0477750033128102,-0.154869281214611
"18984",-1.20971696585778,-0.0431660593482871,-0.185355538233643
"18985",-1.17805247612467,-0.0127114056628954,-0.130748024000034
"18986",-1.15802359333922,0.0174547982801952,0.00192547908855203
"18987",-1.16057269830848,-0.0517498410725085,0.108879436372902
"18988",-1.17158139814856,-0.0788394691379608,0.152850418213009
"18989",-1.17194075634307,-0.108327984363739,0.174054943419028
"18990",-1.20165749831307,-0.130495480946846,0.152140763848617
"18991",-1.16684586133901,-0.108643570583412,0.150875879112962
"18992",-1.12645447137893,-0.119932009647725,0.157397091407338
"18993",-1.1053681525428,-0.0852154485720997,0.17762955250154
"18994",-1.15554531165701,-0.0472651551184965,0.107436711763451
"18995",-1.2148562697851,-0.0243659286035134,-0.0611390164054629
"18996",-1.19460419029059,-0.00331287890649874,0.0251860817557925
"18997",-1.20215619709004,0.00563453332764935,-0.0382571478104498
"18998",-1.22426869609901,-0.046368369869264,-0.136385007723607
"18999",-1.21186726990976,-0.0453585777080318,-0.139838198898
"19000",-1.20478722118387,-0.0327315618074182,-0.118523365283291
"19001",-1.18903178002372,0.0133424337518516,0.00429077932895703
"19002",-1.15615228125743,-0.0407742555665852,0.10239858226522
"19003",-1.18023163041289,-0.0587721074465754,0.0841520448653101
"19004",-1.24025038077726,-0.0326571820003406,-0.0987148022822208
"19005",-1.22212000828152,-0.0325161407229416,0.0321149791896562
"19006",-1.17379186130588,-0.0838027880343726,0.108483075153625
"19007",-1.16520092089293,-0.0690058369154262,0.134534115099503
"19008",-1.17476158424104,-0.0670997743855155,0.132535047668675
"19009",-1.17651602343631,-0.0695404084358052,0.131378751759963
"19010",-1.16871471197994,-0.0677063652321764,0.133196596872742
"19011",-1.1654999078529,-0.0949224450479923,0.127071175071232
"19012",-1.22550891467096,-0.0413740529869278,0.0457742473287767
"19013",-1.19640430825143,-0.0959309347035589,0.111881664925579
"19014",-1.22439008256717,-0.107098325525433,0.124367795087146
"19015",-1.25092073376419,-0.0949593119155412,0.10234421393898
"19016",-1.24959526410921,-0.101483171580708,0.0943483610223125
"19017",-1.23881670810302,-0.0813551408326514,0.0865719773413124
"19018",-1.25427213603746,-0.0524052697185388,0.0470627546179076
"19019",-1.25581356502558,-0.0224358187351846,-0.102509826829819
"19020",-1.2223737462048,0.0120173534399025,-0.0099966338186321
"19021",-1.1861112021002,-0.0600605390584937,0.0587692462008651
"19022",-1.22142565437264,-0.00759370251811953,0.00542996078389764
"19023",-1.22426292819232,-0.0314682273772348,-0.0730771794960959
"19024",-1.12064452172348,-0.0696817252038942,0.100781981998562
"19025",-1.12993800704827,-0.0601295667398418,0.103155870111665
"19026",-1.18616957395808,-0.0145353887811806,0.0255095476911057
"19027",-1.17582801871729,0.0138892480900071,-0.0166806699692773
"19028",-1.14285030322837,-0.014043670138273,0.0319353444992374
"19029",-1.14586377307953,-0.0150842628080534,0.0372428436986207
"19030",-1.13581215512099,0.00386944033610615,0.0256329523500241
"19031",-1.16326688946005,-0.0342639257922707,-0.110565386451999
"19032",-1.14311889565061,-0.0208120654008364,-0.0701865919434893
"19033",-1.14797864842813,-0.0491812845686004,-0.133800882582035
"19034",-1.16517179460914,-0.0432476155605787,-0.161701843530374
"19035",-1.14133039478313,-0.0317150250880273,-0.0849447050638259
"19036",-1.11959389324433,0.0328262471169656,0.0266331104845833
"19037",-1.13171768217756,0.00208887390906957,-0.0467634020009633
"19038",-1.1553411886648,0.00807444187248452,-0.0286400748444431
"19039",-1.19190170618904,-0.00772928934815025,-0.0520223194953495
"19040",-1.19940919553714,0.00412145674763833,-0.0632093204564266
"19041",-1.12898122460906,-0.0854145607718975,0.115541119732812
"19042",-1.1087156673141,-0.0671079831447521,0.128889611236726
"19043",-1.11855089677049,-0.0605242284636548,0.101414102871304
"19044",-1.1575172540556,0.0173432483070266,0.00316379899451916
"19045",-1.12845987810454,-0.0180913202014865,0.0794761396768804
"19046",-1.05610844158002,-0.0609796647803983,0.109495748281164
"19047",-1.01685524269836,-0.0783062408370227,0.11633909586272
"19048",-1.02086328589893,-0.0878814527280158,0.111590007186956
"19049",-1.02582650173776,-0.0475904601430245,0.0901568282475723
"19050",-1.06424352630891,0.00468652920506588,0.0271499282946786
"19051",-1.05262158697329,-0.00720378930854622,0.0393726783418277
"19052",-1.07353482977244,0.0173651115459444,0.0239503379792278
"19053",-1.06875328323626,-0.00483074972356496,-0.0416446909774249
"19054",-1.08994880916439,-0.00886997388761976,-0.0557006264547165
"19055",-1.11481015382169,-0.0157740409812025,-0.0731347335236897
"19056",-1.07022372979294,-0.0608212486111776,0.0982792160426098
"19057",-1.14507045354808,0.00287051891618407,0.0452479992703426
"19058",-1.13793481398615,0.00144381374866644,0.0105524231096373
"19059",-1.13282824015752,0.00353168000629046,-0.0196037617927366
"19060",-1.08547607254569,-0.0244199175122503,0.11486253165795
"19061",-1.10917453858607,-0.00249711672921575,0.0653614855179051
"19062",-1.13536170416913,0.0129394561186125,0.0348225971438011
"19063",-1.12829897041315,0.0137230279506956,0.0100372525291377
"19064",-1.11737894471683,0.0251267094771693,-0.052615407215071
"19065",-1.10726730959773,0.0233793725764364,-0.0202643706075014
"19066",-1.06370601441761,0.0346452294280888,0.0191046428583239
"19067",-1.04085821025766,-0.053103194111463,0.118704398022661
"19068",-1.0489762999618,0.00566793265164549,0.0664667052800108
"19069",-1.08645919370512,-0.0237726931839691,-0.102057793698688
"19070",-1.05798689273722,0.0428692777965437,0.0107378809317499
"19071",-1.0185213137413,0.0278410532654236,0.0409068691084559
"19072",-1.02763563076909,0.0147309561369356,0.0148483339346408
"19073",-1.03013036080854,0.030220606838347,0.0597539341450484
"19074",-1.09241180965103,0.0357900312947835,0.0521173715832269
"19075",-1.08062389087484,-0.0010613760664666,-0.010038193302964
"19076",-1.07681451542039,0.00603639172269723,-0.0190753668789828
"19077",-1.13006468332017,-0.0193295840256563,-0.12986200363984
"19078",-1.17677375717687,-0.031449560458626,-0.190376264613548
"19079",-1.11893676914929,0.0175825117446844,-0.0137470333880051
"19080",-1.10815902439615,-0.0113913683055783,-0.0450569114517197
"19081",-1.0889407261591,-0.00526839167560734,-0.0269761262809872
"19082",-1.10277741211247,-0.00394959402194029,0.0303379067572372
"19083",-1.09499173203689,-0.0118839336222211,0.0393407870268675
"19084",-1.07752616537377,0.0108240748676526,0.0273233943014921
"19085",-1.07527932370515,0.0326141498382288,0.0151359888751143
"19086",-1.0790660503816,0.0124910618657828,-0.0419582066359071
"19087",-1.12173217751229,-0.0379170658376324,-0.138852612180605
"19088",-1.13636815820486,0.0225612414363094,0.020628595964299
"19089",-1.13690270135834,-0.0404226728025592,0.0446692166414072
"19090",-1.14635797051128,-0.0369822536641258,0.0597646153062273
"19091",-1.14779508343158,-0.0229192963918684,0.0569323982390416
"19092",-1.1308315070578,-0.034503560852901,0.062244793129044
"19093",-1.12502633837009,-0.0465768458815814,0.0970350314547895
"19094",-1.14654089328828,0.0115217696531197,0.0394790147627718
"19095",-1.11367013993262,-0.0210089771372993,0.0589006665154958
"19096",-1.09553842860243,-0.022010537430474,0.0678889308190914
"19097",-1.05558243026756,-0.0344972880950873,0.0798322158982057
"19098",-1.10503210389649,0.00626023056470908,-0.0430970704080618
"19099",-1.10180955243141,0.017303675175204,-0.0156057565824189
"19100",-1.12856377110215,0.000604855804110162,-0.0106505634350114
"19101",-1.13144555645926,0.00752022850663779,0.0280553799260825
"19102",-1.11800888827,-0.032780888906088,0.0652124084875669
"19103",-1.08001413820639,-0.0730144030045982,0.0975530584124794
"19104",-1.10617604315548,0.0306930659349683,0.132187041219619
"19105",-1.17845668337407,-0.0302100628504395,-0.161496434445629
"19106",-1.14104537630033,-0.0507752909021897,-0.139862059451452
"19107",-1.12801408025581,0.0141237931898056,-0.0200197564673412
"19108",-1.13876932584773,-0.0239221131373332,-0.0874965871013641
"19109",-1.16695034682175,-0.00907677361645775,-0.0817277686655166
"19110",-1.15536479487607,0.00360840313365717,-0.0655060039484961
"19111",-1.13042416509115,-0.0481902143303667,0.0866014220822262
"19112",-1.1557768146673,-0.0877038923030852,0.117518316206239
"19113",-1.15201336447444,-0.0940470707358274,0.11537689491615
"19114",-1.13827442666533,-0.0885477302195186,0.0990807501318198
"19115",-1.16960325877435,0.0285418075150029,0.0255755955065697
"19116",-1.11314922644451,-0.0815378915217363,0.119703438116648
"19117",-1.04095091503512,-0.0776308486473716,0.176412809167468
"19118",-1.02098346824479,0.0226520824146636,0.159695154037591
"19119",-1.04917721077888,0.014112935097016,0.109549609163723
"19120",-1.13613572217172,0.00539683384369466,-0.0450739592534646
"19121",-1.1603158181471,-0.0202491321655929,-0.0705106439269833
"19122",-1.18349930874466,-0.0270989255458281,-0.0973210427844981
"19123",-1.18572072736698,-0.0450004550515266,-0.10417729015784
"19124",-1.19075575614939,-0.0194800954924028,-0.0567913832283624
"19125",-1.1835459632724,-0.00190499697633078,-0.0619631532795223
"19126",-1.23902007937568,-0.00435750541512791,-0.00475244136951533
"19127",-1.24652787996391,-0.0187194551273709,-0.0536654272249864
"19128",-1.17791603085716,-0.0741251229085108,0.0993202675157977
"19129",-1.11917653198307,-0.0698045558688502,0.109934391818606
"19130",-1.12797661584479,0.0312939972431143,0.0726280425276903
"19131",-1.12804292993011,0.051082122487326,0.038089714674743
"19132",-1.1442901223594,-0.000511280167950889,-0.0541159172060603
"19133",-1.15866723315469,-0.00982533217721531,-0.0644487168520141
"19134",-1.16619740066306,-0.0446949652801829,-0.148696817086457
"19135",-1.14143303895426,-0.040479224286316,-0.108733668366696
"19136",-1.11982703635193,0.0215066122265663,-0.0137264773439291
"19137",-1.06287630419021,-0.0339130618658767,0.0799663405298909
"19138",-1.01967950921065,-0.0352812598937604,0.102945877287533
"19139",-1.05834771456824,0.0036433935031397,0.0734753584007442
"19140",-1.08873393445793,0.0255117569859673,0.0173823274281717
"19141",-1.08512601636774,-0.0196722762213728,-0.0820548005549492
"19142",-1.08547572552561,-0.0400351864221144,-0.151940513256555
"19143",-1.07739515038577,-0.0382460415583141,-0.16709616646269
"19144",-1.08275177802187,-0.0374025949213566,-0.137961427017192
"19145",-1.07160588872926,-0.0115096538185062,-0.101289200801955
"19146",-1.11216828572001,-0.0215730314954118,-0.0987648413230502
"19147",-1.13054915749737,-0.0252403940968498,0.0573958560862714
"19148",-1.10532544668929,-0.0839974255299856,0.125822575680606
"19149",-1.08550742562203,-0.0722052226334965,0.109860869247782
"19150",-1.08783063362703,-0.0265521892494634,0.109697388366142
"19151",-1.09946051253433,0.0293579024479671,0.0718414227662076
"19152",-1.09569234672815,0.04256649515733,0.0280718082905633
"19153",-1.06624169244972,-0.00312635690555405,-0.13247180363145
"19154",-1.01584997819802,-0.0356596958858675,-0.137906195085284
"19155",-0.976269648894959,-0.0208584115303982,-0.103897471343872
"19156",-0.952097115933845,0.0377874908991823,0.00114459951606797
"19157",-0.971225723172114,0.00012218375166239,0.0266227297204079
"19158",-0.994091512245167,0.011311156149567,-0.0768116841133056
"19159",-1.03658608687557,0.0474177803706383,-0.0624197550553447
"19160",-1.05254404360293,0.0447445991035714,0.0316811531819517
"19161",-1.01005118470593,-0.0182314526284394,0.134808699199484
"19162",-0.996501133157766,-0.0574603599424068,0.136137892644822
"19163",-1.00318970075053,-0.0421099416698163,0.129448641772951
"19164",-1.00154932897188,0.0393072088448846,0.0874152560640726
"19165",-0.984773598977695,0.0222378946105912,0.0705572271316101
"19166",-0.97104418125824,0.035315472296672,0.0619336416807671
"19167",-0.985444101981411,0.0190811255869389,0.00665318956326356
"19168",-0.961278068730871,0.0342628816062977,-0.000421347817379409
"19169",-0.979045905028213,0.0305369353049022,0.0386422891063581
"19170",-0.998925997473558,0.0405564805901085,0.0282070436526501
"19171",-0.96006205316807,-0.0603002583179378,0.115798521426565
"19172",-0.991096344726574,-0.0548235984289376,0.123200958139734
"19173",-1.03826634190388,0.024620950562538,-0.00886003031314307
"19174",-0.985616473041613,0.00684560789177661,0.016960736232502
"19175",-0.983305508067897,0.0307126235512253,0.0253565445219281
"19176",-1.00888269034733,-0.00484437964980844,-0.0961150048610286
"19177",-1.00901071177425,-0.00652815340927367,0.0698483965431184
"19178",-1.04616318572409,0.0439832537060527,0.0700753671076715
"19179",-1.07560541114057,0.0209419562117179,-0.0291912423503771
"19180",-1.07846376736285,-0.0297886791147116,-0.131359912912513
"19181",-1.0401282259094,-0.00671318012242702,-0.0499717105110693
"19182",-1.08334015830361,0.00641820223391575,-0.0518402764462796
"19183",-1.08466057171819,-0.0345585954570833,-0.106088380907323
"19184",-1.07333364656842,0.0173530778868558,0.0128217257273608
"19185",-1.06738140328139,0.0153065927943079,0.0310129801905091
"19186",-1.02950530672521,0.0309949609250378,0.0272878249241976
"19187",-1.00936460153705,0.0299302769623012,0.0884317503750755
"19188",-0.994835771599387,-0.00730600289593538,0.0977202505953602
"19189",-0.968337694170634,-0.0620635528718711,0.110335401620227
"19190",-0.999317260206865,0.000923150737023878,0.0108435093658328
"19191",-0.993029040252489,-0.00603547762658291,0.0131526910704258
"19192",-1.04795811255181,0.0190615514231295,-0.006356036977997
"19193",-1.07798232224017,0.0349481979605145,-0.00406610334485091
"19194",-1.04002025055378,0.0435042216508162,0.0584531973298934
"19195",-0.977268566577726,-0.0158911900358351,0.118653240972417
"19196",-0.975121995411655,0.0385945585319459,0.0432452700833917
"19197",-0.977682318807497,0.0318932897574177,-0.0381001575184139
"19198",-0.942910257860138,0.0194019603041287,0.0169122204959012
"19199",-0.994377771133643,-0.0211377814262009,-0.166766783020132
"19200",-1.00492890319124,-0.0319276754257458,-0.157942982961101
"19201",-1.01910525205487,-0.0395392413377816,-0.158164176421813
"19202",-0.977452681172708,0.0191694384114401,0.0303272539368636
"19203",-0.98435880006997,0.0386634399723483,-0.00286178649596778
"19204",-0.929892632132502,0.0100028781973112,0.0675245145041234
"19205",-1.00766939516595,0.0319229328417218,0.0215975213018741
"19206",-1.04778521308919,0.0164608016845584,-0.106544324411676
"19207",-1.06890804794748,0.0253837558285899,-0.0923557448606042
"19208",-1.08419672222247,-0.0422396099728085,-0.137877689913469
"19209",-1.10304508329921,-0.0234405963367585,-0.133894008757413
"19210",-1.04072208851709,0.0242605732498153,0.0517353600138955
"19211",-1.01201680151329,-0.0615042405104858,0.119113850467525
"19212",-0.99633487330744,-0.054487455372446,0.130871709853896
"19213",-0.94803357200366,-0.0715443290292685,0.13781719285217
"19214",-0.981016146959787,-0.0304389698092358,0.10249145915044
"19215",-1.04507941427975,-0.00361245568153561,-0.0779316192268843
"19216",-1.06152300513856,-0.00895148204643675,-0.0999687454630017
"19217",-1.07840581095455,0.0364038266016617,0.00374191262240962
"19218",-1.06115262063636,-0.0588644768490807,0.125188599233681
"19219",-1.03847098495405,-0.085009899606852,0.137146568575806
"19220",-1.07983665402736,-0.0824167468660801,0.0985667859665579
"19221",-1.12693272276627,0.0484362500186012,0.0524567542054442
"19222",-1.11455361333954,0.00517303144370971,-0.0946837660680225
"19223",-1.08179118123975,-0.0172227090381245,-0.156712242458575
"19224",-1.0463689629926,-0.0169185849056162,-0.130539505572036
"19225",-1.04229155207281,0.0516968715654146,-0.0132664439178051
"19226",-1.04186973031362,0.0222706188152001,-0.0244791047415596
"19227",-1.06696676893669,0.00760187078622552,0.0265568269416418
"19228",-1.06004292945828,0.00459775859139171,0.0564187940452833
"19229",-1.10397861480708,0.0380811172648518,0.0445277347486539
"19230",-1.13520358656536,0.0248228560546133,0.0100890771856831
"19231",-1.12744686639498,0.0154626286613124,-0.0279051178439592
"19232",-1.0977183290154,0.0662488683131715,0.0254299756399775
"19233",-1.04724267051182,-0.0534025873032554,0.126004042141029
"19234",-1.07031280946747,-0.0441805140730749,0.147717284190552
"19235",-1.04728225718231,-0.108535412341391,0.157954582908902
"19236",-1.05589397044496,-0.0978566202194328,0.167725159676094
"19237",-1.04555081225388,-0.0234934057416394,0.206824011038263
"19238",-1.07338597770546,-0.0298491737188741,0.140274094335725
"19239",-1.09657532089586,0.0393171592013546,0.118442682377553
"19240",-1.10634040421045,0.00445700062610851,-0.108186341290262
"19241",-1.0750571165639,-0.0206905203386794,-0.121660787675649
"19242",-1.06116945024327,-0.000489881886069337,-0.124311903555917
"19243",-1.06287160768459,0.00510444125937213,-0.0909719231243313
"19244",-1.02620341162189,-0.0712590937416188,0.107680422691224
"19245",-1.0868274161296,-0.0661065626143005,0.0927691450554319
"19246",-1.15514897807113,0.0241820212476163,0.0132677322498702
"19247",-1.18036194959885,-0.0120719097755623,-0.0395171648964898
"19248",-1.12827148283941,-0.0920721144152067,0.11372889453806
"19249",-1.10044027722355,-0.0717024607998609,0.163656455945892
"19250",-1.0237548460113,-0.0103737391778156,0.170215599083052
"19251",-1.03056725120946,-0.0295935185356454,0.146455356709798
"19252",-1.06589659179385,0.0507066491302668,0.0895946936891873
"19253",-1.09043280851831,-0.0213499017840968,-0.100680761510435
"19254",-1.08371860944401,-0.0439475481955251,-0.137364836531819
"19255",-1.06800818336941,0.0146173763788006,-0.0779556874187901
"19256",-1.0302039678584,0.0115222713233221,0.0650624067206984
"19257",-1.05945733714611,0.0115643570917625,0.0526731351561606
"19258",-1.07528096066409,0.00848486810420173,0.0372485802487557
"19259",-1.10862699373726,0.0112431020174533,-0.0308836577877828
"19260",-1.11022953491949,0.0179952051689751,0.0303886422078151
"19261",-1.0973636943982,0.00655064575607737,0.0441209839603043
"19262",-1.10959198611659,0.0400092326676703,0.0540389046139953
"19263",-1.0703186701489,-0.0842415466309758,0.115402102959262
"19264",-1.07558611939448,-0.0745445933441398,0.103530527717074
"19265",-1.05361995799956,-0.000980127776473389,0.138922099965825
"19266",-1.09735203052778,0.016777598815053,0.00389748684566784
"19267",-1.09823920351952,0.0423289611198212,0.0197010544037669
"19268",-1.08298249238058,-0.0156953339931331,-0.10744069186907
"19269",-1.09535420195825,-0.036045060409249,-0.140687756627378
"19270",-1.11075515726848,-0.0382346823978756,-0.18039040472441
"19271",-1.10388882351277,-0.0382967166167643,-0.151200693403652
"19272",-1.08024948193671,0.0326983955777648,0.0370567922214444
"19273",-1.03255802323355,-0.0401764788711467,0.114442106259992
"19274",-1.00591326136939,-0.0503599468098638,0.104438129949868
"19275",-1.03148013812765,0.029103121429442,0.0447659542001097
"19276",-1.06564888469235,-0.0154145578923673,-0.0665962659189663
"19277",-1.01009028913112,-0.0159574860481801,0.112084591277962
"19278",-1.00653040103917,-0.0454935168072292,0.103237069646736
"19279",-1.05137575653166,-0.0354754707348289,-0.140489250400017
"19280",-1.02290878529464,0.0263977962648897,0.0390604841436818
"19281",-1.01975372452422,-0.0118935368699921,0.0735350711829874
"19282",-1.02439219272482,0.0226558035852928,0.0483266414303959
"19283",-1.04529133789093,0.0530471714418501,0.0414687953647
"19284",-1.08666333533267,-0.0190048792226977,-0.182207686702277
"19285",-1.10979363656784,-0.0139537622804525,-0.158253602101212
"19286",-1.05637520191219,0.0154514490919431,-0.063243347199403
"19287",-1.00771827255805,-0.0604696660936904,0.113428619712379
"19288",-0.934432714877452,-0.0706901297197953,0.170033748657314
"19289",-0.950925455885383,-0.09491231738664,0.156989299605809
"19290",-0.961424514991388,-0.0918742685527953,0.139308656196328
"19291",-0.968983120370417,-0.0185013997114673,0.118031372406277
"19292",-0.996606973192816,-0.00092877746365613,0.0388868275194683
"19293",-1.02526503033225,-0.0206324098447618,-0.107799469189976
"19294",-1.02518350495826,-0.0305907367850812,-0.157519557978726
"19295",-0.999756443492127,-0.00934244924757608,-0.0993759197126528
"19296",-0.989544129917249,0.01925812073492,0.0366894482728119
"19297",-0.933122102674344,-0.0505039694573955,0.12971009921665
"19298",-0.90458624917569,-0.0628875084959292,0.114537123511298
"19299",-0.919990672370196,-0.0409112181727254,0.111832833594216
"19300",-0.959761063038015,0.0121793054714683,0.0541708189080342
"19301",-0.95110600828416,-0.0125290664694588,-0.0805038891820125
"19302",-0.992147878840911,-0.0131121217200166,-0.0678620511486139
"19303",-1.01733054360059,0.0175782712142134,0.0151278320459318
"19304",-1.04147419911528,-0.00835623615964364,-0.0456310312506678
"19305",-1.02708468313603,0.00862967825170277,0.0147229389789119
"19306",-0.979600826308601,0.0195052157355488,0.027404080647212
"19307",-0.971687222446527,0.0293765764589953,0.0457837335743368
"19308",-0.966919064791677,-0.0148228320711364,0.074417831564494
"19309",-1.01665872824984,0.0171371966407009,0.0586436712111968
"19310",-1.05029235022286,0.0170615235524198,-0.0380122558599189
"19311",-1.10449412412736,-0.0431164739250449,-0.151437647984581
"19312",-1.11813720327153,-0.0413103809923512,-0.189574484756748
"19313",-1.0661469699127,-0.0249929569165433,-0.155514920109255
"19314",-1.04350426617936,-0.0227301408471222,-0.141277388367525
"19315",-1.0683085253925,-0.020236968838604,-0.174003201638127
"19316",-1.04865016296301,0.00762724986876944,-0.0512800366753768
"19317",-1.01534270890584,0.0160348733811847,0.0362763379631745
"19318",-0.960275652862331,-0.0619006775065894,0.108340769497992
"19319",-0.954387150699161,-0.0800850785677693,0.116056168589644
"19320",-0.958117657830114,-0.0749010908532802,0.120084113070217
"19321",-1.00918614808019,-0.00844514335562184,0.0559516782413372
"19322",-1.03885627234409,-0.000510803225548487,-0.0291541978932893
"19323",-1.03876711806301,-0.00736548070958411,-0.0652908107568602
"19324",-1.00841053454454,-0.0130573241772846,-0.0758705533072515
"19325",-1.00284644823435,0.0225006580720351,-0.0429037049551298
"19326",-0.992431565660036,0.0131195201743311,0.0151073489186017
"19327",-0.986617141725961,0.0168676377442726,0.0108738220725354
"19328",-1.02192648763809,0.00529046449434155,0.0203304995112102
"19329",-1.03756676081112,-0.0288501047695554,-0.105065670951195
"19330",-1.00809131732108,-0.0657286947730761,0.175854910036471
"19331",-1.04173979778542,-0.0360264011425713,0.135601904212652
"19332",-1.07905920184623,0.0549426165800967,0.0541009363436479
"19333",-1.04216913487585,0.0429680849111573,0.0369038773752752
"19334",-1.07039362295613,0.0274635853068947,-0.0553838487071564
"19335",-1.05113701364864,0.00966213193007236,0.0868182319050599
"19336",-1.07952784850206,-0.00820363258630451,0.0577321733706551
"19337",-1.10216792453399,-0.0312438349171126,0.0662394670886265
"19338",-1.10386000469592,-0.0056981163506363,0.0550942356356334
"19339",-1.10632978536039,-0.033574259166474,0.0705215263720726
"19340",-1.11114122450327,0.0273649415537628,-0.000275132251670238
"19341",-1.14006197559154,0.0716221564507966,0.0286870169996422
"19342",-1.14402917977915,-0.0360061415297834,-0.114823230232903
"19343",-1.15979420930723,-0.0209680200437806,-0.0930589840980694
"19344",-1.13406810040887,0.00152716422910406,-0.0724197347036742
"19345",-1.08897918431014,0.0597070791620245,0.00613064927952154
"19346",-1.08052273641634,0.0793003127584708,0.0601881642453922
"19347",-1.1212389089527,0.0380925580255986,-0.0505667826189316
"19348",-1.13301766867409,-0.0345857000893549,-0.158010674728941
"19349",-1.10653706286383,0.00567253407073854,-0.0790891278358734
"19350",-1.0883280768122,0.0181106621830913,-0.0195769436509907
"19351",-1.08188857340039,0.0236972834567266,0.0610359361136448
"19352",-1.0547757952762,0.034499773721414,0.0547912515104809
"19353",-1.04541006951934,0.0491662378328027,0.0397907597942784
"19354",-1.08348944580103,0.0378444297310419,-0.033591872856726
"19355",-1.06110314414142,0.00942303667263208,-0.0494536097088016
"19356",-1.06753242645881,0.0298182168607463,0.040442026751007
"19357",-1.06173846879788,0.0180846850842396,-0.036935964195636
"19358",-1.11043924784425,-0.0208929410848989,-0.105223146096609
"19359",-1.12701764935551,-0.00681140300248769,-0.0770627914531395
"19360",-1.08375633386714,-0.0431706511741802,0.0854392804876029
"19361",-1.06507437616831,-0.0631374121768005,0.116126457844345
"19362",-1.04314632306989,-0.103606482947841,0.138778929675575
"19363",-1.06407713317793,-0.00501323562703503,0.09402935618415
"19364",-1.0941184466099,0.0200322251661941,0.0325061147248368
"19365",-1.11213894153392,0.0194051423571065,-0.00927534022034876
"19366",-1.08492694029945,0.00460552636140445,0.0652734130844593
"19367",-1.08968756355953,0.050207349798307,-0.00820550839360314
"19368",-1.10256019975311,-0.00999063613511478,-0.0997349555589029
"19369",-1.0792453223221,0.040458926346344,-0.0319603298195327
"19370",-1.0193429670654,0.0139792621225873,0.0710943061301144
"19371",-0.98200938588101,-0.0202858272901369,0.10820812850994
"19372",-0.978317531359277,0.0182295417825962,0.0683965425982807
"19373",-0.952920181320765,-0.0134706874552647,0.112837293737678
"19374",-1.00560838256174,0.00424243389321459,0.055007309190699
"19375",-1.02315758527873,-0.00202635709062132,0.0601503363792692
"19376",-1.07051219389296,0.0505796081342607,0.0467299096251988
"19377",-1.0999880538363,-0.0307055699570686,-0.109797745706956
"19378",-1.10627958381693,0.00884514080208898,-0.0485353421530901
"19379",-1.10166053263292,-0.0267552869835014,-0.123563320805505
"19380",-1.07400195469585,-0.0265338404707702,-0.135877304854365
"19381",-0.964030934776321,-0.0106527585727618,-0.105257754439748
"19382",-0.952016087144426,0.00469235769319688,-0.101133629986157
"19383",-0.911008049280027,0.022261720892486,0.102447575895298
"19384",-0.836558397963689,-0.073794305487242,0.147462658562337
"19385",-0.89068716602776,-0.0789497105627096,0.122237896779736
"19386",-0.914518338074482,-0.0354570950621936,0.117612922554523
"19387",-0.909606302380586,-0.0446186298100045,0.116499110425485
"19388",-0.903806182855166,0.0375156854331566,0.103526222108285
"19389",-0.87944403508276,-0.0174434229676532,0.10822111186333
"19390",-0.872933411576696,0.0161406129997883,0.103068392601392
"19391",-0.885122191146698,-0.00567399709813012,0.032534644484862
"19392",-0.91591350675395,0.0100795306053114,-0.0775916577455512
"19393",-0.898226652682862,0.0469086874721271,0.019607361865656
"19394",-0.928181476677321,0.0201964402003249,0.0107405196788608
"19395",-0.940045603949648,0.0681284415283821,0.0397058227087315
"19396",-0.981723290958433,0.0565954465396764,0.0407691409132316
"19397",-0.963704573773737,0.029381382989243,-0.0739731427805421
"19398",-0.94727177984084,0.05946385021784,0.0370671820249258
"19399",-0.907225065645925,0.0247272930166132,0.129714182567977
"19400",-0.865836371538804,0.00756201365624444,0.120884081827054
"19401",-0.830568085361348,0.0391686428250547,0.125539882728948
"19402",-0.823898947372303,0.041011443396857,0.0486560673284934
"19403",-0.829409981663156,0.0454768503605887,-0.0158032951554221
"19404",-0.853085570460996,0.0697364099409539,0.00651118318381807
"19405",-0.880179637428973,0.0722044299258619,0.0756136743977805
"19406",-0.941732720400619,0.0436622430544091,-0.0437045191922708
"19407",-0.909405761774271,0.0789751205777909,0.0768500446377788
"19408",-0.88270689601541,0.0118044056797509,0.129266902955743
"19409",-0.915612654083528,0.0346815122273993,0.0638320102065788
"19410",-0.893234146548825,0.00776917280910541,0.0497284091339048
"19411",-0.903095002141895,0.00849132389650431,0.0417567169545014
"19412",-0.912041960008129,-0.0176520835649137,-0.116169975874858
"19413",-0.913636553954379,0.0341613693957589,-0.0540842781263021
"19414",-0.889476118921393,0.0530174408508034,0.0311080328401313
"19415",-0.850042707497182,0.00452965734099437,0.068423474215299
"19416",-0.815402313227117,0.00776430424603527,0.12407566196364
"19417",-0.888516151699642,0.0554049915382385,-0.00247890849116853
"19418",-0.911667780620639,-0.00917173247771257,-0.123978077068208
"19419",-0.927316370965227,-0.00981366643611026,-0.115439965240894
"19420",-0.926723814069022,0.0551927255356006,0.0346693253167002
"19421",-0.93677052320796,0.0258916075087669,0.0363374603234664
"19422",-0.922884638506477,0.0243149411885849,0.0621710114575224
"19423",-0.902789927635962,-0.0437747062538295,0.111307942622149
"19424",-0.925668576013118,0.000843893095459134,0.0406419933808604
"19425",-0.958041535506518,-0.0154523658687591,-0.113525880051634
"19426",-0.967750859350724,-0.0126064210772857,-0.151441478732237
"19427",-0.909611913086033,0.0375317831708834,-0.00162953383476873
"19428",-0.862958464494448,0.0550557631443127,0.0598948957846515
"19429",-0.889799719905515,0.0710750713637024,0.0430258783901787
"19430",-0.961123346551347,0.0294917280830716,-0.155294397377731
"19431",-0.938185861347494,0.0237615147195333,-0.139343752803489
"19432",-0.925735702456485,0.00326299405004088,0.120115638244409
"19433",-0.980213839577105,0.0426567067242165,0.0790610577880911
"19434",-1.00151878820252,0.00307350776977101,-0.15699215983038
"19435",-1.00542344167122,0.00158993558366922,-0.177620862969379
"19436",-0.993376296287383,0.00578078840468309,-0.172935212805398
"19437",-0.991622610371979,-0.0108010629870974,-0.1467124613945
"19438",-1.0090766795014,0.0290899278642723,-0.0691170959107961
"19439",-0.975170895082384,0.114240464081041,0.104713424896469
"19440",-0.879693904767082,-0.00721325578796596,0.186512806068146
"19441",-0.83433417799728,-7.19716954405343e-05,0.213397787621487
"19442",-0.856746025474247,-0.0769297077744365,0.167183946677737
"19443",-0.849763813666972,-0.083963834611565,0.158336731590135
"19444",-0.868572916373499,-0.0183902234571882,0.108977195440467
"19445",-0.922677943528275,0.0393341529645258,0.0911236244211967
"19446",-0.937898360439463,-0.0112154507448549,0.036203095842106
"19447",-0.974298045983173,-0.0325501356296304,-0.135576492385386
"19448",-0.951080019116484,0.0212034566136872,-0.0749115326792727
"19449",-0.905268259360086,0.0647420323479207,0.0766631538295475
"19450",-0.891644842749127,0.0401654978148608,0.103730886787787
"19451",-0.850094961524403,-0.0680988105415365,0.130381760739154
"19452",-0.847080709574953,-0.0577875504741931,0.15027472706688
"19453",-0.846975347328021,-0.0762219460717036,0.153930897539704
"19454",-0.878716239622403,-0.0805140557856859,0.137679201354086
"19455",-0.918820965062469,-0.027780252676654,0.0918466458227133
"19456",-0.942749572525176,0.0312584804342586,0.0185630937001723
"19457",-0.906891166198587,0.0201971651266079,0.0734593135989531
"19458",-0.892169031294644,-0.0379330136247636,0.109684305186795
"19459",-0.933883486115865,0.0202397050950404,0.0648061588926155
"19460",-0.949309227220552,0.0404089379396456,0.0623463633929029
"19461",-0.934173018971599,0.0279495429817233,0.07850150229073
"19462",-0.92627830561974,0.0608261054251147,0.0787096054662369
"19463",-0.93134357315329,0.00492522187169102,0.0321738952715484
"19464",-0.950453975030385,0.0248831383612994,-0.0793821024864748
"19465",-0.866595653144889,0.0411646334678569,0.0534718422418509
"19466",-0.818846477193341,0.0225325577917058,0.120229108733574
"19467",-0.863895947530219,0.0067970317271078,0.0358036982737514
"19468",-0.905146577805335,0.0419660198111589,0.002256901311771
"19469",-0.88654349044433,0.0155549092035783,0.0962893822473976
"19470",-0.874998214477554,0.0236146963085568,0.0950688314831458
"19471",-0.895385500938959,0.0562361711576051,0.0934602704740314
"19472",-0.895432648693379,0.0158885906181698,0.0575780646471714
"19473",-0.904207841535655,-0.00693416245889652,-0.118961704408426
"19474",-0.901071533582839,-0.000189836192572646,-0.105096824328684
"19475",-0.88897838018656,-0.0146977334075474,-0.142699799360356
"19476",-0.883863198403025,-0.0126694873162928,-0.137025519040421
"19477",-0.894357265952748,0.0362431223497316,-0.0262348180344158
"19478",-0.904086462219561,0.0459547531591165,0.00317995259026852
"19479",-0.936314531439545,0.0529970595515494,0.00210352567363619
"19480",-0.923897343929897,0.0446470022119387,0.117281334994003
"19481",-0.843855206454174,-0.0168581728804031,0.193638893791055
"19482",-0.848170838178173,-0.0355376480835076,0.182720121129565
"19483",-0.935296113723438,0.000264662446823446,0.0132790602525609
"19484",-0.962476861249486,-0.0201642301851672,-0.126318966224629
"19485",-0.966651893557055,0.0243633658965648,-0.0776957532221065
"19486",-0.894667456168864,0.0548338375457836,0.0624110881687259
"19487",-0.868058208185358,0.0301783631919658,0.0724414124150234
"19488",-0.87849940545882,0.0232105371386797,0.0913817894694223
"19489",-0.94237044475631,0.0498568466983661,0.0149831817343564
"19490",-0.952749703005364,0.0404490258619542,-0.00400481960687805
"19491",-0.917239417327061,-0.0655448182694559,0.114301346132594
"19492",-0.932779365026643,-0.0511402731529269,0.120623647133555
"19493",-0.92256708816113,-0.0357410877570737,0.11984450875912
"19494",-0.924886444943561,0.0119095556142958,0.103472002998459
"19495",-0.923361527737924,0.0476743263207568,0.131728465957504
"19496",-0.944612951309938,0.00203504592077667,-0.105582817616318
"19497",-0.931394545563848,-0.0202270315266636,-0.151660736938842
"19498",-0.95588718676807,-0.000585271073208855,-0.161332570257361
"19499",-0.950210641743739,0.00735034195446573,-0.0915554743371987
"19500",-0.932873014598809,0.02226702897851,0.0253669766179403
"19501",-0.885788602317112,-0.0372852637954149,0.134377119943981
"19502",-0.924995401016761,0.0220754848813994,0.0904175986656591
"19503",-0.886905424349032,-0.0267711539645789,0.119811719341661
"19504",-0.910150260504518,0.0123632775854268,0.0420306657363138
"19505",-0.936217889673016,-0.00561226434283647,-0.106881408429889
"19506",-0.928991646459947,0.0298350913202214,-0.0554253717723946
"19507",-0.939505874002198,0.0497897910998042,0.0112706989443329
"19508",-0.910306661717642,0.036103716526379,0.0942549489900731
"19509",-0.937553949563629,0.0475227910671593,0.00693914961766784
"19510",-0.92805653129159,0.0803435095389764,0.0805338130293256
"19511",-0.956086233717705,0.0670057345584614,0.062874981351689
"19512",-0.9584489528476,-0.0161215297928323,0.109221361847027
"19513",-0.888262937649486,-0.0117794385754582,0.199510503147665
"19514",-0.885618882549733,0.0272633126166598,0.219141001861017
"19515",-0.884682621707375,-0.00133716453944728,0.161406659961069
"19516",-0.921074631445035,-0.0173288688098833,0.105386812926645
"19517",-0.945314453374292,0.00292721939896373,0.044319550648561
"19518",-0.962075335307165,0.055145032449319,0.00770284947773653
"19519",-0.956450368603435,-0.00259564875798519,-0.101328093201395
"19520",-0.966527008063246,0.0182363571565617,-0.0910083231729452
"19521",-0.925396378114537,0.0537325017720849,0.0883018311549421
"19522",-0.932858106550318,0.0388430090719803,0.0652972080552023
"19523",-0.958341716562043,0.0500401568537398,0.0150623732037092
"19524",-0.921910177816431,0.0178820721224229,0.0229053736598073
"19525",-0.931333479885388,0.0419938748874487,0.0306899833559468
"19526",-0.9510770742734,0.033490136781239,-0.0444155656733731
"19527",-0.92239903190691,0.0508702841722094,0.0653281246664683
"19528",-0.91093383736828,-0.026478547469504,0.113047599647455
"19529",-0.914071263934322,-0.0301492161074532,0.113714921834764
"19530",-0.933673106080207,0.0321588875688326,0.0461392311740149
"19531",-0.932764070546738,0.0671382458393918,0.0840213590310929
"19532",-0.970319281588016,0.033274643576187,0.0398406104395709
"19533",-0.989290467306318,0.0190586656294501,-0.0384570607481077
"19534",-0.851106121345164,0.0399113714215425,0.0134715477470586
"19535",-0.8221804445186,0.0390713704378488,0.0542722611721843
"19536",-0.822287980546036,0.0212965015120915,0.0378400032313737
"19537",-0.854193929203191,0.0430107299295307,-0.0120278392775858
"19538",-0.886149813944208,0.0452945077265549,-0.0155424677218824
"19539",-0.901947202641529,0.0480082587012213,-0.0545370143956425
"19540",-0.884214790587093,0.0569251660354319,-0.0406215258751668
"19541",-0.858711225760455,0.00421102991390676,-0.102376834362848
"19542",-0.868477009855197,0.0267888858177282,0.00885940241988551
"19543",-0.883895662280207,0.0409622163808925,-0.0912580174433654
"19544",-0.84159229009046,0.0506886567360005,0.0403497325330922
"19545",-0.860144429875088,0.0183314465852575,0.0867983540076233
"19546",-0.83428857277407,0.00321314474924962,0.111801041184387
"19547",-0.839906779131905,0.0220710146894025,0.12188070193614
"19548",-0.904634945563196,0.0742518127467294,0.0873278238901552
"19549",-0.935467512365504,-0.0311539883606846,-0.157305392877697
"19550",-0.923285307826778,-0.0282874370948832,-0.142851401579764
"19551",-0.881763322792166,0.0374080203157548,0.0199704532092623
"19552",-0.848915457061285,0.0107283357894733,0.0518184458241861
"19553",-0.888721411245089,0.0353663047943695,-0.0434281854315706
"19554",-0.875109685903788,0.0480813177675598,0.0183007763804423
"19555",-0.835376646626603,0.0409593121745433,0.069706599291588
"19556",-0.793855960477588,-0.048538284778092,0.114967010088769
"19557",-0.840817322526118,-0.00421327342566931,0.0844726657376037
"19558",-0.820778171575368,0.0428120870809378,0.0932277599580842
"19559",-0.834201020794468,0.000451173785001371,0.0308612953056052
"19560",-0.857198178430755,0.055643947511089,-0.0352695609121778
"19561",-0.860754668024978,-0.021545800829584,-0.142701694699519
"19562",-0.847988565330696,0.0216552410104675,-0.0789707955580388
"19563",-0.805698850361266,0.0658467276626757,0.0457493573930952
"19564",-0.773888954763633,0.00398108535906539,0.0886664806029953
"19565",-0.772795632783802,-0.00823066310591703,0.097527594492746
"19566",-0.777896310316686,0.0098606559580313,0.104612736488669
"19567",-0.795499419465771,-0.00904967177406588,0.13243724865557
"19568",-0.827373275658892,0.0254426930276957,0.100858817226636
"19569",-0.873284864621913,0.0336849178770896,0.0602636716370354
"19570",-0.909316781531167,0.0475804211634506,0.0293509806282619
"19571",-0.913198366787009,0.0165773095944827,0.0425082069819341
"19572",-0.85661914078367,-0.0445830892847658,0.115131461539284
"19573",-0.854653033160821,-0.0562571794263374,0.113681845410632
"19574",-0.846790244069682,-0.0112720643044777,0.126831277047766
"19575",-0.853088736821897,0.0169030352098251,0.0784572047449157
"19576",-0.800981423760547,-0.000330317835912617,0.117508676457542
"19577",-0.797415413309971,-0.00935713690814784,0.109424214959853
"19578",-0.841264958734732,0.0192597156445174,0.103146905990924
"19579",-0.899343518357654,0.0168868004990275,0.0324676203973337
"19580",-0.903001048398238,-0.012472950360089,-0.0997238645853686
"19581",-0.840888405389332,0.0616627528929776,0.0496161220826542
"19582",-0.771691645245693,-0.0772488828733296,0.144843465186582
"19583",-0.827093071345512,-0.00695509579495945,0.121649937012428
"19584",-0.876875324321678,0.0242078936864463,0.0855799795457381
"19585",-0.923455617051735,0.0562157194018514,0.0196141703291956
"19586",-0.937062300699951,-0.00555779296256175,-0.0977859073493704
"19587",-0.903983806191247,0.000230171848394535,0.0115128443416619
"19588",-0.933514859302848,0.0422188946125295,0.0113204487323949
"19589",-0.937996167083722,0.0189408143357741,0.0177105640265656
"19590",-0.945503607873375,0.00696396198968601,-0.101361399183476
"19591",-0.925461722424363,0.018216083522902,-0.115884733013577
"19592",-0.907898371201854,0.0111036908332582,-0.187609301712408
"19593",-0.906517000768473,0.0310827688747588,-0.194152969809129
"19594",-0.898571670353211,0.0136814266468824,-0.190864286210454
"19595",-0.916605607304304,0.0597570980392557,-0.123543371522264
"19596",-0.858699158754011,0.0312577072995651,0.0198892745113926
"19597",-0.83405162812625,-0.0287042558830776,0.169266506107742
"19598",-0.843681589516467,0.020099251689144,0.192506761012334
"19599",-0.84515714458652,-0.0439310367617916,0.180471171701363
"19600",-0.898428732207089,-0.0759333665300224,0.15194090309473
"19601",-0.907276649740613,0.00299587527735539,0.13024049217029
"19602",-0.916998831681594,-0.0029863516568318,0.100638480401744
"19603",-0.92763092233529,0.0402773309564929,0.0479882335611332
"19604",-0.951853217047505,-0.00157576488638151,-0.101239159829184
"19605",-0.947347331584096,-0.0247983082556626,-0.151404963565693
"19606",-0.967875584627616,-0.00828930216316215,-0.1660895510064
"19607",-0.950039457982298,-0.00249333775656896,-0.103843530173374
"19608",-0.969384520370393,-0.0180373121352959,-0.107580464153647
"19609",-0.9701620552433,0.0321702036131745,-0.065210272623005
"19610",-0.948667682536109,0.0180641966979696,0.0136194166561051
"19611",-0.954417707420984,-0.00327947584750504,0.0232432615462152
"19612",-0.939307398159669,0.0286305517333848,0.0478727985683971
"19613",-0.969458298767659,0.0750164883514573,0.0220836474185203
"19614",-0.952258179489895,0.0478547525562783,0.091821323078578
"19615",-0.885321811499917,-0.0819561643497131,0.153681076491384
"19616",-0.898920769937546,-0.0735287420892029,0.146108967763811
"19617",-0.914050609374048,-0.023508004120948,0.105383486260212
"19618",-0.917406770117195,-0.00294675134147358,0.111079413194546
"19619",-0.915655595718495,0.0429611937581185,0.0594396410461389
"19620",-0.880510345304952,0.0205257638571016,0.0342730591496015
"19621",-0.862512173771045,0.0411515124306828,-0.0164173662333436
"19622",-0.860861123100063,0.0510740469928658,0.0243555225944764
"19623",-0.864230060752807,0.00120979983855979,-0.109552774805261
"19624",-0.85370584288945,0.00592779893162875,-0.108686360344042
"19625",-0.828889800397103,0.0453086571176671,0.0163630645701857
"19626",-0.833650176952533,0.0474291407043119,0.0611476636093322
"19627",-0.810880556723205,0.028725085809837,0.0572163336148795
"19628",-0.859635997437478,0.0467843632416257,0.0165097015771548
"19629",-0.888179572484394,0.0377275047112988,0.0219067426659832
"19630",-0.888392666332197,0.0563306219713641,0.0886482263985474
"19631",-0.852477107165056,-0.0672426177771375,0.133393539421166
"19632",-0.838014118337764,-0.0822555994910737,0.138480272855622
"19633",-0.86785743494054,-0.0129424088133923,0.120719728116647
"19634",-0.907083684000008,-0.018410842338561,0.100856317496008
"19635",-0.950203618586635,-0.00341283931914494,0.0108030848053903
"19636",-0.81442898583715,0.0110078856897305,0.0750952417096793
"19637",-0.801735291928001,0.0194437511068604,0.0716439146519344
"19638",-0.796105814613998,0.0153218275114159,0.0492602799369727
"19639",-0.781212977600845,0.0329950593111986,0.0894615514098278
"19640",-0.814833772967245,0.0398110649547168,0.044092183510385
"19641",-0.795543289553697,0.0271291847360626,0.0541997484621083
"19642",-0.723407086404536,-9.24505665844357e-05,0.110277798046949
"19643",-0.772545771011713,0.0335339668714795,0.115892418376119
"19644",-0.851949437034668,0.0657838980854388,-0.0349653234686755
"19645",-0.824698247377933,0.0335163678961369,-0.0488815456693817
"19646",-0.807472751624619,0.0391110978379085,1.07702795991849e-05
"19647",-0.808981986427708,0.0950483579754548,0.0451004614805795
"19648",-0.730645548544818,-0.0019494157416054,0.156920937624449
"19649",-0.719779365498628,-0.0447349142876573,0.126653501419477
"19650",-0.748038176017929,0.040061372908969,0.0785563850968049
"19651",-0.756441643431922,0.0218688103500839,0.076132477435941
"19652",-0.780450894804426,0.0238885688332849,0.0647625943650347
"19653",-0.797170750976885,0.0104967803806358,0.0159345858390198
"19654",-0.791833598788744,0.0249667249203004,0.00107620856275474
"19655",-0.816434867991698,0.0487907882544705,0.0118446886384176
"19656",-0.86156042658115,0.0426235189073413,-0.00131822079737772
"19657",-0.9077642948354,0.0630333637176119,-0.00432560279265431
"19658",-0.929290366793378,0.0393637627248333,0.0126000235830193
"19659",-0.855044646786736,-0.0048757658621746,0.113501099855188
"19660",-0.831928611804789,0.0163149416645993,0.122710107146742
"19661",-0.847098847763569,-0.0197819739208464,0.117365262956855
"19662",-0.891222675060052,0.0441525936004165,0.0270976230553217
"19663",-0.888156803295799,0.0234925120276664,0.00246198703662999
"19664",-0.879994414910175,0.0145152003083679,0.0458188726215417
"19665",-0.844289906902014,0.0113596241756609,0.0495067986239005
"19666",-0.87068460215899,0.0412264982925851,0.0222809690733124
"19667",-0.813710421511265,0.0372882293902734,0.0730936062733234
"19668",-0.782367206376025,0.0190319820109653,0.113099164717585
"19669",-0.873867375341772,0.0219212077935721,0.04309050125033
"19670",-0.875228660444325,0.0411027492689892,-0.018855524097586
"19671",-0.862392220664676,0.0334740338302311,-0.0320675927048109
"19672",-0.834036971056515,0.0480776187297695,0.0539814482241978
"19673",-0.801980565664351,0.0146436031836234,0.0757807249209459
"19674",-0.768748408745817,0.0135926656354342,0.115978649920832
"19675",-0.780115630482436,0.027190390520325,0.103582683696519
"19676",-0.805459065240244,0.0714628855240038,0.036944081093861
"19677",-0.839016545118549,0.0026157897270032,-0.132472946619149
"19678",-0.880081752784427,-0.00565242027435748,-0.158107893699024
"19679",-0.901286645513271,-0.0275639000569633,-0.160019459058319
"19680",-0.905983160749186,-0.0165913376245317,-0.154015851190439
"19681",-0.88535751322597,-0.00122792595580952,-0.111550802936214
"19682",-0.897060717026471,0.0311930336706578,-0.0880129962683027
"19683",-0.885926544192044,0.0426196990274579,0.00115310464381075
"19684",-0.886148653856639,0.0433313943016314,0.114839526102373
"19685",-0.879242177537051,0.0642823177530249,0.124960863402949
"19686",-0.818960094378711,0.00142617547733538,0.194324567978838
"19687",-0.820476756683295,0.054633990923527,0.0660354840622028
"19688",-0.827190551885677,0.0590298562165257,0.0618918248138083
"19689",-0.812152597363602,0.0665109639685611,0.0929902076225637
"19690",-0.795589565246959,0.0124045779061222,0.11647055654161
"19691",-0.831097719515511,0.0458334409700852,0.118481997996862
"19692",-0.85257460276334,0.0314954160539119,0.0868512645423318
"19693",-0.915608055258736,0.0373959856183587,-0.00181829992691195
"19694",-0.909910076967118,0.0213993761232061,0.0125071856698937
"19695",-0.879964206946191,0.0157144961632589,0.0671140289146483
"19696",-0.878689905009029,0.0395746604015678,0.0577035955725265
"19697",-0.885938545180582,0.0247306739378865,0.00825725376132882
"19698",-0.850957636776384,0.00618202241151162,0.0114357264206417
"19699",-0.826865075188034,0.0438598492668225,0.0239891375961248
"19700",-0.773807304295687,0.0310191353907687,0.0731793645963402
"19701",-0.794490268631673,0.0336056102213171,0.113254404729816
"19702",-0.791174457397343,0.0278645943342449,-0.00107519523370523
"19703",-0.803144512786585,0.0468144423753048,-0.00212617900963572
"19704",-0.813575553707469,0.0469189777058734,0.00815036778137312
"19705",-0.834482094683594,0.0407124713362445,0.0226465773768491
"19706",-0.827959643784474,0.0371896743109332,0.0649990437037285
"19707",-0.82310475885659,0.0226554558139083,0.0756293531287099
"19708",-0.858751142233122,0.0375330635784369,0.00832088031366987
"19709",-0.812683835309224,0.0137486840509479,0.105342465648773
"19710",-0.786257339737655,-0.0116906594202538,0.0952588564335567
"19711",-0.759834280630997,0.0198762654179831,0.0744358440292283
"19712",-0.780791563956934,0.0064471137797351,0.0328069464952077
"19713",-0.804164694486327,0.0356587609215014,-0.0128948545467746
"19714",-0.841042148406954,-0.0107220111960124,-0.127321340365155
"19715",-0.861952597242436,0.0266237667826857,-0.0720618217636728
"19716",-0.833806658202314,0.021027919794201,0.0665699121777122
"19717",-0.87457958975704,0.0326519449210985,0.0560773650128008
"19718",-0.889035226138996,0.0177477182265348,0.046560210244877
"19719",-0.842003194342323,-0.0232562867416328,0.115423618731543
"19720",-0.843042592189251,0.00355841732424825,0.119316008061868
"19721",-0.903072873093924,0.067194794277923,0.0446285567729957
"19722",-0.914622717963542,0.00303183002961673,-0.121366236992518
"19723",-0.913668057278202,-0.001951297213335,-0.159319101801361
"19724",-0.903316551877712,0.0203073859065517,-0.0659291105867177
"19725",-0.841690886602809,0.0511606939037884,0.0668042634240981
"19726",-0.830571752111174,0.0344419233275396,0.0851360321923429
"19727",-0.892468403688566,0.0489667321033458,0.00716531074226
"19728",-0.883416680567107,0.040720495338205,0.0238647161186635
"19729",-0.853159256328714,0.0673003333965217,0.062948244716492
"19730",-0.842875640626973,0.00479565016182846,0.120282512611584
"19731",-0.815087908627077,-0.015857944939728,0.177907741133087
"19732",-0.858891892842178,-0.000761892811346608,0.106575742377382
"19733",-0.852841435856097,0.0486908866594215,0.0692150983381574
"19734",-0.884216995707306,0.05003740632554,0.0246342622549661
"19735",-0.893230195305594,0.026984606139072,0.0474025007611789
"19736",-0.907038613967451,0.0367194956980306,-0.0461739451973978
"19737",-0.909275172108259,-0.0199412034937053,-0.149685973815513
"19738",-0.743865297998591,0.102263725570244,0.0528690569039155
"19739",-0.72473844571899,0.118698270497208,0.131242587617098
"19740",-0.707254414666126,0.0114422007182071,0.192216567015449
"19741",-0.67115749008834,-0.0327236073090002,0.188475109485221
"19742",-0.691292416364533,0.042612887265551,0.171271103612873
"19743",-0.721011870184178,0.0327269742562879,0.0972918344736515
"19744",-0.749761350173857,0.0635765566892075,0.0475269738754714
"19745",-0.74321840930242,0.107321078284962,0.0043124548346608
"19746",-0.765168547451114,0.00998060848211709,-0.131859750262951
"19747",-0.776962941501167,-0.013782774227837,-0.145630515608504
"19748",-0.780035628818078,0.0369052222073689,-0.0552826605649255
"19749",-0.718832180769242,0.0316306627182805,0.0647884501937293
"19750",-0.71017582289101,0.0708824228842541,0.0456151505294902
"19751",-0.720523164498802,0.105734133106759,0.0564428507603736
"19752",-0.730366245968804,0.063527080903677,-0.0531368127495786
"19753",-0.714253823243375,0.0398721317150805,-0.0154273724800778
"19754",-0.750265262458996,0.0753968659086783,-0.0563012134186862
"19755",-0.742947092251716,0.148016317189884,-0.0297116251293807
"19756",-0.779562887227837,0.014341840468575,-0.154052108207541
"19757",-0.796630745344124,0.0420601849161796,-0.162851319957801
"19758",-0.78563320246062,0.0242826186861393,-0.173610789343699
"19759",-0.772368272413416,0.0157838338818517,-0.112078211591849
"19760",-0.771764602212608,0.0665820708927466,-0.0173240089226422
"19761",-0.735148547641536,0.0369263142086404,0.0145713386792478
"19762",-0.762412045408196,0.0515088619675324,0.0292115390386975
"19763",-0.759319513345382,0.0410909347667185,0.0833920612046543
"19764",-0.795976817213842,0.0545504529770233,0.0370940529767371
"19765",-0.816948415728156,0.0488177913018802,0.0391012846373555
"19766",-0.808053483707044,-0.00202914168806963,0.110809132956476
"19767",-0.805097448410143,0.0276757011928107,0.0530530913334508
"19768",-0.769841744538493,0.051240821327112,0.0520905624038037
"19769",-0.751691237302599,0.0552577777423716,0.0195090712072807
"19770",-0.766959678727267,0.0680290083158014,-0.043911119275478
"19771",-0.775447735885183,0.0702707505004435,-0.0509335582915438
"19772",-0.778266985928223,0.0589208437586646,-0.0135318819715344
"19773",-0.766607295175965,0.102179970838276,0.0744538597311189
"19774",-0.74849803875532,0.0583291905149628,0.0974606235380811
"19775",-0.759279754354653,-0.01580167178412,0.114485984476112
"19776",-0.783960625005295,0.0243487497070942,0.0601926126369288
"19777",-0.767045242736161,0.0615453005250572,0.0566361248504531
"19778",-0.74213090288771,0.113425482101852,0.10418827032672
"19779",-0.673588761774489,-0.0777058464711152,0.164226241510741
"19780",-0.689093834014855,-0.0524987651827061,0.151041006646773
"19781",-0.758724627593895,0.040394261777227,0.105511854996246
"19782",-0.804353091320304,0.0189207519198658,0.0599592127780814
"19783",-0.838626722195869,0.023632254282868,0.0338805582767246
"19784",-0.849217691952437,-0.0129984592259103,-0.146858763676753
"19785",-0.823298318798127,-0.0101261289343298,-0.13679196196893
"19786",-0.815997750877217,0.0410704907432662,0.00885396022365776
"19787",-0.835940548174644,0.0252797071618201,0.00713999840139519
"19788",-0.854796426053323,0.0177192482950035,0.00163253926625447
"19789",-0.763952897702766,0.0439657341083941,0.0588927639142695
"19790",-0.734608307199727,0.0208410829108291,0.106516901338108
"19791",-0.674292229765146,-0.0184364851151995,0.145068485308783
"19792",-0.694450694615878,0.0113280120236999,0.154201575642692
"19793",-0.767693243354586,0.0215871332000174,0.0529454952887657
"19794",-0.801182819644338,0.0386795052890208,-0.0430988517168835
"19795",-0.784461200473164,-0.00617290547159223,-0.146652649521019
"19796",-0.769929865788504,0.0354974717483464,-0.0284481612043596
"19797",-0.759346318395623,0.0341429484495605,-0.0154780141505963
"19798",-0.733134866547441,0.0555090930313636,0.0548813281101348
"19799",-0.730823566583349,0.0241782938940328,0.0769877226136045
"19800",-0.723622006754441,0.0112578157175466,0.0386600339491236
"19801",-0.758222333726929,0.0376804549050596,-0.00939570831458097
"19802",-0.791450497629853,0.024617426066255,-0.0906912659548793
"19803",-0.779444516549658,0.0397387006457312,0.0119005156642917
"19804",-0.760466100648523,0.048643109903173,0.0808536935400381
"19805",-0.743699781216633,0.0202036243042676,0.0802358366678979
"19806",-0.758099307567722,0.0195295527971193,0.0483897166259789
"19807",-0.720955657277578,0.0337930303406491,0.0785579913256975
"19808",-0.695006427586121,0.0300101880274461,0.0685812598227454
"19809",-0.723888417788228,0.052909872173061,0.0519049997522356
"19810",-0.813633105844418,-0.0170985614079939,-0.161492257762823
"19811",-0.83522641043512,-0.00829265559387585,-0.11096405243582
"19812",-0.82196091197913,0.0261540857852105,-0.0149866145823954
"19813",-0.77437011590413,0.0582554072166566,0.0430327231704764
"19814",-0.721550906530441,0.0300604241457154,0.0884324878582361
"19815",-0.763535252769635,0.0480573851929116,0.010356241776042
"19816",-0.735157262125902,0.00348526318572845,0.0964388611231803
"19817",-0.689243230511875,0.0195538300370321,0.153395355483881
"19818",-0.685433245478815,0.00859052667028918,0.101781557814176
"19819",-0.65332169777815,-0.00849254637686542,0.131711426595686
"19820",-0.671707714271561,0.0471088742086902,0.129199094780188
"19821",-0.701629675671047,0.0665280606001421,0.0811629712314731
"19822",-0.665213810677162,0.0833468992227581,0.0885258301553465
"19823",-0.706395758813881,0.0838732909775803,-0.023155466323291
"19824",-0.719988218708438,0.0746039844580014,-0.0268376322906778
"19825",-0.739368845752717,0.0755823843141104,0.0251749152502423
"19826",-0.775462873803979,0.0263697539931581,-0.110967162994248
"19827",-0.760472501889867,0.039464316350414,-0.0394054232918893
"19828",-0.752329175417024,0.0446509938299224,-0.00591694367508901
"19829",-0.695168316823437,0.0441712392478202,0.118918617161142
"19830",-0.750998582093924,0.0450490307355737,0.015544277647218
"19831",-0.7854516599307,0.0102166735493409,-0.141362465108667
"19832",-0.766495186960858,-0.0022715050757289,-0.143683715438221
"19833",-0.719224025073945,0.0570191605130327,-0.0257770472094083
"19834",-0.72976219781395,0.0322649925760429,-0.00142483588203061
"19835",-0.727145032481365,0.0644666835858525,0.0394096293306114
"19836",-0.730632453782827,0.0642896820737523,-0.000462902650126445
"19837",-0.673557756727844,0.00642091458515058,0.151297162322658
"19838",-0.697883463009841,-0.0193916353838469,0.140740454793507
"19839",-0.707249876132904,-0.00827578029997162,0.159567997820217
"19840",-0.75807355965643,0.0631212324307436,-0.0458645980252051
"19841",-0.745210274746893,0.0698647454765911,-0.0334868520186396
"19842",-0.70822979093761,0.0533742774190665,0.0847603256061104
"19843",-0.721975760731574,0.0558157224266247,0.0834960334994855
"19844",-0.760642377559181,0.091217679182356,0.0673802449325785
"19845",-0.717500237338157,-0.0129419667419919,0.11463898788145
"19846",-0.735718562817638,-0.010549225746752,0.129653995118329
"19847",-0.730601104950395,0.079356316456378,0.110234989741338
"19848",-0.747801142726329,0.119641036515854,0.061189848214995
"19849",-0.745488229287545,0.042460126785149,-0.130721316287208
"19850",-0.767920559058523,0.0500971563411546,-0.150468636229415
"19851",-0.750606835606027,0.0318999434202821,-0.142554619789875
"19852",-0.725835301490829,0.0414419246522257,-0.12345306351642
"19853",-0.681556626659117,0.0722899475173955,-0.0170182092681863
"19854",-0.635529380130513,0.0495740915436109,0.109924612265239
"19855",-0.637335405872364,0.0547548613218574,0.0964674001468363
"19856",-0.660358233170049,0.0576245582578873,0.0276029787746103
"19857",-0.656350994779848,0.0560750973647595,0.00572698369154021
"19858",-0.670105719936562,0.0471313274240735,0.0156031076920731
"19859",-0.669411425685952,0.0506877619407396,0.0556035341687729
"19860",-0.717827103123103,0.0410630005414895,-0.0535138270481782
"19861",-0.686222062753039,0.0636510819745113,0.00460672277818084
"19862",-0.677834194519664,0.0544148512434627,-0.0199829135509083
"19863",-0.653985188962204,0.0638184171640561,0.0224805940891498
"19864",-0.638326071869656,0.0954773502043532,0.07710494369627
"19865",-0.631076696374505,0.0961698255180349,0.116272637858674
"19866",-0.626402362281898,0.0748834179775123,0.126361874313708
"19867",-0.692710502522909,0.101734788641559,0.0190189500697757
"19868",-0.681283577359628,0.0380275787920191,-0.0577835520968542
"19869",-0.694527870109039,0.0473466478867087,-0.0615437986602866
"19870",-0.708517020759549,0.0781619641204682,-0.0439533878668673
"19871",-0.674300260702829,0.0354452587352537,0.0633119670186443
"19872",-0.728308427454907,0.0901629482368486,0.00464431981023831
"19873",-0.691985512290635,0.0734754113266848,-0.0456932715962781
"19874",-0.649513307286809,0.0578091573821271,0.0233520773901387
"19875",-0.653113413618355,0.050876273754576,0.0240688875150809
"19876",-0.713578840750762,0.0192879552838642,-0.139705680759797
"19877",-0.724332999007958,-0.00638009307012088,-0.162678890384554
"19878",-0.698642896338407,-0.00501549290131383,-0.150696370617275
"19879",-0.718107237490739,0.0197531264849206,-0.129284062825804
"19880",-0.718023396902734,0.0569570577652906,0.0321741961139235
"19881",-0.746534911931382,0.0879015906852332,-0.0534704075547032
"19882",-0.748047815097347,0.0607493637517292,-0.0603190095143503
"19883",-0.724719646457983,0.0592900610608688,-0.0907613382749261
"19884",-0.672717292865763,0.0605244403652823,-0.0928106344070751
"19885",-0.683323806353643,0.0612427673122187,-0.0845002339673621
"19886",-0.706989036302651,0.0722273315520673,-0.0908517443882911
"19887",-0.70832809274754,0.0915978968800035,-0.0606623221253375
"19888",-0.720023554443754,0.0749934624972359,-0.0946232197038862
"19889",-0.694045819003953,0.0634556760340948,-0.0205749155432813
"19890",-0.694161667947617,0.113843805148011,0.094576349429542
"19891",-0.741149783999637,0.042713209074692,0.0589760555820944
"19892",-0.742699923550008,0.0233375109964656,0.0740411580170557
"19893",-0.745439015003496,0.0211719115075643,0.0152175685637711
"19894",-0.710256431530428,0.0240667456152119,0.0132445703655058
"19895",-0.677694994575266,0.0242490449897331,0.0106308686453473
"19896",-0.650880806201925,0.0439255423505746,0.0292939972542563
"19897",-0.67253721074584,0.0358409895973652,-0.0298343830505447
"19898",-0.681134444098761,0.0770406077988713,0.0410496351003469
"19899",-0.689939740043584,0.110102323979526,0.0694785778327612
"19900",-0.661250125393581,0.0952556484405433,0.134206093619308
"19901",-0.684097399949749,0.075193066547303,0.109120746920495
"19902",-0.702108820041528,0.0851000629941646,0.0531317179237041
"19903",-0.710681624736408,0.0471193404320888,-0.130679015298661
"19904",-0.699977241771848,0.0376447314080467,-0.128505323928114
"19905",-0.699842989395949,0.0628072351944012,-0.0373885913360643
"19906",-0.73330674657181,0.0631695145149612,-0.0400813768759006
"19907",-0.742738105389546,0.0766345739805772,-0.0258876524689595
"19908",-0.719073544743654,0.0929015874483722,0.0743432358169763
"19909",-0.663028839108429,-0.00641321670765712,0.151248458627225
"19910",-0.650731123247091,-0.00361961733211216,0.115602809046653
"19911",-0.672207084714102,0.0563341629880844,0.0883586576827112
"19912",-0.674515093944624,0.0350226407524081,0.0716516105279716
"19913",-0.664676204742041,0.0269639748802718,0.0726163104506586
"19914",-0.694109594537328,0.018167494282816,0.0145817022925664
"19915",-0.728517392820148,0.0275209790541786,0.0176084525109928
"19916",-0.721501285279712,0.034464007127276,0.077273010693284
"19917",-0.704985073489145,0.0452281595994839,0.125068448698567
"19918",-0.709022623852364,0.0687141234345638,0.104452121983691
"19919",-0.7172866369166,0.0467732194638843,0.0211668331475077
"19920",-0.730926841056047,0.0846107947403977,0.024838305532793
"19921",-0.724429124639691,0.0695459301979427,-0.112007722775361
"19922",-0.701700757313811,0.0208412388160025,-0.140205382835006
"19923",-0.670488133504708,0.0245841641279671,-0.143302594196103
"19924",-0.695738384298268,-0.0034996450328572,-0.165978643155577
"19925",-0.704011239404037,0.019663159883347,-0.144742634310549
"19926",-0.66977557146483,0.0710488088169588,-0.00185649869459135
"19927",-0.665016964065912,0.0612040878533869,0.00160036741601304
"19928",-0.662872065648683,0.0464102709762497,0.0661364629262966
"19929",-0.733527222390247,0.0513322257696989,0.0542470859539263
"19930",-0.761462981766019,0.0400503630502937,0.0110403308856457
"19931",-0.705659817905181,0.0229660779847084,0.0767048341819346
"19932",-0.686825943337219,0.0144250706924914,0.0418368263673663
"19933",-0.697348169836732,0.0341918837546118,0.0478416993557219
"19934",-0.715972811641493,0.0344938548130603,0.00089141952076493
"19935",-0.726207525369814,0.0472983494309094,-0.0530155559664875
"19936",-0.715197614602787,0.0453623322596534,0.0121562222851794
"19937",-0.692238471139824,0.0422715236533711,0.0180587003224408
"19938",-0.700577523203098,0.0496210874134861,0.0246827812188639
"19939",-0.726080107926036,0.0559046846020749,-0.0567487298124239
"19940",-0.68698967521677,0.0991440076746591,0.0686141957242826
"19941",-0.665658580437391,0.104367162757393,0.0955973240204569
"19942",-0.649302720792248,0.131668410767438,0.10690566386633
"19943",-0.618336747886265,0.0542765399464768,0.128053425096732
"19944",-0.603286635993051,0.00281819846545739,0.130062756763209
"19945",-0.604238465551094,0.0614665245881422,0.0991930695281138
"19946",-0.624362464241365,0.034384469968994,0.0512467137366645
"19947",-0.654293967430844,0.0638040408945494,-0.0288372226716367
"19948",-0.700450396344428,0.0428619870694828,-0.119303183672862
"19949",-0.668912966292185,0.11823891625561,0.0639693822040142
"19950",-0.65823651867312,0.058600556677291,0.10952350076687
"19951",-0.647505103295758,0.0391320457983117,0.169699208716767
"19952",-0.622650464257525,0.0784517050480547,0.188915790203308
"19953",-0.635735451803393,0.101232580318698,0.0905232391522605
"19954",-0.697456086545278,0.151070817611881,-0.0255590601284377
"19955",-0.708693228979335,0.0549455826000198,-0.144078681090763
"19956",-0.723270241408936,0.0572702266983752,-0.16107805890387
"19957",-0.693268096966913,0.0846425846821284,-0.119500659691513
"19958",-0.618673103683804,0.104241579091602,0.0702625100729199
"19959",-0.605804331453744,0.132436850436871,0.117849161424267
"19960",-0.624957993038614,0.0712956203365087,0.163585819474166
"19961",-0.55718527383248,-0.0659880993854377,0.171406397110253
"19962",-0.551603006624541,0.0438693983819807,0.21797314034904
"19963",-0.556731999976143,0.137126107563867,0.229265478861365
"19964",-0.620611121090666,0.0622213534940664,0.0485558922090056
"19965",-0.660855075763445,0.100048081320169,0.0696671612206628
"19966",-0.691825182793583,0.0651435542233769,0.0382868667306595
"19967",-0.718710727704008,0.062984224128877,-0.0727947117908655
"19968",-0.71313296988335,0.0398556892482571,-0.0313549144011177
"19969",-0.743121416769764,0.0596181361885037,-0.0269062594763531
"19970",-0.73218888473911,0.0654317092529747,0.0125118039409501
"19971",-0.711891858562662,0.0411082143081549,0.0272509485430987
"19972",-0.712939368687288,0.0492065572824633,0.0199070570772607
"19973",-0.753131549743082,-0.00318481254293161,-0.14316749489754
"19974",-0.720620522466089,0.0505224557028716,-0.013087884058856
"19975",-0.695358873684711,0.0691517819065758,0.0607347099239477
"19976",-0.682051759701534,0.0575512383708856,0.0281231174154671
"19977",-0.67916187385634,0.067295624124747,0.0318580180728259
"19978",-0.677666693433829,0.0780890254494622,0.0472237316346131
"19979",-0.679767800706489,0.0514886515825207,0.0226873773883332
"19980",-0.684893884565358,0.0651613935818074,0.0274544301002964
"19981",-0.654736040251242,0.0745754458653022,0.0618107151865686
"19982",-0.631162015992381,0.0644731062216978,0.0672981782582352
"19983",-0.625653805996682,0.0765576070428939,0.0630930644752704
"19984",-0.595488131348101,0.114000709456091,0.0957085773930204
"19985",-0.559803737309161,0.077189709188451,0.103119149017384
"19986",-0.550632254948784,0.0472663252563572,0.0331847915886857
"19987",-0.566824198939228,0.0330916343733272,0.0316640452351852
"19988",-0.675060714442045,0.072590894966681,-0.130316550751216
"19989",-0.71539080200205,0.10743477585849,-0.110355429162903
"19990",-0.674544652843619,0.100128725148342,0.00711750331095963
"19991",-0.609844600894054,0.0901947315362637,0.133023884617268
"19992",-0.569633183764773,-0.0264919146710846,0.165628838624277
"19993",-0.666657426742911,0.0528252358688901,0.0849319994595711
"19994",-0.644303868133595,0.013802252638866,0.103372018696268
"19995",-0.616864241918794,-0.0279871869692537,0.145571667592227
"19996",-0.596644511348153,-0.00502411814189021,0.126916144202489
"19997",-0.638105315878016,0.0196664677635297,0.0430442721566316
"19998",-0.646848825182568,0.0393008317896867,0.0398007660225828
"19999",-0.71012122589298,0.0546397717923319,-0.0812658770698275
"20000",-0.695109062904628,0.0565954453899712,0.0233325241747403
"20001",-0.680059838840903,0.0818890329663733,0.0574299030148286
"20002",-0.723401136795456,0.0951329344762575,0.0149981084378707
"20003",-0.742391611676917,0.101889647508727,-0.0604482041599302
"20004",-0.737942176478783,-0.00356363018145663,-0.147003279665853
"20005",-0.740842414823029,0.0753270550318469,-0.0776575915883919
"20006",-0.709813424877176,0.0358765008833583,-0.0227636026096905
"20007",-0.670398218835757,0.0677887022142135,-0.0132076438419272
"20008",-0.592581477495516,0.0538505002389385,0.0565416014331568
"20009",-0.593433942089215,0.0340350337151528,0.0390460238751387
"20010",-0.628950345010947,0.0676899232739567,0.0525126504647319
"20011",-0.650958121864491,0.141784234804719,0.110972461552214
"20012",-0.636195391851646,-0.0111061570596998,0.143704247824141
"20013",-0.645287215185821,-0.0349474125063412,0.127659859665686
"20014",-0.627147153081963,0.0027085036223281,0.166760889617567
"20015",-0.659014173942769,0.0661280791300188,0.0386406758749672
"20016",-0.634177373823251,0.0378186943370311,0.00897248625354181
"20017",-0.638019761699971,0.0711282155240446,-0.091558904166723
"20018",-0.650774886965257,0.0205929403046785,-0.142049221904968
"20019",-0.630922113680045,0.0698083220963731,0.00378152454709525
"20020",-0.626631352528166,0.0279626573611135,-0.0389317657312942
"20021",-0.643241122883413,0.0510579605693014,-0.00755706440310637
"20022",-0.614316791535302,0.0863745174525988,0.101611795313921
"20023",-0.634709886165071,0.111766433059246,0.112920051865705
"20024",-0.602259701894199,-0.0476224199490193,0.158305467814648
"20025",-0.673757137054147,0.0278953305027657,0.110536474234787
"20026",-0.712598368780494,0.0401238186808609,0.0438450494041815
"20027",-0.707598451759093,0.0251087455541031,0.0489026738086404
"20028",-0.712796639067672,0.0689238065988705,0.0516485961144666
"20029",-0.65015576606282,-0.00229703151979179,0.124947084995334
"20030",-0.66036590268358,0.0327125795342741,0.0989264173264305
"20031",-0.686624560825399,0.0537663836146817,0.00465477128252296
"20032",-0.692049879496039,0.0353758115138206,-0.0075810803258172
"20033",-0.666683736601619,0.0377933247802751,0.0747856682755659
"20034",-0.672661280287896,0.0285228303387657,0.0502761436015954
"20035",-0.686291357048251,0.0411188716773058,0.0131054664133049
"20036",-0.6666420608812,0.0803887870881607,0.0663502551856417
"20037",-0.625325110023304,0.0325036016743341,0.107630892998839
"20038",-0.584713340660761,-0.0280279711990306,0.129377189381709
"20039",-0.575882305547385,0.0222180027500444,0.128522492664984
"20040",-0.614656021922816,0.0262529547447662,0.0109742070983917
"20041",-0.638198777579404,0.0606781648123674,-0.0818733231948831
"20042",-0.652165073571969,0.0881135835845317,-0.0374899776863047
"20043",-0.686998324148341,0.0877737774662581,-0.0724909063060067
"20044",-0.695685953643841,0.0569584929848684,0.0634178901147527
"20045",-0.712314982465618,0.0468912834393785,0.0154657210141095
"20046",-0.685804475379277,0.092573856213557,0.0547883680230188
"20047",-0.649865386292078,0.0274157320726564,0.10972365589346
"20048",-0.693352695838943,0.0329786417414717,0.0275996648672259
"20049",-0.715498583802708,0.0208203533416064,0.0121079740549778
"20050",-0.732548862047711,0.0731036624704331,-0.0129364975147539
"20051",-0.724799433517377,0.050545909662681,-0.0309290363668756
"20052",-0.734047057784482,0.0725985884790738,-0.0531609804189094
"20053",-0.719592063078626,0.0421676462557527,-0.00205535199500747
"20054",-0.691693129392689,0.0665103224592987,0.0922885390918077
"20055",-0.641716938890971,0.0122575659654908,0.154645767328845
"20056",-0.624496763967857,-0.0287557960272282,0.151150606669737
"20057",-0.667360733004631,0.0743554263445114,0.0669653711169528
"20058",-0.650151357217978,0.0585458516281276,0.0819888090513301
"20059",-0.663582528817561,0.0463337730397758,0.0327451878705797
"20060",-0.663101578564444,0.0483217279148186,0.0545325231458845
"20061",-0.675232569208598,0.0389183488210559,-0.0197588609306042
"20062",-0.663230874361276,0.030012953554153,0.00925535952238494
"20063",-0.689410948827488,0.00467469523874929,-0.15545947513433
"20064",-0.697865323750778,0.0243573430543488,-0.158066032157842
"20065",-0.713287192271563,0.0697397416284323,-0.0970572372785736
"20066",-0.721125333102257,0.056269777062149,-0.0427913937688462
"20067",-0.6978980156903,0.103585786428764,0.0778797358080055
"20068",-0.691811718348379,0.06929732823443,0.0797640620683137
"20069",-0.675637812999864,0.0533736151568017,0.083941202581879
"20070",-0.640584676696062,0.0295875710409608,0.103172387149675
"20071",-0.650215773465715,0.0246258256025713,0.0886997061323323
"20072",-0.632331237762087,0.0272250712313539,0.0553348431381805
"20073",-0.660398204626956,0.0606258936651847,0.0522386233239298
"20074",-0.706468959559358,0.0672363378831679,-0.0175173838984089
"20075",-0.726012970982012,0.0359427559761379,-0.108467942869049
"20076",-0.706125302328814,0.0752989084181138,-0.0282889477169307
"20077",-0.659517832123571,0.0463357932230934,0.0181288767553091
"20078",-0.653990518331649,0.0622753783105584,0.0653535526146032
"20079",-0.634981412941818,0.0291538861060439,0.102972046108418
"20080",-0.671677874333463,0.0222757323342334,0.0124872615489572
"20081",-0.701551225499121,0.0560308063286402,0.000745736716461254
"20082",-0.71148460265682,0.0606811105267055,0.00386023797313848
"20083",-0.714077172365593,0.0534961216753983,0.0273576484640108
"20084",-0.726664290450256,0.0549254499930865,0.017071861873106
"20085",-0.703183709216479,0.0718746273992505,0.0427094293558333
"20086",-0.661344797731288,0.0757851538887661,0.062954767724161
"20087",-0.668404526810521,0.0364357231208512,0.00685430137455346
"20088",-0.687653740960597,0.0353306351445775,0.00759408731896314
"20089",-0.685979553867675,0.0416585450560509,0.0488762367489169
"20090",-0.708886214831964,0.0328116420572413,0.0748046157128887
"20091",-0.730618152709269,0.0361654638179773,0.0582670483757596
"20092",-0.699629124350503,0.0255505153346872,0.080724881208981
"20093",-0.749714332188908,0.013177617463669,0.0135324889286409
"20094",-0.745734472728999,0.0838191200560711,-0.00210562559613287
"20095",-0.672708941062557,0.0767765481774468,0.0495534630728212
"20096",-0.662755794009357,0.0629032786265312,0.0918908556262594
"20097",-0.626910016253654,0.00529661546156724,0.122679902300206
"20098",-0.625308792724785,0.0139481852361915,0.10808544137457
"20099",-0.581090604405652,-0.00985613059017844,0.139551707168059
"20100",-0.585977251540797,0.0827735700811923,0.0935979481597321
"20101",-0.580954894451429,0.0375877085237998,0.0427102295483832
"20102",-0.595360038929998,0.0709669988292899,0.0280699989406107
"20103",-0.649321060951726,0.0575584601009085,-0.0934604374276928
"20104",-0.69640115751174,0.011577255577184,-0.14131474386023
"20105",-0.718050258047457,0.0753745172678436,-0.0770875612840918
"20106",-0.691499445579775,0.110599066424968,0.0797773190378308
"20107",-0.656038619150573,0.0518194374908462,0.115545146373379
"20108",-0.64524450735751,0.0175171059022471,0.150765121590459
"20109",-0.709430270230237,0.0304569328593553,0.088489750614279
"20110",-0.705998161894191,0.05179747330164,0.0652713674809574
"20111",-0.71663236874058,0.0620011728602252,0.0465010425987691
"20112",-0.706952167991738,0.0503775147296316,-0.00467170629599289
"20113",-0.686996795834354,0.0625085107536466,0.0139512285755997
"20114",-0.693403867588651,0.089332334072847,-0.0365738458880076
"20115",-0.670198473649127,0.00431352361481495,-0.151854786155049
"20116",-0.644191533124038,0.0220481055199301,-0.151117690751658
"20117",-0.639358797746221,0.0284499771118966,-0.144876320700838
"20118",-0.611864213142234,0.0467422406505198,-0.140947341422789
"20119",-0.624037874802871,0.0544279835114934,-0.0263399717380163
"20120",-0.634716412748437,0.0593550564930923,-0.0093791573394629
"20121",-0.638370642223847,0.0673291782082157,0.0681749562132246
"20122",-0.664229446132159,0.0623286734970888,0.0867288576040695
"20123",-0.668500871307686,0.0820853708448571,0.0832593801098896
"20124",-0.671917777634706,0.0768216444415497,0.0821801883205347
"20125",-0.651345422704316,0.0365050896275409,0.09003680709979
"20126",-0.67576733071839,0.0902411979415828,0.0697109460267497
"20127",-0.684367607673031,0.105976127018075,-0.0733316809083322
"20128",-0.675002570806945,0.0129867012464325,-0.150966593483514
"20129",-0.651275033103812,0.0396316338183402,-0.129329936423494
"20130",-0.626989613079951,0.025360402038093,0.0069279903844976
"20131",-0.645386745715238,0.0410986342357685,0.0189097276691154
"20132",-0.673964819204862,0.0566658908743625,-0.0556941777828376
"20133",-0.669472716861021,0.088681760879104,-0.0748659432353751
"20134",-0.615110911159891,0.0515630798277388,0.0213131352531296
"20135",-0.611853970495077,0.0487392661326258,0.0520177082673414
"20136",-0.602404931987521,0.028858313287063,0.0651550839368302
"20137",-0.650412214488965,0.0360781041465796,0.0230203189454997
"20138",-0.643179971688066,0.0289130186598545,0.0415635201159102
"20139",-0.670135281789276,0.0379425391056149,-0.00694089705918213
"20140",-0.666513931523021,0.021002476065324,0.0143670155074646
"20141",-0.708976993412688,0.0626893512115432,0.028480126770883
"20142",-0.710267851706922,0.0483468326658691,0.0377166655393762
"20143",-0.643979779075879,-0.0259304633742945,0.152167321143074
"20144",-0.662332574331877,0.0190042877581424,0.105165103037826
"20145",-0.641955031932549,0.0575599532539117,0.0913127130083943
"20146",-0.602774655138387,0.0770505669302532,0.0168594897218729
"20147",-0.634602787060524,0.0762888897200595,-0.0883506123382373
"20148",-0.624233043673002,0.053896896833413,-0.00331162607044669
"20149",-0.632326072365249,0.0480039687386055,-0.00578246880092142
"20150",-0.599819985718217,0.0574445525748207,0.0683188618112908
"20151",-0.621399150813911,0.0831907889392998,0.0803762790199274
"20152",-0.610920688047987,0.0511108148578286,0.106512264440503
"20153",-0.573652704155752,-0.00334952621825824,0.141138517374177
"20154",-0.610695338391437,0.0230967910987481,0.107304629476714
"20155",-0.646120132939466,0.0371657895231947,0.0405760206418884
"20156",-0.642862412576908,0.0438912131190945,0.0562902522593229
"20157",-0.642532584264929,0.0696438738602684,0.057758052418247
"20158",-0.565150488632705,0.0035780821909894,0.140277698634166
"20159",-0.575236226283955,0.0054059000032206,0.154929310264686
"20160",-0.674408958422294,0.0304168367388717,0.0482945531682987
"20161",-0.679430919388333,0.0749090669286454,0.0732587487175091
"20162",-0.659675724674204,0.0627591345681859,0.088308188656395
"20163",-0.620298881133171,0.0561260417920647,0.0895433379867804
"20164",-0.625602810902489,0.0430075611769716,0.10156945479263
"20165",-0.649545728134291,0.0372113470891678,0.0279798288263373
"20166",-0.64393310241622,0.0370640499121018,0.0311047594269956
"20167",-0.662275593071304,0.0840579537110458,-0.0365617246299689
"20168",-0.661444659925937,0.0834874547318923,-0.0843445609678759
"20169",-0.643044947797666,0.065756522076961,0.0202492094297743
"20170",-0.634284210488041,0.0298632498085742,0.0443261309833112
"20171",-0.660357162378875,0.072600231590723,0.0408408510600554
"20172",-0.636397823778558,0.0642073975685205,0.069746624171633
"20173",-0.641383882786171,0.0580592716472827,0.0598457226790381
"20174",-0.604421919222992,0.0338679159310072,0.116208759912563
"20175",-0.631450572611401,0.0347090705494741,0.0759059175378843
"20176",-0.629891042525947,0.0878109486925824,0.0946814815942097
"20177",-0.633959404345781,0.0838632827276463,0.106562405985534
"20178",-0.668710408264637,0.0526266063632686,0.0283526696679589
"20179",-0.691559207311071,0.0834579797800295,-0.0484661990628942
"20180",-0.65240888002435,0.0706445741036837,-0.00120945975466158
"20181",-0.639043611986482,0.0634368434900911,0.0112572351419485
"20182",-0.635331327752666,0.0581238887238677,0.0869021463260609
"20183",-0.679685214068203,0.0407141177038579,0.0555906563550795
"20184",-0.716420989406206,0.0919287299282541,0.0756033803096636
"20185",-0.710676048226409,0.0114299403512244,0.0881642651155784
"20186",-0.720211720281864,0.0782763615464545,0.0662183601626172
"20187",-0.701709803860849,0.0940817612507507,0.085708186585702
"20188",-0.673153854813976,-0.00761896020661021,0.13565520394048
"20189",-0.701544846388294,0.0410432373497965,0.0976209133015594
"20190",-0.72340095887458,0.0600956442128922,0.0578082123331058
"20191",-0.725461939494774,0.0785367824194168,0.0510906876819215
"20192",-0.670625383247124,0.0656323160742413,0.0989302488678863
"20193",-0.65182752516718,-0.00571832027599501,0.118269239650968
"20194",-0.615901388367675,-0.00826775884534467,0.129904587771708
"20195",-0.644132419475013,0.0494925136063383,0.11478732718423
"20196",-0.667290166995474,0.0339338012999615,0.0736400965151092
"20197",-0.572524577515901,0.0949758581760705,-0.0549697081911421
"20198",-0.564582696120529,0.0307793416101728,-0.1535810147408
"20199",-0.534971345562663,0.0121881397161557,-0.159320879272788
"20200",-0.524023815021766,0.0339275776886388,-0.144110331781715
"20201",-0.533606904069029,0.0931434412977748,-0.0416709403685292
"20202",-0.567879680676986,0.0326087615530925,-0.0473475394785752
"20203",-0.539634065526397,0.0584039578159777,0.0498806872676611
"20204",-0.516188450279888,0.0594643423493906,0.0618500536432806
"20205",-0.544599254462992,0.0613054608555194,0.0666021732923415
"20206",-0.542830463684785,0.123155927282876,0.100574610032471
"20207",-0.539701147644663,0.0482587020829963,0.132100210338567
"20208",-0.548017677363645,0.0319731975430063,0.146319821430874
"20209",-0.572727730773531,0.0625249356701044,0.136280898782616
"20210",-0.579717794514184,0.0532413273407402,0.125342486081172
"20211",-0.543417601758714,0.0553920978005082,0.0638092566484476
"20212",-0.511339561406757,0.0822285798830438,0.0424061712523117
"20213",-0.460485980062086,0.0601798971906475,0.0480139383443684
"20214",-0.491111177710787,0.093584445440405,-0.00226937669011514
"20215",-0.516177801913151,0.0329311490479243,-0.138617589179117
"20216",-0.54030137142875,0.0356252829149821,-0.135810662976312
"20217",-0.553332463859942,0.0563733285460963,-0.0740703834964388
"20218",-0.52759329139359,0.0877874367993843,0.00502592156532258
"20219",-0.538777568275877,0.111445672787766,0.0681492222553253
"20220",-0.54150439291141,0.131128890267546,0.103547053948985
"20221",-0.543599952490494,0.0368413500602502,0.15914642606896
"20222",-0.605969584591822,0.0534628350814189,0.0656820284795776
"20223",-0.609976193774794,0.0415898932361151,0.0328677190469413
"20224",-0.590096702538932,0.0540258837262096,0.0300620635323325
"20225",-0.605255262487755,0.0386918295457079,0.0427382920576535
"20226",-0.603202005186735,0.0522323154176676,0.0649348472770857
"20227",-0.584821953623219,0.0215059909213107,0.0499494098504493
"20228",-0.593530860106104,0.0416911621542539,0.0327378516622319
"20229",-0.574109645527013,0.0312293060251134,0.0085342478053279
"20230",-0.585479475298274,0.0499221972644863,0.00820201617187374
"20231",-0.582617579838147,0.0201318369826608,0.0552854009707899
"20232",-0.57844115691789,0.0593129727248075,0.0663691687894345
"20233",-0.560636769659564,0.0180923534193741,0.0631373899257539
"20234",-0.582756293572362,0.0335217420612215,0.0362257136218582
"20235",-0.586494446378762,0.042459299209165,0.0457103746179457
"20236",-0.596217144007613,0.0549959818917904,0.0673068705045185
"20237",-0.573361249216748,0.0700688433603645,0.0949566061045619
"20238",-0.573470938055395,0.0545627275261358,0.0602797501548239
"20239",-0.528672789547329,0.0721857437308238,0.166497965179132
"20240",-0.615882702610447,0.11361153483021,0.0168544707299713
"20241",-0.620693762922916,0.0249429149520111,-0.149424342698204
"20242",-0.630174510388047,0.00313439111432893,-0.159159941030381
"20243",-0.637395756500069,0.0691046372755544,-0.125881852501124
"20244",-0.660234939616532,0.170156368872377,-0.0314144609001138
"20245",-0.618993372119629,0.140120619538877,0.102600741264459
"20246",-0.551172359864965,-0.003179197182147,0.149465309688117
"20247",-0.522246660423422,-0.0239841904910513,0.167396618653979
"20248",-0.623380744542856,0.097916265685765,0.089537455795738
"20249",-0.606425259538683,0.0246756822640552,0.135256152397791
"20250",-0.675516592288757,0.0535410025585103,0.0688843051888191
"20251",-0.667987345492251,0.043147774195253,0.0517144898059096
"20252",-0.679631767376472,0.0776456959380915,0.00121118887512226
"20253",-0.666080681298275,0.108368160960729,-0.0559685126704047
"20254",-0.656983828964273,0.0651105951782553,-0.124211437183297
"20255",-0.663438629057944,0.134499507973673,-0.0331321561977483
"20256",-0.632619333560981,0.0738004014310304,0.0159959397551265
"20257",-0.625912214400557,0.068860069689049,0.0133943753323465
"20258",-0.615242897400622,0.0907597264333236,0.0775661314491704
"20259",-0.672205975327274,0.0555868678006006,0.0525263442069613
"20260",-0.699680526517632,0.0725518467142119,0.0468991420007079
"20261",-0.666194889755328,0.0502735770632252,0.0827533694710629
"20262",-0.67454227160928,0.0481915909845052,0.028117297039504
"20263",-0.688860646330251,0.087020849429727,-0.0273104075744026
"20264",-0.639200584340158,0.035069282175863,0.018589512109006
"20265",-0.630453425503366,0.0339416790217143,0.0103088364362763
"20266",-0.634453078097227,0.0388490410084804,0.00918110022548565
"20267",-0.655913224856452,0.075813915158388,-0.0939345032064391
"20268",-0.667306762857509,0.0553801066067508,-0.120379548197506
"20269",-0.667821927469694,0.0230939401818032,-0.148417466218193
"20270",-0.687224236681995,0.057752561392243,-0.103902737946564
"20271",-0.678676116406619,0.0368015108848654,-0.0125781422256943
"20272",-0.659231266082539,0.0603982710603142,0.0284494966426616
"20273",-0.605898593222245,0.0749418991814145,0.057788471964688
"20274",-0.597750075054246,0.0591559635104656,0.0359448322304654
"20275",-0.587301857982801,0.0410100495120181,0.0190525901653474
"20276",-0.617228035821642,0.0648211240159436,0.0107992073753405
"20277",-0.655045880915496,0.072480210404158,-0.0487400042366031
"20278",-0.665207076861306,0.055987511578052,0.0106767799157053
"20279",-0.675100647421924,0.0369265479187002,0.0430085552484839
"20280",-0.644845099558695,0.0424698817370644,0.0636657391167028
"20281",-0.562690492179999,-0.00867813731374809,0.128512432921867
"20282",-0.541428610050642,-0.00274948240895945,0.138628392295217
"20283",-0.532089605517723,0.0451205442742736,0.12255802787152
"20284",-0.593265033260018,0.0412525475624354,0.0432121062914125
"20285",-0.607208294974994,0.0352305639985548,0.0757192400505129
"20286",-0.569984835504964,0.0117537221433616,0.136431789558051
"20287",-0.600901083724777,0.0483104952792426,0.108155246237766
"20288",-0.593551282001539,0.0560119542613671,0.0628668695234743
"20289",-0.603514071131628,0.0413180081914247,0.0320913617330003
"20290",-0.601397410571137,0.0408945329980394,0.0338507201589561
"20291",-0.591854544391307,0.104469123610906,0.103559100951958
"20292",-0.624313780340422,0.0907904940163687,0.0971986168956303
"20293",-0.604539843139244,0.0631638455188825,0.103477554345526
"20294",-0.608306003430188,0.119997383341224,0.0989803815395773
"20295",-0.614215642550174,0.105289083679459,0.0963731521096793
"20296",-0.58072530639331,0.0795900885309429,0.116546916148951
"20297",-0.553334063008339,0.0296576931009164,0.191571935022546
"20298",-0.558571233102559,-0.0142967135487405,0.184594406961456
"20299",-0.547123800347655,0.0376238178385334,0.0366178261480121
"20300",-0.586992618512927,0.0644244576033674,-0.00535857439256554
"20301",-0.56233608449939,0.0415821869283865,0.0106310752485983
"20302",-0.568428064390538,0.0440518056812618,0.0316088348634036
"20303",-0.606523550548827,0.0631470139155686,-0.00201475650700706
"20304",-0.592229850664933,0.0408757378545821,0.0447986623893587
"20305",-0.602394037361564,0.0600245241522982,-0.0191817449004545
"20306",-0.569352001420698,0.0532237704545583,0.0157419091218193
"20307",-0.565315763883361,0.0629119373618311,0.0202681565087061
"20308",-0.567920639430168,0.0415590957278049,0.0315621029698007
"20309",-0.576740409856763,0.114825244204042,0.0842152176055073
"20310",-0.588030166864701,0.094997996308319,0.096760479112499
"20311",-0.511062762273124,-0.0335056447131601,0.163981829910852
"20312",-0.536034233932145,-0.0255903812675995,0.132703881755916
"20313",-0.46504940709475,-0.030980075189726,0.153666252919214
"20314",-0.463954729352874,0.063275924718932,0.19129955437982
"20315",-0.555333357591759,0.0312716353965377,0.0123629432944225
"20316",-0.591068946937223,0.0595759441576625,-0.105324849261682
"20317",-0.61639481931912,0.00412097989435335,-0.153450034885493
"20318",-0.612787961170077,0.0115936196839929,-0.157250350453724
"20319",-0.595765762566603,0.0232817327770799,-0.144579012048857
"20320",-0.56905154581182,0.0299492632862202,-0.148029025692572
"20321",-0.558919711479883,0.0347831892230984,-0.14819804181866
"20322",-0.556658034656971,0.0355443045648072,-0.150725772450267
"20323",-0.563232879916996,0.180763806012959,-0.0600034849865423
"20324",-0.500699901373803,0.224994985957455,0.0859647377350415
"20325",-0.458179033075265,0.010406540453621,0.148577503032218
"20326",-0.441535160366808,-0.0473133799337927,0.168037682894059
"20327",-0.470586987337264,-0.00422984906303515,0.174726617560453
"20328",-0.51665371983353,0.0306608454510405,0.129796371296463
"20329",-0.520769050757515,0.0610754526099653,0.0644526063240528
"20330",-0.498336963979106,0.0203526727825461,0.0717781690115136
"20331",-0.514405070382067,0.0584747876982344,0.0459658261548741
"20332",-0.518822314527639,0.0425481860486516,0.034947298070308
"20333",-0.511280952427279,0.0646368650882171,0.0382686752256015
"20334",-0.512623112871686,0.0685176264146959,0.0375020338556764
"20335",-0.48862276072734,0.0757962626477231,0.0646499800065696
"20336",-0.463879981955504,0.095630436840726,0.096069895750107
"20337",-0.503521466839978,0.0745318296548117,0.0425973381518476
"20338",-0.523926486358216,0.094564076732803,0.046179499291438
"20339",-0.528808918692902,0.0453730576762832,0.0327988995071828
"20340",-0.548289957093678,0.0835188355000403,-0.0163256693939299
"20341",-0.50912189718571,0.0593121446754415,0.0155618185056693
"20342",-0.492214155342157,0.0696661187830814,-0.0183638012011375
"20343",-0.466690746975977,0.0738372022768581,0.0365853898327596
"20344",-0.488991532648129,0.105644422275306,0.0511069797009372
"20345",-0.496099237505105,0.0968575664078213,0.0364304584260059
"20346",-0.487687686410048,0.0622872629361523,0.0532611651936271
"20347",-0.44304199431579,0.0270242686986932,0.0699854367817964
"20348",-0.473032942094365,0.0670643808185254,0.0555519263944287
"20349",-0.498445191276236,0.0615286943610629,0.0730906819242834
"20350",-0.560525505880726,0.0747496073320705,-0.113921646198372
"20351",-0.507492737568116,0.0655263379676533,0.0273777404337679
"20352",-0.525737903151888,0.0686255290684031,0.0289338113866762
"20353",-0.526769876911668,0.0749185473454621,0.0253160479600698
"20354",-0.520594081943049,0.116380696173511,0.0875023640076696
"20355",-0.562012100290269,0.118935680036635,0.0936361050785884
"20356",-0.547909458710807,0.0954801226064,0.10202973459541
"20357",-0.486300358487183,-0.0331834779003154,0.176889020879949
"20358",-0.486593388336263,-0.0206561103725023,0.17516855182371
"20359",-0.494131884510544,-0.0150898328496231,0.144393763708377
"20360",-0.509062648572935,0.0047185034691222,0.135569221629616
"20361",-0.5007735053756,0.0365796849355199,0.12067730702693
"20362",-0.523876719463863,0.0695289847968319,0.0941902125199987
"20363",-0.547486658927407,0.0517669944645907,0.0495854935823796
"20364",-0.553826228955379,0.0330456900979703,0.113484968466517
"20365",-0.599693625443359,0.0410868650056626,0.0251911874562384
"20366",-0.617743580159634,0.0411785358023262,0.00964545881140044
"20367",-0.611000747443656,0.074145383167662,0.0207070151319139
"20368",-0.54554661254385,0.141059316911291,0.0953874661294921
"20369",-0.507287790852363,0.107675807735755,0.114481712683914
"20370",-0.543912657184464,0.0518456235317632,0.047354552112122
"20371",-0.583585191434933,0.0733414047482502,0.0676245511744818
"20372",-0.600098577644626,0.0776987150323963,0.10754864948972
"20373",-0.634488175855563,0.0874473237369154,0.0912823996526937
"20374",-0.610489563155979,0.0172607718769675,0.134059380273747
"20375",-0.639389576972792,0.103799293930673,0.0847672760253988
"20376",-0.645871288129538,0.0447574818514862,0.0249658188836972
"20377",-0.615193777843657,0.0835599315426164,0.0548198502281402
"20378",-0.572973830194145,0.0897260892336334,0.135591037345581
"20379",-0.569688683163722,0.0534927451088471,0.039030700998342
"20380",-0.585011916913674,0.0701336473360691,0.0134587438464332
"20381",-0.571643388095325,0.140120133809787,0.0633792190042577
"20382",-0.545293076066768,0.0720765717983982,0.129825368278452
"20383",-0.512069507722058,-0.0402026841684814,0.165542032719132
"20384",-0.552130666958575,-0.00271160278551441,0.157184853491167
"20385",-0.609507909026659,0.0583769472728895,0.135026529973278
"20386",-0.593128916264985,-0.00276677464482434,0.139457542837716
"20387",-0.545200525422619,-0.0332699286767165,0.165070219305996
"20388",-0.559058564418462,0.0394491267279021,0.10751561337402
"20389",-0.590096722034098,0.0659678228962918,0.0342073439610337
"20390",-0.569079721405332,0.1098608064787,0.0904818544468751
"20391",-0.571117258049212,0.0489958921404015,0.114100669236867
"20392",-0.568136903271303,0.0286601941876626,0.110478763225152
"20393",-0.594760441984342,0.0613891084645083,0.106921245757834
"20394",-0.557295372393069,0.0536631106425537,0.106630628025303
"20395",-0.533803671177821,-0.024790493940822,0.139340566397517
"20396",-0.520162246896866,0.075540676349316,0.136679267475776
"20397",-0.524745660081531,0.0473406323892492,0.0185507936651453
"20398",-0.537190646537483,0.0989212808371938,0.00915624154910017
"20399",-0.582283986437021,0.0280048929257156,-0.141739461013337
"20400",-0.549854688035236,0.0389311638301986,0.038023648614603
"20401",-0.522058483615908,0.069164011172375,0.0385831464989489
"20402",-0.483666521514712,0.0613455869291512,0.0473489380097461
"20403",-0.488085952886266,0.0829261547636354,0.0629564820684394
"20404",-0.528300494457205,0.0630347871001014,-0.118461883056544
"20405",-0.49969763777188,0.0667505957056014,-0.0366248284040788
"20406",-0.478927633736162,0.0860131353957533,0.0137469861198332
"20407",-0.477403340986051,0.0997453771984884,-0.106773172223742
"20408",-0.421990272961454,0.0778779396535147,0.0474574998592843
"20409",-0.433765896077854,0.0863093942126967,0.0700870948486422
"20410",-0.428467581561947,0.0912114896192803,0.0777500279775592
"20411",-0.456402314746024,0.0907243137896534,0.0464161752648962
"20412",-0.450744053174149,0.0863104411243173,0.0377953243352264
"20413",-0.467083471555383,0.0903208507053017,-0.0648594394948019
"20414",-0.452039976535541,0.0570001254958421,-0.122344357119393
"20415",-0.443718992816883,0.0939011188594677,0.052342289147107
"20416",-0.420430091939899,0.124608900771247,0.114873162984821
"20417",-0.414463465438701,0.0258863524227356,0.149035355798302
"20418",-0.457253088386462,0.0727686790331579,0.14769301675703
"20419",-0.481042824252536,0.0362755200201246,0.129591932584817
"20420",-0.476990492545966,0.0707362498750343,0.0882137997448257
"20421",-0.49126507521619,0.096442142936236,0.0621469839426378
"20422",-0.496497265601922,0.0850504114243691,-0.0219438014302787
"20423",-0.454170917006468,0.0630953307850165,0.00383434570479813
"20424",-0.455526883702016,0.0939391910165738,-0.0231763762484238
"20425",-0.409611356849179,0.0607049773029122,0.0439011115116697
"20426",-0.407399326357987,0.0889100815303413,0.0439336498480366
"20427",-0.431935742095093,0.0576127536754628,-0.146235249281026
"20428",-0.393254465657672,0.0779575624086748,-0.0280278972542936
"20429",-0.415222195819625,0.0725484991452254,-0.126102485008726
"20430",-0.40829195459402,0.090858306449746,-0.0182856239533936
"20431",-0.43537060378273,0.139156593968873,0.0526822225438937
"20432",-0.454911950283643,0.0946653789852639,0.022398516677775
"20433",-0.451330793919996,0.0831167594626557,-0.0167483965567581
"20434",-0.450186557731431,0.0708918589171947,-0.0273227507037575
"20435",-0.468353433002088,0.0701571913741231,-0.136730986005522
"20436",-0.469777848385452,0.046332616024856,-0.129321997136701
"20437",-0.460254194087183,0.0735055080433098,-0.0579938341943045
"20438",-0.427359123575202,0.140453785688798,0.0395557297591043
"20439",-0.416061649605593,0.117683666415513,0.0614434211944224
"20440",-0.36602758539626,0.117016567562735,0.111105057024249
"20441",-0.375954011774659,0.103242160168292,0.123462446791479
"20442",-0.362218951315146,0.066739801434171,0.13780122830076
"20443",-0.405417370082484,0.179216039428229,0.149477114813796
"20444",-0.433536197086957,0.124592952126802,0.0923886885549485
"20445",-0.467427002405675,0.120681695197994,0.0658243717371413
"20446",-0.46003904488832,0.085291324818523,0.0507855661167111
"20447",-0.425216216278077,0.0530046357536815,0.0360347358883778
"20448",-0.427409581524823,0.0850003747991207,-0.00382735058641761
"20449",-0.433398027343596,0.100532440599058,-0.0265550560113515
"20450",-0.452150318632739,0.0460943986262235,-0.142910466670525
"20451",-0.473734796838153,0.0618180284219616,-0.15476362239105
"20452",-0.474822748666102,0.125723047297558,0.100080827793365
"20453",-0.422947827976796,-0.00944041681130556,0.150861785857731
"20454",-0.418148916728288,0.0395614038363636,0.168266556432799
"20455",-0.438688110917427,0.0661379813669016,0.157263351382076
"20456",-0.507439493805222,0.0755873017374835,0.045516130290568
"20457",-0.536868377858551,0.0585677960074504,0.0302745148172302
"20458",-0.534499457161532,0.0704843124297277,-0.00233405226606704
"20459",-0.538847744351023,0.0879714736188335,-0.061954559296147
"20460",-0.511186897317702,0.0797122170044301,-0.0771732139814836
"20461",-0.45908338391471,0.0904596643013211,0.0382854533137671
"20462",-0.439023833593847,0.12950630625356,0.0629435710656749
"20463",-0.412191165715155,0.0955395335418124,0.0871021162568735
"20464",-0.411431981691817,0.12411185786033,0.0864802079830529
"20465",-0.421197542796123,0.0986597187463353,0.088021289663016
"20466",-0.411763087442558,0.136626444112978,0.0808577262657559
"20467",-0.463857725213442,0.109858624965069,0.0378412358108982
"20468",-0.500133607815419,0.0654852015245704,-0.0382689650597916
"20469",-0.494957567876826,0.0448058699909034,0.0367723241719445
"20470",-0.476339916438003,0.0706275970101545,0.0942807947185016
"20471",-0.485755354309448,0.0608711640543463,0.0395111740209095
"20472",-0.484432986920293,0.0472732404981541,0.0192703434326202
"20473",-0.489357769052084,0.100271413435485,0.0617083293502964
"20474",-0.5255282425816,0.0967640114200244,0.0494602642365621
"20475",-0.518203412588588,0.0598043646609654,0.0383449402853553
"20476",-0.521287588730727,0.0437670210083509,0.0196309353960155
"20477",-0.486406727265489,0.0686148428059579,0.0660481869798508
"20478",-0.486420084729561,0.0543182629243475,0.0348844309367802
"20479",-0.492629041598421,0.0562564734646673,0.0408894249203835
"20480",-0.503146459283694,0.035540298835699,0.0181643492716718
"20481",-0.546269449708845,0.0616566689657995,-0.0352895238056871
"20482",-0.525910964692751,0.0695367988589324,-0.045204375765271
"20483",-0.468741530056299,0.0839236909958389,0.0499086816107716
"20484",-0.488767132485761,0.0848217890917389,0.0217648879070256
"20485",-0.499629049474132,0.0872287327825952,0.0228393338076088
"20486",-0.476531569449158,0.0721926405991365,0.0457095123772638
"20487",-0.465777478015205,0.0868667248184922,0.0351858089436664
"20488",-0.441340321812753,0.0935059744712695,0.0968610812731222
"20489",-0.487787093006704,0.0675439160480449,0.047197576710679
"20490",-0.487995647341926,0.0796430408079934,0.0693519912262601
"20491",-0.507259259121889,0.0579292524565919,0.0529298510906072
"20492",-0.518691589933607,0.0912300754470729,0.0470808224541383
"20493",-0.511481627326775,0.0613951507826206,0.0504061179696564
"20494",-0.507033873006222,0.072309852052514,0.0252105258409963
"20495",-0.496553392075484,0.129610232389679,0.044024369037081
"20496",-0.441035629905472,0.12433869419623,0.0587686988646046
"20497",-0.460801351355523,0.0425629347485157,-0.153480853030161
"20498",-0.443318112646788,0.0770245656012,-0.124267123216349
"20499",-0.451163957444029,0.0218228760339636,-0.155905412765332
"20500",-0.429821675549451,0.0948215547367373,0.0343092209871639
"20501",-0.468617868136699,0.0756055565887542,0.0382615941691307
"20502",-0.440342066260877,0.0788112918832155,0.0502994500142979
"20503",-0.440462973506313,0.0781227703824945,-0.00989012239151029
"20504",-0.401713995333351,0.0737486540675457,0.0344659417550227
"20505",-0.457382665799926,0.0865749573750971,0.0115122374198011
"20506",-0.480210207324983,0.051894468387937,-0.0902240998586861
"20507",-0.456522700843515,0.0779038639269127,0.0467320659961469
"20508",-0.414996160501407,0.045057822303543,0.0204269877233359
"20509",-0.454896988857025,0.08451488602028,-0.0418793000763951
"20510",-0.438705606205177,0.0662675408900365,-0.0599903705732887
"20511",-0.422408071870749,0.0709560900755864,0.0487275607484044
"20512",-0.402783630165776,0.0861735812271836,0.069906672213685
"20513",-0.437656454115595,0.0825371515085268,0.0515564743591308
"20514",-0.459916994865378,0.087507938167036,0.0379419154356249
"20515",-0.462144940371347,0.0859657968003849,0.0587634319238917
"20516",-0.449767347996228,0.0938093268046209,0.0735779782847508
"20517",-0.453945283792771,0.0710725378915483,0.0313510281810149
"20518",-0.443427659088766,0.0787367866417601,0.0698791451408858
"20519",-0.482926715246049,0.0745545418955776,0.0705562804796386
"20520",-0.498063116396612,0.0706961625057019,0.0706894080139803
"20521",-0.563203499372174,0.0594366886889347,0.0303054366108
"20522",-0.537406328977134,0.0591808524478151,0.0612532742993539
"20523",-0.527753299204186,0.0718297323482381,0.0362373656413017
"20524",-0.483393673747496,0.10095500420668,0.0630091625197979
"20525",-0.459085885983009,0.0533618730018129,0.0241034374592882
"20526",-0.46432275645977,0.0711587209562211,-0.0606934549710868
"20527",-0.482693232153729,0.0422873941074587,-0.147561516096904
"20528",-0.500262297639697,0.0996021374167635,-0.113435114760947
"20529",-0.488210328430087,0.0407545068103019,-0.0522531662188461
"20530",-0.467424026456905,0.0972530583877059,0.0513160740944498
"20531",-0.463160360673253,0.102621085348891,0.110989039450953
"20532",-0.428317995081328,0.00574062349363625,0.175482039142042
"20533",-0.435408136579645,-0.00534276105988278,0.144961746330544
"20534",-0.421911047647698,0.0276171392423132,0.173806391249746
"20535",-0.421275153619,0.078907856254304,0.18093066180897
"20536",-0.478499773470061,0.126865395524161,0.0429314544931592
"20537",-0.485631997311496,0.131440790286384,-0.0521638835582437
"20538",-0.499525319697384,0.0712660285052965,-0.121984528899964
"20539",-0.481119036838458,0.0799214584918447,0.00936496116329412
"20540",-0.469416997966104,0.094509140003178,0.0571932185344058
"20541",-0.463049676523011,0.171579701196756,0.10716162328313
"20542",-0.409473682236299,0.0651317137997662,0.148875777245775
"20543",-0.411090179578641,0.0231731641367314,0.157977192145704
"20544",-0.443336120808181,0.0339164708079749,0.140585518370374
"20545",-0.514644259981123,0.0895416937870165,0.129094799836038
"20546",-0.569247461616373,0.0557088180974368,0.0411353892226264
"20547",-0.576136109863534,0.0631177309326127,0.0279059551417939
"20548",-0.546602973432366,0.0831890184199077,0.0310734938640468
"20549",-0.470904866432864,0.169135239281852,0.0758679714710575
"20550",-0.401159217632378,0.143827495359186,0.102381121259165
"20551",-0.398438476849315,0.0997344231252125,0.0755423971153155
"20552",-0.429893815314471,0.0824812668936867,0.0376586546440526
"20553",-0.436934979889419,0.0793763585048271,0.00418469580384171
"20554",-0.448377195817829,0.0930333916370494,0.0111970435711242
"20555",-0.403657684255372,0.110744874917733,0.0482751179147275
"20556",-0.37626200391789,0.0955165279545844,0.0746994638992614
"20557",-0.415334212278796,0.0912707813094577,0.0592045860349447
"20558",-0.434698354783868,0.161843208140028,0.0847210391717013
"20559",-0.40785195958245,0.0850306028266525,0.132166753041192
"20560",-0.418368417988648,0.0694484436577964,0.114572439217041
"20561",-0.442440496796481,0.103181009512723,0.0868743812254942
"20562",-0.4195751967626,0.108328219430948,0.0620189963766885
"20563",-0.430871578437872,0.0999831699147826,-0.047331914770225
"20564",-0.397183266631307,0.0673913399530776,-0.00795629368866719
"20565",-0.382814622552984,0.115553179554617,-0.0158927853549167
"20566",-0.363691431356882,0.0930710721329271,-0.0983196963252243
"20567",-0.341761124105263,0.080387469284641,-0.00781271489585873
"20568",-0.361357415507067,0.0662230460801441,-0.0947765169856674
"20569",-0.382713993903035,0.0556118633657907,-0.13448529278845
"20570",-0.385391084455393,0.111847264321391,0.0372428695825808
"20571",-0.396288464042127,0.108713122800824,0.0459386549916156
"20572",-0.37577146034485,0.0944757137261357,0.148850491255731
"20573",-0.40533694292892,0.0654527088070924,0.137868465172114
"20574",-0.463882363221861,0.049315500418465,0.0797882873864965
"20575",-0.490100106320147,0.0956140829779314,0.0660436810425608
"20576",-0.478969941032184,0.0469690288077369,0.0357405330171296
"20577",-0.47945609673224,0.0989014458687187,0.0584529160857204
"20578",-0.478918691718331,0.0938633959635864,-0.0492119236917458
"20579",-0.44420063309456,0.0767283725474056,-0.0254563339305347
"20580",-0.410586881701442,0.0545000525446086,0.0368198116799111
"20581",-0.453200992826434,0.0879969965413493,-0.0154590463052013
"20582",-0.449868875990856,0.0468024246886575,0.0395490582165058
"20583",-0.504429819372931,0.0854246826796564,0.015342277699891
"20584",-0.508303741898282,0.0687564403895643,-0.131444797412067
"20585",-0.486702110338421,0.0973494410987548,-0.102767222826799
"20586",-0.459656725995943,0.0861532443600392,0.0110203587482303
"20587",-0.422406766003744,0.0922338483025994,0.068603242023866
"20588",-0.44551869944082,0.0613999532066238,0.0291386900523194
"20589",-0.489870548827995,0.0889861035744348,-0.0261323719140607
"20590",-0.497037214428211,0.0652812574527075,-0.0588186059581267
"20591",-0.464666522127157,0.0720363576105734,0.0241666721706623
"20592",-0.408660562648018,0.0756236483635414,0.132885898870473
"20593",-0.468071464270238,0.110827921330442,0.0643617420703053
"20594",-0.466383827185821,0.0659285736524316,0.0488214686055005
"20595",-0.508232952986621,0.0673716284689908,0.0405419611680165
"20596",-0.486834440298287,0.0639451475358375,0.119068679381671
"20597",-0.454182362505148,0.0590851604980057,0.13174686616735
"20598",-0.470018918628941,0.0779100580012434,0.0870735101636428
"20599",-0.478968525213699,0.0459194256919669,0.0795559297310093
"20600",-0.525407478151645,0.0767011268479538,0.018348078171174
"20601",-0.471949234223912,0.0834610779455669,0.0373067827634735
"20602",-0.441360114389486,0.0630270866098749,0.0384868515839687
"20603",-0.497726926859209,0.111606832271559,-0.0518122791651295
"20604",-0.476890313087002,0.0725696075854761,-0.069652046133192
"20605",-0.410613125656309,0.0259601754190124,0.16186070854775
"20606",-0.387818279655902,0.00625872822387206,0.176416485358668
"20607",-0.45423932705873,0.1058735473521,0.148638968417882
"20608",-0.488779108297364,0.159480949074667,0.0738553156183086
"20609",-0.478199155327094,0.0773402921847455,-0.00443930228079121
"20610",-0.472981283205056,0.0886059415085279,-0.0625388869816847
"20611",-0.435765549955475,0.0965978520513114,0.0142590253809269
"20612",-0.423315573241529,0.0738545676261131,0.039685171815866
"20613",-0.425120713094968,0.0863726394559237,0.0463431524265101
"20614",-0.450520089647454,0.07030773424327,0.0400850852107775
"20615",-0.392640334720715,0.065722909338332,0.133589432101323
"20616",-0.327811743382819,0.00872165904997809,0.181225627005377
"20617",-0.342044057682706,-0.0261648812083418,0.166861284082899
"20618",-0.414641432120092,0.0970089157273238,0.103935382696369
"20619",-0.433354672456727,0.0455933672073951,0.123306913673412
"20620",-0.486143260907667,0.0731514859647339,0.040774165583069
"20621",-0.492613294004026,0.0731134943864119,-0.0121196575263029
"20622",-0.504835095408094,0.0820953879379883,-0.0886866608098626
"20623",-0.437632389894876,0.0937378846560705,0.0725479169280362
"20624",-0.381018656869503,0.0877500562407569,0.0935450618146829
"20625",-0.396193939989959,0.0818812838816291,0.0886690536552459
"20626",-0.374511771100503,0.0715384237786858,0.115954333397143
"20627",-0.359079897744212,0.105966240032493,0.0789902968437688
"20628",-0.393300442793845,0.084658309624657,0.0595136032734501
"20629",-0.394323722400673,0.0844701098247865,0.0673962272179538
"20630",-0.421865923082291,0.0989495108632696,0.0509118728015388
"20631",-0.411184976358707,0.103605001817303,0.110924951154141
"20632",-0.368426971403553,-0.00701431095216747,0.158197786222397
"20633",-0.33782443848508,-0.0333691401692748,0.166645924946022
"20634",-0.377114357561662,0.0576442651295643,0.115072408746273
"20635",-0.384836104162529,0.099234409463849,0.0742415271567838
"20636",-0.369102053093913,0.0886235483614756,0.0695852861415508
"20637",-0.401547921934615,0.06034203066374,0.0448346113807528
"20638",-0.372156361836833,0.123281947062752,0.0857481961134697
"20639",-0.393011628873505,0.0838301120887606,0.0205443451042655
"20640",-0.393330921270482,0.131145004110175,0.0222338329113169
"20641",-0.397035362060249,0.0594416735537769,-0.0861372565764969
"20642",-0.39412029757407,0.0950760231029738,0.0124114863666039
"20643",-0.393970130319056,0.112364533958088,0.0626081321241348
"20644",-0.392139742408212,0.103923110271699,0.0761971032629426
"20645",-0.407455556701775,0.0864247343803118,0.0642036603379707
"20646",-0.385983809784979,0.0322623776173806,0.0724236952389771
"20647",-0.413542441452953,0.191581356346122,0.125343179561713
"20648",-0.494712682347868,0.257611271258125,0.0718000681060818
"20649",-0.487643528387551,0.10561721350291,-0.0522414153742359
"20650",-0.473854220102924,0.134583367748625,-0.0334270639047524
"20651",-0.449976494089135,0.0649295794139063,-0.151282912745255
"20652",-0.418773663037589,0.0455583325886532,-0.171893386870841
"20653",-0.375407840710869,0.0506594424601898,-0.161402520847934
"20654",-0.396667629758613,0.0676738952850207,-0.150121589342623
"20655",-0.439022231019542,0.0394536651137795,-0.158780738741384
"20656",-0.532984931973934,0.084007932745294,-0.0158408771150842
"20657",-0.493554029325535,0.0723595558312831,0.0484264298606061
"20658",-0.50947000697487,0.0628981093452041,0.0421058902571882
"20659",-0.479879073349127,0.0948757647574019,0.0759143641388631
"20660",-0.461406289642619,0.0938855693904878,0.0541323216173873
"20661",-0.445821347945579,0.0985389070026203,0.0580793026939148
"20662",-0.450966851649398,0.0804007205404671,0.0424576450652875
"20663",-0.493720188339736,0.168928641351717,-0.0268300023255615
"20664",-0.477480534425903,0.0450849002983108,-0.161597822611693
"20665",-0.490923916032285,0.0832115290642549,-0.134044644000042
"20666",-0.43861975877519,0.159069691207214,-0.0238427007767927
"20667",-0.393014922784892,0.299816088212662,0.141173139027356
"20668",-0.342171530586763,0.0652672727785604,0.198535314595053
"20669",-0.314076285637636,-0.0198027921055598,0.179093041468137
"20670",-0.367410469699321,-0.00906816967375084,0.170186920470884
"20671",-0.422103302668625,0.0728862091874411,0.122329662822102
"20672",-0.478352680425956,0.0776805892015144,0.0531650126305031
"20673",-0.497976878119332,0.0716076240108759,-0.0200324131303122
"20674",-0.481915461858058,0.080604420016442,-0.0499203814663354
"20675",-0.46696918732874,0.0876294885502451,-0.0318133791419906
"20676",-0.417041095486459,0.0952920747511129,0.0493375691484063
"20677",-0.387874169691024,0.0967209989310532,0.0932312161369316
"20678",-0.420797104104302,0.0973175083969673,0.0773668468320097
"20679",-0.469673641046228,0.0784508618070601,0.0525999426303051
"20680",-0.457197373881402,0.0791506954032728,0.0629418874505585
"20681",-0.429782686333585,0.12309995218402,0.0830794757028864
"20682",-0.389697282153107,0.08431486083717,0.0864907844086208
"20683",-0.393465886642175,0.102746922969768,0.0636260250491253
"20684",-0.381782987286832,0.0764670362551319,0.0588810378342909
"20685",-0.423266817115836,0.0640055911684707,-0.0959566680769083
"20686",-0.377155515943573,0.0880869170241256,0.039695815002937
"20687",-0.359742823697,0.0879696386819516,0.0636244605265885
"20688",-0.369296557482067,0.0685745719807009,0.0372369332907898
"20689",-0.379335984602222,0.0810509756780608,0.0544961320657964
"20690",-0.430514470002889,0.0768937435056991,0.0331439100041245
"20691",-0.412841604883158,0.0695370571449204,0.0324489737755469
"20692",-0.401663840415326,0.0946217540531779,0.0305666496146045
"20693",-0.334502296727127,0.0627138504875843,0.0868286412662856
"20694",-0.360656152695913,0.0866397043268703,0.0569678891271403
"20695",-0.380850756113714,0.0842772511402487,-0.0160982809310525
"20696",-0.382341678659129,0.0843860328475286,0.000925359284647187
"20697",-0.373786962716773,0.0812833745203881,0.0450634846668109
"20698",-0.397875807408503,0.0905791419573376,0.0483705827261684
"20699",-0.411475571315915,0.107898378216352,0.0474265889767328
"20700",-0.399047382939769,0.0913929097083538,0.0311378178369666
"20701",-0.356124263935413,0.115124406098856,0.0729617275857174
"20702",-0.333399452705488,0.0456779589591589,0.0741231581542219
"20703",-0.340206581818825,0.036834988305472,0.0730365680850253
"20704",-0.369744618591642,0.0594226811484729,0.0363078946340232
"20705",-0.382378775407229,0.0775397857009737,0.012739981447029
"20706",-0.356128593251162,0.088177592449299,0.00767612802016333
"20707",-0.390889203136423,-0.0177261160075946,0.177487369662121
"20708",-0.385169285651486,-0.0213810531721061,0.176459595831476
"20709",-0.35945302545721,0.0484369462442177,0.206592741175816
"20710",-0.361947137346931,0.0470372723666135,0.194115133481598
"20711",-0.435780061323109,0.0565665468366365,0.0818098664847978
"20712",-0.443046905156915,0.0697345055799739,0.0583407773329602
"20713",-0.443639222450003,0.0835959399575235,0.0604647489059707
"20714",-0.464270549500147,0.0398627278197349,0.0200114425734533
"20715",-0.457160477057502,0.0465590083665198,0.0230729164909342
"20716",-0.432104178531519,0.0973323356016299,0.073555081872657
"20717",-0.416856540832824,0.141190177749802,0.0905626287129542
"20718",-0.399276909160139,0.106283935393127,0.0753571836609419
"20719",-0.461650457364299,0.107481377554191,0.0496172715337955
"20720",-0.494027510326397,0.0617906899572445,-0.13575508871165
"20721",-0.460883637109061,0.0667238422856751,-0.129942683415201
"20722",-0.450638617315392,0.042463130822357,-0.157733694881286
"20723",-0.43244587561235,0.0642334084024714,-0.148225122135225
"20724",-0.390466343261231,0.0957771916199479,-0.117851551062561
"20725",-0.329458159616216,0.0982876590401974,0.0228832448945506
"20726",-0.30101766487628,0.0894278914176987,0.0709608083191383
"20727",-0.318314541957075,0.0602773682631237,0.0899177773013483
"20728",-0.334884509045149,0.0969168984753861,0.0619157055587864
"20729",-0.334402197066692,0.0912177549115362,0.0741182089469631
"20730",-0.325641464247392,0.0589101308376876,0.0865627221973342
"20731",-0.338499047432156,0.100260158779967,0.0676391720939854
"20732",-0.338290500087583,0.104421420760473,0.0450959261373262
"20733",-0.291846864715645,0.128202559160306,0.0565051033983515
"20734",-0.312544958637723,0.0777615819736954,-0.153053801548967
"20735",-0.287124983964572,0.0878489017743856,-0.0743142154165226
"20736",-0.305037314791579,0.0948397232942009,-0.080345930145714
"20737",-0.33579518068249,0.0803665970828673,-0.118333425095161
"20738",-0.306481407288065,0.106267314393775,0.0134634408408768
"20739",-0.331445392194372,0.0873931823925604,-0.0621734395155293
"20740",-0.353185548148577,0.0956999881433053,-0.0836204890254549
"20741",-0.366118937289384,0.0665645652287735,-0.0781397217455727
"20742",-0.311607927519342,0.0849000394075088,0.041354092283251
"20743",-0.314927668569657,0.0756949696858071,0.0292335736681715
"20744",-0.319112398567841,0.0718602765449361,0.0331847489301531
"20745",-0.320232082462287,0.0850690240103337,0.0417556303923211
"20746",-0.317583239606854,0.0628466477737889,0.0321692217629106
"20747",-0.286913609628305,0.0969062244289579,0.060886082715823
"20748",-0.302868736915458,0.107030617919751,0.0452341076591354
"20749",-0.311369264513515,0.111018100542282,0.00547847236855092
"20750",-0.348092821510691,0.0510934303028613,-0.166841663199056
"20751",-0.379926826714196,0.0511545030148623,-0.167520709944187
"20752",-0.391433691011472,0.042550782481741,-0.154708634222038
"20753",-0.387973206654774,0.102598413405037,-0.123213531895436
"20754",-0.331894598774998,0.125075658633405,0.0487921770622058
"20755",-0.291644835629047,0.125351783546482,0.0828759615396227
"20756",-0.285610148724292,0.107927938285106,0.070960158591533
"20757",-0.257189039500318,0.0997972821834835,0.0844721155101766
"20758",-0.488704917370199,0.0878496489432945,-0.0229719092328178
"20759",-0.438563090175076,0.122539865934791,0.0387123103183193
"20760",-0.41743198798137,0.139186911545626,0.0492623031728727
"20761",-0.386851439148238,0.149325619902926,0.0829750482588915
"20762",-0.411280088129733,0.184012267554743,0.0881959993353032
"20763",-0.422959386996697,0.161289800332941,0.137624969773963
"20764",-0.377900529582334,-0.00244090477172149,0.17827700371608
"20765",-0.383430187629764,-0.00389433113061896,0.177453285130238
"20766",-0.369900477333052,-0.00273245096465438,0.17299755233141
"20767",-0.397557648452538,0.114460036661422,0.145458431381102
"20768",-0.381119598092081,0.109225043499726,0.119720462651088
"20769",-0.387145686662073,0.14235845964309,0.0904162049560375
"20770",-0.396230896161236,0.0720304461991315,0.0508430106710311
"20771",-0.408491489835184,0.0999680024975163,0.0498375964578638
"20772",-0.415082658279576,0.119219424904573,0.0613033996028401
"20773",-0.402332223138067,0.135117158332173,0.148284259755997
"20774",-0.372944566812095,-0.0177338310225694,0.152470040467845
"20775",-0.365731276849459,-0.00638228519773786,0.164873325287175
"20776",-0.390084124431563,0.0434326335931784,0.16079657613779
"20777",-0.45136208192583,0.0499126974951027,0.0351644980839667
"20778",-0.395147624066819,0.121671731849042,0.0863264882320513
"20779",-0.359460715309982,0.148721067672606,0.0860614069776208
"20780",-0.354720349564094,0.0851058327937782,0.0447665034565708
"20781",-0.34428003063677,0.135146419694966,0.0184456412658074
"20782",-0.347901154740753,0.121553114634724,-0.0767880377132761
"20783",-0.358992948038516,0.0775062782036423,-0.059580340147005
"20784",-0.363833188030865,0.0605968512842284,-0.0779599032387603
"20785",-0.374044180150115,0.0813633953983678,-0.0116337068804414
"20786",-0.395764171165102,0.0736256601433922,-0.0502338336794952
"20787",-0.417807946922823,0.0422127004989999,-0.0774524659107197
"20788",-0.405441119284844,0.217537839732091,0.0441331122034527
"20789",-0.35593080819881,0.184206141118578,0.162317586345048
"20790",-0.334779827374593,0.126680445289498,0.164482708681052
"20791",-0.325839592027308,0.0535989830378457,0.174213528986088
"20792",-0.368387148558388,0.0503044289809316,0.128559217910797
"20793",-0.380392922555716,0.0862722351697269,0.088084924228823
"20794",-0.416655932278017,0.0758004970803014,0.0276790004271795
"20795",-0.407536435656347,0.0680972178163346,0.0345100363592593
"20796",-0.404902932381468,0.0713517132781684,0.0552653220983924
"20797",-0.379847663664823,0.10545042139431,0.0736024196565372
"20798",-0.407230843737339,0.101378800445344,0.0464284773668679
"20799",-0.349402312543375,0.143757920906764,0.146981925363776
"20800",-0.360226111261731,0.126745096732071,0.145145643484778
"20801",-0.374701155839401,0.0460752385477906,0.140455374173987
"20802",-0.416845292078031,0.0761124278622983,0.104937907151002
"20803",-0.49654657646039,0.0620438378969023,0.0473789416570536
"20804",-0.518757162884319,0.0677788583070636,0.0421618322630125
"20805",-0.534813885523373,0.0570840266593165,0.0386052555986142
"20806",-0.545955716840732,0.0620138494480127,0.0375903100387325
"20807",-0.508965423681979,0.0771560029983281,0.0464337142254117
"20808",-0.495009757085134,0.115617213659202,0.0450043651720522
"20809",-0.209050009157365,0.0708449568608725,0.159239187176914
"20810",-0.242996472883048,0.137195004526744,0.0915919545260769
"20811",-0.269187222175237,0.0673750027674952,0.0244469887019075
"20812",-0.216439450348374,0.0948154802829939,0.0598703412415222
"20813",-0.202423721221775,0.111686362667129,0.0613653563465754
"20814",-0.251354667514369,0.121255489635965,-0.0373820499626406
"20815",-0.249242795724384,0.129033717693995,0.0223834045913044
"20816",-0.295813915749569,0.0383761256945574,-0.151400875211251
"20817",-0.270287243272935,0.112880758888317,0.0177771485065183
"20818",-0.267220069873357,0.0851376203680441,0.00139109227068042
"20819",-0.29936659597323,0.0989625566516589,-0.0394913457236952
"20820",-0.331091492643449,0.116287111571246,0.0254596274776097
"20821",-0.354460852842346,0.134490929288508,0.0577619027752954
"20822",-0.325635239021985,0.175258063109935,0.16965289810516
"20823",-0.284441700082108,-0.0262413510145867,0.166226287616649
"20824",-0.301072630540804,0.0480978999648923,0.185485046219799
"20825",-0.358157779222401,0.106465279044996,0.068238550146846
"20826",-0.325711737065861,0.0818091877849214,0.0615652762597973
"20827",-0.361411432466725,0.125578796307391,-0.0357912492247049
"20828",-0.362864526566332,0.0920902432379043,-0.105119107002815
"20829",-0.360133586226658,0.0753481593862901,-0.146147091387036
"20830",-0.381685754366099,0.0566232170917151,-0.1539287917043
"20831",-0.386750164982666,0.104436294755418,-0.0830851497338534
"20832",-0.398015448711775,0.225778010109639,0.0135752903990693
"20833",-0.292353335545363,-0.00950662896306389,0.155253537775617
"20834",-0.341937247068925,0.0745653161404212,0.144801916184512
"20835",-0.359631680685777,0.11137019994212,0.116841326886332
"20836",-0.336494522923267,0.0816446980633231,0.109565178142517
"20837",-0.343855723156783,0.118239079880954,0.060759827795936
"20838",-0.361783109475456,0.0510759460541374,0.0201869269237806
"20839",-0.379341607414328,0.0880693209812348,-0.0370554562061655
"20840",-0.378958037025614,0.159289168768926,-0.0297466477277401
"20841",-0.314464746375805,0.0559883951515834,0.0210759385653285
"20842",-0.340432554643092,0.08912569872766,0.0249646282977442
"20843",-0.314726437729428,0.0949930986930572,0.0641210773857639
"20844",-0.325403721254608,0.0624426908402146,0.0210139346785798
"20845",-0.350385981355754,0.0935583678642283,-0.0413626122557291
"20846",-0.333840498269013,0.0749638693608257,-0.0362485095903007
"20847",-0.344243974702634,0.0509292453234261,-0.0741206145602966
"20848",-0.329587745901234,0.125363184303782,0.0418497382928447
"20849",-0.30092700695383,0.0940729742828886,0.0656343875036657
"20850",-0.303878981111059,0.113514352938351,0.104809629399853
"20851",-0.33102144622859,0.0766997387159686,0.0796259823815332
"20852",-0.339388147143264,0.088995451007257,0.0767206238918142
"20853",-0.359312518156957,0.105652727465228,0.0741527288926243
"20854",-0.353031570488252,0.0772831493492857,0.0516453927951933
"20855",-0.364995239109422,0.0903869712597644,0.0357871197446464
"20856",-0.371895074729143,0.074981907632987,0.000229710712828805
"20857",-0.375799267581837,0.172498441592799,0.0491181676945352
"20858",-0.31710408949257,0.10950784923261,0.0643144207081626
"20859",-0.309327996252453,0.12218550037049,0.0757758904638012
"20860",-0.364140786276247,0.0995796238874277,0.0461368614665775
"20861",-0.368311045586527,0.0977179279588292,0.0353871053240716
"20862",-0.337476785396311,0.0973689023666947,0.0658873052595514
"20863",-0.328323121127039,0.112320265403214,0.0579290248590644
"20864",-0.294612338392159,0.127553520640145,0.0661752188050621
"20865",-0.272039802960484,0.11636452584102,0.0488419728582526
"20866",-0.254970146324653,0.193121140451493,0.0264315451505002
"20867",-0.212940318270022,0.143459105907429,-0.0387519830616933
"20868",-0.196335595366049,0.151612766258858,-0.0762208351760959
"20869",-0.179240342884137,0.0860895079186846,-0.132976128303292
"20870",-0.179127216593699,0.133738989027574,-0.0314044495571422
"20871",-0.165573521262477,0.142299032129762,0.0508047311194894
"20872",-0.165058719810656,0.155804937757794,0.113331963850688
"20873",-0.178507793756596,0.126556556011924,0.133234545027442
"20874",-0.192001194150749,0.0949567261243382,0.0945169919110508
"20875",-0.215301082178836,0.117127711984527,0.0651605048119616
"20876",-0.23686132618676,0.115156732192331,0.04399141349593
"20877",-0.250122652437257,0.104908304578333,0.0212602752581455
"20878",-0.255821125544203,0.103213962235009,-0.00909358019261194
"20879",-0.252609644616784,0.1143979159424,-0.00707755793510699
"20880",-0.245428383370619,0.148741438849644,0.0538326359301571
"20881",-0.219637097710751,0.108619434873498,0.0440320831272671
"20882",-0.226043240821876,0.127353631648038,0.0557735775144066
"20883",-0.194579803841014,0.057824471939904,0.0803383771336422
"20884",-0.201525278276338,0.13408901165435,0.086450530880163
"20885",-0.218041023154034,0.134346290565882,0.0683571515095616
"20886",-0.217680798807206,0.134858896375634,0.0857722293590633
"20887",-0.282115676334595,0.135014978331395,0.0335758146210934
"20888",-0.289800280903862,0.120027388937527,-0.0113691631163567
"20889",-0.295763133833956,0.0933501066717743,-0.00154858265844317
"20890",-0.265615226282582,0.0903797743194667,0.0378628218267549
"20891",-0.233677360011894,0.102186572107288,0.0618982985160533
"20892",-0.236463334818373,0.0976524614940063,0.0418807477677463
"20893",-0.222279277798762,0.113172793838957,0.0606715489937148
"20894",-0.250757219414298,0.106482191522715,0.0516343972447811
"20895",-0.248148067214822,0.134545163547325,0.0684660425811816
"20896",-0.268365123794335,0.157963348372638,0.0770610398005191
"20897",-0.241172463176643,0.116541171399329,0.061914313716214
"20898",-0.195738250095829,0.101317108629369,0.0585549525792459
"20899",-0.195122887167626,0.11934702151336,0.0950023677895111
"20900",-0.236309392690833,0.161624467286827,0.0713207404038449
"20901",-0.267959360100685,0.160055212232349,0.0692764484297788
"20902",-0.295882382812786,0.12680245054244,0.0395724595707347
"20903",-0.240848281603216,0.0598511966421626,0.109848977641447
"20904",-0.227672850120916,0.066586082230304,0.0947112964303787
"20905",-0.223213288544688,0.127058438426079,0.0781754516253629
"20906",-0.259315554653713,0.062079895051406,0.0206916271462101
"20907",-0.27134905402018,0.117581695001711,0.0354842309087373
"20908",-0.365379099621773,0.0880986313804385,-0.145626351587664
"20909",-0.363119241193443,0.0318406182910256,-0.160907849666768
"20910",-0.351526771002857,0.0924731227352472,-0.0709382822124073
"20911",-0.274953079755293,0.122269408790181,0.0748010457856065
"20912",-0.296960669025141,0.0837497823901809,0.0504862221385897
"20913",-0.338285007845027,0.0782353723280623,-0.0237941310000131
"20914",-0.341835530933638,0.0730664178147605,-0.0116265030486811
"20915",-0.38044955854962,0.0470087693314793,-0.146084006448988
"20916",-0.307137300753066,0.140083826323248,0.0586032334015036
"20917",-0.232049049784735,0.0669686839807055,0.151706367463569
"20918",-0.259213311831066,0.0926242790672478,0.0743693879626551
"20919",-0.240019983766115,0.0933668756822324,0.0797359281862738
"20920",-0.242573271414385,0.111360620038804,0.072509469464471
"20921",-0.216036497812678,0.114973381101847,0.0695299507079068
"20922",-0.181051305914864,0.133153159096242,0.0702069492751192
"20923",-0.202528957788559,0.163805518511912,0.0812469188077341
"20924",-0.229704693204538,0.138934130248439,0.0575784671100559
"20925",-0.21782952238946,0.0911312231117097,0.074948941027538
"20926",-0.254678388138614,0.0973775223651539,0.0711226494066461
"20927",-0.281648780292759,0.0867337804474508,0.0718544395200115
"20928",-0.285468402467798,0.0412198712457268,0.0753682978774376
"20929",-0.310573482516275,0.0796218621670876,0.0427726937650912
"20930",-0.319717144441578,0.073412207454387,0.035510081861853
"20931",-0.31117133953235,0.113605512238734,0.067929195040857
"20932",-0.284482817504424,0.115500672036674,0.0597012693188377
"20933",-0.277915325131815,0.109413701479857,0.0344019803023057
"20934",-0.290403926504337,0.115756876736837,-0.0770542986352985
"20935",-0.281571980586314,0.0792616219104947,-0.14267322236223
"20936",-0.296672863202511,0.0675516557113123,-0.154204777513319
"20937",-0.302856803793598,0.0662942439093602,-0.142602895800498
"20938",-0.325194505890228,0.171524640650267,-0.00916824341721285
"20939",-0.244139094189768,0.109265350570457,0.137548806465999
"20940",-0.189577330259357,-0.0148197542019463,0.166917218600972
"20941",-0.239616920766062,0.085480612059189,0.089770724160146
"20942",-0.247359088954579,0.0950027425945042,0.0783202166853001
"20943",-0.234779217340151,0.0898355686198138,0.0763506298600646
"20944",-0.222499552798595,0.0688445807327728,0.150770506641021
"20945",-0.242423231288405,0.0755417991913203,0.126982853721646
"20946",-0.271272848242213,0.116257729613751,0.0621260199570988
"20947",-0.305622814671301,0.125720814495467,0.0288720555803623
"20948",-0.316788301498353,0.0845380719119371,0.0268155050268665
"20949",-0.323058879706227,0.0791357575061847,0.00242684330574963
"20950",-0.357446407497803,0.131129859831159,-0.0380539236393227
"20951",-0.30918349313567,0.126423324376086,0.104208945320572
"20952",-0.33175765941424,0.102319296223197,0.14534751169126
"20953",-0.300563523928768,0.0141764410571526,0.15211943775384
"20954",-0.304856368127475,0.0579030644327291,0.128562150378513
"20955",-0.343396828385741,0.124154146647195,0.081171484773894
"20956",-0.339989414081536,0.115923223357801,0.0709385608180107
"20957",-0.368276790640625,0.0942374086742724,0.0372898781607746
"20958",-0.343211685370351,0.108401545214204,0.0526430093000496
"20959",-0.328977933540687,0.0965953890209082,0.151669166245615
"20960",-0.331085230234996,0.0732808549959126,0.172953676680949
"20961",-0.264343728884393,0.00373070403218098,0.182704108982752
"20962",-0.196885969043654,0.173499168717599,0.157650331701914
"20963",-0.208257423409728,0.157202225964786,0.0790295584142287
"20964",-0.235254977437847,0.117874502167897,-0.000660066274825471
"20965",-0.246536882016331,0.145943153970121,-0.0739499818880979
"20966",-0.24234103645115,0.110940488895834,-0.138134768922399
"20967",-0.24763635818795,0.0615135926931795,-0.174497389517379
"20968",-0.207154664198322,0.0944680669747286,-0.129395805586113
"20969",-0.232425877573706,0.07456579064904,-0.168266634501879
"20970",-0.185966236673578,0.116632050838024,-0.103357790958234
"20971",-0.136903515706144,0.156760936612931,0.0429081344550477
"20972",-0.114101966845795,0.130231984833783,0.0587696520015625
"20973",-0.138198164042526,0.0891631198121135,0.024081607079109
"20974",-0.179767192143187,0.17501277777021,-0.0178214420825141
"20975",-0.163441009423754,0.114911821492012,-0.0321825920025148
"20976",-0.189607352991802,0.135497545945096,-0.0341479331735646
"20977",-0.187947471175816,0.120136922781458,-0.0726997324316073
"20978",-0.22285984023074,0.156240512053272,-0.0239322029623138
"20979",-0.212947968277414,0.117833899500178,0.0127113601839503
"20980",-0.187828284013065,0.162259011541827,0.063633475194669
"20981",-0.205796011989601,0.237858329042903,0.0627884315850414
"20982",-0.215033770964863,0.184151562642688,0.00263040607613728
"20983",-0.243551393730773,0.162094853325188,-0.112363466177961
"20984",-0.249030294434905,0.0663902270596949,-0.153199866586458
"20985",-0.266325885632837,0.0906593180520962,-0.122685527014622
"20986",-0.254069678061257,0.137300919723812,-0.0492930617521522
"20987",-0.249890023321172,0.164146050174859,0.0318013244434256
"20988",-0.218198673411285,0.17964337259174,0.0798128205606338
"20989",-0.230495186718331,0.0910210894289797,0.0484205186346991
"20990",-0.280857304494153,0.135067586789259,-0.0384512238582428
"20991",-0.29627093481411,0.0596742352847875,-0.153120503462277
"20992",-0.280767310285415,0.0793639679925484,-0.0164437252377428
"20993",-0.292259805219741,0.0569802572913417,-0.0758147383524083
"20994",-0.256806791174459,0.0765658364510277,0.0273887084152178
"20995",-0.192688138152136,0.165292817175397,0.0915206692935568
"20996",-0.169797690262354,0.0783127061336068,0.0927146802693132
"20997",-0.194523497632795,0.125636917506956,0.0759734063707838
"20998",-0.225979831834049,0.0838999545619395,0.0254259480328727
"20999",-0.232167356848763,0.0991749355661163,0.00656242716928113
"21000",-0.214294928706135,0.108742856327665,0.0554292237861635
"21001",-0.257228068002267,0.089767756547939,0.0273744897690596
"21002",-0.223674765307201,0.159353821505187,0.0664715998593722
"21003",-0.16480498029246,0.0153480958922206,0.17238752122031
"21004",-0.216756485063025,0.0480155939421935,0.0758463539983391
"21005",-0.203331611860414,0.0937276781519928,0.132652862434224
"21006",-0.25944069177677,0.122538904577652,0.0767144356564081
"21007",-0.261481040201358,0.0897782868704039,0.0595610416441911
"21008",-0.286049990314805,0.102285750226106,0.00431065190657758
"21009",-0.29131864774184,0.128446696561653,-0.0194335946789844
"21010",-0.283997694553068,0.099173095355558,0.0342659595194243
"21011",-0.261224384838921,0.108623223517566,0.059874108661978
"21012",-0.217762724254758,0.148931988263968,0.100962335494344
"21013",-0.173386646668522,0.136457412669747,0.0684823019245994
"21014",-0.21307791371487,0.104878082594889,-0.0284126186795489
"21015",-0.237794567133397,0.12064221584614,0.0267045510726401
"21016",-0.231286733978599,0.120336640865448,0.0459800706966751
"21017",-0.199351445766746,0.156519059761551,0.0678409414471735
"21018",-0.150295980913688,0.109792187371691,0.148953363786808
"21019",-0.14217507082317,0.0763014225309451,0.152331753899134
"21020",-0.17469013957675,0.0503548836237713,0.0793229596226959
"21021",-0.168813241174287,0.0678656270758859,0.0890137730577008
"21022",-0.167427693458602,0.0698371991324428,0.104748614846478
"21023",-0.193485328726172,0.137261771718344,0.0670232968245562
"21024",-0.171511084130133,0.116375127630677,0.0708810288796791
"21025",-0.171306019076596,0.116149225363499,0.0659013962163996
"21026",-0.169256542778422,0.0713172719569899,0.0929774354721428
"21027",-0.193940891009583,0.131179853518261,0.0664051829715417
"21028",-0.19924277498211,0.0892118000884214,0.0424606926825796
"21029",-0.197271550139705,0.0882051638813638,-0.0079719567051329
"21030",-0.199844279163953,0.0809478089259606,0.0210088820068784
"21031",-0.207223069764281,0.119673700576866,0.0503034049132829
"21032",-0.186392983746039,0.134177173254405,0.0290737682548181
"21033",-0.148140320290068,0.0939295863143444,0.0436933575406101
"21034",-0.150553038767635,0.096669941593436,0.0173774804125378
"21035",-0.0852729187084362,0.0882242151584127,0.0813106021632028
"21036",-0.0992624607010129,0.126111129826883,0.0968290092560784
"21037",-0.13689242598481,0.159699883576214,0.0644002162169332
"21038",-0.160738128257847,0.179339865343587,0.0619441000692622
"21039",-0.19938895247952,0.10377033224103,-0.0407623606229031
"21040",-0.16135286043145,0.128135353080446,0.0457570006587688
"21041",-0.0865008492659023,0.0841244162357902,0.146855108548935
"21042",-0.0928412507537329,0.0769417362144833,0.126570000154512
"21043",-0.145696423240127,0.106055088663692,0.0956022021012326
"21044",-0.226499694681945,0.115894981356908,0.0442977698754889
"21045",-0.265390723613456,0.0784797004015329,-0.0524618252715617
"21046",-0.249472317999152,0.0852773710068114,0.0396077431072045
"21047",-0.274084472199255,0.0904255839370502,0.020273019937461
"21048",-0.251046813083785,0.0903667718381984,0.0114694789969654
"21049",-0.223645746953666,0.0723793987021543,0.0240722077909293
"21050",-0.258712075870788,0.232115337030348,0.0330998543462799
"21051",-0.264896271831831,0.10303157665622,-0.144443404551931
"21052",-0.281565805956317,0.0872476105897183,-0.17028517451051
"21053",-0.247002359257312,0.157731464479619,-0.0608654893168191
"21054",-0.220948714712707,0.124166960047476,0.0427661655675298
"21055",-0.1714359159423,0.12038060795739,0.0722119987414353
"21056",-0.163800833042843,0.057070371122864,0.102976888393558
"21057",-0.199411311786497,0.14140904942947,0.103276571276014
"21058",-0.255558679170114,0.121826988499684,0.0402630979759287
"21059",-0.259812589064915,0.121996453273235,-0.0575716616135379
"21060",-0.253291432445849,0.0815175422160456,-0.0108363751917945
"21061",-0.266876547951845,0.0871891528968744,-0.0430702625752617
"21062",-0.248648820820217,0.100716177502001,0.0493770605261359
"21063",-0.209795331434149,0.123055268236465,0.0772924712559428
"21064",-0.178488997054892,0.102914857969843,0.058048693449667
"21065",-0.154288973962214,0.125883240860044,0.0736632782499147
"21066",-0.154632098042995,0.122733095313887,0.0824415946678312
"21067",-0.208350949832317,0.0984754852737103,0.0266159686046356
"21068",-0.203198606267117,0.116747027783694,0.0206446510882756
"21069",-0.19944058261306,0.0686060330595757,0.0202675625937665
"21070",-0.236024122761052,0.113053231611218,0.00230417565061244
"21071",-0.265892845556614,0.0836603735901712,-0.113306539177691
"21072",-0.21902847308643,0.0932266211066454,0.0355096196352693
"21073",-0.148915220562654,0.0916067174447134,0.0799537025301379
"21074",-0.19200819740983,0.128755044325617,0.069258632981014
"21075",-0.217731781590691,0.126304506147341,0.0671294336222461
"21076",-0.205013510329768,0.111417930495762,0.0510364806929508
"21077",-0.177381995528676,0.12223187108558,0.0752423241510733
"21078",-0.131061946548151,0.0695327083038045,0.0987172882298045
"21079",-0.157904113858053,0.101963080360162,0.059298771820587
"21080",-0.184544129144243,0.088418726535875,0.0273473864582951
"21081",-0.203738902617578,0.111800343125459,0.0182483266036519
"21082",-0.219868752517352,0.0613670520963641,-0.0761598619868022
"21083",-0.255699138193075,0.12897587537487,-0.129003153056301
"21084",-0.185669628345955,0.138760631413144,0.0526905633390542
"21085",-0.183078336724829,0.129952271067519,0.0686317859863176
"21086",-0.224193677141623,0.124817134605233,0.0621317868555201
"21087",-0.211757073535041,0.127201851376137,0.0757413908175319
"21088",-0.204918463656887,0.110566742560747,0.0568428255126323
"21089",-0.198473506009668,0.0919435130842157,0.0865592811494853
"21090",-0.203752145962746,0.1237049577601,0.0811650340921267
"21091",-0.167073255584608,0.0667160040939373,0.135588499293016
"21092",-0.129720271034103,0.0811811568261554,0.13710620304253
"21093",-0.159018780293404,0.100611533762357,0.0582273883430027
"21094",-0.186446475485272,0.127707997807674,-0.0312791285085171
"21095",-0.177031607844894,0.135324200799869,0.0198815454306393
"21096",-0.137576586711829,0.181574823988407,0.109717271960804
"21097",-0.129101349771574,0.155129452203973,0.1176182700985
"21098",-0.148774017080991,0.0780582803862262,0.150991808945133
"21099",-0.181409140160837,0.0621982843308445,0.100435353932591
"21100",-0.245394457273388,0.121581725434334,0.0348539402347383
"21101",-0.247319267183474,0.107035016611415,0.0184846330564548
"21102",-0.285933474490647,0.123153946742203,-0.127111270282197
"21103",-0.271203739608407,0.0425470708757198,-0.164050314899037
"21104",-0.190202587484962,0.157683231116839,-0.0117162474594665
"21105",-0.143221199440092,0.116134363768555,0.0497583643791253
"21106",-0.0777309870356246,0.0577299140429846,0.0920018260291781
"21107",-0.100839534043989,0.130981430809581,0.0627299180372232
"21108",-0.131048669629065,0.123873886859746,0.0368318509042378
"21109",-0.125251162189058,0.147270774735369,0.0219690973079302
"21110",-0.169282878575244,0.0615696142213845,-0.158435686037731
"21111",-0.157768562834747,0.0473921155712036,-0.128463086156348
"21112",-0.161117779398834,0.0955084430995188,-0.00522024497563777
"21113",-0.20159691039383,0.100700322485155,-0.064589167669638
"21114",-0.176381623235251,0.135975332204948,-0.0179920893612759
"21115",-0.218538302539814,0.10916117458195,0.0350858684492245
"21116",-0.226683870589738,0.159526564948593,-0.00862528858387265
"21117",-0.232942304750774,0.12326262062021,-0.140011888382844
"21118",-0.247515998345095,0.151516616712179,-0.155823581857592
"21119",-0.259034777238554,0.188212721381689,-0.131528483240629
"21120",-0.227097057465708,0.248382587284486,-0.0851460357781856
"21121",-0.157409238519029,0.217616837402799,0.0743049791049422
"21122",-0.108536699281823,0.130126887439123,0.0999835180715513
"21123",-0.135903812309622,0.128039445882826,0.0955768724010241
"21124",-0.139835719541012,0.101156275285901,0.158619153479269
"21125",-0.145123900598888,0.079574592053793,0.110324803152883
"21126",-0.183130166959945,0.139755586749266,0.0594922693690111
"21127",-0.196277350909402,0.154810234579097,0.0684543609733388
"21128",-0.15124734931194,0.125871344880883,0.0603202323670528
"21129",-0.128322161522171,0.102809773477951,0.0550982197130515
"21130",-0.125813683892061,0.128904486057686,0.0402138514950562
"21131",-0.141753443760443,0.117532027376135,0.0507013280089062
"21132",-0.128005068408743,0.134940963772379,0.0845693024688613
"21133",-0.170623944920376,0.0987658878910653,0.0342060942372407
"21134",-0.158152472952653,0.111693333301829,0.030520751705253
"21135",-0.184488437474612,0.121480683195903,0.0285796716644793
"21136",-0.234630319125184,0.0442174343569837,-0.156707343949755
"21137",-0.239313338477892,0.0495716531017633,-0.149329738531866
"21138",-0.250198585206623,0.113773466244634,-0.0601419694969317
"21139",-0.231511885957306,0.146764985288,0.0458640181943588
"21140",-0.239161017267129,0.134763820094288,0.0734353539813295
"21141",-0.153915931523288,0.0434218843604378,0.178114979275834
"21142",-0.139561209189934,0.0444764650702135,0.182559708866391
"21143",-0.13539353623001,0.121096760403104,0.145917407818249
"21144",-0.210359255735125,0.153810501261203,0.0336737922762545
"21145",-0.225632124330753,0.107703462541616,-0.0361889151046705
"21146",-0.20682265049409,0.0903687077643784,-0.00753876656397301
"21147",-0.202000397047816,0.118415012453366,0.0545870753891141
"21148",-0.179710135121102,0.09053464709387,0.0769918587790067
"21149",-0.231450619046065,0.145527885147543,0.058875844771911
"21150",-0.208188168254435,0.0958761142431091,0.0883321366712835
"21151",-0.234891619958995,0.152443217690199,0.0854640851217583
"21152",-0.238386618327121,0.112597822474273,0.0390055127388694
"21153",-0.24030653816568,0.150592583958157,-0.0480929964038156
"21154",-0.191809059603568,0.187825721261384,0.0297313841378014
"21155",-0.159620798099208,0.157139167077137,0.0368215519090249
"21156",-0.12660202464846,0.104838805438203,0.0605859606189589
"21157",-0.162522483374399,0.0839851821211214,0.021301158055673
"21158",-0.186379561704417,0.12700691286961,0.00398461213123118
"21159",-0.19105009315146,0.142790701230717,-0.0395762636139737
"21160",-0.165740645006294,0.0955207034470602,0.0257277983129682
"21161",-0.12729475540078,0.119431041088142,0.0667785438795181
"21162",-0.163048672016221,0.102612719778011,0.0347856642046678
"21163",-0.183736694129304,0.136030771759773,-0.0506468054532082
"21164",-0.151901049491715,0.116027329588642,0.0451398312010066
"21165",-0.129323255074083,0.167339428051964,0.090794575333372
"21166",-0.0681274362250562,0.137161058837188,0.0380457590805303
"21167",-0.075270492218266,0.116957619746583,0.0150747063696609
"21168",-0.0539383134966158,0.13693847726806,0.0294569456011083
"21169",-0.0526173170880933,0.13316248059743,-0.0326241622849703
"21170",-0.0358982067141408,0.162710715685711,0.0618818682164864
"21171",-0.0310619575020238,0.125454057711612,0.0728223605866853
"21172",-0.0455279662690378,0.124922897108349,0.0612958636192074
"21173",-0.0647233829001302,0.180956406727424,0.0791638257770238
"21174",-0.103373233843618,0.0987788285760915,0.00420316990600569
"21175",-0.0791389809841373,0.121259852012415,0.0424426002587344
"21176",-0.0713548231840265,0.182105852291076,0.0739685842603864
"21177",-0.134650436541828,0.131162514964066,-0.0837033705213833
"21178",-0.188854146509429,0.209218383345142,-0.112278372844424
"21179",-0.212156232794521,0.108542873653533,-0.159009546002448
"21180",-0.203708057522488,0.107150259369502,-0.158812437429657
"21181",-0.170148742039969,0.15924330482234,-0.0447144666082883
"21182",-0.126292368013996,0.241605641527375,0.105160626856408
"21183",-0.0914204534439784,0.146290806507216,0.158005070809945
"21184",-0.044689318847542,0.150412889438109,0.217665520023538
"21185",-0.0752439249708348,-0.00321374468709855,0.168802223273943
"21186",-0.0767780177157705,0.0263675978481017,0.180894675398258
"21187",-0.0974582306502174,0.140875225098076,0.168087726319184
"21188",-0.121593581187766,0.0677590628718632,0.0931135993633613
"21189",-0.173311027505754,0.077078522120337,0.023268560084202
"21190",-0.175515523923447,0.0817767170703052,0.0219783106909916
"21191",-0.176653148775088,0.113682478852233,0.0207093653072123
"21192",-0.1445874504043,0.0739638526610229,0.0178019702047717
"21193",-0.164326976718304,0.148615706122081,-0.0281806624194578
"21194",-0.142183562380728,0.170345273728666,0.0314313128902431
"21195",-0.122754720293353,0.212786317271419,0.0830794423084775
"21196",-0.0494971221448998,0.0385383514055217,0.175774587838473
"21197",-0.0512769562606512,0.0430458127277735,0.178322449685563
"21198",-0.0914599711779701,0.0655607016998303,0.100342835180475
"21199",-0.111853549039911,0.100424705935921,0.096517881731898
"21200",-0.121850355102176,0.113388721637958,0.0632262914208512
"21201",-0.156461494232802,0.169500437157105,-0.010374599799742
"21202",-0.161719365460732,0.168941357201297,-0.0366059392784593
"21203",-0.176985411661536,0.138982756695351,-0.0783323151506302
"21204",-0.221445620927226,0.0874418358760005,-0.140788699752859
"21205",-0.227426909636434,0.0480140799499468,-0.158628784910281
"21206",-0.204711802990966,0.104402154221961,-0.00561237797932886
"21207",-0.177542650104856,0.142403777806793,0.0472446908001292
"21208",-0.149897647055639,0.151890156611598,0.055991627891507
"21209",-0.121634372435178,0.138999587802625,0.0692167445294893
"21210",-0.119024824204653,0.148805370555439,0.0623677680536211
"21211",-0.11517455712917,0.0973580049942566,0.0421898011078163
"21212",-0.107573584009867,0.122292778090056,0.0430143345941298
"21213",-0.147121262943038,0.13987320281713,-0.104121310217461
"21214",-0.134272332766138,0.105060494885181,-0.0779284716054237
"21215",-0.126704873530779,0.135805164714711,-0.031576479517741
"21216",-0.0969656144718749,0.121838538295985,0.0556946092630723
"21217",-0.198849114753592,0.105353831760178,-0.00458247454035428
"21218",-0.187770812573636,0.122684489919833,0.0150025396537831
"21219",-0.13343755211316,0.143334053296891,0.0604536607272523
"21220",-0.102776399389538,0.192096377995649,0.0898814815358217
"21221",-0.0894871085383422,0.178608362156004,0.0918805265669485
"21222",-0.0963011974363458,0.162637707949174,0.0799406436999579
"21223",-0.0938861805581323,0.176742347968488,0.0838316897976549
"21224",-0.151342020587311,0.157507614069615,0.074085307736357
"21225",-0.175662830796486,0.0955795731194787,0.0279198612999627
"21226",-0.186979171699258,0.110727423778071,0.027721819788499
"21227",-0.208041257774698,0.139011228544803,-0.0688936076378635
"21228",-0.197292967746937,0.128937976673477,-0.0493164685339756
"21229",-0.192016731923928,0.138739763608986,-0.0356578473634777
"21230",-0.202852799166431,0.0944688809570116,0.0247774910575663
"21231",-0.177124476350312,0.11306890683802,0.049019061626699
"21232",-0.196166989618478,0.11357867313461,0.0500015876072851
"21233",-0.134529442429901,0.0595478134999346,0.0802186989865632
"21234",-0.129607389303666,0.128592576670305,0.0878456182588671
"21235",-0.167831519075669,0.109528874986754,0.0336236733492289
"21236",-0.147997055337993,0.139863594533153,0.0530268154535184
"21237",-0.119606522860389,0.109084225723222,0.0883087268377206
"21238",-0.11291792113163,0.127334766584211,0.0679580009250765
"21239",-0.0908791994876652,0.144971729424335,0.0591675224786409
"21240",-0.105446602894418,0.128362662786126,0.0547864773995902
"21241",-0.122058407459658,0.118452936853173,0.029163802854142
"21242",-0.114049681320471,0.139881630235611,0.0379241448427745
"21243",-0.141955806380168,0.098865009718264,0.0256655989152353
"21244",-0.184748805146742,0.117734783792508,-0.0557123930414786
"21245",-0.148701830442504,0.134048761897158,0.0588555768016175
"21246",-0.172921128290675,0.132626572586712,0.0111402928088896
"21247",-0.192714462807578,0.129293899759361,-0.0518497104926831
"21248",-0.176459296274764,0.130764660536867,0.0518488737528425
"21249",-0.12817259428887,0.122482188725279,0.0505874847795682
"21250",-0.11013997520373,0.175462124979322,0.086988074711787
"21251",-0.0921040726175492,0.12180329896672,0.0761265468863602
"21252",-0.0903568288952815,0.108594373501438,0.092318163895926
"21253",-0.128755860187724,0.11691643810959,0.0639295042363641
"21254",-0.142184599622065,0.106817012009342,0.0323763135282998
"21255",-0.1521911957392,0.1242128013189,0.0547032580058789
"21256",-0.109317602508603,0.0570987829612161,0.0754814223320853
"21257",-0.0957173670381477,0.0745409793374252,0.0904853837702544
"21258",-0.0912458370483012,0.102331293745556,0.102678794035603
"21259",-0.128311608297577,0.117438578187472,0.0402272548202844
"21260",-0.139611041405039,0.116106216541687,0.0329627943831393
"21261",-0.130395314849654,0.155382631119901,-0.0610672035466148
"21262",-0.143242500161888,0.18871258737852,-0.0167033791926414
"21263",-0.17367245371874,0.098711804968076,-0.157434646186055
"21264",-0.167849324903715,0.0762148600401037,-0.167562796547204
"21265",-0.152825356144179,0.0921843331534484,-0.127118079176908
"21266",-0.147591664532741,0.0898001721189667,-0.13169940731686
"21267",-0.13586191537546,0.0889585914942057,-0.132514288349592
"21268",-0.135642607377741,0.132982629603879,0.0468741979862375
"21269",-0.154442527151961,0.0815213423412261,0.0042368381306209
"21270",-0.0784245283897776,0.156948080739285,0.073953475957114
"21271",-0.0765062224861006,0.109863559227624,0.0622776955542447
"21272",-0.0787747572305293,0.120792780833036,0.043088908749604
"21273",-0.095744035973413,0.136372426502106,0.0358522399331506
"21274",-0.0702214468005579,0.115115191196641,0.0715169232824549
"21275",-0.0931846545385331,0.105105469616982,0.0754212333408028
"21276",-0.0844335409397375,0.135989722364545,0.0757123923930818
"21277",-0.0258134201690579,0.0649823394170122,0.0889103999565991
"21278",-0.0589992247453059,0.137423944659693,0.0789343056442246
"21279",-0.0792399134182739,0.202057054129311,0.0790095478886851
"21280",-0.129174177522162,0.193808993232316,0.00110546228687707
"21281",-0.167170865850803,0.161766649288462,-0.0939013592042501
"21282",-0.153825336071275,0.0564524341727157,-0.156546153117172
"21283",-0.157477235359652,0.0564025630753669,-0.171373640564789
"21284",-0.109095118672942,0.0858705293971059,0.00122592942518577
"21285",-0.082780075199141,0.148635319552642,0.0367040410104088
"21286",-0.0874100907628053,0.0798442325152965,0.0161666891941216
"21287",-0.151583421142787,0.109516412835418,-0.13416819238356
"21288",-0.147647559342395,0.13122875424235,-0.100566226828727
"21289",-0.149912741220024,0.130133216513784,-0.122235758092448
"21290",-0.164271855506285,0.124698603939758,-0.133943524484574
"21291",-0.121558203647148,0.132479788329038,-0.031535784281337
"21292",-0.0873669303601568,0.116034059709726,0.0222222422248581
"21293",-0.102499004395973,0.118146067750529,0.0272943897283619
"21294",-0.124663608965207,0.114750680446988,0.0196098091758683
"21295",-0.11235295921738,0.185597061238261,0.0519718893234841
"21296",-0.144986293990059,0.10968189002355,-0.0449172368243801
"21297",-0.113534792911154,0.149045015253743,0.0520120919245285
"21298",-0.112013246210902,0.178652191213403,0.0640596638473452
"21299",-0.0755696714315538,0.169182723130042,0.0815702062441483
"21300",-0.0722872417643281,0.214753801239009,0.0879846228889419
"21301",-0.0332088566511079,0.136451179889402,0.0685711192465535
"21302",-0.0655655188411983,0.101923741087037,0.0451032087452428
"21303",-0.0757685156367937,0.096059748625085,0.0243888971256927
"21304",-0.109883366749703,0.158235655697343,-0.0876482229160467
"21305",-0.0746774077518566,0.148992851570983,0.0220311286490562
"21306",-0.0565091826351339,0.103612654284787,0.00470766597300007
"21307",-0.0508983365485303,0.107653000499689,0.000894341933792855
"21308",-0.0295382978074045,0.104278688960258,-0.00144124099314811
"21309",-0.0649019151994549,0.108664116909661,-0.0316163535220908
"21310",-0.0875333862033031,0.0971236961286774,-0.115606105679919
"21311",-0.0907152058521555,0.0540529935958428,-0.133285132846582
"21312",-0.0578844821594396,0.125672344365032,-0.0232163239312105
"21313",-0.0128124890287871,0.150133213828783,0.0499443220831281
"21314",-0.00435525368070558,0.131105565614982,0.0419004064062753
"21315",0.00377248440156758,0.138234413209078,0.0686271980822962
"21316",0.000873893444239205,0.121787119233657,0.0717356812822727
"21317",-0.00801411858225433,0.171609750663221,0.0972889757621306
"21318",-0.0393636351862214,0.0610687280752719,0.0796532880399919
"21319",-0.0762356499326525,0.120592543700362,0.0182387066303974
"21320",-0.103868955442723,0.100444175329764,0.00126558200753385
"21321",-0.110666887661741,0.116886277048541,0.00588815200103225
"21322",-0.125805559255389,0.128151911488784,-0.0440377784485423
"21323",-0.0912591883253146,0.137708339405389,0.0512514853992532
"21324",-0.080456851817913,0.153535836844984,0.0833292695919624
"21325",-0.0805203025425105,0.125458943181847,0.0821448280433507
"21326",-0.13649824599544,0.116371893062982,0.0430724233263422
"21327",-0.14826374046747,0.0985287358233514,0.0139280960199792
"21328",-0.11384548881439,0.117001193045296,0.0433044596282123
"21329",-0.0886819912293881,0.115947428739401,0.0758636226165012
"21330",-0.0897108905122942,0.13938288617236,0.0884610995373814
"21331",-0.120802548211515,0.108441030755696,0.0536243141710308
"21332",-0.138784656226817,0.116964973996182,0.0253192812868901
"21333",-0.0993309123907187,0.128070378623597,0.0280101888138607
"21334",-0.0732491443609308,0.168966756794426,0.0552357829340327
"21335",-0.0623910282174109,0.18642814737372,0.0732034549186239
"21336",-0.0287288869561404,0.104892368797256,0.0746403576757512
"21337",-0.0698271742581088,0.169212894661749,0.0781170604014877
"21338",-0.0879927656455802,0.138615303694274,0.055108614156621
"21339",-0.0730309512777562,0.122480933217367,0.0594267153075419
"21340",-0.045068223499041,0.113482964688207,0.0610412682495207
"21341",-0.0537841962248633,0.138318475283809,0.0599350109714622
"21342",-0.0819988255720404,0.122888585073124,-0.0921007798533815
"21343",-0.0666096320625218,0.137919416771377,-0.026889672728451
"21344",-0.0741992329270451,0.12053134816277,-0.0968388139066358
"21345",-0.0472728323467706,0.157017329544184,0.0380801014089578
"21346",-0.0588558959782025,0.204582029641099,0.0700990208433449
"21347",-0.0565785522860879,0.179928475138143,0.0931279120175623
"21348",-0.0438685362318211,0.127119882848417,0.159547695014599
"21349",-0.0521085972220061,0.0826001534557991,0.159952148392264
"21350",-0.0924708388547453,0.123717170977928,0.0990838260053106
"21351",-0.147722388766093,0.16115362465547,0.0657012399653247
"21352",-0.133070471372184,0.0882885548723843,0.077241342860353
"21353",-0.118062433805112,0.0573136675421576,0.0829713371691893
"21354",-0.0930286878526884,0.0732597012278641,0.118961615985506
"21355",-0.100356430167733,0.100070315301939,0.0864575913980724
"21356",-0.161402512283471,0.113627735505322,0.0383153694916662
"21357",-0.192623148150817,0.126642982661942,-0.00604584683658819
"21358",-0.177439038526072,0.144318078171913,0.0394352313221154
"21359",-0.112607635554398,0.198427636400032,0.0811171668739453
"21360",-0.104650581009788,0.157375334747814,0.0776373656271745
"21361",-0.11119536189637,0.121890778347096,0.071059964440501
"21362",-0.118295095630862,0.122410674653608,0.0641467410160263
"21363",-0.143466831215952,0.121606219262965,0.0357719495910983
"21364",-0.166402683008674,0.103201943978981,-0.0055745485755713
"21365",-0.165352230087584,0.1108675602951,0.0378110291686121
"21366",-0.142414750736441,0.1145958061475,0.0283500654747435
"21367",-0.129302034060265,0.118496511071306,0.0469183716119719
"21368",-0.115811674695001,0.171259607806812,0.0689083790969881
"21369",-0.0779941722447004,0.0941829621415893,0.0778323216388271
"21370",-0.0283425998383324,0.167840423820363,0.0623310469928109
"21371",0.0275096675327309,0.0690050880033401,0.0771628053979243
"21372",-0.0216500953135008,0.125811779084038,0.0422709927691178
"21373",-0.0336809758059257,0.129119169613879,0.0367378320255345
"21374",-0.0305187767835301,0.0857459005764432,0.0134372038678398
"21375",-0.0150887796710756,0.102304770677475,0.0274382078683471
"21376",-0.0136505946990845,0.101482459358309,0.0159499599263854
"21377",-0.013573414710019,0.203162172408576,0.0695928131394059
"21378",-0.0290172565010523,0.196451916625362,0.0672762432655499
"21379",-0.00572367159731944,0.199801431888002,0.0816332419669979
"21380",0.0176305282638193,0.101119508695381,0.100041011453376
"21381",-0.0212448245092626,0.169471656553017,0.0913367058258781
"21382",0.0357998427603288,0.0462646861451877,0.120231547840072
"21383",0.0221395326302894,0.0697882692021296,0.0884755070899681
"21384",-0.0220470624932703,0.110400858024914,0.0815798997198678
"21385",-0.0509541444118157,0.101266778862941,0.0126532018927898
"21386",-0.0870170605831137,0.110850786421177,-0.0605716614981012
"21387",-0.0753568217928417,0.129596575304004,-0.0483477761849908
"21388",-0.035404334444588,0.127956425496721,0.0437150005601546
"21389",-0.035028668847353,0.143346030645259,0.0393790842562495
"21390",-0.0285252843444187,0.143876897753118,0.0705022438970482
"21391",-0.041956913808071,0.142885507409129,0.0455755219007765
"21392",-0.0105689036558413,0.14168756617147,0.0812019924726387
"21393",-0.0511137476783154,0.172844466302554,0.037273627723012
"21394",-0.0605148580708505,0.150738132137174,-0.0298334001458956
"21395",-0.0825597958604043,0.0634303730034759,-0.175244658649843
"21396",-0.0738017189450917,0.0902891617022447,-0.156592923630216
"21397",-0.0820320223891831,0.146546963348176,-0.15734028000009
"21398",-0.0778155029150547,0.155088281891224,-0.15253932593348
"21399",-0.0725916019516968,0.131670685934837,-0.165459939900348
"21400",-0.0537961840015378,0.149621846619205,-0.124181981552352
"21401",-0.0352167371181122,0.189359791499257,-0.0956099608215818
"21402",-0.031401842548077,0.193313030477221,0.0574843831629115
"21403",-0.0748048359987135,0.21398479744859,0.0617196996584891
"21404",-0.0803025199531004,0.185302633210051,0.0681701998669908
"21405",-0.110079729775153,0.168469917361312,0.0358705210425063
"21406",-0.0963487260826703,0.121100830286404,0.0464284186819252
"21407",-0.0447048279806388,0.0637945925184931,0.0843215898290675
"21408",-0.0421228438091549,0.103035816156161,0.0836129105181139
"21409",-0.0717116390088037,0.123342615107102,0.0619359730293248
"21410",-0.0990218646111857,0.144805214753417,0.0365165921788734
"21411",-0.119150018751414,0.169678267224889,0.0658712560900205
"21412",-0.112200758056222,0.196077333958861,0.0809336774966406
"21413",-0.0684859675358576,0.105045555976621,0.114851907563205
"21414",-0.0176838453282344,0.0901283269962307,0.192753601174069
"21415",-0.0194196801342879,0.0836470237224749,0.195586437658062
"21416",-0.0291308574400938,0.0654768830649918,0.165556832962087
"21417",-0.108739780010382,0.232113617242461,0.0969477637513664
"21418",-0.136589511933855,0.165466232816353,-0.0508516684001639
"21419",-0.126181093157363,0.143010476190442,-0.0836832577212377
"21420",-0.087520691462146,0.157201818156812,-0.0334196498069868
"21421",0.0508614804221503,0.14344411065326,0.0726130215604377
"21422",0.0581395883360604,0.134033915640136,0.068141485095941
"21423",0.0318390230001784,0.156783635264618,0.0682856374582943
"21424",-0.0202166609964303,0.190264190179075,0.0663624716880737
"21425",-0.0475136706374991,0.168958784721578,0.0321198857226111
"21426",-0.0553930647337443,0.105230788228273,-0.000828892492484972
"21427",-0.0267560720711853,0.142093074734955,0.0354962994379585
"21428",-0.0145557293487348,0.137507503309338,0.0131534583257419
"21429",0.012598376611295,0.156098201082485,0.0508405539600978
"21430",0.0430381320707537,0.184836297832132,0.0628563812597317
"21431",0.0402907285715151,0.174927272394351,0.0495729611818677
"21432",-0.0177037406044054,0.127004052502966,-0.0211963621798137
"21433",-0.0633949029359941,0.155671454254458,-0.0561206326660237
"21434",-0.0450592055176986,0.11827924168267,0.0227339143339854
"21435",-0.0593753377461213,0.173164018930403,0.0645996837391384
"21436",-0.0862235687147071,0.193825079141751,0.0347655054581953
"21437",-0.0862551350753921,0.143813861473914,0.0519808135590236
"21438",-0.0896147599143052,0.141682223695805,0.0515476104256091
"21439",-0.055242566863212,0.0878175055220844,0.0859265217907664
"21440",-0.0336933139108962,0.0766825790751454,0.0990506173923535
"21441",-0.0690974033111724,0.139395927548591,0.0844771842686391
"21442",-0.0306452226743642,0.0933788969358725,0.0832732557496695
"21443",-0.0289641523819825,0.124038990327215,0.0437202143510825
"21444",-0.0114171244597178,0.107655779362667,0.0472121615662301
"21445",-0.043737504668468,0.109245748801968,0.0170709482658965
"21446",-0.11355096388247,0.135726023597947,-0.0972754046142314
"21447",-0.130456142108528,0.0781112045488461,-0.121369051313412
"21448",-0.130895589351973,0.124609113693858,-0.0531417158939067
"21449",-0.115541018086297,0.142666008656397,0.0213435209029961
"21450",-0.062989132142598,0.147708633875175,0.0922953415889289
"21451",-0.0646342212524485,0.163999612491942,0.0774884074554825
"21452",-0.0443324588654374,0.156020544394689,0.0657761738465452
"21453",-0.0617895803931387,0.173717190609752,0.039653798967052
"21454",-0.0871705644230926,0.124953476453038,-0.102857815603687
"21455",-0.0537878099015059,0.0912097632021797,-0.00189748545743563
"21456",-0.085378694364672,0.130177499776629,-0.0616411370510016
"21457",-0.0798683049915566,0.139240980699325,-0.0815867531517137
"21458",-0.023630340430409,0.184727636517068,0.0838911642044285
"21459",0.0098139061243674,0.081489807648668,0.0818424987959495
"21460",0.0347561223615259,0.014293905718197,0.155642746718253
"21461",0.032723451670939,0.0464532609491856,0.14867025059608
"21462",-0.00964585048835367,0.0909282286248274,0.0994865335764047
"21463",-0.0402674054901839,0.105579097427529,0.00249432113565595
"21464",-0.0240967078318105,0.113817261015367,-0.0488692711902266
"21465",-0.00342038418321363,0.113990020112508,0.0160450900170442
"21466",-0.0109818141837575,0.165252387897621,0.0511448072515111
"21467",-0.0565440886694071,0.112584131377398,0.02409078517058
"21468",-0.0694536880056763,0.129634095708274,0.00972988192045264
"21469",-0.080897960134619,0.21910135850924,0.0537080143050391
"21470",-0.0841458339079977,0.19211404647648,0.0648306541128523
"21471",-0.087998267906653,0.189139134984615,0.067152471519713
"21472",0.0186837205854443,0.155954554815618,-0.0402330075330751
"21473",0.0387190274380129,0.105611998906315,-0.126084560098512
"21474",0.0575648180420004,0.117952965779988,-0.0308748658414478
"21475",0.0314781966720695,0.0938794419751817,-0.126766261061373
"21476",0.08962563427728,0.171996186995885,0.0642836553279498
"21477",0.104079863938739,0.131885828930588,0.0651093463246145
"21478",0.0489632200025765,0.192381068887771,0.0528622869479911
"21479",0.0131891772080231,0.166470638742764,0.0340329657893721
"21480",0.00392052781930537,0.152063462296506,0.0319152008615202
"21481",-0.00708449920444506,0.0991771935426052,-0.00468633074792427
"21482",-0.0282156700263461,0.101001914572562,-0.099021494385754
"21483",-0.0490675382282362,0.099726076838562,-0.120499698403598
"21484",-0.0272686644219285,0.152940819282286,-0.0372098162406748
"21485",0.0169639005078207,0.21494504989046,0.0679672711406333
"21486",0.0803951577989781,0.121298351475441,0.099215427002038
"21487",0.103449734025411,0.104701574778675,0.130983546938148
"21488",0.105470830881133,0.053999809215577,0.118588642299841
"21489",0.0573071046814192,0.0929498439391818,0.10672482289245
"21490",0.0319128799690217,0.213106073394848,0.0841946242521125
"21491",0.0236586826848785,0.142017492387649,0.0332957410408717
"21492",0.051476292117072,0.177992876404843,0.0445334621193811
"21493",0.0660265768913496,0.137685481824392,-0.0186700666626709
"21494",0.0695421374052114,0.157301301083785,0.0291373361083607
"21495",0.0753306541919541,0.160047501473411,0.021006145701495
"21496",0.0959251750736852,0.183959402598688,0.0411431294278849
"21497",0.0818358936748856,0.136602908459438,0.0244347303242001
"21498",0.105183747092348,0.11935318029588,-0.035802508866801
"21499",0.120985824164585,0.157231213960507,-0.0132063956085368
"21500",0.14500974299822,0.111225034330666,-0.0249667251408359
"21501",0.153302530718914,0.132028112756846,0.00609001736067167
"21502",0.0884075600265886,0.187992697117412,-0.117838180709012
"21503",0.0558232847981173,0.181063381838022,-0.126327539554364
"21504",0.0661625385327078,0.242435109028499,-0.0907253160107097
"21505",0.085330526001447,0.246508503479046,0.0795817443997813
"21506",0.113383813990435,0.205768187183608,0.11157127425448
"21507",0.135669669151518,0.169144705435468,0.189134082371183
"21508",0.114225854285715,0.187152386923567,0.203979412162066
"21509",0.0637709414786034,0.275312376111233,0.105814686289822
"21510",0.0548830903072119,0.122572738631855,0.0143255199908495
"21511",0.0845515928073981,0.137459316041286,0.0150489371406558
"21512",0.0953687379782532,0.141296992431077,-0.0100487055753987
"21513",0.0963402558841289,0.127741252679996,0.01268669661012
"21514",0.14195000270622,0.16561741191877,0.0161284046722226
"21515",0.100636479066952,0.140493992932404,-0.0344299106133719
"21516",0.0516724115168129,0.303229588351048,-0.125053438233904
"21517",0.02758939586843,0.207042476209266,-0.14805624769451
"21518",0.0885485121664798,0.109348884580284,-0.135185355833859
"21519",0.0794061627990366,0.106421122478324,-0.128935545040314
"21520",0.0320877026216321,0.118014153102433,-0.131708773393764
"21521",0.0338839267813411,0.104106475368873,-0.131732739451469
"21522",0.0664033652003811,0.0901716327821091,0.00413707283437376
"21523",0.0852198705807886,0.150396494951904,-0.00214392360585911
"21524",0.0681360156847126,0.173719811975799,0.0700244816589525
"21525",0.0579144286539449,0.156869633023691,0.0716676850853562
"21526",0.0685149869286485,0.224136379729463,0.0701068400306503
"21527",0.102497857133306,0.119335856984628,0.125482307309627
"21528",0.0731853262416417,0.129343020585629,0.165527438028828
"21529",0.0661977729707541,0.0296781392117988,0.150064909625556
"21530",0.00548453384928988,0.139800546793127,0.0666411052426493
"21531",0.0156437651650334,0.129888745825227,0.0729064583858464
"21532",0.00828040131970429,0.119293517695554,0.0602280935559873
"21533",0.00753530226340759,0.169727619799369,0.0574370876913369
"21534",0.0105663265856688,0.193141476977456,0.0566359133101803
"21535",0.0412356731600097,0.136585519381019,0.0724026835232249
"21536",0.0195124440484942,0.154953426409943,0.0543811386559996
"21537",0.0236541584824942,0.129417002103209,0.0421126786372144
"21538",0.0419170641274601,0.187311594386268,0.0734172641310221
"21539",0.0957284031605165,0.120698913361761,0.0675423572133177
"21540",0.0794045625423218,0.186354161121196,0.0544056708062588
"21541",0.067450884186902,0.163457221166751,0.0369349924100319
"21542",0.0254524492427629,0.0883149823330657,0.0117021058843381
"21543",-0.024706477918816,0.0903911982870821,-0.12642640388001
"21544",-0.0245493493972554,0.159786358370357,-0.0397036438131185
"21545",0.014515420445639,0.179055944026316,0.0863630855624836
"21546",0.0285603091284906,0.101774742594499,0.0827665262665859
"21547",0.0517657178576866,0.128920676715122,0.0947132952469003
"21548",0.0324448726943775,0.145064245525914,0.0655990599520026
"21549",0.0403551501583521,0.133364747430132,0.0422077430313642
"21550",0.0197296811871802,0.0826997943496329,-0.0406497313891618
"21551",-0.0109756947908865,0.0609352406867625,-0.138439909967543
"21552",-0.00139410376993891,0.130023869453135,-0.109449468250785
"21553",0.0615263415036572,0.229116556628186,0.0748307325922186
"21554",0.0692367633883543,0.130368710510705,0.0691322597880158
"21555",0.0549870939022717,0.087728988931493,0.0809401779644383
"21556",0.0141632588044117,0.149064992307295,0.0689947891593874
"21557",0.00599024742270626,0.130291967113391,0.0652090585163756
"21558",0.0256743006013621,0.150324878598115,0.0704917460284724
"21559",0.0454563330563468,0.141744108394466,0.0781734886494727
"21560",0.0698914944337301,0.125716397375133,0.0572772491436512
"21561",0.0524744041328409,0.156100805800255,0.0459341054237288
"21562",0.0529465733263453,0.137521605043167,0.0397556878219611
"21563",0.0460784082817486,0.145786885674839,0.0344394348384581
"21564",0.063378811885994,0.135848429704749,0.0657087274606546
"21565",0.0259152344586769,0.130985381320032,0.0342802725736205
"21566",0.0352211383415659,0.193230340905715,0.0824841662287941
"21567",-0.00510229048716658,0.115712901615138,0.0161062052027261
"21568",-0.0418101462177186,0.129161046338066,-0.162003000906184
"21569",0.0364104737655064,0.162554081199401,-0.111664884700184
"21570",0.069900963388811,0.16968563462416,-0.0338664808723838
"21571",0.0487590472249026,0.180162508366511,-0.161450256518364
"21572",0.0899849075270592,0.151697470230917,-0.134731059498788
"21573",0.111778396281795,0.175530872474745,-0.116706793953433
"21574",0.0591490360008844,0.129603833406099,0.0304385573971629
"21575",0.0772107978325588,0.186584848745588,0.0717834391090361
"21576",0.063405376786219,0.181692179918143,0.0593784976502532
"21577",0.0434065168937589,0.200986942824241,0.0587611284781347
"21578",0.0290944106344218,0.0910704648036355,0.0169558954520131
"21579",0.0135688829531928,0.149164529853938,0.0304459504574625
"21580",0.0560070334501201,0.141315341924271,0.0809852849319722
"21581",0.0624570202370923,0.170811772983776,0.0807168647759074
"21582",0.0790279227184101,0.173894966747384,0.090400149401197
"21583",0.120918372099073,0.130524444968651,0.109496939652901
"21584",0.0849475327934704,0.0761734879380514,0.0736310729600476
"21585",0.0611501859742677,0.136875345753549,0.0610128429272659
"21586",0.0437718641184818,0.137316016118078,-0.0114962584041073
"21587",0.102161266379613,0.144456805854658,0.0644595065022798
"21588",0.120295801538383,0.152063278495486,0.0713159514187203
"21589",0.10129255318991,0.148003158075762,0.0832344536814408
"21590",0.0537596100957585,0.114898646797438,0.0163218492312108
"21591",0.0397097960669699,0.213589663320407,0.0620869227190847
"21592",0.0412390017521212,0.188221721029996,0.0671546565441617
"21593",0.00830423556802527,0.132991067799387,-0.0274168007920062
"21594",0.0315815348836005,0.14976679469999,0.0437345194087469
"21595",0.0582656634333005,0.15216200458634,0.0695949470147267
"21596",0.0774917215326873,0.176522516395938,0.0751414683107109
"21597",0.0863366829262666,0.231971178902308,0.0889975701322784
"21598",0.0770216034167503,0.296074443729734,0.0153311739354734
"21599",0.0170322390906077,0.217251117285901,-0.154262341038906
"21600",0.020455690422752,0.187107142825332,-0.168533965413334
"21601",0.0149089417459535,0.208598194749637,-0.168849643401385
"21602",0.06988678399261,0.131609485898656,-0.182457890220613
"21603",0.075121058892461,0.100932423064403,-0.182087790992969
"21604",0.0911858006510693,0.11202340953364,-0.13377595139668
"21605",0.10602974466093,0.128246153386143,-0.105256959027323
"21606",0.140197521159726,0.253094691574953,0.0793221213302458
"21607",0.0954714596045785,0.258795924034004,0.075598593898857
"21608",0.0600824191524335,0.277749221715666,0.113194665455057
"21609",0.0532422109249368,0.196885568977537,0.0860985501964283
"21610",0.0803562786172882,0.102771816600715,0.0899655960659439
"21611",0.060732652380023,0.172825821931421,0.0997293587335288
"21612",0.104238351147562,0.0609905320017582,0.122210041048043
"21613",0.122003920673832,0.0988278948636016,0.11011493059472
"21614",0.102880445193728,0.119146344480872,0.0500449953260782
"21615",0.0443397403508433,0.166759103559725,-0.108646160481463
"21616",0.0247358274400559,0.177272203616063,-0.136106264118782
"21617",0.0346131983269343,0.122773912041179,-0.120645165981683
"21618",0.0445365407900812,0.161112025275078,-0.0410630261047618
"21619",0.0655349471756809,0.249873176878142,0.0822437693105752
"21620",0.0809213587216779,0.0869111294023406,0.0798823500153532
"21621",0.0886798136018819,0.0760264020996147,0.102023673082006
"21622",0.0107586425423796,0.183723237077378,0.0540011897066102
"21623",-0.0130996992243315,0.092234952266191,-0.0167272742118449
"21624",0.0380170106299567,0.169715417215452,0.0567561083024226
"21625",-0.025398439072804,0.089711385908933,-0.124882420036642
"21626",0.0133368940525521,0.151545767777779,0.0416848208577665
"21627",0.0308460548855518,0.160882826822235,0.0768748383915345
"21628",0.0775325566850475,0.0899876571279281,0.0802536466701551
"21629",0.0539643970297027,0.113959504018069,0.047886778133486
"21630",0.0407435647035671,0.157201416236997,0.00344411803961122
"21631",0.067334722338996,0.167000823774913,0.0386655321045832
"21632",0.0431896545183909,0.117870104723107,-0.111930781323354
"21633",0.0177295362583865,0.105523013543353,-0.127432423266504
"21634",0.0261205594190835,0.11076495051388,-0.125239277497749
"21635",0.0521295753186435,0.0942128765275845,-0.0359814441918611
"21636",0.0492916496842361,0.131555630859778,-0.108701724571692
"21637",0.0991576352314195,0.151958264521013,-0.018800729900933
"21638",0.136937846487513,0.147757322993303,0.0655051056412428
"21639",0.101881336612144,0.0861347425614808,-0.0307225510729534
"21640",0.0843704955977611,0.165232931274227,-0.0111312837823367
"21641",0.0536337338159793,0.0670643029999501,-0.141972704727588
"21642",0.0687452226926806,0.161587327224289,-0.0224227303158361
"21643",0.0537238004742997,0.123731722003926,-0.116446918189177
"21644",0.0598599919472991,0.137954316480602,-0.0286509613733886
"21645",0.0852535502038077,0.188255996414251,0.0632691422680157
"21646",0.109078744491236,0.162368181894529,0.0754700958666198
"21647",0.126728068618349,0.144199225224369,0.0733037066388302
"21648",0.118295735665997,0.176920381995412,0.070766483502927
"21649",0.127189779946066,0.151046361293242,-0.00777568790977447
"21650",0.0777318889557655,0.214097207200551,-0.0491556419145586
"21651",0.143822530884915,0.137525899554022,-0.00533929521497977
"21652",0.141759367772359,0.123521436652131,-0.0273346643503042
"21653",0.133831526698598,0.120507412213661,-0.115469351345642
"21654",0.0997494836167709,0.111751320059824,-0.127476977204473
"21655",0.0810320733408631,0.161745424531911,-0.134055171879079
"21656",0.123387672026022,0.185242924046841,-0.094894686273788
"21657",0.126863111184697,0.168773132243166,-0.123014892516098
"21658",0.157280914084016,0.117709086732632,-0.12167529002548
"21659",0.154971636347167,0.111556807023233,-0.142546634064303
"21660",0.211108343146281,0.221464526202592,0.0134626437250382
"21661",0.190080128226307,0.26616764932116,0.0416419210119637
"21662",0.192884146044848,0.264679495148438,0.0463283968246188
"21663",0.178141928678218,0.151713496573845,-0.0769695630245808
"21664",0.20461093873903,0.11486472087371,-0.0807425692284406
"21665",0.220051871754993,0.272026538152327,0.0170386483371658
"21666",0.213895767150274,0.12443426779705,-0.121720106195551
"21667",0.201364098723113,0.169872453016487,-0.0467282925535578
"21668",0.202045633259805,0.132363606703307,-0.122030807612682
"21669",0.201359359027552,0.12244861502879,-0.14439681921869
"21670",0.196157088767157,0.0884977804327314,-0.149543328544179
"21671",0.192665026085809,0.0791766062662259,-0.153331053744912
"21672",0.216648861725537,0.226650638044415,-0.0810685433450467
"21673",0.245922869581934,0.24018768464389,0.0364666658276365
"21674",0.273296073201339,0.163133529811157,0.0766820560015459
"21675",0.214620672018073,0.262375845142479,0.0530491392487072
"21676",0.0652723342600257,0.132674803116985,0.0687951967433819
"21677",0.0759760097629668,0.134956953686331,0.0713625244182489
"21678",0.0761885306483217,0.171802105402741,0.0662228651768083
"21679",0.053386686806583,0.205157987274173,0.0508878980659844
"21680",-0.00344745333574273,0.0726437759961122,-0.177040562675253
"21681",0.020546327917528,0.115958627521237,-0.126571784951212
"21682",0.0592295511418101,0.104841438404383,-0.0401645046159433
"21683",0.0668014634750029,0.103633495685846,-0.0389725486384429
"21684",0.0798871157970075,0.138853405664689,0.0325964323688928
"21685",0.0912395049393821,0.224550147609976,0.0781138992033752
"21686",0.110684590685928,0.198642309202039,0.0992072584685209
"21687",0.110630567697699,0.191523902193703,0.0969795210287127
"21688",0.144701046904911,0.036930954645558,0.141150918584868
"21689",0.109062400400984,0.138933041022129,0.080336467526829
"21690",0.0662143563023045,0.181998491312678,0.0513879132188979
"21691",0.040924989624416,0.169834346620644,0.0341316927310705
"21692",0.0514913212424494,0.164675822464763,0.0458625663890102
"21693",0.0495921451379814,0.197902733868074,0.0562623539264008
"21694",0.0956203766796586,0.226260901664766,0.106474733095138
"21695",0.104496875294223,0.0905436017244925,0.158605494328459
"21696",0.0971710283652196,0.0203322582681515,0.147847636824077
"21697",0.0493325479091685,0.146755575941029,0.0724734273892425
"21698",0.0526339122045194,0.166350373741911,0.0766061535040503
"21699",0.0690321398892713,0.131936370351632,0.0641829020699526
"21700",0.0601746690002494,0.170495913964601,-0.00693166750706056
"21701",0.100536275867125,0.196257332394938,0.0740140456056259
"21702",0.0761346131645215,0.192671351172496,0.0597979168123099
"21703",0.0319186810755584,0.149874142370082,0.0183258799073315
"21704",0.0603354466663417,0.181317686740386,0.0834039882693155
"21705",0.0692664911964049,0.165715140494793,0.0947396551703408
"21706",0.0698503746265857,0.106865426117668,0.079430247289617
"21707",0.0767916837897545,0.162830069020334,0.127839701972112
"21708",0.0542818414132628,0.149394646190669,0.0776614688432898
"21709",0.0503162599554019,0.143294205291291,0.0389723901429594
"21710",0.101258404695712,0.169001310730081,0.0620531606789779
"21711",0.0985863937571997,0.190524299808483,0.0457494538665425
"21712",0.0593203089447342,0.113557349659501,-0.172237960817972
"21713",0.0672027980308888,0.139941423103642,-0.121953546489967
"21714",0.0837512720453177,0.245250820833436,0.0590002317977886
"21715",0.0854654041480098,0.200373646814616,0.0991085792487374
"21716",0.0349270899099431,0.182869936258187,0.0933090125851276
"21717",0.0152731142876845,0.0850579093484032,0.0865611153201173
"21718",0.0014986648965518,0.0766854194005014,0.084339087712287
"21719",0.01950588282955,0.0295827055876186,0.146407271991456
"21720",0.025077886977087,0.0982570702374456,0.104857243614262
"21721",0.031588717748456,0.134691284528333,0.1230673050166
"21722",0.00627290490998335,0.141839550743147,0.064655108712168
"21723",-0.00903849238601762,0.140999693004465,0.0457645397947523
"21724",0.0407956709024235,0.113485236350354,0.0709723961069481
"21725",0.0843186296785437,0.1656128538261,0.157686044428095
"21726",0.0839569793647034,0.0684100236432633,0.113497945819073
"21727",0.107263604799458,0.154643698758562,-0.0556576476112302
"21728",0.106318871238678,0.182258921664248,-0.0913029884336412
"21729",0.141156024049298,0.135700478815247,-0.136223812538
"21730",0.140772672659816,0.126386765740083,-0.152432747822533
"21731",0.123564811619951,0.0927154849559934,-0.182799437081071
"21732",0.127391899714925,0.139449046939599,-0.174771275826527
"21733",0.123661405698759,0.0727355470953161,-0.148806509299046
"21734",0.165569076164658,0.24477379001138,0.0488326388956756
"21735",0.174760922901771,0.178467869548632,0.0504861688789434
"21736",0.100422134629323,0.118679102216711,-0.133595509148956
"21737",0.0679396668317146,0.236538531232913,-0.0261597080321828
"21738",0.0717285554698419,0.155804406112724,0.0284146510242999
"21739",0.122352914400272,0.235789463917239,0.0927358837838308
"21740",0.133788765906989,0.163112922107188,0.0684039032207968
"21741",0.134301702969095,0.186365530642928,0.0676012640579031
"21742",0.130556655214443,0.223487877323031,0.0364101491013615
"21743",0.152600121074459,0.0909883331427629,-0.0332008697729965
"21744",0.127852647486779,0.125636820400207,-0.114748865993865
"21745",0.146541890374762,0.122684679668429,-0.0398422726803192
"21746",0.165501840950354,0.170324770217538,0.035681793757046
"21747",0.174268173501788,0.188184627940752,0.0119798904164028
"21748",0.230631943643692,0.164433459381868,0.0712183046824824
"21749",0.228912306569484,0.180962428788108,0.0775552375885019
"21750",0.240655388410688,0.159557065875166,0.102270910158989
"21751",0.170137455441961,0.172027736940482,0.0409688304891933
"21752",0.0840832533842561,0.281103261911342,-0.0699571892302254
"21753",0.0466847849473114,0.139391407961691,-0.187476936415303
"21754",0.0687070758906822,0.149640426989656,-0.176868661615377
"21755",0.142718761418402,0.131813434757815,-0.0247472978924368
"21756",0.137403811694369,0.198896462913715,0.0626760153610427
"21757",0.126922394099241,0.230885679727122,0.0647246093030448
"21758",0.12918083830519,0.18966453642837,0.0791269330044583
"21759",0.129167121191295,0.22203646560711,0.0995944265467699
"21760",0.116778744203461,0.11855385436414,0.0796090151710849
"21761",0.119541080604779,0.0921764883002756,0.0822394591909278
"21762",0.127785736576761,0.11485596643662,0.0737777758648135
"21763",0.150464620886659,0.122207689594117,0.0759047784062029
"21764",0.18245025786493,0.106012491199208,0.138229806255406
"21765",0.151993537550054,0.132946908914975,0.0664176535419917
"21766",0.111241966123128,0.142385614349927,0.0364756740938349
"21767",0.102011351348671,0.170620038732497,0.05049462870061
"21768",0.0855824962679374,0.184659458875417,0.0604339675804916
"21769",0.0516885074380957,0.154960666277879,0.0310204346238325
"21770",0.0444238049823274,0.100972832050788,-0.0162428160914105
"21771",0.0539811857918637,0.186381163005257,0.0447446190958991
"21772",0.074769449939725,0.194309526838877,0.0707199662171693
"21773",0.0644564936761866,0.221766808914582,0.0468571023097506
"21774",0.0563636048675794,0.232026467679505,0.0663045382106879
"21775",0.0668829168302539,0.157154349000065,0.076307579625378
"21776",0.09185481762849,0.12630147145865,0.0747695506483005
"21777",0.0857047891088731,0.181631759642734,0.07659716552682
"21778",0.102820335558018,0.158313065790579,-0.0347505899292397
"21779",0.11105998083632,0.164325190044573,-0.0194637208086413
"21780",0.110085697303126,0.169820914163746,0.0375157678081485
"21781",0.122716820995442,0.170289747660741,0.0874321301297923
"21782",0.105384328909988,0.176509005085488,0.0785360532140054
"21783",0.121077391620298,0.100838822452952,0.0873575403396001
"21784",0.117986371723362,0.11648423554505,0.101865814230711
"21785",0.101369877344938,0.174043883122084,0.068532408277602
"21786",0.0954006300661632,0.197634326266976,0.0692521949907813
"21787",0.080856404217685,0.149374873724843,-0.00630447230785344
"21788",0.0643886942089327,0.159239821250082,-0.0541288098423752
"21789",0.0396861850783983,0.154696462909244,-0.133479544647024
"21790",0.0563325267178771,0.140394811079389,-0.0403987256973862
"21791",0.032207065424167,0.120170739815325,-0.125842707919792
"21792",0.0233270760495914,0.253317397677603,-0.0913493595110815
"21793",0.105272539503498,0.310242662016032,0.107045787803584
"21794",0.166016547103408,0.229382373306442,0.11951814088772
"21795",0.183560474733625,0.0949119526812457,0.124482344016879
"21796",0.174288023627815,0.0291469856913412,0.141679902441041
"21797",0.131574382899585,0.167518602206928,0.0740426087409976
"21798",0.166442810965378,0.110261088131318,0.0878730643496334
"21799",0.167365001181931,0.106656694472233,0.0846743644821416
"21800",0.156603714677646,0.0834176209115957,0.0830966454514279
"21801",0.119474191671918,0.150392500377132,0.0675825242469919
"21802",0.154654092185639,0.126207100452739,0.0692386627070015
"21803",0.103225966467943,0.117925241214117,0.00253765564895092
"21804",0.122091874341869,0.139516528807658,0.0414494928120727
"21805",0.113790011007918,0.145862893378936,0.031026197978547
"21806",0.131441198216021,0.166891350893024,-0.00391620834080942
"21807",0.118063041776148,0.170974374977056,-0.00846753481107212
"21808",0.0693851593666752,0.104148508391713,-0.14863887537131
"21809",0.0869586528498849,0.0952112103839828,-0.0375646217379792
"21810",0.0721806210892481,0.0946420091390874,-0.0513428958164323
"21811",0.0705582097289254,0.0858584067943147,-0.0376419216358979
"21812",0.0771786651507432,0.120777937366516,-0.0285196061025632
"21813",0.0913248852417833,0.137048393928268,0.031996742213873
"21814",0.0502732340211952,0.109104477437574,-0.045148650614705
"21815",0.0770960492589447,0.169193047932266,0.014865341968069
"21816",0.0670176742287019,0.152195504002734,0.0218798961510283
"21817",0.0757300529215522,0.134420171808245,0.0403498753427502
"21818",0.0808249494933873,0.199220558608896,0.0601068996169536
"21819",0.0836205115161932,0.160850178006467,-0.0242740365415378
"21820",0.0590154312928001,0.158825769229983,-0.0448699702106882
"21821",0.0632655702801639,0.0779905430452202,-0.183502868788073
"21822",0.0892641266690019,0.132525120818354,-0.140179944059585
"21823",0.155550216649628,0.106633570902378,-0.0254082672260317
"21824",0.145360174325142,0.166653257741523,-0.025576309146204
"21825",0.128911907189495,0.109760859622254,-0.148510570857193
"21826",0.137861888681514,0.114648530950311,-0.112298879462232
"21827",0.14754275342728,0.112721685316401,-0.109156448743027
"21828",0.150578552702735,0.101962058697683,-0.0963427223422601
"21829",0.275197250536892,0.180651276091891,0.0901187936116281
"21830",0.257536354865566,0.202957376054568,0.0964576252533574
"21831",0.255856158292641,0.163195394125695,0.00640886194385561
"21832",0.252719045991044,0.178942192953285,0.0133840129005806
"21833",0.155060791971212,0.180546239316107,-0.139290235319623
"21834",0.213877941038521,0.189765203132082,-0.0584918099757191
"21835",0.219253206071249,0.231475792239984,0.0263308004838083
"21836",0.218190195880558,0.202615404297352,0.00501073987920303
"21837",0.277558042395853,0.157185376050909,0.101383744138693
"21838",0.262037663316707,0.18707829912159,0.091069010081605
"21839",0.242784586462885,0.178711322013419,0.0984606271034309
"21840",0.219072382498273,0.192077933995315,0.0874755258406
"21841",0.191388337453374,0.172305309391112,0.0502302297797327
"21842",0.167052350071368,0.145659098213998,0.0396529018607169
"21843",0.157392975678706,0.148218905804532,0.0447594467921483
"21844",0.167286588211154,0.187306015487608,0.0774909347319064
"21845",0.170751767117294,0.158916984134115,0.0691461523614077
"21846",0.149523812011274,0.123734582024128,0.0474935773577405
"21847",0.148411204132064,0.129607462953719,-0.0172865943858442
"21848",0.121624662603423,0.120177825067824,-0.136051648693486
"21849",0.0978575376842388,0.122078888353876,-0.175962573220722
"21850",0.136922528999361,0.0856347484938108,-0.175322513836841
"21851",0.117904336272496,0.145546708517196,-0.176697059083787
"21852",0.133476698110191,0.177342984859427,-0.145109655530617
"21853",0.125349170790211,0.129947798287561,-0.128349696841122
"21854",0.163246446015341,0.193274258205981,0.0783071220367291
"21855",0.180627887954385,0.16054221872132,0.101529013755033
"21856",0.172560427816477,0.122732169589696,0.119522891794958
"21857",0.151226988594041,0.12578302139707,0.0925405109657143
"21858",0.149862892566563,0.109682003837646,0.114882770847289
"21859",0.146987732095272,0.0760761478782539,0.0793089833948167
"21860",0.12099346715197,0.138247957855629,0.0555889913961682
"21861",0.147171599926495,0.16685974053355,0.0715824188834823
"21862",0.171158215373168,0.186760416623968,0.0513567826600212
"21863",0.206100872765136,0.17848591054991,0.0510772204123256
"21864",0.20781082113712,0.104970198742241,-0.0385226178831012
"21865",0.186349035773575,0.135076404240001,-0.141386906298128
"21866",0.177863007088736,0.15879490380179,-0.116498720566805
"21867",0.196929988103305,0.232915209052786,0.0410328979666267
"21868",0.225188279599335,0.171854016006815,0.0927710647237754
"21869",0.2149457690197,0.179953738148888,0.0965956507175143
"21870",0.197914492524028,0.198540784895489,0.0909091158932092
"21871",0.130992642764628,0.148704850232078,0.000750014000648431
"21872",0.132972462818113,0.171806396816625,0.0636218587460856
"21873",0.149771217129989,0.165184927446076,0.045412907573169
"21874",0.157354404993856,0.157866529337408,0.0604101581370748
"21875",0.168113994834559,0.135306571895687,0.0165686644089829
"21876",0.181542369996124,0.190127564567936,0.0671202642865734
"21877",0.187562626748782,0.153277020158117,0.0637440986840683
"21878",0.204390202568998,0.155500083901723,0.075001180765106
"21879",0.209456615251836,0.12455307381169,0.0733534488675067
"21880",0.258664801647029,0.127152156142889,0.120805770984717
"21881",0.246507441800276,0.131643550156918,0.10551217803392
"21882",0.237016294502816,0.151463403687942,0.0642431304561786
"21883",0.250604872144401,0.136145410182069,0.0628051703501322
"21884",0.225742537537956,0.219137448872545,0.0589505118398999
"21885",0.208294837836592,0.206457062572852,0.0431843671856253
"21886",0.255935226842209,0.15075278116486,0.0757250032378958
"21887",0.219829025064044,0.144251701061402,0.0493469847626913
"21888",0.188855788873409,0.156231935285396,-0.0729065566885076
"21889",0.168062285851596,0.136443851500721,-0.173595956445916
"21890",0.15490877827592,0.105416782182481,-0.192508049246228
"21891",0.174118897836819,0.10374328057632,-0.173510557981995
"21892",0.203403220610905,0.11111389252463,-0.0964036710185491
"21893",0.209676443417719,0.104509079772883,-0.082522340724645
"21894",0.180676839054293,0.140981020790946,-0.135381149206026
"21895",0.188598646432899,0.169799114852382,-0.0895377043102855
"21896",0.211364408199133,0.345714753158629,0.0261762646099951
"21897",0.239842901807351,0.190837963903098,0.101566882199098
"21898",0.223240017357466,0.184780692623995,0.111278683105122
"21899",0.238502257453098,0.156947923067639,0.168209356823489
"21900",0.234880846966491,0.120535395949574,0.158739289498666
"21901",0.168288460005723,0.170008506801887,0.0814415353904111
"21902",0.133689122025754,0.161965674539841,0.0380068325232202
"21903",0.0974048671502353,0.135763548418504,-0.0669517373045003
"21904",0.12638123417646,0.0977591151942307,-0.0436474447552916
"21905",0.0858317987042335,0.112073688233231,-0.115683825461542
"21906",0.106602304201531,0.102189501698679,-0.0359510454242941
"21907",0.126388085383837,0.180865823144321,0.0129266903499251
"21908",0.111815217209132,0.148530902654908,-0.026804339129926
"21909",0.100182443514982,0.248947117732273,0.071432851150126
"21910",0.112996271118247,0.247646286093743,0.0971938230794353
"21911",0.117911114531999,0.169207970692646,0.0830986916740185
"21912",0.117838090880126,0.212487281898203,0.0970943079793495
"21913",0.115833524902498,0.189411118813579,0.101663020850548
"21914",0.131712310052682,0.143513736283269,0.106949232079625
"21915",0.10723491614751,0.177788750949393,0.0905882202378965
"21916",0.12072056074272,0.155934815691293,0.0877627786907946
"21917",0.0995058436757933,0.191344596681263,0.0636317828962187
"21918",0.113885769705363,0.158114766147493,0.0421293842659985
"21919",0.115858881426292,0.165867667265673,0.0226239740269949
"21920",0.0982219534699504,0.0965260833129054,-0.0957518005938125
"21921",0.120988580698677,0.204059586444387,0.0510555634350469
"21922",0.180824309114522,0.211209016894433,0.0966035922099421
"21923",0.219141791852584,0.101494405511556,0.123675180106486
"21924",0.224079562011263,0.0851641782115284,0.141153736920929
"21925",0.210078664721989,0.0314556972810558,0.137408254794701
"21926",0.150732765799,0.137407811890817,0.0628902075167449
"21927",0.146380409547676,0.174347132802182,0.0552892135499746
"21928",0.196697665153534,0.111988161838182,0.085253762376101
"21929",0.208867155118506,0.10903600911301,0.0986839059381178
"21930",0.196730369291451,0.101587527760005,0.109027311896056
"21931",0.264725254336503,0.106918667860529,-0.0754008161179713
"21932",0.262929859682228,0.108987013659023,-0.0742893415035311
"21933",0.261156544042066,0.119838657090146,-0.0742306793938063
"21934",0.274216832916755,0.104684966748814,-0.0747383898448408
"21935",0.226305598920537,0.158995430280707,-0.141551200446305
"21936",0.260061225024305,0.0879980577306661,-0.14656483501373
"21937",0.223436230511679,0.118201116296086,-0.147789322564402
"21938",0.231781923302678,0.203860423671627,-0.107695956758822
"21939",0.237834340293236,0.250889499063131,-0.0715725736782597
"21940",0.259383215327198,0.316682823196338,-0.0296878505202905
"21941",0.301685318665825,0.212675981732132,0.144864502825514
"21942",0.292743997200747,0.116663055569484,0.122508972706529
"21943",0.30336846804902,0.126743519454041,0.130993507872866
"21944",0.291230089197182,0.0908067189339482,0.144680831403875
"21945",0.243666085643843,0.174320677573478,0.084932540541067
"21946",0.201834410243641,0.181160334289797,0.0193530504040616
"21947",0.189331263422648,0.167236891037197,-0.0116419889280115
"21948",0.169349493208607,0.145467601069065,-0.142578547082037
"21949",0.183017616030563,0.0891710520091524,-0.172668250326564
"21950",0.170936162108924,0.117180443332898,-0.190045948507561
"21951",0.204658760172664,0.112775705993724,-0.0596158923627818
"21952",0.169077206809058,0.112777656443459,-0.0940540625032514
"21953",0.179802080927135,0.206566820964464,0.0449521925086327
"21954",0.173219016658185,0.208046948058985,0.0418983152924152
"21955",0.191485681579197,0.177905417746621,0.0578939078421355
"21956",0.210594757453173,0.132347822399007,0.067167842416287
"21957",0.184003836844643,0.202934483763931,0.0550331024013388
"21958",0.201024016464892,0.171707888943786,0.0722898405861206
"21959",0.165323177834611,0.107993255316583,-0.0377709432287135
"21960",0.210541723065453,0.222102921686188,0.0603831146769356
"21961",0.223480403333952,0.181085296094191,0.0723522499611567
"21962",0.24019893964527,0.185568535948875,0.0922736645427512
"21963",0.200652476551921,0.111997095986475,-0.0221105583742209
"21964",0.207382306998433,0.0948060095248019,-0.0392618709699847
"21965",0.211891075000156,0.142950821893627,-0.0381143346707856
"21966",0.219576067016257,0.21318165844757,-0.0144146367374572
"21967",0.246527438130864,0.190329614612148,0.0735256297337656
"21968",0.201400966649059,0.150963460089349,0.0650087957031103
"21969",0.15363393712858,0.15784890258068,0.00527822118810811
"21970",0.123797400671186,0.213038123121996,0.0352403183928111
"21971",0.162593560762825,0.192810435410655,0.10295188457551
"21972",0.184306235292533,0.141973998748509,0.170054074819365
"21973",0.177789979210086,0.116752387727391,0.158319831682565
"21974",0.152941280726967,0.107201370603056,0.151427117031589
"21975",0.0732257296338813,0.313206550831346,0.112271801261865
"21976",0.0653717179933062,0.247546113151723,0.0681217591277091
"21977",0.0492707153745842,0.246935223535279,-0.0263440190520261
"21978",0.0464350889513482,0.176679529697021,-0.133453928351077
"21979",0.0400306060322355,0.178675000361459,-0.14089377848198
"21980",0.0602267204959189,0.249894296356109,-0.100690425171
"21981",0.106874922834171,0.235472215743552,-0.0076054789907666
"21982",0.0973480706300096,0.213356489868708,0.0795874284686399
"21983",0.142834287143313,0.182047234189478,0.0926991149295383
"21984",0.165580877703948,0.174264398912384,0.136578558284089
"21985",0.175938051616633,0.177393423791509,0.087916253289959
"21986",0.181659654982019,0.187729193380865,0.0830474273995059
"21987",0.200064153593685,0.301372859154399,0.103233302955821
"21988",0.223927887025066,0.254777140550728,0.0583993257288561
"21989",0.201486742499665,0.108674146659264,-0.0428366851511855
"21990",0.231771248221065,0.224936451621803,0.058181284210483
"21991",0.260517346080719,0.219075434413483,0.0332419165759288
"21992",0.30601599281796,0.157509670650399,0.0923103699254477
"21993",0.286316777540869,0.0980557963699852,0.142386674779762
"21994",0.282048080312863,0.0396201124606784,0.134236284651734
"21995",0.25744563505003,0.121105389091657,0.0730079021686371
"21996",0.227994477754416,0.158625191117608,0.0551907890555156
"21997",0.182434125043537,0.130426409335284,-0.11594188542292
"21998",0.150944268232753,0.150741145376495,-0.142644101723755
"21999",0.188581173116669,0.157830264808063,-0.0755900408091724
"22000",0.198156156486521,0.18261001848271,0.0215807063470931
"22001",0.193923963803612,0.202206867568067,0.0243151937336157
"22002",0.189280291716918,0.210292880308367,-0.0563236160480706
"22003",0.25216099280025,0.137890895145474,0.0899401867149678
"22004",0.2500231539336,0.128285239171214,0.0725393105071284
"22005",0.211662793788557,0.195814450516546,0.0426445764652382
"22006",0.240221751775064,0.170189142426606,0.0663224691851035
"22007",0.256816960461396,0.163490929495674,0.0722373259877606
"22008",0.259673649686701,0.176010055444267,0.084095781223934
"22009",0.295329098226998,0.0734619985342043,0.11609599942869
"22010",0.253401429503542,0.173559436723695,0.0781233719738262
"22011",0.237129297470039,0.165704359854138,-0.00325494981971262
"22012",0.217215989160587,0.117433103434935,-0.0416979646762428
"22013",0.193556867789009,0.102222857585596,-0.169369112214048
"22014",0.166810506245149,0.126829691648217,-0.183773008029625
"22015",0.164523104136913,0.145129815980458,-0.164197965828307
"22016",0.175709838075413,0.170005695618651,-0.126688431490568
"22017",0.228263504607549,0.254227334197716,0.0992756888976559
"22018",0.209849432691317,0.277611763871491,0.0990595560826391
"22019",0.225045635552231,0.135433601496399,0.0901674039791455
"22020",0.221811008999216,0.14160132260999,0.0877342877444809
"22021",0.248835289141382,0.0748301840796051,0.145979379897413
"22022",0.24659219392625,0.182354160376793,0.0931129641654019
"22023",0.227969658731417,0.205806591753975,0.0765282140790094
"22024",0.24250004985895,0.204576474933635,0.0810524112091052
"22025",0.192980735664909,0.11744562526203,-0.084106809965007
"22026",0.15923304064581,0.187962549711953,-0.115342102251753
"22027",0.163210186364576,0.16958658935288,-0.156770833074928
"22028",0.225685222574277,0.148999425245673,-0.118349392128157
"22029",0.267073254936264,0.0994672074053252,-0.0446122869761043
"22030",0.262634605069849,0.10598651055164,-0.0633962408342288
"22031",0.270362035125685,0.156340234529015,-0.0324359620741212
"22032",0.284268529396501,0.136797160090168,-0.0572968998086939
"22033",0.264409388122206,0.115920762322924,0.0853880830551847
"22034",0.225494682558239,0.201665086888982,0.042774993102599
"22035",0.153834681093292,0.144371672017625,-0.126728441241054
"22036",0.165591463278736,0.126651061563375,-0.115500087031519
"22037",0.193421634184884,0.102923337611876,-0.10302886411134
"22038",0.194420046684441,0.129510329938161,-0.0517540925805504
"22039",0.215114122144689,0.211394077014022,0.0642355847039351
"22040",0.238918558606167,0.1590084355707,0.106163200609558
"22041",0.207777698205047,0.179376526119085,0.0513331969727414
"22042",0.139208892221541,0.126966730294119,-0.129167162922447
"22043",0.106021278525362,0.185359809802946,-0.129484867906802
"22044",0.168919599079807,0.149435312945199,-0.0837753800728953
"22045",0.158838591515692,0.173970477715396,-0.0943921731767624
"22046",0.213974547749397,0.218715386732487,0.0566900965832389
"22047",0.206974670101194,0.127239335925714,-0.0216227711655044
"22048",0.216274943232701,0.215058725019196,0.0205019597851302
"22049",0.208053131828962,0.213987332619737,0.0190020360777349
"22050",0.190799987857331,0.233977084028314,0.06549050530288
"22051",0.229715804213021,0.137582240174123,0.0855762946140519
"22052",0.243496423848545,0.121351916081185,0.0943914910442224
"22053",0.247428384196739,0.101340801824684,0.122848915014338
"22054",0.226466430502722,0.150006345402072,0.0755004585889472
"22055",0.214046549043942,0.189358176867,0.0551771016433988
"22056",0.215187852620136,0.163126470431153,0.0585116846194421
"22057",0.204887942766594,0.138671236751864,0.0611302964578459
"22058",0.231779389228883,0.145660464193155,0.0770745028523741
"22059",0.199534070255881,0.182059757972339,0.0730209204341309
"22060",0.157292148506406,0.124434350010153,-0.109108112202702
"22061",0.174925093681112,0.131456497007025,-0.115610182876346
"22062",0.21051574964094,0.20245482362446,-0.0691167580561771
"22063",0.192509535793474,0.130497528858812,-0.136167958718682
"22064",0.20823096707896,0.163974179122456,-0.13981974388782
"22065",0.23650365689149,0.159075672050295,-0.124767847852282
"22066",0.247123990196602,0.14793378457859,-0.10126586811958
"22067",0.28811891369695,0.170719931059808,0.063271453041834
"22068",0.289655298065424,0.153887284763772,0.0806601035251541
"22069",0.227443020114857,0.24269961034383,0.0539473378781473
"22070",0.24981815200998,0.185314892215372,-0.0159675401448422
"22071",0.238605146117078,0.159445754866912,-0.0236477668161557
"22072",0.264986251292512,0.149747160294104,0.0654622672589899
"22073",0.270627343931447,0.142620501842904,0.099183217372156
"22074",0.263226867332799,0.15781861162827,0.0987269799423697
"22075",0.240305313595848,0.239208644081109,0.0833968045172267
"22076",0.238365432264771,0.185883678147617,0.0655189245548641
"22077",0.279621108050222,0.109993708803846,0.136713553270672
"22078",0.247329487635776,0.156980862379513,0.10541313173641
"22079",0.213815414691786,0.209536489220788,0.0593859285221056
"22080",0.199237738862923,0.202738259572995,-0.102677674795877
"22081",0.218298257556321,0.188357806484334,-0.0412241386598509
"22082",0.238500033450618,0.18484350194364,-0.0416658176969471
"22083",0.222577931318484,0.162536624293981,-0.110101385385963
"22084",0.235894976486635,0.19823518090351,0.0258363662637978
"22085",0.262981239026126,0.197189583808279,0.0607287638194379
"22086",0.239934754501126,0.202798003466646,0.0531161331179302
"22087",0.29117337591167,0.163792199876521,0.0770015399893209
"22088",0.298230892331209,0.202030306914163,0.0351907234134135
"22089",0.325979558867248,0.147268271924965,0.0829662680615007
"22090",0.30640739976231,0.128437592631288,0.0668429787615256
"22091",0.297714958874592,0.13631403652701,0.0764869837680254
"22092",0.26761941574687,0.135340011132754,0.0434766660326917
"22093",0.221459760523251,0.27885766089929,0.0241104925029655
"22094",0.222751430808302,0.142921528191804,-0.0494422270383633
"22095",0.240150842598089,0.298854096376977,0.0303759720244394
"22096",0.225590624467451,0.153090988304444,-0.0544651139181453
"22097",0.25831558261997,0.213723258731833,0.0176652537948715
"22098",0.243828713923117,0.160002109490331,-0.0458241030392911
"22099",0.217400593253215,0.168360304566824,-0.0389952175256333
"22100",0.249810987902071,0.223988339963789,0.0906594084060248
"22101",0.255348141438488,0.106372557556695,0.105008472090819
"22102",0.233173931959554,0.0929381420989243,0.0779809132003482
"22103",0.214242705320693,0.142470604611,0.0837144398258804
"22104",0.199149317695123,0.128662773479566,0.0474951538021865
"22105",0.188519145771083,0.150623056222657,-0.0157079681617743
"22106",0.22102147061332,0.197495686715394,0.0723254582852324
"22107",0.177604047205438,0.102995667948832,-0.0453887727887474
"22108",0.171462438096454,0.180379380477663,-0.129690951099955
"22109",0.228495720103318,0.113568912266836,-0.0410427183767131
"22110",0.220521257594513,0.193401259213464,0.0197508061330844
"22111",0.187887302103725,0.146028733140968,-0.00330770301915779
"22112",0.220786731040314,0.184357744354109,0.0723041686717601
"22113",0.225828125046262,0.168700474586304,0.0497311478851475
"22114",0.225161023818033,0.19828981246866,0.00180933352370803
"22115",0.21694881948874,0.162317602906272,-0.0200382478768696
"22116",0.253798202581371,0.132964770541792,-0.0199849140277104
"22117",0.260196633160129,0.117444809878122,-0.0255100738325713
"22118",0.249584881432306,0.157211159075363,-0.0138907288516829
"22119",0.194002019036833,0.127164273571838,-0.147081591824328
"22120",0.206808223252229,0.138121020131353,-0.1302357904056
"22121",0.233850841930465,0.258599919857151,-0.0597716172165385
"22122",0.282459033866148,0.191541922252993,0.0801681423604922
"22123",0.289079024824993,0.146279643547673,0.0819721904575191
"22124",0.297480022082525,0.0819204556875637,0.138812683075744
"22125",0.267861150220944,0.140720377537652,0.0853624031275907
"22126",0.286936774961911,0.100190121276064,0.0766442249181408
"22127",0.269157889424633,0.148262009012775,0.0779332572369883
"22128",0.251963458193672,0.151371188471417,0.06917335380022
"22129",0.257869370844779,0.146386390940747,0.0729692880752318
"22130",0.189011023412373,0.167131155926491,0.0325034013249085
"22131",0.227915832378943,0.160380116557634,0.071668084649639
"22132",0.211810993023694,0.168232718688656,0.0232348578697799
"22133",0.224583249923314,0.237576326209014,0.0296816304144024
"22134",0.222815484024877,0.137229771707269,-0.0321874593693984
"22135",0.208866767982736,0.210579279682045,-0.00101108152226708
"22136",0.171017560420816,0.127018317097501,-0.184283206023838
"22137",0.197549953585062,0.146458362336653,-0.186433107877321
"22138",0.20294958485391,0.162061885172977,-0.169313503781953
"22139",0.275670817889677,0.13251094383683,-0.0877475686160812
"22140",0.287315925144935,0.177737489408716,-0.0439598995465653
"22141",0.279489889207842,0.172431616771394,-0.0412802962726562
"22142",0.246113675758254,0.183688464867588,-0.0443911893628083
"22143",0.265960802284081,0.2486731525894,0.0791119139285747
"22144",0.30039801436799,0.111207915799353,0.125078604904262
"22145",0.301106003684253,0.15028910697915,0.0978718211172526
"22146",0.239533708373578,0.175288118519349,0.0607596760724671
"22147",0.255208564534897,0.216871291483974,0.04616322038185
"22148",0.267277269706282,0.204573176169694,0.0757773201498313
"22149",0.262736644621486,0.193012796996435,0.0613438990797675
"22150",0.217952060049735,0.104175267466821,-0.062803709413702
"22151",0.235446540463335,0.135441153155223,-0.0279248436549823
"22152",0.277643386077449,0.196897416358252,0.0656481847149743
"22153",0.283842618339491,0.227401334978436,0.0381157092393296
"22154",0.308532804043888,0.199170122617236,0.0607987087354863
"22155",0.321035559343889,0.248021929237671,0.0838386779212031
"22156",0.347151312076434,0.133945953094193,0.127033793467332
"22157",0.336528526180529,0.141181557589727,0.0690980471040269
"22158",0.294544612231325,0.197741756921828,-0.000115140568790481
"22159",0.278088993324639,0.10985322981301,-0.107735035803642
"22160",0.277630822090139,0.21516412166498,0.00295523064585209
"22161",0.290260490820927,0.251247389103586,0.0827368132303558
"22162",0.246885922077897,0.303588309293369,0.0927912983299947
"22163",0.221540196787919,0.231254905780171,0.0836744177636639
"22164",0.247105129060877,0.241602233980434,0.106714170982207
"22165",0.304046756581357,0.149084291626443,0.183643071965564
"22166",0.296848156614315,0.137271002945437,0.172577692974509
"22167",0.27694679099302,0.0784078203672,0.134651329533648
"22168",0.220178639227176,0.145597219905807,0.0511246423189611
"22169",0.211641607736246,0.209451031949496,0.0336649271915877
"22170",0.179075528167338,0.192517907538272,-0.0942847487071006
"22171",0.135422577075593,0.0926862461961466,-0.188070581765315
"22172",0.180501291277306,0.187057234869467,-0.0936735775914888
"22173",0.225711569192458,0.242111666331608,0.0201465839942513
"22174",0.185194670230087,0.136667848102785,-0.105818157378248
"22175",0.227996773167643,0.105901881582729,-0.103941303183998
"22176",0.261976272142072,0.24854424232639,0.0825784993310091
"22177",0.290093476820365,0.121373313313288,0.0985411782913083
"22178",0.264447481460948,0.20783307653276,0.0719168165476768
"22179",0.22313031921584,0.227508038170149,0.0597168798364471
"22180",0.193312524680585,0.202767778325856,0.0160856737072653
"22181",0.17120632589946,0.140926108350024,-0.0874982425458763
"22182",0.208007803440676,0.308532558661239,0.0153176827148775
"22183",0.240113015439647,0.298755930235762,0.0787623060268802
"22184",0.196006332367729,0.211067871096318,0.00333914103909192
"22185",0.166293572293177,0.160731625859942,-0.0692274932819357
"22186",0.234181608429055,0.132210199154723,-0.0551957556286259
"22187",0.277147460577274,0.194477291048998,0.0733963907161698
"22188",0.291248750576107,0.22277755101196,0.024498192160051
"22189",0.326121057321808,0.205060722638328,0.0643181326599783
"22190",0.363366835754479,0.108723639598012,0.119082619289496
"22191",0.336331704723069,0.23409077331857,0.0716128836760192
"22192",0.330683250804577,0.161835703490468,0.0502447399516554
"22193",0.328808837991087,0.139485857680883,0.0341074836680672
"22194",0.279686669809895,0.108253585665762,-0.164746847831073
"22195",0.238514839406037,0.0922602499379689,-0.179693829840479
"22196",0.271630048740801,0.158473343380658,-0.0976443856008279
"22197",0.282946283682916,0.156431294594768,-0.0745964493681589
"22198",0.304343019635662,0.198118173112411,-0.00427663059510192
"22199",0.332985974549311,0.201991149791361,0.065988006402621
"22200",0.311086469874874,0.215246162980096,0.0267082446814168
"22201",0.27615549729498,0.112697567151835,-0.0927074473482239
"22202",0.333493513304769,0.201105706987737,0.049742217856833
"22203",0.335656678311382,0.150825198160898,0.0435609823102174
"22204",0.325634406800168,0.0928913440305368,-0.0863607854686146
"22205",0.313593857616074,0.103633821210536,-0.138930923553287
"22206",0.352142809391638,0.183127095799416,-0.0243239694054867
"22207",0.379165201976898,0.207260735396017,0.0623668469333953
"22208",0.370344690179934,0.212938391618884,0.0659561645240197
"22209",0.372995761328252,0.213802371968483,0.0678563337102667
"22210",0.402899471898838,0.151319508303336,0.0931049674993909
"22211",0.408305608177105,0.170441140288135,0.131082846590175
"22212",0.362938593124807,0.202193222169491,0.0528539195995466
"22213",0.307644911261541,0.160453684286253,-0.118987092828426
"22214",0.249417970859638,0.12510997750971,-0.169992435196716
"22215",0.241746082793567,0.127560965220433,-0.157281975812554
"22216",0.205915836031785,0.139286102587434,-0.180113680331699
"22217",0.216683866232101,0.206935582901067,-0.126922705697278
"22218",0.261017673047915,0.21321620486892,-0.0315373369880732
"22219",0.313606288164125,0.201900479344633,0.0698152696109836
"22220",0.337464586302621,0.151197540538644,0.0820749206787391
"22221",0.32715376618304,0.154844376379512,0.0863518648488631
"22222",0.349276803248558,0.175109985350219,0.088027467969012
"22223",0.366831002226384,0.142346767266208,0.119875248983906
"22224",0.359232226759104,0.0885883395654635,0.135654770827336
"22225",0.344789254010034,0.0463186447480926,0.131388281790642
"22226",0.304026915291704,0.164534210044402,-0.0250037321946558
"22227",0.350191253978177,0.170892153518169,0.0681689640075045
"22228",0.35349621136134,0.138227402066484,0.0755841918966813
"22229",0.361463786241914,0.204059090975331,0.0647900002113173
"22230",0.324944583688866,0.173137040681752,-0.0574308873838875
"22231",0.280331780950179,0.14774111391958,-0.181266721894851
"22232",0.307695538805488,0.224661104746618,-0.118346790794015
"22233",0.35227401666785,0.177594555726562,-0.0474852798489997
"22234",0.357967905416198,0.212608200941988,-0.0298635133988428
"22235",0.355292078455228,0.149306486126035,0.0820347302220064
"22236",0.333743412049811,0.217871363666151,0.0257147450269621
"22237",0.43964773413343,0.156233955324074,0.139119182616711
"22238",0.426710145423181,0.131942808596298,0.138094899356752
"22239",0.395663951167262,0.192038165251974,-0.0142428074101232
"22240",0.351886923818804,0.16594553544309,-0.139317646398554
"22241",0.356687414534465,0.168912515542306,-0.130331027069902
"22242",0.343300287334994,0.139548502822761,-0.1134474796593
"22243",0.386011678571849,0.219984909074804,0.0503098960562467
"22244",0.426975421482138,0.217292136339264,0.0838931253834277
"22245",0.396198671564957,0.156667404441666,-0.107375647424721
"22246",0.394783109720711,0.156450044387239,-0.104611401366243
"22247",0.39873479984238,0.180482249291167,-0.111285185154818
"22248",0.437990183867512,0.203847077809543,0.0138272215992386
"22249",0.450847705878703,0.209668564054717,0.0565853770687643
"22250",0.416992635194235,0.258302374889475,0.0137344154587295
"22251",0.348489260772326,0.287001353106943,-0.0917685223542875
"22252",0.326418701147058,0.172293800808043,-0.134761059457637
"22253",0.381553303641857,0.264271724343436,0.00217528827641053
"22254",0.419927695699791,0.0982375454702271,0.106979764866206
"22255",0.394446846709576,0.170997175347911,0.0504091339210369
"22256",0.390316078556536,0.144572067933413,0.0280933157091926
"22257",0.367363704508901,0.117153044026355,-0.154737100569679
"22258",0.351650798566416,0.150173940931146,-0.180109153257949
"22259",0.326541492921723,0.217022157056062,-0.191274401044526
"22260",0.349587531445785,0.202793480528535,-0.17580099390628
"22261",0.383967438223941,0.292025964557876,-0.0767699608217171
"22262",0.416248033824253,0.252558524008663,0.0587515753992205
"22263",0.39530900149164,0.209937658698001,0.0260669989194964
"22264",0.360208454248627,0.193802310726096,-0.0515931448640037
"22265",0.367562191933145,0.22333350378511,-0.0365708767123813
"22266",0.382890576846394,0.154129863455776,0.0906212387986099
"22267",0.323494552985573,0.19086501939066,0.0701114745918775
"22268",0.342461740528207,0.13166962493754,0.0668825359623148
"22269",0.309561022273354,0.200885765270952,-0.0147448730688213
"22270",0.337817266390833,0.214545990361918,-0.00538850868864321
"22271",0.332305097086702,0.199822038044708,-0.00884986654215309
"22272",0.318577259009829,0.131459010111033,-0.0755305301251547
"22273",0.290043620359474,0.132712445677985,-0.157632501646209
"22274",0.251012696747827,0.152116866700568,-0.169583291512956
"22275",0.324998460371952,0.263764069844748,-0.0259653892280434
"22276",0.378328302922577,0.155194580893859,0.0841855868731893
"22277",0.34696495793446,0.194177321028378,0.0624285542299541
"22278",0.407538759296054,0.0919091978394076,0.1373320802436
"22279",0.414780975467513,0.119969485138367,0.142570419899572
"22280",0.406829898700179,0.145612743202329,0.113788537689568
"22281",0.386194613940638,0.204937242643887,0.0469355323319338
"22282",0.400025790713015,0.136609430172544,0.0687897488125525
"22283",0.408214087613793,0.0530566037849433,0.128861924214546
"22284",0.362498683403366,0.16084152232651,-0.0485102742879474
"22285",0.365859128163746,0.0886293065206555,-0.109002914433643
"22286",0.348718368024263,0.135331085447334,-0.160363445141304
"22287",0.421678473320275,0.165164786206386,0.0469342054712388
"22288",0.454415197229725,0.245219203109561,-0.0344549157610863
"22289",0.43909548274526,0.181619565306613,-0.0990432070221017
"22290",0.462896228703675,0.231685308202275,-0.0465983962836809
"22291",0.484894630931266,0.225700805906158,0.0372386080778595
"22292",0.470864458531118,0.214722958678568,0.0467197554381828
"22293",0.424801265039051,0.124183050267427,-0.140340413555597
"22294",0.40267309146027,0.143076676157745,-0.119558839794502
"22295",0.394894472243056,0.163986593327658,-0.162936552385504
"22296",0.368337939174695,0.139239649935984,-0.186914821731931
"22297",0.388898857727053,0.104582483371955,-0.189155800836883
"22298",0.388418058022714,0.147210039564826,-0.161861561666011
"22299",0.39903801143854,0.167111822824102,-0.149508593708465
"22300",0.362940944986158,0.160523301354327,-0.195286106387167
"22301",0.394326451812012,0.231989015961669,-0.126832296734879
"22302",0.445065301579587,0.260938283058883,0.0440965688041444
"22303",0.520712421895913,0.315335186349496,0.208143238033652
"22304",0.506705194350945,0.119790832628397,0.150256578930167
"22305",0.443577430031853,0.192628822011538,0.0368958526255621
"22306",0.448005384031457,0.175223887227441,0.147008426861738
"22307",0.393246163174567,0.198048634336058,0.0305212743642634
"22308",0.360575789253432,0.188961200313382,-0.0212765690177133
"22309",0.317217607788119,0.170608877051698,-0.113020494091283
"22310",0.313853088548065,0.0882621845868005,-0.126658789116095
"22311",0.278536873716813,0.177100104492563,-0.132788512086867
"22312",0.326558622248462,0.208515819014553,-0.0214991314014604
"22313",0.418328000085895,0.134840409872618,0.115362706190955
"22314",0.43506290402509,0.17206095312409,0.128244913341259
"22315",0.425757658251538,0.0969078385014074,0.129205523691662
"22316",0.41130942167165,0.0579971555552775,0.129496188495709
"22317",0.392724764110562,0.208024992895749,0.0426915289782572
"22318",0.416324698262943,0.196523080062673,0.0761114867746229
"22319",0.34359918348625,0.20256192668368,-0.060260387242493
"22320",0.300427721756748,0.162225085465344,-0.15500535590728
"22321",0.336432507761159,0.17646099850992,-0.105750161524712
"22322",0.386746049122157,0.216602285697311,-0.0186367566300825
"22323",0.401143132041789,0.241141670112467,-0.00879100215699996
"22324",0.427283929857726,0.207655056537392,0.0500116740927146
"22325",0.416084194643145,0.200369126399933,-0.0548986939665024
"22326",0.42280999353268,0.176631758442103,-0.0642949890955416
"22327",0.345653907467202,0.150750389032233,-0.158930253484185
"22328",0.352828687850487,0.153701073643066,-0.134376494600213
"22329",0.357036590992303,0.143585438541267,-0.13187749770136
"22330",0.350444630152474,0.118002339971681,-0.105867577886543
"22331",0.360889800798763,0.201738709077487,-0.0483519595387156
"22332",0.346724969672698,0.235881215293573,-0.0398053179940169
"22333",0.352409487461103,0.289375274262947,-0.0183010930232322
"22334",0.386876679335311,0.174267364784657,0.126592484711695
"22335",0.366292028213329,0.164276564493703,0.128967127888427
"22336",0.349433177806553,0.203202610694597,0.171167616742412
"22337",0.363416427467228,0.154946374043508,0.172642868071585
"22338",0.353349853756563,0.080285426697325,0.112219196181232
"22339",0.382887846852189,0.177953193760043,-0.105768584467997
"22340",0.386521851482004,0.207410432361068,-0.00622579111576648
"22341",0.388230900716585,0.19400847639767,0.0225590003968388
"22342",0.389560933916079,0.188948657551222,0.0176779267176392
"22343",0.387473703303225,0.161691878709065,0.0432727454506355
"22344",0.379777178245256,0.148086550367664,-0.0214612637559066
"22345",0.319189322448261,0.0997185916658739,-0.18310813913078
"22346",0.349242486607991,0.163966741120539,-0.131564538940448
"22347",0.384244634378322,0.21585867454635,-0.0185567954152134
"22348",0.403354545183106,0.205600304768636,0.0503175294138447
"22349",0.397867114004245,0.207771208558816,0.050377867152311
"22350",0.391536774817471,0.198069151499639,0.0726496569281926
"22351",0.388548924849179,0.224051998877645,-0.0043362012765928
"22352",0.427274508097268,0.19265033346888,0.111988377368278
"22353",0.420243950809364,0.175155420371792,0.0312919712000525
"22354",0.363760557826411,0.17400051777142,-0.147772286562347
"22355",0.385664378252486,0.158423706594189,-0.0843014419163462
"22356",0.356143024305012,0.149902717298342,-0.167577154332624
"22357",0.320555003375706,0.111804983772311,-0.18381835935368
"22358",0.326376987668618,0.177650977042492,-0.150630669644448
"22359",0.399567763807697,0.279512818338146,-0.0208648210801104
"22360",0.412131805760566,0.223415774607817,0.0560655590939565
"22361",0.422842648198434,0.164188340836543,0.0753056244193722
"22362",0.406045484398601,0.204382419294533,0.0101133793665044
"22363",0.402038524720945,0.193057711611483,0.0277355100418448
"22364",0.427525229707232,0.198243326997799,0.0767981591966295
"22365",0.389403986436387,0.220061241676003,-0.00595232054264563
"22366",0.360861698699102,0.122910702180702,-0.139018650314453
"22367",0.406359816551049,0.181615413870004,-0.0454544976006051
"22368",0.398513928425365,0.217198567009129,-0.0188604323411789
"22369",0.431762118777828,0.143945467180361,0.12748536244467
"22370",0.422593261733019,0.151985261379119,0.109236809309946
"22371",0.416700677224354,0.112606407969227,0.129260484269168
"22372",0.381412786269371,0.196107099216609,0.0729801737640271
"22373",0.425752889661016,0.204440406122581,0.0754051423497208
"22374",0.417847851561922,0.215363741960246,0.0601434375955803
"22375",0.412709309771308,0.232724759114652,0.0810368534652542
"22376",0.395103740020878,0.22122772799272,0.0630786263114111
"22377",0.371109792761245,0.226697882657761,0.041878143032919
"22378",0.386322119893992,0.147903235449374,0.12191812637075
"22379",0.383668731164048,0.180296999649053,0.106848474202156
"22380",0.367523209501837,0.16489874972533,0.0763275499863593
"22381",0.341329306039164,0.172094481820257,0.0646863038565764
"22382",0.354009286260954,0.107796799466246,0.129655256253203
"22383",0.365317735476509,0.167157884289506,0.184693686324019
"22384",0.358330485319457,0.205125206567509,0.178838461147992
"22385",0.311960900230281,0.19423907508936,0.0823050059300921
"22386",0.298735757027349,0.24957196201544,0.0575336175307764
"22387",0.305477291434778,0.222670010926084,0.0323798903660673
"22388",0.289395346157109,0.240667319583509,0.0344687401483524
"22389",0.301255771246978,0.273861321166036,0.0572481253474693
"22390",0.329507022536432,0.250581850805012,-0.0779907379609063
"22391",0.362214091945478,0.210682484399642,-0.0458421001528815
"22392",0.383821417044673,0.284699525692633,0.0184731699248069
"22393",0.404667612922158,0.149001883032813,0.141358355977442
"22394",0.375312089421003,0.174027558323203,0.0845881531807131
"22395",0.374057220081512,0.167856175259335,0.0859697424838522
"22396",0.339652336274825,0.249814350962547,-0.00110135358100534
"22397",0.363096276834724,0.198936666497082,0.083675022957239
"22398",0.338839313246133,0.218464267763177,0.0690723691931215
"22399",0.304723242127013,0.188215304908856,-0.128129018953338
"22400",0.33823925271893,0.138730514214588,-0.0878375711917063
"22401",0.364522475668438,0.178770964296241,-0.0512757695535205
"22402",0.334956167224906,0.172311060245896,-0.0948484592074709
"22403",0.348023686788761,0.17208954682259,-0.0435003007172325
"22404",0.297320657022959,0.170018370212315,-0.0448929588370192
"22405",0.257915752993406,0.180170434785874,-0.10082190542232
"22406",0.304253377381136,0.343765673743216,-0.0165760022745782
"22407",0.368816131035931,0.185011444492215,0.0968096576121824
"22408",0.391875148732478,0.199719851412214,0.190876986525551
"22409",0.421412898560608,0.177156685839882,0.185552495768934
"22410",0.397536151949358,0.125669079067797,0.134299890889726
"22411",0.341214630400906,0.213759638260354,-0.0258137891599414
"22412",0.331027582198566,0.203120665067866,0.059839611503209
"22413",0.309667033564436,0.185737869526888,-0.0358289394342142
"22414",0.354812568394027,0.20203101083017,0.0533150816169889
"22415",0.374853809651182,0.18441413862133,0.0845594549237566
"22416",0.406301468328547,0.131998035256172,0.128971499217965
"22417",0.410948438911553,0.137866598242568,0.129062921397757
"22418",0.408796259157618,0.237001660638541,0.084898609201534
"22419",0.408003809156781,0.223863635688533,0.0719289567007772
"22420",0.39525550459958,0.208328530295101,0.0458752166936703
"22421",0.422716490902825,0.188173761928322,-0.0443766744708837
"22422",0.40133214345674,0.224329005531568,-0.0778502020310329
"22423",0.401501654619711,0.170751761985129,-0.126641268545075
"22424",0.410049378061688,0.20611300774445,-0.022885746738451
"22425",0.405525057273956,0.206396730956501,-0.0346048084514953
"22426",0.429027318152857,0.216669319979491,0.0693642803480023
"22427",0.457925951362428,0.115488265690116,0.135280315935901
"22428",0.429877386709313,0.211556459235508,0.0296700500461946
"22429",0.445906663307499,0.293142984667877,0.0979876391150257
"22430",0.48498100952038,0.218127275704519,0.17767695395656
"22431",0.472817438032453,0.174590404579837,0.163597064410581
"22432",0.493336052266401,0.250398130876922,0.185289623896835
"22433",0.490254374558719,0.184673118080588,0.184242847793774
"22434",0.469617154838872,0.168325826188932,0.149071380082374
"22435",0.474076621188393,0.143678441000941,0.127825075337355
"22436",0.46626681527895,0.165429711345789,0.135382486452696
"22437",0.434550447141116,0.141520830155748,-0.00669637059872035
"22438",0.399466230401256,0.118043314163628,-0.1874653369883
"22439",0.378040245361976,0.146321996443283,-0.185133058598131
"22440",0.388289610712171,0.144917458243132,-0.189549272544843
"22441",0.48139949851066,0.177863478635893,-0.0927445088806434
"22442",0.484121401254584,0.192204642873866,-0.0267199686155614
"22443",0.471418826665441,0.18132059685942,-0.0680421162383845
"22444",0.482459850489163,0.19676299317086,-0.0527710213303526
"22445",0.494825890979085,0.160200501955562,0.124710246869154
"22446",0.487213549487859,0.180616294368782,0.101061208216926
"22447",0.455603850780615,0.17948404434055,0.0146375989974325
"22448",0.459248617233935,0.142296884750789,-0.107658276221082
"22449",0.423049393583765,0.168863326423097,-0.185984615897742
"22450",0.39767916821608,0.161962103545808,-0.184106029821979
"22451",0.413487335399584,0.151605658437115,-0.171630997481545
"22452",0.437238355263531,0.256631782834024,-0.115705386513047
"22453",0.460103430736802,0.183073425131803,-0.0261295574188359
"22454",0.479185265745428,0.112433149133746,0.131630177002063
"22455",0.456331182194867,0.11989079923894,0.136107405164955
"22456",0.468755681800654,0.0573203158672548,0.129829766251539
"22457",0.401720282673734,0.151061323668496,0.00746015271525877
"22458",0.418251105939167,0.148557038612324,-0.0142968031181033
"22459",0.417402911616156,0.0930385250641926,-0.111655356357214
"22460",0.395111028492028,0.13547150650064,-0.177823176084383
"22461",0.380865107303455,0.129405549013445,-0.182115617483169
"22462",0.359403105712088,0.134727019004534,-0.187241050210085
"22463",0.378978340120381,0.164634348630904,-0.173823377305638
"22464",0.44974935405265,0.210450835105674,-0.0225838304203362
"22465",0.440041283053924,0.217226216225942,-0.0998812668520654
"22466",0.416120930215579,0.21132310591697,-0.0490246308796512
"22467",0.418512537219186,0.206134641641765,-0.0378458867430696
"22468",0.413548168022387,0.177577296965131,-0.0500930655068207
"22469",0.424558920790025,0.215377155991674,0.0247148384350484
"22470",0.38948167065969,0.194141058000067,-0.0434036301953279
"22471",0.363307308123337,0.176344998887742,-0.0464741412399694
"22472",0.330195253071633,0.188901827110985,-0.0398914118966747
"22473",0.301457509818138,0.188917482539285,-0.0478067524094348
"22474",0.362911994911413,0.273889707829967,0.108446168485965
"22475",0.372116541782333,0.143001287911298,0.122718311414753
"22476",0.393079185543541,0.132421306311738,0.132162837506149
"22477",0.404086627515253,0.179641226675496,0.155964063999926
"22478",0.414905032390688,0.210809874609692,0.17456755072188
"22479",0.388599231638459,0.215114630836156,0.0658299728071585
"22480",0.396825983796975,0.281038178604811,-0.0354360710012136
"22481",0.375546855273037,0.194457137160414,-0.135691084758118
"22482",0.412761911935256,0.14403889247599,-0.0960076557500769
"22483",0.423480155398153,0.123520796462823,-0.112861153457239
"22484",0.39089225466201,0.250332405352857,-0.121398475826116
"22485",0.400443537006463,0.312926941787012,-0.0787136059301691
"22486",0.434077896049415,0.307754714060067,0.0543242277690163
"22487",0.459777602637876,0.142381489677607,0.151928467180256
"22488",0.450619481809214,0.173838707770702,0.156105551634134
"22489",0.4325385906799,0.171837580390587,0.119116652941463
"22490",0.417884906195045,0.224410682022839,0.0662773745697355
"22491",0.419699815191443,0.166597896115089,0.109146523704131
"22492",0.510236503044698,0.173128974697665,0.12518540399752
"22493",0.526289175670471,0.172006273224494,0.135071570703508
"22494",0.517341493577167,0.149534899472975,0.0952911515384385
"22495",0.453810228063146,0.176894845306567,0.00956307707896093
"22496",0.43734429272694,0.108688402479824,-0.191948531024166
"22497",0.44531470236767,0.200468973271721,-0.156332119138318
"22498",0.45841081230553,0.197058460624281,-0.130712162359945
"22499",0.490018877016929,0.208460371536982,0.0123226422974095
"22500",0.489725856859226,0.182674431094757,-0.0878959280992552
"22501",0.460293295005691,0.238670532469657,-0.118520206268283
"22502",0.493768669084539,0.172581781539316,-0.0327201619564307
"22503",0.501034652765212,0.196358789368192,0.0502443092622264
"22504",0.461166080887123,0.192883432224512,-0.148551553988358
"22505",0.416534633720497,0.178887477573435,-0.184965680149138
"22506",0.433159585338062,0.167571163162071,-0.196810398470862
"22507",0.495918170749868,0.238958799915797,-0.120934513935209
"22508",0.54924977139159,0.19396632707399,0.120400452014149
"22509",0.533455320728792,0.163259227800908,0.0999178284456459
"22510",0.511884814354369,0.166845365913721,0.108087447835965
"22511",0.498341472470081,0.235383080243486,0.0443605419339675
"22512",0.496126567683107,0.185706697835361,-0.0262094322568058
"22513",0.539995730631472,0.231238148566526,0.157810512563876
"22514",0.505641117014366,0.194077101557604,0.149545464875346
"22515",0.457493898180385,0.285226672350452,0.00497647632503958
"22516",0.427417597946028,0.181477614154519,-0.159950933915399
"22517",0.445946106143364,0.119924954834,-0.194077613682872
"22518",0.435859800401567,0.158859628689929,-0.196249356239448
"22519",0.466085016362099,0.158870768556723,-0.191507043375766
"22520",0.490019632564736,0.201082857850976,-0.132190178851493
"22521",0.465202537192648,0.301000035606872,-0.117339567989045
"22522",0.512031234886095,0.224162592600119,0.0284074042438937
"22523",0.544338030483033,0.137390087678943,0.144561193122529
"22524",0.536485620256394,0.098072358696086,0.1414583872898
"22525",0.548936119750351,0.166921485464734,0.141922136146405
"22526",0.531816997440671,0.0627479985746862,0.128131133903515
"22527",0.499447176438904,0.194597989858324,-0.00485091317203535
"22528",0.471721268978352,0.124532481455272,-0.11450232923175
"22529",0.47440074537232,0.0984447572787363,-0.113099450074457
"22530",0.480578198238089,0.142987686788245,-0.0611569482337011
"22531",0.505464916584218,0.196744282537929,0.0333699728947884
"22532",0.458859869644032,0.142793338259507,-0.166203044603161
"22533",0.416764788340181,0.139170413312868,-0.183121770483372
"22534",0.413690543397404,0.151001354565828,-0.188292758281598
"22535",0.421950558821412,0.14027772403991,-0.192378792499369
"22536",0.448721018720622,0.147241906619089,-0.16597597015911
"22537",0.488271351850238,0.173358983333187,-0.112557950810902
"22538",0.502603295789305,0.216560794917613,-0.0376481371366839
"22539",0.513786764980499,0.187163111064884,-0.0283588200170557
"22540",0.496466900185842,0.198305393156871,-0.0270591640738856
"22541",0.471506565664615,0.233408409643886,-0.0205911280944478
"22542",0.486747974280128,0.198086865708147,0.0804602844199513
"22543",0.493672056767386,0.196156958706373,-0.134912737501255
"22544",0.443322669166569,0.263020311272694,-0.131890195646059
"22545",0.392151495059791,0.257954550600278,-0.12229169027641
"22546",0.430829143285414,0.204067655261069,-0.0491908293631706
"22547",0.447240116863989,0.218686265948494,0.0325563085419457
"22548",0.466397336117043,0.135796625304945,0.139060529474642
"22549",0.471712020944876,0.118282464440503,0.139295082310136
"22550",0.440207269408272,0.130932845794206,0.131292901827353
"22551",0.427047421949267,0.205905602260606,0.0548758472635241
"22552",0.450591819107257,0.150366319625856,0.0819004354108726
"22553",0.436953532955518,0.168804300845947,0.0394716986374167
"22554",0.442166454252048,0.150604247839831,-0.00527921441399655
"22555",0.484204177673958,0.237596772149824,-0.0164883174319458
"22556",0.490815247779836,0.161922816505391,0.00274360663904214
"22557",0.489262069043224,0.1458831192004,-0.113578148960876
"22558",0.499147953359978,0.229898968810335,-0.0258648243853172
"22559",0.497571397138951,0.237259892306149,-0.0207010310916523
"22560",0.495433207027229,0.198289458098576,-0.0818586641302853
"22561",0.471691916273943,0.183311636281569,-0.130003546995883
"22562",0.523310296155494,0.207140448285627,0.0136127371302562
"22563",0.490200691585808,0.230217786639871,-0.0770285938438741
"22564",0.519406482102265,0.262150856719105,-0.0166218522222725
"22565",0.545452841069055,0.126606960776757,0.122014356394619
"22566",0.51094123297038,0.240290404253509,0.0456344189966606
"22567",0.490692138971891,0.19957718444285,-0.013621143880075
"22568",0.446593223081776,0.171840721442921,-0.131730611476413
"22569",0.497144263935491,0.215669815684136,0.0499035587912357
"22570",0.518234234976385,0.105794961971348,0.118358834604363
"22571",0.533205159639335,0.161331758634068,0.126001749543756
"22572",0.502132338440187,0.170280127273717,-0.0315677739170734
"22573",0.472516943111601,0.179198484163476,-0.114435674312798
"22574",0.456932660358514,0.17836051150357,-0.0638529334877976
"22575",0.414432254438385,0.153284823847742,-0.13871042179187
"22576",0.406528088979153,0.147428041721792,-0.142646613524752
"22577",0.432966032463982,0.197475953430327,-0.0618361208205925
"22578",0.44839767446837,0.204052092860909,0.011042120219984
"22579",0.434351230283221,0.193726073592716,-0.0221227849734148
"22580",0.424154283358387,0.226577332212781,0.00910585950609655
"22581",0.428160422854472,0.206180261047533,0.0323920070673324
"22582",0.460199666071753,0.101840340637217,0.118093194832588
"22583",0.479672314345595,0.0949700558946429,0.137902659061438
"22584",0.504538836443987,0.153748404951163,0.143289652401431
"22585",0.508497850092402,0.147027919358108,0.133187478723794
"22586",0.46330149568943,0.240637561716076,0.00925025328713241
"22587",0.455251686072731,0.142775157765473,-0.0649989083020501
"22588",0.475205882299942,0.144876160877453,-0.00731909580668781
"22589",0.47627424676012,0.182162096074657,0.0460160650502612
"22590",0.476679220880537,0.266623520439439,-0.00272735827745523
"22591",0.487041668780884,0.205963131546218,0.0120604532756758
"22592",0.442874792721394,0.180971739126296,-0.1360341101135
"22593",0.424376929244669,0.188578114013746,-0.13558336459671
"22594",0.517389751743543,0.212955890202398,-0.121577411878555
"22595",0.537812989481814,0.21192338809396,0.0136603383216634
"22596",0.547102985840761,0.203997433103563,0.116381319545421
"22597",0.546314374501335,0.164801330015017,0.124402065778143
"22598",0.513301238706986,0.210746149380036,-0.0824061193672329
"22599",0.45458198423792,0.211509020656996,-0.124322043285938
"22600",0.448927036699748,0.21670447120794,-0.152336468195268
"22601",0.501741762649773,0.261830056944194,-0.0110585201995519
"22602",0.507135728327371,0.257067239908764,-0.0866819351354363
"22603",0.56847398398111,0.17294488547838,0.134464842925878
"22604",0.575832408920823,0.0677651702362155,0.127927464599941
"22605",0.536833014015661,0.173459910302556,0.0831999565148504
"22606",0.54093808412094,0.167532006820806,0.12906215935458
"22607",0.536577334021827,0.175659897372026,0.0739118754365102
"22608",0.553444828729727,0.2248809073406,0.136770591916269
"22609",0.571919356447633,0.176437993616549,0.124723951930929
"22610",0.5647214551652,0.186659495632609,-0.0891275922710088
"22611",0.552090084477685,0.177179349934927,-0.0937497353507419
"22612",0.515543488139718,0.133745482767996,-0.196042025778292
"22613",0.576478602033311,0.162257225315245,-0.100868130096011
"22614",0.553315737807194,0.17608423586244,-0.150952524701079
"22615",0.530913024225816,0.170653781240845,-0.188889476022112
"22616",0.532288713123023,0.206958700863076,-0.177614263223962
"22617",0.570390468650392,0.346703686128656,-0.12635160218151
"22618",0.613538492170694,0.181346270983501,-0.0947081289927535
"22619",0.589971407409338,0.229238556459839,-0.133311069020464
"22620",0.596147982437926,0.207422722454171,-0.137999053774412
"22621",0.584753728821576,0.20860385112476,-0.177189406353605
"22622",0.622924291758853,0.260686189957856,-0.105959361282747
"22623",0.650486788012542,0.201220050257781,0.0736954837180471
"22624",0.626578558754345,0.229848838183172,0.0248284761383685
"22625",0.616449925088389,0.207759047818795,0.107820537632239
"22626",0.593049582697435,0.289168900670777,-0.0333939600561165
"22627",0.594278397939984,0.222596031344176,-0.103713313881391
"22628",0.57840126626627,0.188988880623388,-0.1428994823044
"22629",0.537603479395519,0.175663495152766,-0.202387058412653
"22630",0.54968540336284,0.257802181258768,-0.175126699766656
"22631",0.582107344495488,0.286834374682087,-0.169519793949944
"22632",0.623211110412821,0.239643230637636,-0.0821639726308906
"22633",0.616993019693528,0.22909173286479,-0.0863707475684728
"22634",0.605873713882551,0.325977916922337,-0.0780250225802935
"22635",0.677242459832493,0.212582519143251,0.0606224648729346
"22636",0.667380756229052,0.246726359925183,-0.0209620728513599
"22637",0.691245422674405,0.247637844973684,0.0854559802328066
"22638",0.667251020657095,0.214853531639139,0.0610249884617916
"22639",0.669185425151612,0.245204452015737,0.0790953243070497
"22640",0.622126414261328,0.296617800007507,-0.0458023438959005
"22641",0.531448452970031,0.25476096045325,-0.201436238643574
"22642",0.544045667847444,0.267068394381577,-0.187253226055389
"22643",0.576066416664303,0.236784526993603,-0.143330123040954
"22644",0.603426114400631,0.201658575980643,-0.0284227425773565
"22645",0.517694089849829,0.190778381985565,-0.15534917022323
"22646",0.489387577013009,0.24486998745736,-0.179197747823986
"22647",0.544837119137246,0.219671454266304,-0.0954166805870405
"22648",0.562729652689619,0.191261366106219,-0.0295908414071697
"22649",0.541361282813952,0.306771477827224,-0.0871295140279738
"22650",0.565382842062594,0.303052546734674,0.0200496812643142
"22651",0.604289754524911,0.29483583228285,0.19620913461711
"22652",0.589551153393956,0.260155951868265,0.182520960205968
"22653",0.53385224665581,0.238563290312025,0.167381094707706
"22654",0.530093917872753,0.194130119608094,0.157773904062879
"22655",0.50268317757703,0.129609312575259,0.136036845054287
"22656",0.480675636693211,0.168887802337179,0.0548198297149097
"22657",0.473017709033482,0.168688849566492,0.0643048933732906
"22658",0.416621393256571,0.192057094204381,-0.0218806893835843
"22659",0.444379276133451,0.146701063465799,-0.129496867911715
"22660",0.466925051816997,0.20024789978661,-0.06626872667586
"22661",0.440453065737741,0.18038956165865,-0.151182016392159
"22662",0.420335625767845,0.148441648942149,-0.193364419949235
"22663",0.422781303247653,0.266760423857648,-0.17024279165412
"22664",0.466582209498649,0.246663873425812,-0.0841464175243823
"22665",0.49466830477116,0.237501838333496,-0.14745720635515
"22666",0.486858003934805,0.256002110828733,-0.0993982887044521
"22667",0.527424869561556,0.335998333394262,-0.0595773100442991
"22668",0.546079646095521,0.231506527523533,-0.0158894078895521
"22669",0.53368359641918,0.153455229301137,0.131599617372833
"22670",0.53282415193737,0.164761353848739,0.1480933930144
"22671",0.48716275652112,0.20372705696898,0.0769777393031766
"22672",0.468508663594301,0.206353524835384,-0.0212588267699129
"22673",0.445382366117695,0.28882039982545,0.0639827216025593
"22674",0.484932018402616,0.183277675368794,0.155752713488842
"22675",0.487746590092959,0.216647403449794,0.158189141334242
"22676",0.489510846243933,0.207270921823358,0.188559062030563
"22677",0.488456041397876,0.208413483557734,0.198518341251245
"22678",0.470205171423548,0.232185482435748,0.212816921927163
"22679",0.433650084099019,0.182795562599624,0.162898071162924
"22680",0.42377901191737,0.144877719636483,0.128815983529451
"22681",0.421036812269309,0.204283856024924,0.0806874510743212
"22682",0.433117743291385,0.21145848283501,0.0603370989594723
"22683",0.409649857029055,0.165465317828198,-0.0887107810984009
"22684",0.357455862322394,0.162733735408766,-0.172078901225504
"22685",0.351753127496144,0.159826213767629,-0.181306379401488
"22686",0.393430644932875,0.23603946599316,-0.0306655252031298
"22687",0.442202159767814,0.303861445504914,0.0850046631088322
"22688",0.486972248252517,0.153265800928397,0.129519114570396
"22689",0.518230727919033,0.126471628989439,0.145151994299732
"22690",0.507035038583961,0.169224878428396,0.128804231976248
"22691",0.481260591179815,0.200021946111463,0.000302351093942778
"22692",0.459907814036818,0.153482523144971,-0.183169683257802
"22693",0.489752973237082,0.199648054352955,-0.162227150419161
"22694",0.521578984244629,0.1908214991592,-0.108907874295846
"22695",0.523868359141638,0.132014676099589,-0.186327084608638
"22696",0.557105743844345,0.196182225868441,-0.159089882191916
"22697",0.552522063558227,0.308100512121241,-0.126809572706024
"22698",0.616280721354699,0.201454411876232,-0.0290919277875545
"22699",0.647077163066434,0.19817099817311,0.134177191856728
"22700",0.602353561853965,0.204788354680834,-0.0219233043648274
"22701",0.569848562895072,0.219337641738585,-0.0997179103616078
"22702",0.560171549447369,0.20099682084985,-0.139775173973777
"22703",0.5353605406097,0.213255522941024,-0.159386666971304
"22704",0.581904552829317,0.182564535839385,0.0333654772766904
"22705",0.557709508159378,0.173623044357707,-0.026537131936207
"22706",0.5533697569971,0.228952195247376,-0.0112620935348208
"22707",0.538844561291348,0.175267045649957,-0.0576824538663243
"22708",0.511695645569637,0.166673864409442,-0.0864207657222884
"22709",0.452302951074304,0.142254460826674,-0.193147783742991
"22710",0.504740299105338,0.136989404383806,-0.182959214096653
"22711",0.536587926182204,0.157830519505426,-0.179119052928364
"22712",0.489745130916229,0.166887341636082,-0.194954569011
"22713",0.518398664942913,0.233977569418618,-0.178792827429394
"22714",0.560147034930166,0.240767675903693,-0.0932539674434005
"22715",0.576214386703013,0.229257352746753,0.0273639737580953
"22716",0.560594501387158,0.253408653477553,0.010717749376343
"22717",0.553332009137839,0.241097385977451,0.0311698668735243
"22718",0.535947696112471,0.341945092567298,0.0833611153557661
"22719",0.577200582393499,0.139745880203245,0.145164483139157
"22720",0.588872488010587,0.18186509229174,0.15967359864586
"22721",0.584330853141444,0.196072427837153,0.151885629502051
"22722",0.589619164460615,0.164864249598692,0.145644337837709
"22723",0.553571033452795,0.171039822863738,-0.0199955108738789
"22724",0.562018766409402,0.19689458612421,0.0903943609241786
"22725",0.530232877005505,0.103272126197874,-0.114734344093725
"22726",0.528285966979792,0.120387476391023,-0.104207433697333
"22727",0.515519105810745,0.137785589772088,-0.111470016967143
"22728",0.504843096138623,0.165744659550485,-0.140937463179877
"22729",0.540653215239668,0.149966406072829,-0.108936995435056
"22730",0.563834594393282,0.105158330172174,-0.11499645329137
"22731",0.562760818902665,0.171399500293837,-0.109099035271653
"22732",0.581423782322289,0.17617006309069,-0.110054663651429
"22733",0.610043078677537,0.184613815061107,0.0584639031184754
"22734",0.592635449317786,0.181845260749481,0.0727567458953381
"22735",0.559280899466898,0.209339938767139,0.0140964319777308
"22736",0.529556833747142,0.261134884681122,-0.0183781548473731
"22737",0.546218256758158,0.181343669924836,0.114122180392943
"22738",0.58368567373579,0.0762077832203327,0.128186512575325
"22739",0.540902601510043,0.194990775356502,0.0103168566950289
"22740",0.543774272430397,0.203178998765705,0.04013473051243
"22741",0.552361349587657,0.167995349569094,0.119217760950592
"22742",0.593264320955334,0.183726561190407,0.13452829326732
"22743",0.581157231696267,0.163037576416195,0.108454500432392
"22744",0.532834855231736,0.188764761430428,-0.138748900565296
"22745",0.576334502911965,0.151522989651893,-0.0986400333976811
"22746",0.567927753168434,0.141495293113297,-0.1032541404866
"22747",0.557187177011451,0.459619103934376,-0.148061793208346
"22748",0.599013679932734,0.187960137476148,-0.174185652504538
"22749",0.569484351756368,0.287452973295321,-0.176746469011792
"22750",0.598588119365731,0.299089561512492,-0.0921190011302129
"22751",0.667046351957093,0.144400021959116,0.150136050663731
"22752",0.648535490588553,0.217098487497709,0.147361877768258
"22753",0.64008537288333,0.0727918810377654,0.12634876728391
"22754",0.583650747824627,0.178022086090694,-0.0581384709144786
"22755",0.562391150957023,0.225918962187466,-0.137261046325199
"22756",0.557933790024006,0.256979765999245,-0.087041442759675
"22757",0.509032477139133,0.114270630486583,-0.195934855024977
"22758",0.531029564525632,0.156506650566054,-0.182281775177787
"22759",0.563311460463395,0.142024291149424,-0.183342382049586
"22760",0.565536847712582,0.203222663165981,-0.105678216586909
"22761",0.598896967640808,0.19047563994728,-0.0673234204222608
"22762",0.597861608318917,0.188306831740613,-0.017583448710288
"22763",0.556669939692677,0.220528637558477,-0.0593655213363486
"22764",0.547429026230331,0.189119710249232,-0.0269437167866364
"22765",0.528670073078932,0.195169893338222,0.0116116451158447
"22766",0.512747564470702,0.210207203589703,0.0632122154863192
"22767",0.511090355384552,0.273419165978249,-0.00992729602732495
"22768",0.579087369229706,0.158819300358089,0.110601787320584
"22769",0.607595945785802,0.185419315280465,0.142405129736601
"22770",0.571816435585207,0.147454750306017,0.146514574151388
"22771",0.592235684522814,0.176512337015363,0.0897600153227794
"22772",0.585962190842676,0.17381492836123,0.0474887825631479
"22773",0.570358349498445,0.198871612686863,-0.0420044719930601
"22774",0.539153828858325,0.190963052300923,-0.102608319131217
"22775",0.54625779280366,0.186849197105689,-0.105051284568365
"22776",0.593396771749346,0.201573825233331,0.137493525095544
"22777",0.579665429324644,0.264100319655414,0.0779466304288516
"22778",0.603275838297839,0.174095413866862,0.127827455395895
"22779",0.580878070011774,0.109780461460367,0.11964995970779
"22780",0.566741532928469,0.201382267084754,0.0490611426551455
"22781",0.526690487745219,0.234456055043979,-0.115389312344504
"22782",0.537805241966652,0.29443993609475,-0.0944652056225121
"22783",0.541905557855169,0.188243174180803,-0.112591855249503
"22784",0.544633540761379,0.190019859195406,-0.102634253837391
"22785",0.534684536961848,0.274461166996607,-0.0873579818200633
"22786",0.549125346157884,0.224543009346175,0.0337700113631525
"22787",0.57049291273826,0.134132980575892,0.119777323970498
"22788",0.527690141958497,0.192623824411776,-0.103798028611106
"22789",0.529307187291737,0.173481728424664,-0.10502197652106
"22790",0.554876475046696,0.223320840206213,-0.0257328873146183
"22791",0.57963030416572,0.225285069786848,0.117791593810178
"22792",0.564644031988071,0.223816937721222,0.141061572228076
"22793",0.548323442565639,0.25681748486831,0.0884829927433435
"22794",0.562554519113764,0.226557520806518,0.145299810622282
"22795",0.55770542766348,0.218393123837693,0.194821854025214
"22796",0.521565668343639,0.153896559506126,0.157815688864912
"22797",0.518486929678096,0.239308855146356,0.199906400057221
"22798",0.60472495944403,0.186173324913509,-0.201212378070257
"22799",0.641593450408265,0.203807552959617,-0.168148517791938
"22800",0.651647655582233,0.205201408131515,-0.210472521511348
"22801",0.670921456289606,0.189166176883676,-0.206500207460637
"22802",0.681713375075643,0.226120221438676,-0.209230830752384
"22803",0.763868443291831,0.216083876714601,0.0299900885635393
"22804",0.727098809593447,0.251187401478909,-0.139318957165184
"22805",0.753067828362974,0.264276420346272,0.0245576648455703
"22806",0.728123557627515,0.261941028864191,-0.0663046509742193
"22807",0.734980314067407,0.329775369104576,-0.0733541547779177
"22808",0.736675484615151,0.22514221072518,-0.0729418690944942
"22809",0.715918764556797,0.377872023686764,0.0170438589679376
"22810",0.634747212157017,0.428268968583753,-0.141762328623209
"22811",0.593680263858948,0.29792448591905,-0.201460832056953
"22812",0.619717581747556,0.237802155852503,-0.201705278930073
"22813",0.623389703599038,0.381067233864445,-0.120108846444643
"22814",0.664967461308408,0.323926930560112,-0.0912758658555824
"22815",0.697323734367494,0.317597573080282,-0.0132322007099872
"22816",0.727399076374653,0.249357798994704,0.164584585474208
"22817",0.679479678072912,0.252053718502252,0.0879808890570339
"22818",0.647256542582585,0.303930305728841,-0.07780014285694
"22819",0.665303196794446,0.260991806497256,-0.0217403005065228
"22820",0.717683683864177,0.202893643395863,0.152931995720519
"22821",0.697397685011668,0.125036419085151,0.124245075198175
"22822",0.641015517492615,0.247520447801194,-0.00793781495791961
"22823",0.611753646990844,0.20432138643428,-0.14258564541949
"22824",0.570653571629648,0.247166398332334,-0.151112733660903
"22825",0.563068595027857,0.285457931212177,-0.159068454162115
"22826",0.550588427775187,0.266495918455691,-0.168756089798008
"22827",0.527327598841177,0.276955447611626,-0.176071607867761
"22828",0.537059306639794,0.341757172157678,-0.117979633995619
"22829",0.535248263342396,0.332647558234519,-0.119307790467092
"22830",0.590135891336684,0.226825340160268,-0.042570562579594
"22831",0.579639254845266,0.216713543873242,-0.103133358375108
"22832",0.604155183512004,0.166218840605541,0.121895582457157
"22833",0.590350060785533,0.201413905982494,-0.0517530514179811
"22834",0.533771132346777,0.134623656049533,-0.192834727152088
"22835",0.498539181750525,0.147066927611253,-0.197592980123761
"22836",0.535686890093619,0.311057047596015,-0.0843133393286328
"22837",0.595316640414557,0.261913204650754,0.0218923415558228
"22838",0.626350283565256,0.188150344086514,0.127009229517175
"22839",0.611115010175229,0.150654996579655,0.144443697948016
"22840",0.587856018421619,0.186768350030435,0.0336021152376232
"22841",0.605948683659053,0.160253007526064,0.0603553337884803
"22842",0.566940377236974,0.130114590405558,-0.104844501775421
"22843",0.536549973103884,0.129961711958311,-0.18209798260122
"22844",0.523408600818115,0.12647296784605,-0.199951096936761
"22845",0.501759057742931,0.150103168852412,-0.205632432557051
"22846",0.482335904252134,0.225868152443374,-0.19314935824601
"22847",0.526262936646382,0.150968318148769,-0.192614444018796
"22848",0.511943869771707,0.178120759965896,-0.201651170411046
"22849",0.678409699471463,0.180982402892464,-0.180325243994111
"22850",0.710054702811112,0.218615551100385,-0.0943207361791358
"22851",0.707193240365625,0.215840545945837,-0.129126882016366
"22852",0.688393552496723,0.338834318147765,-0.113359622475644
"22853",0.689413002026976,0.278475248099668,-0.0328988553909377
"22854",0.724438301361825,0.21873637922581,0.0611979123465842
"22855",0.720398720376366,0.274425109922581,0.02788605538828
"22856",0.700451367447681,0.250694387469161,-0.162329069234899
"22857",0.701834441875344,0.2611780865448,-0.153453879917504
"22858",0.680700097252612,0.151116066284469,-0.204710369102096
"22859",0.64330336757511,0.266447820782257,-0.208423669596134
"22860",0.649232133684774,0.266176693383377,-0.210631275624616
"22861",0.674389087623217,0.356814896285286,-0.163051199332129
"22862",0.681375065420464,0.312890971055998,-0.14134710304415
"22863",0.654445015111337,0.302514452510243,-0.15429264633675
"22864",0.675622851654612,0.320260615793113,-0.127171665890186
"22865",0.680670608138057,0.325866849878609,-0.0754359197948154
"22866",0.677931847311293,0.222586321267823,-0.0703704296082843
"22867",0.682672954308787,0.264269900490589,-0.0154933368654024
"22868",0.664521359251746,0.23541561731458,-0.0223521606837841
"22869",0.657745138259955,0.208508028757926,-0.000507875600582217
"22870",0.652667443068216,0.16194001792566,0.0795726939119763
"22871",0.550819844906854,0.308939635733875,-0.115881407490026
"22872",0.571462804008171,0.169238530234267,-0.183373625261459
"22873",0.592529956428982,0.179269172865089,-0.145519118070061
"22874",0.576492284328462,0.140028063954664,-0.196452705531357
"22875",0.577971917008049,0.119551770566939,-0.200492118746307
"22876",0.578959628836666,0.29982312418336,-0.135245737459861
"22877",0.615663940011889,0.239689492116582,-0.0930475849298073
"22878",0.636700810155335,0.181170737315706,0.0904106260776818
"22879",0.63221509123967,0.139697686408625,0.108606328178614
"22880",0.617516835709496,0.221266396909966,-0.0423422497428574
"22881",0.594502382895788,0.232695904840795,-0.125073375517661
"22882",0.612850519580022,0.223027015835982,-0.0906903168478158
"22883",0.612048554250725,0.234045016643638,-0.0854379236936096
"22884",0.626954555859929,0.229176722055506,0.00787014273916855
"22885",0.667439192144955,0.212530226686397,0.164054111353861
"22886",0.674248899455437,0.23365179006778,0.169237025211558
"22887",0.635833999342856,0.143128476123475,0.148423529210857
"22888",0.651400250823991,0.186473952409729,0.159579774599808
"22889",0.613009340688671,0.152899762601611,0.133886617429591
"22890",0.592051261751566,0.212221326953461,0.126698222262144
"22891",0.531707160117891,0.21466382878457,-0.132346018903981
"22892",0.579950861786957,0.135836350102421,-0.11166717826844
"22893",0.613565330996613,0.144415751310834,-0.0867222098663602
"22894",0.591985900798311,0.165066067398901,-0.106517479922881
"22895",0.583512606471408,0.142095854368401,-0.108383133723325
"22896",0.583625195135814,0.113610503789287,-0.11453935819193
"22897",0.569578985060359,0.132283844319791,-0.19596414340011
"22898",0.587888656420819,0.190500769784265,-0.125526768429393
"22899",0.581510571841858,0.156474566189405,-0.199372796540009
"22900",0.600790575140741,0.277827590024367,-0.0852924996217283
"22901",0.626544015071913,0.209180206224314,0.0371970383262174
"22902",0.640778468391359,0.183221595096588,0.138181583782797
"22903",0.600780303057321,0.256141664561367,0.0941127693021961
"22904",0.564551831283608,0.25964436328629,-0.0190133591485511
"22905",0.581652577594775,0.191944845623856,0.135674298030018
"22906",0.581944014933479,0.154159578170262,0.133480595251462
"22907",0.583527034152114,0.152477130806577,0.13691262671618
"22908",0.564047931032268,0.177019259206307,0.143631550615748
"22909",0.521543368287208,0.192773246400741,-0.0967705983952535
"22910",0.537305481455062,0.257792790293136,0.0811457653956631
"22911",0.540994649846962,0.174240073473269,0.0543768838108916
"22912",0.51704521711292,0.233879424769834,0.0301680424706861
"22913",0.53456140861169,0.235508848087185,0.058283624540899
"22914",0.536595013669767,0.242002149519316,0.0952462106844725
"22915",0.543019531978762,0.269838596667787,0.0733094417633268
"22916",0.519648235725916,0.311956992964442,0.0147218190169518
"22917",0.512036767855366,0.300319452772325,0.0243248532313831
"22918",0.535878544207536,0.23885374155427,0.113772340889497
"22919",0.535549337712851,0.172690168533224,0.148454551384895
"22920",0.481421640895015,0.221856222143705,0.0592393670783447
"22921",0.501883956933172,0.159366727064543,0.102025373843118
"22922",0.538812363478821,0.311503510884284,0.183299818059439
"22923",0.496120188877159,0.173844315152608,0.123608028085057
"22924",0.494189512286603,0.20583160748523,0.0918238392141364
"22925",0.502141104432878,0.24999642697274,-0.0112241800799404
"22926",0.517186665206006,0.252345875391799,-0.0545873233829538
"22927",0.503889651545773,0.237666227340931,-0.0644060021213844
"22928",0.493227868910174,0.129773981185572,-0.115172557337576
"22929",0.499286710684786,0.195911041817176,-0.0982245947638671
"22930",0.513723715655918,0.269157101646376,0.0296838678638805
"22931",0.488369850937465,0.262319715216261,-0.016461221360824
"22932",0.592462781576297,0.250945478845529,0.19154177447213
"22933",0.616719915656861,0.263588430780459,0.220548445492397
"22934",0.583089603167379,0.144799773999345,0.138251412432608
"22935",0.553689689939717,0.166266107312217,0.000552207942355311
"22936",0.564720112160208,0.21804009221879,-0.0506856613859681
"22937",0.580313277522545,0.182793804449695,-0.0980716245049846
"22938",0.649759550297215,0.16507820240528,0.106927869177287
"22939",0.674906508111017,0.211953850223099,0.152182093213486
"22940",0.696871741618808,0.197649072330506,0.165013304687845
"22941",0.683430543807481,0.14233133570855,0.142860191626444
"22942",0.624885351071191,0.196486302327122,-0.0999704960554645
"22943",0.620936647105926,0.130093275573494,-0.1949111520437
"22944",0.572261933317007,0.227729632688661,-0.19977442428156
"22945",0.618738018044707,0.259427158513823,-0.185428034060995
"22946",0.6406075383648,0.377888367138351,-0.169961512416595
"22947",0.680083495932406,0.33350846817492,-0.0978511922143145
"22948",0.737787481808669,0.23743419731006,0.00944881453137959
"22949",0.736549272289946,0.162141230620759,0.155771655798855
"22950",0.730403346780497,0.216236708756985,0.13519825060685
"22951",0.585501938231694,0.250531304299585,0.1768369794863
"22952",0.567941742963442,0.18140563825036,0.130055831204407
"22953",0.533913955992632,0.225355867609043,0.133124044145551
"22954",0.536838652158201,0.209106166320382,0.0925195556952482
"22955",0.522091732315516,0.291357529212687,-0.042516825243339
"22956",0.509151474301831,0.21393059676636,-0.0230557547494553
"22957",0.534342842203024,0.245062247498248,-0.0104003982906006
"22958",0.568478021294069,0.173956725347991,0.119962788932665
"22959",0.588482434269521,0.214158615389911,0.138405399837344
"22960",0.561075094463897,0.191688839890317,0.105396007846409
"22961",0.589530891886545,0.224135268943871,0.181634628755952
"22962",0.594870707650199,0.23089478953822,0.183689813799912
"22963",0.605094603164553,0.265701374941453,0.196754417914436
"22964",0.604725918706466,0.270440204770385,0.155404073637224
"22965",0.617781912135014,0.207212075318883,0.137346847022719
"22966",0.605574582151932,0.178115507537691,0.133412761590622
"22967",0.578071692768258,0.249927235592404,0.0295864378520824
"22968",0.542312376333603,0.133110879725093,-0.120060618650322
"22969",0.577785371090848,0.239649864301047,0.018744154002803
"22970",0.59215181689377,0.194524934242077,0.100880780665986
"22971",0.59045780317054,0.213776755378462,0.105293710647637
"22972",0.604868052255857,0.20122307365296,0.139410868779717
"22973",0.571798158758364,0.197227359547689,-0.0995763287737862
"22974",0.546248987916833,0.158650167797817,-0.114068087737516
"22975",0.584875857174465,0.269158857666763,-0.0584841435970924
"22976",0.570229300308349,0.224140792069816,-0.0857176926089863
"22977",0.578985547582305,0.23063453693412,-0.0856857791975984
"22978",0.610075967212479,0.312243222451384,0.0957201105989975
"22979",0.597108261253019,0.201136347138431,0.151464879570871
"22980",0.602804637936788,0.191096160349946,0.145445951456333
"22981",0.608846103609744,0.164890848950433,0.133500158079338
"22982",0.577404568790225,0.282423460011281,0.0491825735043299
"22983",0.594847960960031,0.210752858764411,0.0942561038512335
"22984",0.597194608837307,0.199176839169302,0.128566140734902
"22985",0.563408701837077,0.208813536244091,0.00736376548568295
"22986",0.590927551640288,0.208270395767569,0.109179339503298
"22987",0.596167133471929,0.200652595067319,0.0684574663556543
"22988",0.614553595444311,0.17452244857237,0.127849947778387
"22989",0.645720758605128,0.227843693816818,0.159526452234759
"22990",0.644482906370269,0.187298374943553,0.143095464240343
"22991",0.602083250440187,0.175658100750485,0.124353427569815
"22992",0.606994020712039,0.172806079286008,0.15259697138332
"22993",0.641491425034822,0.168256073633302,0.147978636145781
"22994",0.640978807930214,0.16242879967576,0.145027527049201
"22995",0.612803316427326,0.214537929330299,0.0624307029920665
"22996",0.613082506036913,0.168156189777349,0.0106931552512644
"22997",0.590056542735241,0.14324513930901,-0.105547301835701
"22998",0.604805291709232,0.157928377456856,-0.101941422449108
"22999",0.625782053865986,0.108798824949465,-0.118444317022191
"23000",0.648071325622297,0.137968928390793,-0.117176158405802
"23001",0.668326406087049,0.111090565153132,-0.122691907987632
"23002",0.62230315705238,0.145445119076462,-0.18543974169763
"23003",0.596766759167071,0.18504855742816,-0.209213797828037
"23004",0.640672931356533,0.181966856532119,-0.112080957946156
"23005",0.675046415132146,0.195834487854769,-0.0101872414472456
"23006",0.69496627033629,0.212007977394111,0.0985246608327074
"23007",0.716368458518179,0.240504475213893,0.0922504590245176
"23008",0.693288081768242,0.227742139896676,-0.050371359292351
"23009",0.715131988255218,0.156927458608514,0.0766811668166559
"23010",0.710625130954604,0.176865993417036,0.0386702518826081
"23011",0.714397147532877,0.180017133787073,0.0524104097606752
"23012",0.726270543322335,0.114182475672711,-0.0496942540320558
"23013",0.715707540038774,0.137907478754476,-0.0118958323149574
"23014",0.645820580146169,0.12192912821853,-0.2086653442092
"23015",0.687958272331723,0.234831459447456,-0.0851990780973672
"23016",0.669488249314301,0.21685926725697,-0.12241175750129
"23017",0.671018856140482,0.129922580506837,-0.10532562061655
"23018",0.650631559919979,0.18340490931785,-0.1492074897915
"23019",0.677279700320149,0.173751192637117,-0.125878903572587
"23020",0.715460800948858,0.203543427012173,-0.036716597030448
"23021",0.71364544917828,0.190597862243624,-0.0484823701724683
"23022",0.666403274277665,0.164383378855248,-0.102441043643815
"23023",0.653316958049266,0.178443356624292,-0.161644409668063
"23024",0.652900095101576,0.179564578751295,-0.193900148782662
"23025",0.653446733053094,0.219146128743109,-0.177642141308008
"23026",0.622029005201718,0.257567791014946,-0.185978270358369
"23027",0.721809223368525,0.226536010098586,0.0782476912659904
"23028",0.747723963655947,0.225235259221964,0.156050154065815
"23029",0.74895203974664,0.236340664579167,0.157223702890309
"23030",0.717272972873559,0.208004807208078,0.153717856961962
"23031",0.711637662646993,0.076414423925774,0.12077659600911
"23032",0.680264798517858,0.211099027820865,-0.0717900672783383
"23033",0.652767191288963,0.152788573692312,-0.112824908996149
"23034",0.654076308152472,0.1889397615083,-0.160405312799013
"23035",0.666417797788158,0.145786363422618,-0.190903791614114
"23036",0.686976746491168,0.203461478279524,-0.159541833132389
"23037",0.732149661776081,0.144496331794594,-0.0124071233738864
"23038",0.666434364903102,0.139456194503743,-0.199863253752147
"23039",0.680066424235716,0.233288861551408,-0.136566068055881
"23040",0.653076520347518,0.282537507943568,-0.143378243491576
"23041",0.661314269038092,0.301684201727218,-0.0986159053534474
"23042",0.718770934319693,0.354699153612836,0.0521082771784001
"23043",0.719655194204931,0.229762772360347,0.160190563606655
"23044",0.678040777844433,0.1781760789233,0.126349679359482
"23045",0.643697251095454,0.18125292602926,-0.0472737577444503
"23046",0.643737059592524,0.191931054070322,-0.0621163383456659
"23047",0.582446330725066,0.151741316540583,-0.178035995020675
"23048",0.576531693595387,0.219813079572677,-0.126971983523259
"23049",0.560379621931313,0.146469560430897,-0.186093311746399
"23050",0.596373277752298,0.136838052769263,-0.123244052947584
"23051",0.621337276404754,0.218620111755897,-0.0504307170727923
"23052",0.617176968359288,0.237920835928182,-0.00266956378311282
"23053",0.725245263830096,0.336982705134804,-0.123451026937704
"23054",0.788129807952572,0.226317875181304,0.11383933295436
"23055",0.792353850321196,0.224487704573717,0.126005745065785
"23056",0.794878174532006,0.241328832913246,0.151670825694218
"23057",0.745717740415064,0.273532874928963,-0.0856033244620604
"23058",0.761085099567743,0.230003215795463,-0.010039235873904
"23059",0.697078101527174,0.17458776693288,-0.198702831371885
"23060",0.738644216508225,0.211288593928458,-0.0937387960664028
"23061",0.700751770679395,0.12436416042338,-0.208148023819142
"23062",0.722368467651418,0.143254952454126,-0.19357000719637
"23063",0.737445059617956,0.208462312875596,-0.00442645633194823
"23064",0.688268088031651,0.171982858773061,-0.20506230993988
"23065",0.683377985193917,0.256734132934894,-0.195892068828459
"23066",0.750502792671319,0.261861243648993,0.021130241158533
"23067",0.70958340442505,0.311541739226167,-0.131776976115273
"23068",0.732375107668205,0.292676266806157,-0.0401037502629254
"23069",0.732373951898506,0.224299347089608,0.039826911147344
"23070",0.698925489342953,0.180995408863786,-0.0655866248386047
"23071",0.674881435437766,0.152068843535255,-0.183573711734031
"23072",0.621911548303096,0.254511317689305,-0.195370651067103
"23073",0.677159248759844,0.329813880438062,-0.0948217492171445
"23074",0.732483170827333,0.21395300973151,0.0764419994014339
"23075",0.72982934386515,0.228245072659547,0.115751272819741
"23076",0.744344160506043,0.21729991456117,0.0617883342280911
"23077",0.746108020142384,0.178661250655235,0.145079789054806
"23078",0.736401339026471,0.113743918757517,0.134535809073288
"23079",0.720147713970722,0.204813329083014,0.137383001558924
"23080",0.727566628069864,0.178735957200233,0.141521472752227
"23081",0.688259215477087,0.136297922600081,0.123965810385285
"23082",0.68134446091875,0.119887537239786,-0.0134864739519145
"23083",0.627210363495241,0.147585022037419,-0.104353700230066
"23084",0.599837404832738,0.131790801262511,-0.198294471769482
"23085",0.600682112690551,0.159744029058366,-0.212329303696676
"23086",0.626953799804408,0.164359052800795,-0.209743852732744
"23087",0.648853466074547,0.132194572291354,-0.20482196946357
"23088",0.649080458276056,0.165610817593219,-0.205528243358278
"23089",0.679812670085366,0.269587658410267,-0.162787067761484
"23090",0.705908174513041,0.215077435480307,-0.152069459198019
"23091",0.739832540286614,0.333703229719176,-0.0726366305801827
"23092",0.768712408386672,0.322638297997362,-0.0163980166299398
"23093",0.791448568430847,0.244422824108711,0.16379547566786
"23094",0.791648767821849,0.154544132404321,0.147349496515903
"23095",0.766637500486699,0.235843475966897,0.00895085084385771
"23096",0.726582562929623,0.248653005029051,-0.111112844279886
"23097",0.705246967520409,0.284844215614967,-0.152216774628938
"23098",0.78201444734705,0.205830168243226,0.078394953501881
"23099",0.786367159673366,0.206415837531964,0.152231813416595
"23100",0.772177559004854,0.182326309687338,0.14067843245553
"23101",0.735480669549504,0.210327539768619,0.12413922306229
"23102",0.691129405207398,0.292172958619899,-0.0615530225850679
"23103",0.657293377831644,0.307886102004448,-0.192518104868937
"23104",0.650444245928946,0.140674588627243,-0.125655866406452
"23105",0.62796265634565,0.241043178445406,-0.111761924811914
"23106",0.658090892787379,0.311589863923908,-0.0825830328906625
"23107",0.7003284873429,0.201938078963631,0.074460836198222
"23108",0.69525346022707,0.234476669998188,0.00908754700667185
"23109",0.705848195174172,0.220669141507313,0.16182151095083
"23110",0.696226614059314,0.214942938566727,0.155404282763564
"23111",0.655314290588822,0.173873521947737,0.0976802090762243
"23112",0.6580429996438,0.20981166426968,0.0990303053709927
"23113",0.657413876038322,0.15760681144789,0.100674070307581
"23114",0.626268049015863,0.176419868844648,-0.0596499466349498
"23115",0.614104114785974,0.138887213828472,-0.100989624740943
"23116",0.64924824517678,0.220620574113897,-0.0513250257132719
"23117",0.687278359005491,0.197476722641487,0.0736620684207817
"23118",0.717362444858825,0.215943564292873,0.141943203046652
"23119",0.701770658325707,0.216596951959006,0.0756233317500799
"23120",0.725795117954029,0.233237400421071,0.0644167385405111
"23121",0.706153175534843,0.204815468779125,0.10759665100786
"23122",0.727238893216869,0.18639755380602,0.144619946015435
"23123",0.701351115167167,0.111603307785908,0.134384498640349
"23124",0.690482061414688,0.188659984315424,0.153243027385415
"23125",0.66780396770693,0.152393188445449,0.00374719518553615
"23126",0.697702283166792,0.188024933676216,0.0103554873193838
"23127",0.727658284106267,0.184306448586171,0.0128508307184964
"23128",0.694824399335186,0.144384664558061,-0.124851602697558
"23129",0.66672700590667,0.23757536889551,-0.104992078666809
"23130",0.692335984118991,0.255946961652548,-0.0108737550788385
"23131",0.666683803637083,0.304081957126821,-0.0393307909323509
"23132",0.661081179562295,0.308751467867972,-0.0568018163488352
"23133",0.658580322699023,0.228663965120648,-0.0192427250542891
"23134",0.685593550860685,0.212685629508067,0.0152841936444192
"23135",0.666944686993822,0.245441758148616,-0.0469727951668675
"23136",0.637400879767115,0.302680315542651,-0.075904842202534
"23137",0.671277391030459,0.289478332105552,0.048825446608424
"23138",0.686974958708863,0.234890607853826,0.156313827505011
"23139",0.681780498294176,0.198335927580879,0.137595016162684
"23140",0.681060147876821,0.163955418470301,0.126802284485759
"23141",0.657988382345787,0.17566891690753,0.052941628146933
"23142",0.655749271785494,0.2191740770889,0.0456900509014542
"23143",0.68746402176985,0.205406833266874,0.128525425549899
"23144",0.669983116004521,0.177858050595974,0.134340666590912
"23145",0.646800324787511,0.207774242190302,0.160768339834536
"23146",0.649125976370323,0.17254137720471,0.060466044139084
"23147",0.616399644826425,0.244437692701398,-0.051237434928217
"23148",0.678595610987414,0.182109324719015,0.130287663149281
"23149",0.681034407828239,0.201880861483864,0.143297010576562
"23150",0.680147857862286,0.1644740885509,0.127812293759336
"23151",0.684556011071074,0.172782299426481,0.129479288287095
"23152",0.689755846845779,0.193632005306127,0.125060417070965
"23153",0.678598492058767,0.17839173236706,0.127618155041516
"23154",0.68358689681298,0.197486071057661,0.154017991616776
"23155",0.722760242143974,0.213017118144109,-0.103904181709727
"23156",0.72915920427644,0.232246610325253,-0.0964788333102755
"23157",0.753234975299413,0.232360764703082,0.0816681056472551
"23158",0.774169722770414,0.150866608159063,0.141447379662265
"23159",0.782812874343071,0.106521788642889,0.119168942856736
"23160",0.765925991422035,0.131959427017121,0.130575195588103
"23161",0.780038573915713,0.188208793956684,0.0865475630473282
"23162",0.784287372156183,0.0808751112020648,0.119374650395071
"23163",0.72745954934647,0.189032321548202,-0.100318738883104
"23164",0.761345790947181,0.187812161477332,-0.0992056306397356
"23165",0.747932035702705,0.117891732597307,-0.129102417218753
"23166",0.769523007592245,0.144335797018156,-0.121915787212525
"23167",0.769673517791518,0.130759756212384,-0.182703708905832
"23168",0.741969327620507,0.221213620950989,-0.190496183262335
"23169",0.756192325943754,0.195287488824486,-0.210523671846406
"23170",0.728336330909384,0.26840192329796,-0.219218760767089
"23171",0.808163087087678,0.188593371775134,-0.154760609017234
"23172",0.790282836090867,0.225043605553061,-0.199800430779781
"23173",0.805413824754059,0.213181816038783,-0.104509889456858
"23174",0.830932251886211,0.220763485739238,-0.0682480032233966
"23175",0.828736570333661,0.201047270243109,0.141228064771027
"23176",0.796365770622355,0.146929335108185,-0.185891783862667
"23177",0.780337570378171,0.219045624489159,-0.190069396394494
"23178",0.792994081304365,0.240368192870691,-0.1894134763438
"23179",0.872113110072768,0.166918024970095,0.106626670102869
"23180",0.818465501444911,0.27080991748005,-0.11889626123686
"23181",0.78499096343186,0.330037669003441,-0.159645366025569
"23182",0.762628146738632,0.376453195548527,-0.173640348684795
"23183",0.775150507145509,0.414445438481398,-0.127372010291407
"23184",0.816305144034308,0.391096502445683,0.0683930233781398
"23185",0.854790982932361,0.306400630859943,0.179124139161562
"23186",0.831765254835754,0.277468875934263,0.160780540583761
"23187",0.839209673430787,0.344280821357074,0.187340508841365
"23188",0.801462800585945,0.21560571070232,0.149122512750526
"23189",0.715600931039235,0.243137798192007,-0.101998050502529
"23190",0.680921841990805,0.186299956542164,-0.20262180706571
"23191",0.691403705147665,0.257034713201332,-0.196564209518495
"23192",0.774128568939056,0.216195843008971,-0.0770260092507421
"23193",0.809542929400142,0.207345314669367,0.049455415689106
"23194",0.783917536564922,0.136381539243454,-0.0757462201828846
"23195",0.752506148173668,0.270307448045576,-0.114230482481552
"23196",0.729378912284128,0.336684419769624,-0.161038201615227
"23197",0.781469741573198,0.29345352488687,-0.00084826133238819
"23198",0.786463391323006,0.179223795044037,0.13489463328048
"23199",0.763169806715814,0.249522055929072,0.0430644823220195
"23200",0.753828818128795,0.28051803793101,0.0109724252077131
"23201",0.760101066768069,0.203982898965306,0.0564918448606357
"23202",0.693056995862908,0.216987978997277,-0.183435343429311
"23203",0.703306607439169,0.212655416303034,-0.113962677188755
"23204",0.679699234111895,0.229174367393279,-0.113913095354324
"23205",0.704164195053946,0.264152950084739,-0.054845776903759
"23206",0.742762307304353,0.147674452541884,-0.119527966397006
"23207",0.747813542716919,0.152508760600968,-0.107569763150548
"23208",0.730801039121855,0.142468062573113,-0.116861144989124
"23209",0.677411767373584,0.19227993812934,-0.185050876999534
"23210",0.679959839679789,0.172119024972611,-0.186001721848464
"23211",0.737202809027755,0.116135957852585,-0.123897499717891
"23212",0.682742650677579,0.284938662749872,-0.181306426759684
"23213",0.697810220644886,0.295477300159701,-0.169018914269634
"23214",0.71212335606011,0.222970439862119,-0.11449297713007
"23215",0.716422320703166,0.233920178774732,-0.109073897892876
"23216",0.739885587051814,0.23739139921758,-0.0680968997742528
"23217",0.721949085286651,0.262426076722197,-0.153547496328085
"23218",0.725607104995189,0.249970747492874,-0.178897748518124
"23219",0.747511255229386,0.315149394027662,-0.0807654537242419
"23220",0.757060898723006,0.252173367442307,-0.0982969401038576
"23221",0.717486068351531,0.261417111752344,-0.106797587550557
"23222",0.768923116075177,0.231917291982205,0.105965546574364
"23223",0.734055538854984,0.34083275344974,-0.0146779472433402
"23224",0.720411766491998,0.307649068961326,-0.0197854259030165
"23225",0.753021519824355,0.231188264713517,0.0396931461096568
"23226",0.759370411706491,0.274858256335067,0.173948394897229
"23227",0.770720423847601,0.234318939000555,0.167609172898879
"23228",0.776245120122765,0.176726054117851,0.14572218538909
"23229",0.749828832185081,0.125955466652982,0.127121724040533
"23230",0.716787610733652,0.227026491052555,0.00275365115954677
"23231",0.736461222052951,0.199613428079505,0.0752436714491107
"23232",0.754237638654396,0.403486383675509,0.167159258804314
"23233",0.799432142950251,0.340704042381427,0.1817482289299
"23234",0.790126539422637,0.285154350896925,0.161670124084786
"23235",0.795947029997221,0.201969812551358,0.0444041102523306
"23236",0.745352430723972,0.216711080394267,-0.142086639200725
"23237",0.706996988469512,0.266864814299911,-0.188951864017673
"23238",0.730151320741427,0.224980814829994,-0.192420721329938
"23239",0.808530833419852,0.22041299234719,0.0836159149442013
"23240",0.800142712078758,0.268464187472956,0.15283352300933
"23241",0.787080540014778,0.269007307650344,0.137763520165193
"23242",0.74673715575466,0.286960572454712,-0.102591257308725
"23243",0.715421253392098,0.28060772230385,-0.0929047940925865
"23244",0.704868128379154,0.283441746560157,-0.162923737608312
"23245",0.687280166041044,0.137512420957248,-0.206166372778155
"23246",0.749063658185819,0.190771474619367,-0.066714783647863
"23247",0.765483882127068,0.213205596273359,-0.0728956705181582
"23248",0.724009937774267,0.207870663371508,-0.176378278564442
"23249",0.729048980999515,0.184070230269301,-0.177249970472249
"23250",0.727013098380951,0.25602353161838,-0.11163482099628
"23251",0.739984544386476,0.235635886358479,-0.0935122543795194
"23252",0.742891865283582,0.181294980888955,-0.0923824237640264
"23253",0.778394124666695,0.218178627954865,0.145767946729248
"23254",0.771993255532732,0.308879282582952,0.157966802605367
"23255",0.766677264584655,0.24569414955011,0.13303011464442
"23256",0.773846608423078,0.119846683469475,0.127973077532513
"23257",0.742957004347096,0.158182215647948,-0.118261023287924
"23258",0.797262945251341,0.155593904740816,-0.00638713305115219
"23259",0.750000296041606,0.194345982294259,-0.108357389079945
"23260",0.794747189238779,0.121705840133392,-0.119465805259082
"23261",0.773388510136816,0.260134546977451,-0.119792450633238
"23262",0.772100784202136,0.244900530573968,-0.0782153266459581
"23263",0.784387431820684,0.244590173515077,0.0423559511535643
"23264",0.799894481644558,0.182800434510971,0.100141408722253
"23265",0.793255975607297,0.249138628123928,0.048004782706034
"23266",0.774441423710974,0.216343276092632,0.0668035314984691
"23267",0.762487225392921,0.247777792947749,-0.0561038758847749
"23268",0.788703939192516,0.252087460286744,0.0899874978743454
"23269",0.777794603756083,0.215358189714054,0.12889842494831
"23270",0.766993540844313,0.173729873794303,0.0551052536337861
"23271",0.739595473470319,0.13171576844529,-0.0149299880503034
"23272",0.645866007112671,0.13074212748151,-0.201256021354381
"23273",0.689109395584452,0.142584762451691,-0.124419779893014
"23274",0.734254181573024,0.169766726567007,0.00786928050460429
"23275",0.708589026730625,0.150522556405813,-0.118390330389951
"23276",0.704682624621214,0.201249723472088,-0.0997699749897061
"23277",0.734802595470643,0.17248400081158,0.0409680575570154
"23278",0.747486700534566,0.279378923188403,0.135727667737268
"23279",0.763707579341512,0.217203053308821,0.151027431939375
"23280",0.794523558113762,0.117285944101078,0.13176028157117
"23281",0.796496732428881,0.163643807735591,0.0573362542566489
"23282",0.782944634418976,0.117234368597429,-0.0501274386089071
"23283",0.723750280070816,0.15665562042607,-0.113080818410417
"23284",0.699575071440226,0.15218561197233,-0.188900762991705
"23285",0.67674096803092,0.301905654510439,-0.183109062149623
"23286",0.732104838885786,0.281706481519792,-0.143301072047405
"23287",0.744052410329612,0.34034388778117,-0.0859803134198174
"23288",0.758836667693074,0.171110985086501,-0.085806447794721
"23289",0.751495143204808,0.176858069011426,-0.102736364570074
"23290",0.761208618355974,0.198003213289638,-0.0107301963269845
"23291",0.694874269267277,0.157015744262638,-0.119683093550011
"23292",0.70256864747273,0.133391095629988,-0.197703107128755
"23293",0.716950361604062,0.142538885478697,-0.11963391495992
"23294",0.804287833003862,0.141113142126012,0.0568103334680197
"23295",0.82480811066403,0.215775394825195,0.0524676896246782
"23296",0.832048348234664,0.16757432818177,0.103961022426604
"23297",0.822267498352445,0.206267947258133,0.137704331993171
"23298",0.814240408817879,0.179384019294117,0.133948817597766
"23299",0.792677270791001,0.128361410060446,0.12687615233413
"23300",0.748660652149697,0.221480990732457,-0.106121894372965
"23301",0.748023734726592,0.266973771086424,-0.105352312056116
"23302",0.812017184405741,0.166065201647987,-0.00319289251086745
"23303",0.776577402049073,0.267869053598263,-0.119927051250557
"23304",0.812329902777781,0.183827872915942,-0.0853246736628173
"23305",0.787860963874628,0.270505092739215,-0.148590376938957
"23306",0.792049974516069,0.234998250745819,-0.0808346545922933
"23307",0.802491937386394,0.214902144707919,-0.0823249899158169
"23308",0.769226127186872,0.156641064614491,-0.201189379422051
"23309",0.722462808510902,0.235450599628703,-0.205604770968583
"23310",0.715648675460029,0.253534130687983,-0.20167869054695
"23311",0.784227617963861,0.433157532589432,-0.0813746656192797
"23312",0.83936261572195,0.264514965071504,0.169519615776177
"23313",0.848469335243062,0.204966685242464,0.148291315598362
"23314",0.844192483678298,0.18466384166061,0.136549331525496
"23315",0.809661020352427,0.194017035534775,-0.0661157974357093
"23316",0.843785888064624,0.239866545123342,0.163183396812969
"23317",0.855070456974896,0.34825604396374,0.194634111493187
"23318",0.855691669200879,0.274493848907439,0.173753082231667
"23319",0.818821791981089,0.22262742368121,-0.083633882267534
"23320",0.759737771317015,0.190070631491943,-0.12189821039125
"23321",0.73151506029682,0.187782078017499,-0.20822669092169
"23322",0.729800847303114,0.232889733145222,-0.206113570958798
"23323",0.787045777054031,0.249285631524241,-0.18641451213154
"23324",0.830693385359349,0.279957270099478,-0.158106760382239
"23325",0.883375730782241,0.327945220935224,0.0359036618597907
"23326",0.914969072170249,0.180402772572516,0.0363587556465678
"23327",0.87101728375075,0.264783097722228,-0.131800628898938
"23328",0.838379498893623,0.20900523948111,-0.179596364393596
"23329",0.866135890512353,0.150761893295066,-0.185226325046155
"23330",0.882201578025767,0.245665970462853,0.0141116755228925
"23331",0.893462040852936,0.207373830621576,0.122857900853384
"23332",0.838945810030675,0.219894357613798,-0.198182414647514
"23333",0.880034530415679,0.265080849904656,-0.17298728770234
"23334",0.827864734911106,0.197622424152476,-0.219058298753706
"23335",0.847355101827288,0.298005929400032,-0.193372965465271
"23336",0.900173066329339,0.34729786063607,-0.0804639028002529
"23337",0.870637187128656,0.572549461565676,-0.0965553894848464
"23338",0.89178406583332,0.340200721244802,-0.124407902003803
"23339",0.857756435007017,0.327410938153077,-0.172394965682921
"23340",0.838321733097432,0.227730174904456,-0.213875866038496
"23341",0.81416489241078,0.297320718762586,-0.208576236347894
"23342",0.866890108571502,0.294413588872277,-0.177030062236695
"23343",0.895287904214757,0.258536824053183,-0.159276251302628
"23344",0.886027018869395,0.377987474882781,-0.131123027148205
"23345",0.895860789531136,0.335501152879416,-0.137888181729718
"23346",0.870738290416873,0.495917370189528,-0.122305287867602
"23347",0.890214959314789,0.421812418949543,-0.124055587493863
"23348",0.884821287822125,0.442887378805651,-0.1214828948798
"23349",0.87376796246408,0.444018521708813,-0.136023136248932
"23350",0.85738185494058,0.404993935644331,-0.177219785768681
"23351",0.867798662659329,0.385199337696413,-0.12889318009287
"23352",0.845218265619357,0.568895435874861,-0.122535212187792
"23353",0.877765783226234,0.514032764535239,-0.10704063877951
"23354",0.866282995782042,0.519510030070474,-0.104767210997898
"23355",0.83387223749726,0.473616500525403,-0.167421052394368
"23356",0.851920301467978,0.591332678601415,-0.0761714009536668
"23357",0.850690213096794,0.587270072545773,-0.10826862274397
"23358",0.831293602443897,0.585828563231418,-0.144386624827899
"23359",0.702268561845623,0.195674760094026,0.073008250283964
"23360",0.696026594829423,0.231559544448421,-0.00672582310139921
"23361",0.711589160518829,0.183164635461766,0.101284797654851
"23362",0.691487967708499,0.198333887604963,0.0520243912734963
"23363",0.684177568225194,0.276729367525744,-0.0418032861706876
"23364",0.698685923829619,0.274604916986304,0.0446588417999807
"23365",0.711815466042026,0.255924043191975,0.109479403967514
"23366",0.729616872595377,0.27095916571272,0.150027450686874
"23367",0.73801244053936,0.26186827714502,0.145677835252632
"23368",0.713232647769627,0.171184664435988,0.0745228839121628
"23369",0.68388190503273,0.154696038963089,-0.127177008105868
"23370",0.674603290940963,0.281213722585521,-0.106434774153
"23371",0.714738754506726,0.272195356156271,-0.047094030958742
"23372",0.740990116775192,0.177996174536168,0.129245095889575
"23373",0.734904212975855,0.197703025059051,0.148694854650233
"23374",0.718508067084483,0.162606421701748,0.113101163676344
"23375",0.734950123092998,0.194075993626572,0.131128185913932
"23376",0.732971432382354,0.211633178678393,0.139119634117685
"23377",0.732979332655303,0.153722514665129,0.0291241173182197
"23378",0.743907871971561,0.174003512837962,0.0729457654616068
"23379",0.744732773645772,0.20386488000072,0.0751216119324758
"23380",0.751789276696705,0.204580033411566,0.0480844817231042
"23381",0.762827372130032,0.212795033013444,0.108792298031398
"23382",0.80936398228289,0.327275214407779,0.181400225143851
"23383",0.803776588255548,0.332123597818814,0.186183106743808
"23384",0.809027089448779,0.392943131503989,0.212505229467868
"23385",0.817003583981665,0.203665959041968,0.168273403152808
"23386",0.797535177918928,0.151888990284429,0.143080556834534
"23387",0.743929520289923,0.156355009419981,-0.119130052744114
"23388",0.713980688335248,0.200571127555861,-0.197915182701871
"23389",0.715303515448793,0.229916647711705,-0.209661421933483
"23390",0.771167534678381,0.137263599286454,-0.203893687914448
"23391",0.84024070726098,0.121369458482978,-0.0536482192988732
"23392",0.858760540883311,0.179990174501904,-0.0313057380929665
"23393",0.841810094621204,0.185346079779375,-0.107272951131005
"23394",0.848224023430904,0.235000175170555,-0.111209089857387
"23395",0.826263392575344,0.187915004693788,-0.169319337071879
"23396",0.779329409587923,0.279285166212725,-0.191815774015662
"23397",0.810441011002959,0.232574847004928,-0.179668154161587
"23398",0.757408161517536,0.224076306042035,-0.210773401277521
"23399",0.781673101801949,0.354447161100501,-0.180247805709313
"23400",0.854383694803039,0.434055335725895,-0.00270698076215041
"23401",0.877684633337732,0.252429932318411,0.138857301791651
"23402",0.903246189915498,0.362187159779752,0.193168351045492
"23403",0.931936196968146,0.345266826060334,0.194458763500114
"23404",0.918316489345824,0.236417938254411,0.140773690181181
"23405",0.889409111486628,0.275465471839841,-0.0998846124496741
"23406",0.846270701212563,0.323542253496547,-0.166770299130492
"23407",0.849930801224705,0.287467313854404,-0.143510310683406
"23408",0.871206715739104,0.326817126656816,0.0100341693713961
"23409",0.860240248387432,0.376553519293663,-0.0414087730019594
"23410",0.796628298789531,0.434935764030304,-0.160994029797002
"23411",0.806989997443278,0.470571467079548,-0.0845413427538011
"23412",0.824130751764002,0.481271692224479,0.0433098785655446
"23413",0.832828405992595,0.512107904944587,0.167511813529981
"23414",0.860606877941169,0.367926783082422,0.194697638939867
"23415",0.838160533999234,0.27729557746198,0.172845682113393
"23416",0.841484230286837,0.343984065737607,0.175138802751175
"23417",0.858321773140036,0.275085069530606,0.14019447981228
"23418",0.830796369525329,0.123286143068342,0.106780594466507
"23419",0.851428767453723,0.208448381093229,0.146368330036826
"23420",0.860120973621971,0.160854659661371,0.133583870819853
"23421",0.848641807390077,0.178982498949801,-0.0578259325650117
"23422",0.853916022896876,0.229225877524419,-0.0694009688954014
"23423",0.805054452784476,0.266931082243722,-0.140935054776757
"23424",0.824495096266861,0.384712990511303,-0.0242631386166398
"23425",0.83508331688982,0.276747585243804,0.145263356483591
"23426",0.853651685450557,0.24921104477636,0.171534935387237
"23427",0.848578007469414,0.121200624001233,0.120738522110652
"23428",0.859022906965015,0.138988269786866,-0.00349945794603751
"23429",0.871185810040807,0.124062791975108,0.108875572751587
"23430",0.838780381006085,0.198643170014469,-0.104672504977614
"23431",0.767573184728245,0.185477455963297,-0.204410106610021
"23432",0.81364226691421,0.12114507565854,-0.132347075608677
"23433",0.842973848626835,0.141094518101966,-0.127034176879753
"23434",0.829847876444625,0.132414578393267,-0.186574540077998
"23435",0.825546807899338,0.169231272416609,-0.203516075387319
"23436",0.836444090499363,0.168699233914099,-0.204212733723664
"23437",0.902644372992215,0.249928705030406,-0.00293505406236468
"23438",0.895315489866087,0.268740282135113,0.112739735543402
"23439",0.916291333775026,0.178736128063559,0.119190331889871
"23440",0.90934503749561,0.139649067946255,0.0774706197598189
"23441",0.906440876760503,0.108960490361977,0.105258339994654
"23442",0.872333851642458,0.20540761555772,-0.10021764240953
"23443",0.903694091280382,0.226959357666353,-0.0876422501072573
"23444",0.899647263861055,0.207131546012242,0.0204237274087602
"23445",0.893736358179524,0.270759759266309,-0.030994101997771
"23446",0.889472133086796,0.205775459351257,-0.107131379575626
"23447",0.897470669844224,0.331298971001897,0.141888314292057
"23448",0.932990338314329,0.246541520849556,0.145960216452853
"23449",0.927600855005172,0.248735489496325,0.13398592745196
"23450",0.904689094837972,0.282726030900906,0.138127006980632
"23451",0.898538024140825,0.171209370291489,0.120583107324252
"23452",0.869749756821359,0.314283504614139,-0.0550217854392988
"23453",0.899415704958358,0.312387076052593,0.0123935688426043
"23454",0.856638960235714,0.249265668868207,-0.173171689391101
"23455",0.881813830929929,0.211107815318547,-0.181264160990983
"23456",0.901285019344878,0.205011684744758,-0.107162806765327
"23457",0.870489766635571,0.24277755803955,-0.176751758824362
"23458",0.855142812717294,0.268591181673169,-0.17346480966545
"23459",0.894254290171359,0.19813612940012,-0.130424865137695
"23460",0.893439177996537,0.154838955251422,-0.185454730037212
"23461",0.838043092868617,0.163312104067107,-0.0715712681518272
"23462",0.872002097921337,0.162355239993577,0.125749031786236
"23463",0.855067104372765,0.0866112057011554,0.111596131808373
"23464",0.840972563935583,0.184459466122734,-0.0707034008577414
"23465",0.867008247037829,0.236720928050114,-0.0273932105636775
"23466",0.898766067853466,0.168610374684144,0.114192442447814
"23467",0.891466575124631,0.113945703235304,-0.0831455889329096
"23468",0.877966646367001,0.164079304734414,-0.112596468118839
"23469",0.877130112711708,0.173995489834258,-0.119232152464905
"23470",0.836738719331982,0.172275494245404,-0.184387236539822
"23471",0.845548031363016,0.24339232168128,-0.172063672047128
"23472",0.893229960250875,0.170096352277424,-0.0616795482343305
"23473",0.913185752816504,0.106124637490652,0.0718945320215527
"23474",0.902998701268318,0.160084312147931,0.00187761750062082
"23475",0.873060179215095,0.225157268576207,-0.13092706575636
"23476",0.853561706639279,0.322261317151835,-0.153272363954838
"23477",0.836159384275168,0.272446600217108,-0.207617797778045
"23478",0.830502311977671,0.315982799390825,-0.203774156249801
"23479",0.807876947916208,0.27894672387882,-0.21399879012592
"23480",0.851553043665394,0.321065177708229,-0.195747548925663
"23481",0.86533690449004,0.518598112498736,-0.141320796437462
"23482",0.913042815845751,0.340274098886875,-0.088066351316644
"23483",0.926744685790837,0.40830085952667,0.0952948187349078
"23484",0.92720858388845,0.35531943180371,-0.06453968432288
"23485",1.0098325509836,0.380174187499651,0.185198509510053
"23486",0.986711097184402,0.275084197439458,0.133018659491242
"23487",0.958958693981706,0.226440511195506,0.133456288992964
"23488",0.955061026529794,0.202842625258424,0.125617071731858
"23489",0.96464369635817,0.135749234198483,-0.115469079506125
"23490",0.916985653726031,0.197845678160202,-0.127949843912469
"23491",0.834748304239583,0.41997788456598,-0.188215429131246
"23492",0.847515229734974,0.485287395831338,-0.181061238307388
"23493",0.835399405302166,0.605502307470779,-0.179827225985917
"23494",0.860478308513038,0.605957780330112,-0.169302256952969
"23495",0.938229868835638,0.728142097929611,-0.0521248657698218
"23496",0.952650444980057,0.677805128001583,0.0367815163846482
"23497",0.951682821213599,0.846948929831891,0.0867223983354515
"23498",0.955315728096563,0.725931456944425,0.208154964580307
"23499",0.949100510077392,0.861039578765865,0.0497368383877783
"23500",0.916266057644965,0.754101584519167,-0.07236017400416
"23501",0.939994898356404,0.766964444542168,0.0183599263469681
"23502",0.937005179229561,0.585406886298041,-0.104048970730717
"23503",0.93563775101852,0.481696705124621,-0.11995180099988
"23504",0.936615197498223,0.555096849726658,-0.0786660648758989
"23505",0.854501625279885,0.464695701282116,-0.190408854281917
"23506",0.844400316347555,0.476268009768074,-0.186454486621877
"23507",0.846315531942137,0.483663954316682,-0.185728079793369
"23508",0.810954314038743,0.501561131325596,-0.196033159819745
"23509",0.810581181691945,0.531141695440946,-0.193058629962558
"23510",0.826210236393384,0.587289196450632,-0.17985040974441
"23511",0.863226108339867,0.534075591323152,-0.176896894140144
"23512",0.775656501006136,0.308525653060804,-0.202026886564666
"23513",0.807178899650183,0.404205960963597,-0.154815934138715
"23514",0.8291873508409,0.438844817249463,-0.146964476941855
"23515",0.850949417382767,0.452075611709132,-0.11983865742697
"23516",0.869825936774355,0.428620515070064,-0.0253195645371933
"23517",0.8622546881801,0.399663358823301,-0.0425585431567084
"23518",0.788255779623972,0.313771875266097,-0.187719304051338
"23519",0.787574600823173,0.348510565848927,-0.181402294374386
"23520",0.858506922596962,0.300005526931185,0.0507295647037978
"23521",0.866625515914134,0.261377938518805,0.134052401981879
"23522",0.865199713220482,0.204672948834218,0.0699957243942602
"23523",0.871364113476525,0.177595498182732,-0.0526698853526323
"23524",0.826089699285859,0.223038158981306,-0.171031642675574
"23525",0.804329414148501,0.271504659560605,-0.17001818758909
"23526",0.857768505428289,0.302361753114317,-0.108929485250577
"23527",0.843853078517899,0.258210536189958,-0.0750000540051665
"23528",0.83706713216645,0.312344030235859,0.00487866827187691
"23529",0.87400943655938,0.310858745477988,0.164264040126091
"23530",0.861389851817276,0.311115063451121,-0.00611936260992943
"23531",0.874995350774266,0.321490967823702,0.143021652239674
"23532",0.876117185344569,0.387360203044429,0.146743851689932
"23533",0.830306982893696,0.412308785072937,-0.11833174257767
"23534",0.851386536205654,0.273761635958435,-0.0740557490762063
"23535",0.833914130544429,0.243342188322351,-0.101718394085311
"23536",0.829828975629932,0.319886987521826,-0.157368713987333
"23537",0.853747262544117,0.316164490661101,-0.122715209758305
"23538",0.841487322470075,0.316136314744839,-0.1379860460612
"23539",0.867235269948341,0.449491081914926,0.0425876792814562
"23540",0.889196050689538,0.417951652027253,0.0147466114621342
"23541",0.832393510575196,0.475028106006142,-0.110747311526664
"23542",0.80907278905666,0.440308615363599,-0.145953055098746
"23543",0.804640674513794,0.509985628086779,-0.141098107916105
"23544",0.821331949170332,0.430716550185914,-0.124608799950976
"23545",0.861301136800817,0.381633624531501,0.0461658547282287
"23546",0.8762491693792,0.349428577356315,0.189177037852171
"23547",0.866930156077022,0.231328274663615,0.102236789464619
"23548",0.882182115414275,0.278999397102114,0.147691784017975
"23549",0.862882126489284,0.150043430569253,0.0117610338059388
"23550",0.794916232993011,0.186075280549098,-0.143091414258589
"23551",0.797436403686849,0.233688845859532,-0.195903163655231
"23552",0.799924359774593,0.274716505099254,-0.142595864317271
"23553",0.827292841789071,0.222681464156091,-0.137592912616794
"23554",0.804983063087598,0.219522486373925,-0.14612847612951
"23555",0.834819050053816,0.121332196409022,-0.109944472247035
"23556",0.817469607055672,0.194543046844495,-0.121949833236616
"23557",0.880901273060891,0.20812217337568,0.143371047938828
"23558",0.863520414581749,0.157308089823298,0.0263355839061505
"23559",0.87845898595929,0.239142326721016,0.150078486359591
"23560",0.884416328772132,0.214917011113207,0.137058207988014
"23561",0.845692836445607,0.22287619814739,-0.122125451169978
"23562",0.85573414987103,0.268288220120292,-0.145623330344514
"23563",0.8415124863785,0.279909024562999,0.127611607849002
"23564",0.864624116996636,0.418599841278328,0.204220074760945
"23565",0.873846401262201,0.366334234313745,0.184296845890703
"23566",0.847359787127858,0.266523662081862,0.17214200343005
"23567",0.814926208483904,0.211405310311767,-0.0733271313004627
"23568",0.82515914518932,0.188404397642092,-0.0992117336942655
"23569",0.809241960147514,0.333127007199577,-0.0861906569591538
"23570",0.858448879374306,0.24493712054503,0.0208604996241781
"23571",0.852648347298962,0.364584349466022,0.017688458107048
"23572",0.821154588619633,0.412731876392502,-0.0928476851464787
"23573",0.833842258153634,0.494389806138975,-0.0457283359130023
"23574",0.874859318322426,0.40525374640217,0.201819416218139
"23575",0.872872743060238,0.239389104464361,0.0647631892042497
"23576",0.862925898773631,0.198909654531448,-0.04839062283478
"23577",0.816692116337399,0.288442887412965,-0.0614428814681797
"23578",0.781037172778008,0.307982217744802,-0.164610560996949
"23579",0.818653877561499,0.301376963537002,-0.111891243927795
"23580",0.858968314704209,0.302337795388909,0.0685895418276988
"23581",0.873946838672683,0.31072300892963,0.159349348043212
"23582",0.874777692693758,0.333603587253944,0.17027378474715
"23583",0.845545752797698,0.260071841118251,0.0503644047984494
"23584",0.7720797888576,0.211553175907579,-0.178121660565979
"23585",0.780688549203459,0.186045442514029,-0.181936479649602
"23586",0.806169958178144,0.293303618794855,-0.104427932570163
"23587",0.83925322181786,0.289092677052442,0.0402352227678361
"23588",0.874154652138166,0.293112907531782,0.157265502387809
"23589",0.903119548878237,0.297784189705152,0.182073997237711
"23590",0.914080334542614,0.270777296982124,0.158448278566112
"23591",0.893322717800998,0.248254933389427,0.163508369673142
"23592",0.814746136310208,0.192558297198707,-0.127898367156788
"23593",0.803368866833372,0.211880462880839,-0.211528536676399
"23594",0.847227263108744,0.188410943457372,-0.210835463382152
"23595",0.877400193059419,0.134826214594233,-0.191221532259589
"23596",0.880912062640803,0.20384617502945,-0.121583190211979
"23597",0.908012260329073,0.231601667893485,-0.0802113271749342
"23598",0.932787475199172,0.208622639528424,0.0852597168368706
"23599",0.930471165715459,0.16047343279979,0.0793956807701756
"23600",0.886958382025239,0.215841568997326,-0.175638689196042
"23601",0.914274740275745,0.148363224090148,-0.122237023229428
"23602",0.907354883052428,0.28953173430868,-0.116256724512041
"23603",0.963936584091268,0.179515282370066,0.0584936333761973
"23604",0.943465278550066,0.251742515715471,-0.103845516296804
"23605",0.935396097225789,0.174244388148711,-0.11666161731903
"23606",0.953376310931354,0.0782349382040127,0.00505704754193759
"23607",0.912829141677462,0.240941068235995,-0.117059075535658
"23608",0.933264103555907,0.289072315684791,-0.143930072790259
"23609",0.934495237554946,0.262786368262819,-0.12860091537817
"23610",0.969948303638807,0.206957172071165,-0.113474973204366
"23611",0.930945141279541,0.276924541589063,-0.176707419952118
"23612",0.917710299549634,0.316134727754545,-0.17561783963585
"23613",0.907116326800206,0.23676558951026,-0.206253078298691
"23614",0.888397501155761,0.395753970370932,0.0465814763490928
"23615",0.928906772737104,0.384542175850952,0.158429730450503
"23616",0.925241244477223,0.329342437786281,0.0677985078715009
"23617",0.928262725144981,0.312921203555282,0.00341217497729364
"23618",0.858203636495673,0.316457949570784,-0.171220620974933
"23619",0.847447997405996,0.347186058498025,-0.192939683808793
"23620",0.84744356739388,0.342618860678339,-0.192749213534297
"23621",0.78028836990552,0.612310376023893,-0.176002381060432
"23622",0.859397192615558,0.397874969867229,-0.183219063071116
"23623",0.859775420912038,0.419982198518756,-0.176448611423826
"23624",0.908143118797756,0.470244682421392,0.143040210422812
"23625",0.872778058626252,0.62115370385739,-0.0611801076213674
"23626",0.871854886292057,0.429414364424348,-0.123764342803033
"23627",0.889480379933139,0.364028339740542,-0.133019349852186
"23628",0.841936813775154,0.393361672875091,-0.15943685575401
"23629",0.841068881556981,0.454715036698624,-0.171762535385037
"23630",0.89156166237465,0.625313282200207,0.0696602403604349
"23631",0.86917158963107,0.687822808437104,-0.0457609107239473
"23632",0.888524737265053,0.520843281027853,-0.0628392435624835
"23633",0.871809603813315,0.540631893315671,-0.0851917863095936
"23634",0.873603587753722,0.498331274196664,-0.103511040506061
"23635",0.864304008820901,0.439742338650951,-0.113014532171484
"23636",0.884569766464165,0.492082046861861,0.10046055209578
"23637",0.885849712151621,0.482261517283413,0.0220511968183992
"23638",0.880538155921491,0.423471426344359,0.15358953835535
"23639",0.879974673739411,0.465076221427202,0.160813508452533
"23640",0.859009920402496,0.47509916007257,0.0309983571922228
"23641",0.863096144097026,0.532728595859257,-0.000922256107927393
"23642",0.876769909754639,0.64147984249718,0.109755354004523
"23643",0.847573684298505,0.780426507969865,0.126645222306095
"23644",0.901547767885833,0.568804347951315,0.210155955843127
"23645",0.930758964631101,0.534427902107706,0.228752996198373
"23646",0.949442190326551,0.330451178037991,0.17258795868187
"23647",0.923345399526407,0.253674574907468,0.146325554825144
"23648",0.884150901020475,0.34434823215213,0.0483128095703167
"23649",0.903642939765191,0.189549990728103,-0.0292025025185615
"23650",0.909757626172053,0.192305592644529,0.0895217178639103
"23651",0.901547057566764,0.251545964502171,-0.0413251993559559
"23652",0.931521320682393,0.27072989138266,0.146121950727063
"23653",0.910355551192445,0.107811104828539,0.0560445901934898
"23654",0.905550557706445,0.25841706868727,0.00540486563230277
"23655",0.907594110938113,0.205487713913231,-0.0491609797879111
"23656",0.892762271845263,0.317939740097684,-0.0590362849697703
"23657",0.889052155357664,0.332298235494166,0.156891324889001
"23658",0.878027438856597,0.370871430314125,0.163625769837366
"23659",0.895354118468649,0.301496130391877,0.176160827075982
"23660",0.91743357704656,0.284002861928882,0.175069508970746
"23661",0.903457230711679,0.183817719334152,0.140929740544333
"23662",0.885163595533193,0.220088298078178,0.142043594152624
"23663",0.905502473061122,0.0881183927608616,0.0915849311337429
"23664",0.93491529428285,0.215993254976301,0.144213368042908
"23665",0.939567311299988,0.355672755145888,-0.0172193842391558
"23666",0.931675507825301,0.289719410005706,-0.0596147345686956
"23667",0.881135134586089,0.376858667213417,-0.145387593372625
"23668",0.888232905108521,0.289434501978195,-0.191939202114347
"23669",0.881277742231282,0.204783493609077,-0.189701818681511
"23670",0.918474078696219,0.244794541310942,-0.169780210065986
"23671",0.921401123525839,0.32377207523166,-0.162509986126284
"23672",0.924099225603886,0.538683254722569,-0.108265624050671
"23673",0.894336907238838,0.656715134202166,-0.130690765611492
"23674",0.961698268552561,0.440479033119234,0.0356724870287318
"23675",0.971769453246156,0.402423383385513,0.105635269318539
"23676",0.980149448284531,0.449373590158611,0.14005574016667
"23677",0.968218120819886,0.620869103497303,0.035411266621782
"23678",0.952503772055306,0.487350148451589,-0.114440928109946
"23679",0.961782332003704,0.42288955519007,-0.102269865220233
"23680",0.930761192056624,0.467369143085822,-0.14825827934972
"23681",0.892557276224322,0.613552573572043,-0.146870253131727
"23682",0.882584549589875,0.766636194750303,-0.12659410218243
"23683",0.914811568418817,0.91267984855848,-0.0483094323479071
"23684",0.995119182539875,0.679704877786518,0.237423815519059
"23685",0.993314077971859,0.590465492041577,0.201800730065636
"23686",0.961243169789224,0.586385237634019,0.182117290638252
"23687",0.986088682917769,0.351600731969552,0.165707287113754
"23688",0.948482138912871,0.396391635919376,-0.0710371985570768
"23689",0.910864162027508,0.543873053764,0.000120259201091358
"23690",0.966054701180787,0.393831917671377,0.201836838847594
"23691",1.00207892383533,0.445031667085876,0.218334144827819
"23692",0.999342744606399,0.254826989542845,0.160763370361514
"23693",0.953782622307084,0.234882485787592,0.0502060136684237
"23694",0.971643109691339,0.263398703951757,0.0758775770593385
"23695",0.988855797234529,0.190310758090801,0.08882115722922
"23696",0.974302505087836,0.154493002649032,0.0110492653309566
"23697",0.91546886639359,0.274490719170508,-0.173592761782008
"23698",0.951367763921764,0.326477825983842,0.0975896799949773
"23699",0.999880503382853,0.186395948737324,0.143802571286484
"23700",0.998496693101745,0.177166061498419,0.105626965235821
"23701",0.988892112670254,0.117868606720706,-0.0252894552069826
"23702",0.973957064516669,0.208036724351353,-0.0978361706592751
"23703",0.971215723520799,0.270320394645082,-0.11591598206953
"23704",0.931456577415183,0.283442167442111,-0.182529629990011
"23705",0.958244204631166,0.356355166245486,-0.155682537328438
"23706",0.918371249021651,0.617836938297902,-0.130112105989926
"23707",0.927226423462501,0.744303633140108,-0.0766161701398537
"23708",0.930985279508801,0.745662797304932,-0.0402618317131809
"23709",0.926449523577887,0.701891421802354,-0.0577751713819028
"23710",0.961559834240928,0.604539865875055,0.188815597463632
"23711",0.944087532591738,0.44980199479137,-0.00385070876858229
"23712",0.936683876063081,0.446200686809613,0.0447148589145395
"23713",0.865209520364339,0.455659836152722,-0.144393128284047
"23714",0.820250970144396,0.467165401391447,-0.185530251661703
"23715",0.795277344730702,0.556506322169694,-0.183204642869892
"23716",0.871588923337796,0.719375647193908,-0.136302877395242
"23717",0.876273787599631,0.701569418094262,-0.137374106794333
"23718",0.909998872284997,0.797644532876235,-0.0885657948873019
"23719",0.872245767126048,0.791234952413672,-0.125157649363191
"23720",0.875657583154377,0.833103493971604,-0.0952890893645023
"23721",0.88243615298429,0.961383358499896,-0.0653258243872925
"23722",0.885754404777059,0.829445408080304,-0.073670166894146
"23723",0.862102370363594,0.821000642514146,-0.110441127460512
"23724",0.862434812607128,0.880541682361167,-0.0540984948303299
"23725",0.8501693852576,0.809977380599608,-0.102350727759545
"23726",0.851865336847474,0.845023174178426,-0.091627807489315
"23727",0.83825939572278,0.792125583046496,-0.114228882312176
"23728",0.816304065522158,0.847704269718468,-0.109247948186766
"23729",0.868439698720687,0.948663041018465,0.0346311096211305
"23730",0.869606654682613,1.03351763292224,0.11053783087584
"23731",0.883049629718164,0.971318159142472,0.19963132373376
"23732",0.907754875855727,0.789179605818662,0.237602393279013
"23733",0.88856781309182,0.869814740760806,0.162572236509264
"23734",0.898977698765856,0.753394092166904,0.168985227767014
"23735",0.859093261833272,0.701343104391201,-0.0750632020053794
"23736",0.867209608960243,0.716874793934848,-0.0693667853981182
"23737",0.890467991852395,0.467528933638168,-0.0727145488944324
"23738",0.867875598305228,0.555288402679582,-0.103058093313743
"23739",0.847625138553775,0.594403206051362,-0.124497367058594
"23740",0.838898919686851,0.740718797654003,-0.102472473853951
"23741",0.856293424398215,0.664844409777479,-0.11272854052348
"23742",0.883399275391319,0.66905863867458,0.0138944327696983
"23743",0.857948984618939,0.780669176833491,-0.0718910101357091
"23744",0.869671106842512,0.808073775606918,0.110191691930685
"23745",0.904804694079724,0.682085016065295,0.230481553683269
"23746",0.856556222008065,0.741681330829699,-0.0667579767742055
"23747",0.852580027325591,0.72973429694636,0.08373797371094
"23748",0.830826232814711,0.614669237980006,-0.0630003354028718
"23749",0.813464355123284,0.590483320605172,-0.137691325626471
"23750",0.858758442549901,0.578602735467915,0.00844542174449166
"23751",0.864334437925302,0.42970646794259,0.0237006388821492
"23752",0.856121840450975,0.455915018376311,-0.0432367810545891
"23753",0.900563974382872,0.402835561146844,0.16591684584352
"23754",0.954092212626979,0.350668908599267,0.191361059521044
"23755",0.946289543929706,0.347082837162007,0.177747403751616
"23756",0.905694784874166,0.197414223803743,0.0101025500394132
"23757",0.886113124775794,0.191129912424174,-0.0710065145961156
"23758",0.821971789463882,0.201567060854028,-0.182932239460897
"23759",0.832542357272301,0.189468982715872,-0.202474443486921
"23760",0.85177231907073,0.309798715076387,-0.124377987854333
"23761",0.877764923928331,0.421059902674831,0.032005835908262
"23762",0.943480253149397,0.385454094779509,0.181288456491528
"23763",0.929728925782941,0.378762512017166,0.148762143221804
"23764",0.921975898272565,0.407529048522582,-0.0392970462179614
"23765",0.934023515986293,0.410092900459956,0.08727447834098
"23766",0.966414893385004,0.402641041247638,0.164236836211159
"23767",0.982675604412574,0.515622882059279,-0.139663467996129
"23768",0.972826403765342,0.487734884691475,-0.148940456043553
"23769",0.983491975049489,0.441624307299418,-0.157500173895558
"23770",1.01024886522737,0.452002962199683,-0.0708685795550498
"23771",0.989021363753503,0.577051815480778,-0.122064379804139
"23772",1.00703166306736,0.454211666503173,-0.0858271657481509
"23773",1.0041060535787,0.514724533552238,-0.0768995800686449
"23774",0.983322866461621,0.51988987559977,-0.122840850706622
"23775",0.93008057065973,0.694119792788528,-0.140343781021427
"23776",0.929192098638284,0.814080742708526,-0.111821800388005
"23777",0.971438971771139,0.892258981863483,-0.0506955240625568
"23778",0.996935721584053,0.957194334962194,0.0924286835089407
"23779",0.97980016674241,0.996885597581217,0.0517407248296292
"23780",0.977877779543468,0.892716665794001,-0.0371713908116135
"23781",0.966460838602489,0.769068867567119,-0.0909937935092818
"23782",0.94658942365888,0.899032098629799,-0.10352471960914
"23783",0.972152078761525,0.977366091269547,-0.0526640519723181
"23784",0.97611931603714,1.02061650844264,0.081451709168487
"23785",0.954124042288044,0.853485516453779,-0.0789510884549423
"23786",0.885879601730811,0.953088732200365,-0.118107238661172
"23787",0.920986664478641,0.972651461152626,-0.0937995825320096
"23788",0.883822900272148,1.14686557234197,-0.0786598565702182
"23789",0.878964955385462,1.0792395155426,-0.094055740097614
"23790",0.88054559416426,1.157649798891,-0.0723857081595778
"23791",0.937955349809795,1.0659190826395,0.0542937648201708
"23792",0.99090040395172,0.967268062286038,0.257098677366641
"23793",0.972257189867704,0.964194576503196,0.255118269981772
"23794",0.956458536423075,0.93983513423532,0.239367917096392
"23795",0.930907095079363,0.909258411577589,0.116108175341504
"23796",0.910379062002129,0.895679877598972,-0.0325852833293298
"23797",0.925988668855996,0.772569719789748,0.134378819570037
"23798",0.878377492258022,0.670421022811401,-0.140829805286668
"23799",0.820767056506787,0.715547428183779,-0.161126649338801
"23800",0.822849022005087,0.866805110446304,-0.108913986820824
"23801",0.838506403688272,0.922712184011712,-0.0968499163529635
"23802",0.871948584067679,1.07813000146397,0.0790806565854676
"23803",0.931894848880247,0.849623523048514,0.263947294106341
"23804",0.928460053593504,0.880169018408497,0.297187990705514
"23805",0.969980327519789,0.790765347305075,0.292065296342697
"23806",0.918073876318149,0.645143741744844,0.19209037208175
"23807",0.911724936131322,0.63675343069659,0.129377386675701
"23808",0.869842414592381,0.698067986548192,-0.0709472189767048
"23809",0.908834282316207,0.471749960297236,0.160603196153457
"23810",0.873449105329796,0.58672130908153,-0.0903505137540943
"23811",0.897953022400607,0.380389054104473,-0.130831550426636
"23812",0.927096391701647,0.241876954542682,-0.067012719590317
"23813",0.943982438233863,0.192993996154553,-0.0764885555656884
"23814",0.910756179973572,0.228683082065553,-0.175227338195982
"23815",0.939670374675194,0.32541896451613,-0.0904970668063988
"23816",0.953953003893269,0.300188056572681,0.0861256213941253
"23817",0.948417933238183,0.21284759828659,0.079169147579103
"23818",0.995471708893114,0.687533988784852,0.0791429019615177
"23819",0.99663769092951,0.686460853651758,0.0114335072850263
"23820",0.951350461258345,0.670937032615992,-0.132744223637203
"23821",0.966593981658031,0.628702426643068,-0.0890709642692895
"23822",0.991866447276275,0.677891739930057,0.0747508070565631
"23823",1.03450414905644,0.592664484982826,0.17870310291243
"23824",0.994849938846411,0.493199364549824,-0.0753511943819444
"23825",0.957406328562386,0.542142922955481,-0.142451923311102
"23826",0.929695143611435,0.673322715631034,-0.137809764372053
"23827",0.954035973756255,0.682085355825497,-0.0950192036539339
"23828",0.973694597310635,0.646214132920742,-0.0232723220590382
"23829",0.968672559955526,0.696874345641438,0.0654296753578428
"23830",0.965889331347722,0.747331296523231,0.0284475728169801
"23831",0.992532118631085,0.606189274117898,0.13597048178176
"23832",0.945767167521741,0.657539709654445,-0.130075998652413
"23833",0.948881775852542,0.668303883170744,-0.121681302872402
"23834",0.961178393186694,0.78972906976619,-0.0555067906473925
"23835",0.969995729791543,0.702827602802791,-0.0231631259442981
"23836",0.970879750512873,0.686223550061886,0.0250464192968992
"23837",0.957094527283996,0.690948144264702,-0.0868613381336948
"23838",0.930198604113929,0.749605133289325,-0.110633991341134
"23839",0.926476736110634,0.760435677427444,-0.108996578249097
"23840",0.926336746424958,0.743636689122406,-0.111988848660696
"23841",0.897612361783297,0.913672604917528,-0.109714770053678
"23842",0.932081929547101,1.07255609853952,-0.00739487525374575
"23843",0.932088950123243,1.0720634467072,0.0893231285975897
"23844",0.935587961406615,1.02657651318748,0.178944918533244
"23845",0.946250339230001,0.751057867365755,0.0493305877326868
"23846",0.924588005202013,0.601989530705473,-0.116240043645519
"23847",0.911574511184967,0.603541614506245,-0.131063159230137
"23848",0.920654304570415,0.658045629534198,-0.143497428856881
"23849",0.938314789966103,0.553057476048807,-0.108992688641537
"23850",0.891679821409294,0.646427613040898,-0.141643102916557
"23851",0.884302377433591,0.69821878487446,-0.142836134821086
"23852",0.905020904599748,0.757086645898505,-0.101994695602696
"23853",0.96261972581274,0.696795340897322,0.212646421411021
"23854",1.00690886947858,0.549272674129217,0.198721568649473
"23855",1.00605258318552,0.548225169111515,0.191108969167343
"23856",0.968143097484266,0.559367458089705,0.0782613559488893
"23857",0.945915359309306,0.603833105568622,0.00718809569474067
"23858",0.889893658753976,0.645585386116839,-0.141610261786727
"23859",0.905870226935323,0.628860089363871,-0.0892916207976652
"23860",0.92560573383475,0.577973831915989,-0.0194583218775582
"23861",0.869649906950753,0.463384137976884,-0.153015766713101
"23862",0.843223952945079,0.67408873794702,-0.137172332848635
"23863",0.871186401501045,0.874982693018494,-0.0651745845558345
"23864",0.893505369225996,0.944263503139514,0.245088856127438
"23865",0.918698787598332,0.807493793914158,0.275775390004879
"23866",0.930882184566466,0.736000543768549,0.27103795813895
"23867",0.93193395731221,0.74243782997274,0.271812979676522
"23868",0.916030142558681,0.735953880946562,0.254801611160569
"23869",0.908251595712578,0.275707210254194,-0.227490585373346
"23870",0.981918595077467,0.133944692125372,-0.203451963428923
"23871",1.02450954353449,0.26491704918293,-0.0234317863201028
"23872",1.03406744804654,0.289772262590455,0.050424292020206
"23873",1.00926753898033,0.354091842716777,-0.0877794059427168
"23874",1.02178571120813,0.336673412521464,-0.00719748000276674
"23875",1.00191589232788,0.329909648231079,-0.173388004119619
"23876",1.00062923912125,0.344539845464527,-0.175083451650028
"23877",1.00987770542095,0.273231853007183,-0.125390393595123
"23878",0.983181023438615,0.205085305341242,-0.199202926787235
"23879",0.993138543744773,0.385849348380616,-0.134707070566984
"23880",1.05640967870248,0.347899659415086,0.1717837675581
"23881",1.05526347854592,0.320567582605997,0.172853997758296
"23882",1.04333914603755,0.224438791125452,0.128938210139335
"23883",1.02997145670099,0.148136409800407,-0.0450903819355116
"23884",1.04519884741993,0.119515409231171,0.0107126367377395
"23885",1.03444551152641,0.26274404122682,0.0282938337850874
"23886",1.02662645069685,0.264969743041673,-0.0233841140634097
"23887",1.00594431961221,0.324973702147294,-0.130086749908683
"23888",1.01237676507003,0.42499685283022,0.00382221597342451
"23889",1.04985042894484,0.61864556267286,0.241065821423983
"23890",1.08796238602811,0.56179446030406,0.228768270826772
"23891",1.12986391652278,0.318391579035428,0.181486202396728
"23892",1.09867876925868,0.198983876213923,0.136355870969417
"23893",1.08336317666246,0.19991374455965,-0.0105936877975184
"23894",1.07368067631466,0.152741756000468,-0.0212569864480493
"23895",1.08595791503742,0.0773402732896922,0.00142654235015563
"23896",1.05951809336211,0.209445184163983,-0.162434746506894
"23897",1.0978979827811,0.123891935682681,-0.0254161769793496
"23898",1.05587601558242,0.202050949209919,-0.197475720844843
"23899",1.05270145155357,0.249656384647688,-0.180204208914072
"23900",1.03373740066527,0.279374766264958,-0.186002961242705
"23901",1.0948025592099,0.134600891277513,-0.196391876796908
"23902",1.07341823582389,0.201987401655214,-0.198721079956119
"23903",1.12418390810604,0.17146875167209,-0.080096376893625
"23904",1.1489424455715,0.145262123343388,-0.0222210573017696
"23905",1.15178765462839,0.163403766264314,-0.0146012519485962
"23906",1.20286983682961,0.170083581056697,0.117338798802434
"23907",1.19079865447446,0.201657766255566,0.0822700094688948
"23908",1.1841846007895,0.133861250082025,-0.0216567483568965
"23909",1.20437335971493,0.194634109064765,0.073972678523801
"23910",1.21941380773261,0.187614751126794,0.0749547105438664
"23911",1.22496553053211,0.208168964985336,0.127316515319601
"23912",1.24943100848242,0.236565964711175,0.143401729303779
"23913",1.22357294495575,0.192487680386388,0.00306052100838001
"23914",1.17341604135352,0.197121542088739,-0.0122294280926323
"23915",1.20495200354673,0.142722447116437,-0.0217917873841129
"23916",1.19142563132045,0.160808729553778,-0.020005367383308
"23917",1.19353327300232,0.129592838024269,-0.0277080800798749
"23918",1.22919015659041,0.190640029126788,0.032221514088187
"23919",1.21857459696979,0.144251499162258,-0.0206021541686193
"23920",2.09538940958559,0.0472490598118244,0.00353344582200716
"23921",2.10035864400239,0.0397087977733816,-0.00215094667140372
"23922",2.10974611084041,0.0495526636609157,-0.00123468937439922
"23923",2.18926061753076,0.114708332366084,-0.0224814278905101
"23924",2.25634036723968,0.118771613229939,-0.0190097070772675
"23925",2.29875407748091,0.132029169830219,-0.0158127878881182
"23926",2.3620335035706,0.138211699518444,-0.0126457203142683
"23927",2.38324392028813,0.094027460765274,0.0197691101795739
"23928",2.39642657343802,0.0491888405887887,0.00762986265096703
"23929",2.45680443611017,0.0392010041159889,0.00601335932233133
"23930",2.46939344009536,0.0305006650600343,-0.00178721036385562
"23931",2.53219923933043,0.0332005385208574,0.000819088151411813
"23932",2.55756910125721,0.024123393664397,-0.00249471808784455
"23933",2.62941021746411,0.0196305552984226,-0.00214874413380627
"23934",2.70678848679709,0.0387743229592611,0.00835994048169763
"23935",2.71972762433354,0.0240426390068106,0.00239584551234929
"23936",2.78768333572515,0.0223287530701858,0.00501212217736094
"23937",2.81765537599372,0.0201354600465495,0.00485943537673481
"23938",2.86837772602363,0.0167397756472729,0.00264900085325813
"23939",2.91702538451944,0.0167095636495549,-0.000421268255818452
"23940",2.98889086898482,0.0134706021176198,-0.000943734231158209
"23941",3.01615917349406,0.0137162796901622,-0.00226084489295446
"23942",3.02539700274848,0.0145826160459881,-0.00253312051431802
"23943",3.08438374533746,0.00162229984019567,-0.00427959051647498
"23944",3.14137366650131,0.000799982844302092,-0.00338976725424659
"23945",3.23590579107415,0.0281978269554447,0.0118103974986569
"23946",3.31564120507097,0.0475703975141137,0.0180424890301212
"23947",3.3575161652358,0.0219298071152922,0.0114729348260377
"23948",3.41238230651552,0.0249775356244205,0.013098021823392
"23949",3.47374135256888,0.0213728213418983,0.0126459564415671
"23950",3.50630344836877,0.00580333859517419,0.00608418272486143
"23951",3.59911285516863,0.0213497201337535,0.0136854400721132
"23952",3.65639380120236,0.0332542845972021,0.0168213808656873
"23953",3.75387937615451,0.0332076832280843,0.0175559033062863
"23954",3.76663464625135,-0.0159897954252012,-0.000865846164686143
"23955",3.83202416229458,-0.0224306437814874,-0.00335908938299663
"23956",3.88654291077539,-0.02226069145696,-0.00363440103756078
"23957",3.94581481987994,-0.0291123292364875,-0.00382029084177308
"23958",4.03869923186957,-0.00939359596167481,0.00497611180019774
"23959",4.13192898062675,0.0270728126421208,0.0186627843349149
"23960",4.20440527575747,0.0479078427409551,0.0244599713248398
"23961",4.2420609324756,0.0220320498450883,0.018237286493851
"23962",4.31561523005035,-0.0225152615332613,0.00256263276577024
"23963",4.35647207562637,-0.0432368726300203,-0.00296813522829472
"23964",4.44706393977123,-0.0366224666512413,-4.10896102218168e-05
"23965",4.51091774837544,-0.0491845030078681,-0.00364637406776517
"23966",4.5402126482194,-0.0204978984556287,-0.000793562284223517
"23967",4.61249905919684,-0.0393908251162451,-0.00366566962241956
"23968",4.71813086298685,-0.058585899594915,-0.00410253238812823
"23969",4.80662825198903,-0.024315598579859,0.00375064885810153
"23970",4.85988857976272,-0.0671743815957648,-0.00491539559690646
"23971",7.34083500363999,-0.164050219108302,-0.00879871947235938
"23972",7.35349228929822,-0.162827055154013,-0.00851093234755885
"23973",7.39531067187668,-0.158469922069129,-0.00750477439395277
"23974",7.4236418974395,-0.16035176630022,-0.00768845868750401
"23975",7.44603057934724,-0.161554813152054,-0.00778217386682958
"23976",7.45865063746231,-0.16525263244899,-0.00837637525139031
"23977",7.49825723445661,-0.160948145929167,-0.0073910591575217
"23978",7.52052850463722,-0.165309621589101,-0.00805158852971131
"23979",7.54532765809555,-0.162740686470961,-0.0074640833546413
"23980",7.55699457646594,-0.170732984183098,-0.00882801107850664
"23981",7.59471352547057,-0.172118775675858,-0.0088711480723299
"23982",7.64545523085106,-0.168435608081619,-0.00793499530519557
"23983",7.65549656042209,-0.173392909764431,-0.00876923611709668
"23984",7.69264139558276,-0.174658752475122,-0.00879595921951778
"23985",7.69620548331295,-0.175107558335217,-0.00886076885941591
"23986",7.7330183462399,-0.170446219165199,-0.00783326670624384
"23987",7.76288511542584,-0.174236056317721,-0.00834947588812931
"23988",7.76426709226341,-0.177643681603583,-0.00894830526513041
"23989",7.77956114654307,-0.179666053457023,-0.00922571744004437
"23990",7.77294408753104,-0.179226816781273,-0.00918410597994439
"23991",7.83298821207565,-0.179079791195664,-0.00883134094129114
"23992",7.82996851248659,-0.18005901704641,-0.00902673536534594
"23993",7.83103820873551,-0.178829112039387,-0.00880273868870312
"23994",7.83006894211429,-0.176013870004992,-0.00830559121966133
"23995",7.84018839504828,-0.18098252997108,-0.00913660111133964
"23996",7.84401132429691,-0.18133806684352,-0.00917979411256901
"23997",7.88244707663475,-0.182382030145455,-0.00916043597007054
"23998",7.86624201038935,-0.182456853460228,-0.0092596796990954
"23999",7.87978547841484,-0.183112626835633,-0.00930136510912688
"24000",7.88376430375299,-0.179268343224432,-0.00858876951926549
"24001",7.90597925777824,-0.178853150345182,-0.00839367703992975
"24002",7.92996992553507,-0.182568891223372,-0.00893134969210338
"24003",7.96148853188421,-0.181980500634987,-0.00865660137141529
"24004",7.92800236788321,-0.183895954437868,-0.00918527105845965
"24005",7.92231020896837,-0.182709794317441,-0.00900650562267197
"24006",7.91186897847886,-0.176437985602544,-0.00794268213245542
"24007",7.91384985409799,-0.177378580236556,-0.00809981579056821
"24008",7.90844636856702,-0.1839339456461,-0.00929396025581906
"24009",7.90361141515974,-0.181595239047495,-0.00889963888669005
"24010",7.92209323145104,-0.18252110901122,-0.00896535589520698
"24011",7.9146284518694,-0.183150309355229,-0.0091192024947305
"24012",7.9286469443124,-0.179737099343888,-0.0084311135180863
"24013",7.97141985959878,-0.177865356977792,-0.00786268778773076
"24014",7.98730803758819,-0.176470412135086,-0.00752699462000433
"24015",7.95207819442374,-0.182912416774268,-0.00887204476120908
"24016",7.98889325070193,-0.18425272902738,-0.00891528957151317
"24017",8.03253567883606,-0.187259895794133,-0.00921982819790264
"24018",7.98301432971517,-0.185658200977851,-0.00920468947835557
"24019",7.97928233446739,-0.186956590056529,-0.00945452451113751
"24020",7.97298067423323,-0.186357540464978,-0.00937922938472006
"24021",8.00834542235718,-0.185963651353643,-0.00911659183183199
"24022",8.10142494727539,-0.191167825607304,-0.00954780090284402
"24023",8.13051138188042,-0.19146258023148,-0.00944140392914629
"24024",8.12119412934542,-0.190668528493324,-0.00934935402784425
"24025",8.093235528243,-0.190837326676142,-0.00953336027690723
"24026",8.08478870968405,-0.18881284880844,-0.00922042730799743
"24027",8.07515907862321,-0.189045672877036,-0.00931360848543846
"24028",8.06372768200512,-0.188830428452693,-0.00933673635630965
"24029",8.08863224886264,-0.190255321309892,-0.00945657177637222
"24030",8.08879763698744,-0.190480603312985,-0.00949534822573637
"24031",8.0940392884392,-0.189900287590427,-0.00935975280783553
"24032",8.05794887361357,-0.188304351804747,-0.00927403180166056
"24033",8.07091560955008,-0.184572838389679,-0.00852708457689887
"24034",8.08694857969677,-0.182604012092938,-0.00808672084563453
"24035",8.0895733548185,-0.18499365804949,-0.00850131081830958
"24036",8.10278946474915,-0.186498539691966,-0.0087002730310004
"24037",8.08422822944959,-0.188149315929467,-0.00909901780943202
"24038",8.08919808812696,-0.189979613008074,-0.00940379881067487
"24039",8.11478394162646,-0.190714449581425,-0.00939668118727448
"24040",8.08167801734302,-0.18532294886929,-0.00861501846891099
"24041",8.08801563906197,-0.187682154449433,-0.00900170149515603
"24042",8.08287922279062,-0.187722233739031,-0.00903598934180305
"24043",8.07007844720405,-0.183887415874918,-0.00842200510041533
"24044",8.07803824752287,-0.189944386655294,-0.00945764645693617
"24045",8.0603417562235,-0.189468103058886,-0.00946704601096026
"24046",8.08392975177043,-0.190253543479223,-0.00947820197840715
"24047",8.08715067289222,-0.189984304256091,-0.00941173547573462
"24048",8.09860187957329,-0.189852757576995,-0.00932550642006204
"24049",8.10129502622985,-0.188470332230204,-0.00906184342341857
"24050",8.12096877675617,-0.187459362382061,-0.00877380631267886
"24051",8.13707186011148,-0.188928758244043,-0.00895096741723794
"24052",8.11631078569972,-0.191606438732746,-0.00954667443154819
"24053",8.15064562940205,-0.190336560336852,-0.00912978622619528
"24054",8.15572036608394,-0.192206603517939,-0.00943952571024703
"24055",8.15796629220771,-0.192287536844339,-0.00944644985598433
"24056",8.1758991563089,-0.193374438866336,-0.0095427612654625
"24057",8.17334300173246,-0.193135734306355,-0.00951429132429969
"24058",8.17085452288899,-0.193324682494273,-0.00956034826434526
"24059",8.15007740204318,-0.192678694702495,-0.0095585501414112
"24060",8.16636570543875,-0.192799461808017,-0.00949276850890496
"24061",8.1519248523635,-0.190284381930191,-0.00912304919773281
"24062",8.12697342448992,-0.182250629327181,-0.00782377444483079
"24063",8.12409632362026,-0.177188196582089,-0.00693484929720188
"24064",8.11330055384156,-0.172825794037133,-0.00621431461390717
"24065",8.06022073955667,-0.183575125622719,-0.0084188157390891
"24066",8.03263316898391,-0.185671286106493,-0.00894008359922278
"24067",8.0144521949775,-0.183192519367868,-0.00859584270981665
"24068",8.00957454498328,-0.187114778285258,-0.00932106213827059
"24069",8.00752079803203,-0.187468934097048,-0.0093951239040742
"24070",8.02051403817239,-0.188075644806647,-0.00943338933379751
"24071",8.02086953036079,-0.188168129237288,-0.00944721365692212
"24072",8.04028557178599,-0.188236554734802,-0.00935629057496822
"24073",8.08210621809427,-0.179370409159828,-0.00755051551403419
"24074",8.06209966273738,-0.178278606514958,-0.00746302506749339
"24075",8.03644476817577,-0.186524812839249,-0.00907258015629804
"24076",8.04760829807367,-0.187697329130571,-0.00922143001699457
"24077",8.0648030840828,-0.18968933220142,-0.00948116996164538
"24078",8.08810546733916,-0.189743080320201,-0.00936315157372188
"24079",8.08752058336878,-0.18702187143788,-0.00887668527093154
"24080",8.07619154268218,-0.185235559686358,-0.00861789825185683
"24081",8.09958929628067,-0.18775537291934,-0.00894297471615129
"24082",8.07811101754302,-0.189844896601327,-0.00943674011720629
"24083",8.08739184830341,-0.188226336428089,-0.0090938660150215
"24084",8.06947268710755,-0.189858816588318,-0.00948702805214762
"24085",8.06636546810357,-0.189035538371586,-0.00935920306347828
"24086",8.07514951963568,-0.18949467368179,-0.00938958065160937
"24087",8.10834949253116,-0.18630435911703,-0.00863481613684424
"24088",8.09836944663989,-0.185635405754137,-0.00856872778895792
"24089",8.11963239887463,-0.183033653196004,-0.00798729991247315
"24090",8.12142195912,-0.186268480396678,-0.00855873663845895
"24091",8.11870863444249,-0.186911278995987,-0.00868884083947911
"24092",8.15723223542584,-0.187493080135312,-0.00858386921830497
"24093",8.16738084722993,-0.192734503393781,-0.00947114433210028
"24094",8.16602232960346,-0.193584721732747,-0.00963211460315386
"24095",8.16232532703257,-0.19238149250851,-0.00943436175508815
"24096",8.18886591528128,-0.191753146151293,-0.00917737214036012
"24097",8.14836197479553,-0.192641188613786,-0.00956048909399739
"24098",8.11588447441635,-0.190987417890533,-0.009441230165444
"24099",8.09548753774081,-0.189419069022107,-0.00927110487195612
"24100",8.07658044944153,-0.189898699066421,-0.00945739841530431
"24101",8.05579844154232,-0.189053491461103,-0.00941457906571493
"24102",8.07317754964786,-0.1900546019337,-0.00950076876889053
"24103",8.08165593428495,-0.185711506688349,-0.00867274578597526
"24104",8.06758702079011,-0.186857059466748,-0.00895524306614986
"24105",8.06746162089936,-0.18496877867877,-0.00861700361199299
"24106",8.12695805751957,-0.182884621733365,-0.00792064238044442
"24107",8.09380993440601,-0.188832162846071,-0.00916777044940402
"24108",8.09226645475773,-0.19056830773972,-0.00948925487913138
"24109",8.07604228207242,-0.190218321716943,-0.00951669927136384
"24110",8.07628033781781,-0.190349794663287,-0.00953781055182819
"24111",8.07253016390615,-0.18989415061177,-0.00947838284208206
"24112",8.09280986701337,-0.190832845498433,-0.00953629916799297
"24113",8.07065843729355,-0.185755527354223,-0.00875179489464991
"24114",8.07427298897979,-0.1885895669585,-0.00923711215833906
"24115",8.08562486287576,-0.190623571800425,-0.00953586656297007
"24116",8.07689186749946,-0.18981880415516,-0.00943777660055862
"24117",8.09459249574627,-0.190909995216856,-0.00953936259690061
"24118",8.06985327304489,-0.188859193303894,-0.00930927399422855
"24119",8.06094230785327,-0.184580948615773,-0.00859424131333494
"24120",8.1041301843736,-0.185535277469739,-0.00853280806241097
"24121",8.09738993040189,-0.18818208858602,-0.00904065841960544
"24122",8.07002100825971,-0.188873752460708,-0.00931052383373594
"24123",8.08360853766074,-0.189712493138185,-0.00938289192494801
"24124",8.13408203317794,-0.191087854627897,-0.00936084197058519
"24125",8.14488324679357,-0.192541682688335,-0.00956117756274177
"24126",8.12720544389878,-0.192183114597558,-0.00959135719604077
"24127",8.10953149623149,-0.191490105844834,-0.00956197142363856
"24128",8.10640110657245,-0.191448598053284,-0.00957204971279088
"24129",8.1165605495501,-0.191289995085389,-0.00948698573932772
"24130",8.1391759889356,-0.191895017973685,-0.00947424211265051
"24131",8.10366879576208,-0.185990604631473,-0.00861608382335846
"24132",8.10218673330106,-0.186796990831821,-0.00876760329854972
"24133",8.11917797873372,-0.188368575170546,-0.00895677822260015
"24134",8.10345979809278,-0.188034850081327,-0.00898164489874942
"24135",8.10110543875935,-0.190748466844922,-0.00947498021924347
"24136",8.08260786147385,-0.189939477927473,-0.00943155454274226
"24137",8.03716935455667,-0.188693030423017,-0.00945378942638593
"24138",8.01032694976984,-0.185939026457347,-0.00910827801950177
"24139",8.03399121113215,-0.188539423921443,-0.00944352949422156
"24140",8.03766153203996,-0.188858649485653,-0.0094794062332452
"24141",8.05030691215972,-0.189098271782681,-0.00945370945366112
"24142",8.02138565679401,-0.188349838494884,-0.00947680336259065
"24143",8.0224841051395,-0.188489205993543,-0.00949472557922212
"24144",8.01088261530147,-0.187886262995991,-0.00945083444887953
"24145",8.0185509081516,-0.188067933517058,-0.00944068846215811
"24146",8.02649073089565,-0.186805337839848,-0.00917002688817791
"24147",8.04129100282623,-0.185415860287239,-0.00883933835947739
"24148",8.0193881838191,-0.186051300301341,-0.00907195339636389
"24149",8.02071533562226,-0.188181923505791,-0.00944888022098613
"24150",8.02088718192566,-0.188307872346233,-0.00947230668578661
"24151",8.03257431548132,-0.188544321317952,-0.0094507582501011
"24152",8.01086520104669,-0.187581685756361,-0.00939685870343517
"24153",8.00796810483691,-0.18678759477835,-0.00927155632805471
"24154",8.02584654884951,-0.188251746700732,-0.00943323969209254
"24155",8.03611563843943,-0.188592881130901,-0.00943915844718044
"24156",8.05749985862187,-0.189701911469558,-0.009523463655305
"24157",8.05723763464652,-0.1896486690143,-0.0095159724703976
"24158",8.05139044010833,-0.18918766304473,-0.0094655338238143
"24159",8.06764456663319,-0.189887551434191,-0.00950258314605627
"24160",8.04081277347993,-0.188584880071567,-0.00941531383269995
"24161",8.03130031723344,-0.188508210180638,-0.00945232977358531
"24162",8.04776373057031,-0.189280095267221,-0.00950131844012314
"24163",8.02086436184557,-0.187683814928644,-0.00936198235207155
"24164",8.03304326190745,-0.186354231093077,-0.00906020123229831
"24165",8.0213450671301,-0.187270757360961,-0.00928347578237969
"24166",8.0542800502248,-0.18817036118038,-0.00926368397846804
"24167",7.99643705188034,-0.187066652608725,-0.00938030763522771
"24168",8.03249923386351,-0.186956398814734,-0.00916361623409517
"24169",8.0510431379796,-0.184382840289306,-0.00860061881831587
"24170",8.08769350071857,-0.176517614553071,-0.00699179123907563
"24171",8.08651049246891,-0.178957841949297,-0.0074354885109611
"24172",8.08077547144723,-0.183069047752582,-0.00820399880598151
"24173",8.07522800730605,-0.187691846095838,-0.00906483169625842
"24174",8.06722264886596,-0.189041311202572,-0.00935472417641505
"24175",8.1063849471112,-0.186112317496485,-0.00862312306142987
"24176",8.11244828382487,-0.189030797867991,-0.00911133303953772
"24177",8.10839939628092,-0.183080490712518,-0.00807113969705047
"24178",8.09065001874584,-0.181011408376063,-0.00779732167771053
"24179",8.08731738244876,-0.189168879216964,-0.00926995270584241
"24180",8.08995657115464,-0.189451395362111,-0.00930398399470951
"24181",8.06612109500026,-0.189328625236839,-0.00940949839181664
"24182",8.09619764199451,-0.190813746389381,-0.00951280245168293
"24183",8.1022613442619,-0.189556900510501,-0.00925253514342399
"24184",8.1086051961909,-0.19100931888853,-0.00948364559605541
"24185",8.09612614362048,-0.189210938388064,-0.00923122630257908
"24186",8.10141232894476,-0.187029961084848,-0.00881390913277919
"24187",8.09885516671681,-0.18969704724877,-0.00930232706691402
"24188",8.08564547564757,-0.189251240855931,-0.0092934344235311
"24189",8.08558759155965,-0.190050433388703,-0.00943374799449473
"24190",8.0922413761917,-0.189489918804586,-0.00929507792008222
"24191",8.13309351721757,-0.190069819177206,-0.00917698249388086
"24192",8.10528644956667,-0.190931627143738,-0.00948470310641722
"24193",8.09201447830763,-0.190363969974885,-0.00945490393810159
"24194",8.07263465353743,-0.186589867188634,-0.008881593513699
"24195",8.10003193425506,-0.180856408055822,-0.00770297766532571
"24196",8.10338675781471,-0.180144324105535,-0.00755688119008256
"24197",8.11632756843177,-0.184374619727929,-0.00824545358193047
"24198",8.14500214331816,-0.182648659465603,-0.00778046421677519
"24199",8.13873575222637,-0.18973830383352,-0.00908780243883692
"24200",8.12058023973422,-0.191674890097744,-0.00953676985628452
"24201",8.12407189410824,-0.191025878329438,-0.00940357754675584
"24202",8.13968034552183,-0.192223040786091,-0.0095326060418092
"24203",8.15012953874156,-0.19274828928376,-0.00956915787795869
"24204",8.18531025530574,-0.19364879601657,-0.00953965557900608
"24205",8.14002570790747,-0.188506107683234,-0.00886805349034806
"24206",8.14731500718142,-0.190145761589642,-0.00912161200552427
"24207",8.13883419337199,-0.190168342623465,-0.00917189829693935
"24208",8.14003438606082,-0.184751319957831,-0.00819846030895743
"24209",8.10859216957575,-0.188955825041131,-0.00911805405578517
"24210",8.11296930181594,-0.19088089098842,-0.00943413395446134
"24211",8.11732895734814,-0.191772420405276,-0.00957162817420782
"24212",8.12423983205797,-0.192031045358146,-0.0095810356816676
"24213",8.10106406543996,-0.189491134395101,-0.00925439141487648
"24214",8.09995874379556,-0.187619543794947,-0.00892675133667304
"24215",8.1078667610289,-0.190332856860454,-0.00936744631879958
"24216",8.08457477977958,-0.19012251772192,-0.00945513332293366
"24217",8.10004359822322,-0.190195920940309,-0.00938335197237093
"24218",8.13978868514727,-0.191157713821882,-0.00933694160711607
"24219",8.15508153774432,-0.191876275051153,-0.00938291720245892
"24220",8.13654319985327,-0.192317309453669,-0.00956422319650114
"24221",8.13354200477412,-0.192133813904481,-0.00954757996398221
"24222",8.11794061815109,-0.191788841609737,-0.00957011897215052
"24223",8.10115839434393,-0.191004081091864,-0.00952197901287996
"24224",8.09575827843109,-0.190818835809233,-0.00951643837423183
"24225",8.10802882729155,-0.191251109057593,-0.00952949477988244
"24226",8.11122015601284,-0.190970098867299,-0.00946008742815601
"24227",8.10795240085685,-0.191177174534923,-0.00951666103426921
"24228",8.1386050179848,-0.191377927367521,-0.00938282206807405
"24229",8.16434971359736,-0.192934404744867,-0.00952516739047509
"24230",8.15163149686069,-0.191192148214877,-0.00928549468369685
"24231",8.13752087805492,-0.185786257991445,-0.00839720762576314
"24232",8.125307492429,-0.182291394677281,-0.00783953193377026
"24233",8.10212649103182,-0.182649832568163,-0.00802794196381512
"24234",8.08873116736248,-0.188252714770841,-0.00910032967780604
"24235",8.08967677534613,-0.190212088038147,-0.0094425892549087
"24236",8.07747904475505,-0.189929429639426,-0.0094546574351347
"24237",8.07987769014764,-0.188339193826431,-0.00915500476398489
"24238",8.07554849325462,-0.18957958747929,-0.0094025810012275
"24239",8.05063619174888,-0.188654406814549,-0.00937518045241329
"24240",8.0624691334023,-0.189378494482428,-0.00944091333827402
"24241",8.05809882326509,-0.188550732000801,-0.00931737655286623
"24242",8.06786871519838,-0.189380001871,-0.00941224084775488
"24243",8.04301977477269,-0.187539925222936,-0.00921769447065137
"24244",8.02772695916134,-0.187011527868895,-0.00920554494822029
"24245",8.02791698900337,-0.184074063835075,-0.00868048217303174
"24246",8.07421001366866,-0.185783954570227,-0.00873707641141541
"24247",8.05726749474801,-0.186048274601382,-0.0088756892842433
"24248",8.07172930318135,-0.188393159683985,-0.00921576950818627
"24249",8.06051345143367,-0.187492649883254,-0.00911644257093649
"24250",8.04585944058123,-0.186934396935257,-0.0090959698374161
"24251",8.06327035521566,-0.189801095363799,-0.00951074184185081
"24252",8.06787467858009,-0.189917158018801,-0.00950557194326022
"24253",8.08016877613805,-0.188534028412374,-0.00918853501719563
"24254",8.10282721059777,-0.1894921470176,-0.00923828220610365
"24255",8.101818261396,-0.190944043210422,-0.00950725411433053
"24256",8.10577441143167,-0.188441441436877,-0.00904201393135324
"24257",8.10594266450595,-0.18929451963553,-0.00919356123720157
"24258",8.09603529533175,-0.190347438740046,-0.00943382481163104
"24259",8.05973990991159,-0.185731221988198,-0.00880561747626781
"24260",8.02857110952536,-0.185405343629889,-0.00891496481415719
"24261",8.00210415230473,-0.187430000976523,-0.00941563487032891
"24262",8.03722403079894,-0.187751100130142,-0.00928208345350745
"24263",8.02598819716887,-0.187527654093042,-0.00930694139230427
"24264",7.97087678051476,-0.185679340639361,-0.00927325910537343
"24265",7.98946158754956,-0.187289226671526,-0.00945822705391842
"24266",7.97775544327991,-0.18663984958021,-0.00940442682859072
"24267",8.02164893421569,-0.180654130847341,-0.00809072853213452
"24268",8.06048744709758,-0.188166323297731,-0.0092306689310432
"24269",8.06090122571874,-0.188067121749184,-0.00921532432326273
"24270",8.05775680167454,-0.184615920317753,-0.00861728710674999
"24271",8.08314224680602,-0.189518308358024,-0.00935530008395243
"24272",8.10824200077919,-0.191230932874938,-0.00952480309458302
"24273",8.12130832703349,-0.191621468331682,-0.00952335055867081
"24274",8.10620786387981,-0.189835082907467,-0.00928812179317687
"24275",8.0853633231677,-0.181909119746639,-0.00798608242715394
"24276",8.07975999167236,-0.17705393562071,-0.00714955407100781
"24277",8.08955520148349,-0.1900288624491,-0.00941139327954052
"24278",8.06536464837722,-0.18886301324728,-0.0093343469253661
"24279",8.04792942205243,-0.188766212799752,-0.00940822660377336
"24280",8.06349308911547,-0.188101919128421,-0.00920126094630299
"24281",8.06821472620621,-0.187988152672905,-0.00915504872304445
"24282",8.0686498684995,-0.189334180346095,-0.00939941479490792
"24283",8.08313137642203,-0.187096447976573,-0.00892406464436288
"24284",8.08640881533213,-0.186688264524297,-0.00883389418658315
"24285",8.08197831959167,-0.189936297599253,-0.0094353376236354
"24286",8.08493788481512,-0.190605410643516,-0.00953795467092232
"24287",8.08285001273071,-0.189330397933596,-0.00932290749191703
"24288",8.0797678984452,-0.189106158925978,-0.00929989793811958
"24289",8.06303808538162,-0.187561685417191,-0.00911441659108271
"24290",8.01392918233525,-0.186704355095357,-0.00922447349550016
"24291",8.0052537405111,-0.187151666545436,-0.00935078328878487
"24292",8.01495661224325,-0.184745330779195,-0.00886162657781248
"24293",8.03742855693479,-0.184376739619044,-0.00867319951070191
"24294",8.01961247233175,-0.185845014859146,-0.00903498438431822
"24295",8.04259315907773,-0.183778103484587,-0.00853948581684972
"24296",8.10660445003896,-0.18097863017581,-0.0076891498118739
"24297",8.13114456321337,-0.180596285048387,-0.00748751911103945
"24298",8.11332968796416,-0.183684395620613,-0.00813836845415673
"24299",8.12189510556893,-0.182911708834916,-0.00795288893710713
"24300",8.13381271399117,-0.187439775580712,-0.00870063997176934
"24301",8.1234177259166,-0.191177194847237,-0.0094297446766735
"24302",8.12159995739913,-0.19175193376892,-0.00954601922749314
"24303",8.08667240901589,-0.190394787435007,-0.00949079042551211
"24304",8.1052917398948,-0.190104171556402,-0.00933507067434731
"24305",8.11506323949964,-0.189791274073309,-0.0092250641314727
"24306",8.11928504580019,-0.189367762173211,-0.00912593850745387
"24307",8.14498315603059,-0.188372434943498,-0.00880781704397338
"24308",8.14756382171421,-0.189926151231667,-0.00907325283063613
"24309",8.12686519086576,-0.191766852277517,-0.00951881832376153
"24310",8.13202900085467,-0.19077609154316,-0.00931078557801717
"24311",8.16395898542223,-0.188758469556992,-0.00877436443546577
"24312",8.16478359891065,-0.187559436293473,-0.00855508959252681
"24313",8.18551710376025,-0.189330873297037,-0.0087605043056035
"24314",8.16774970604472,-0.191818484441143,-0.00930432711691815
"24315",8.11408547859144,-0.190895567535758,-0.00943086046867437
"24316",8.10542436947881,-0.190730767905219,-0.00944737465373704
"24317",8.12933966370537,-0.191759257094893,-0.00950320117889876
"24318",8.13003442329429,-0.191668213101114,-0.00948448915356383
"24319",8.12380419591558,-0.186963873748939,-0.00868092211060848
"24320",8.10703670695131,-0.188906829938601,-0.0091179758151639
"24321",8.10648549379266,-0.191427343509577,-0.00956888949119392
"24322",8.11834727510294,-0.191867235289524,-0.00958279483073829
"24323",8.1177271424109,-0.190936369174988,-0.00942162599057566
"24324",8.10162842892796,-0.190695378126391,-0.00946506174811712
"24325",8.12629228791095,-0.191763990494692,-0.00951930178601914
"24326",8.12423160556337,-0.191754803747598,-0.00953030827845269
"24327",8.11741595545461,-0.191339551860335,-0.00949543461831907
"24328",8.06043459822865,-0.185192283851602,-0.00870589397448772
"24329",8.05035014225431,-0.185911387293908,-0.00888863988780927
"24330",8.06170568268387,-0.1894048420913,-0.00944736951394719
"24331",8.06222807688276,-0.18956750165199,-0.00947520708875935
"24332",8.05228822278186,-0.188653279854226,-0.00936616686571482
"24333",8.01824837246852,-0.186300439594257,-0.00912959152696721
"24334",8.01589146229711,-0.186263131954708,-0.00913559799206848
"24335",8.01429345659406,-0.185760574783787,-0.00905466640359764
"24336",8.02204103607118,-0.188464908221004,-0.00949373265155622
"24337",8.02335338616401,-0.187886113826029,-0.00938458831064152
"24338",8.03181577810168,-0.188758766270352,-0.00949416271343441
"24339",8.03842762734946,-0.188541459977879,-0.00942096580828649
"24340",8.04771513233209,-0.1888590911061,-0.00942743494089267
"24341",8.04455088575172,-0.188198478616503,-0.00932670059358398
"24342",8.04407674646211,-0.189119955710219,-0.00949238049739196
"24343",8.03424293921399,-0.188727633075436,-0.0094734511460865
"24344",8.02149701134196,-0.184998139000282,-0.00887113564098035
"24345",8.03399709361873,-0.183876050550133,-0.00860175495729169
"24346",8.02512796696251,-0.182154746719849,-0.00834077462689737
"24347",8.01623642809059,-0.185039935208812,-0.00890683548382165
"24348",8.0633391706993,-0.181076121468827,-0.00794095056225344
"24349",8.06587400995501,-0.186450698974004,-0.00889200308671947
"24350",8.07879270099975,-0.186285443302171,-0.0087921721679855
"24351",8.10790402053017,-0.188021197213448,-0.00894583042020238
"24352",8.10227881925253,-0.1911290104857,-0.00953711210434063
"24353",8.09190802211059,-0.190276348532461,-0.00944236853242091
"24354",8.11770627044528,-0.19083655526048,-0.00940400525736364
"24355",8.11460873822623,-0.189708631493916,-0.00922038615925946
"24356",8.13608555319829,-0.189838477930025,-0.0091282156610217
"24357",8.15385101201498,-0.192417497928605,-0.00949160790323704
"24358",8.14171892066973,-0.187787914189621,-0.00873297764018083
"24359",8.13444944860722,-0.188105915284881,-0.00882868307612421
"24360",8.11560710139862,-0.189775541928576,-0.00922735366281937
"24361",8.09570749778374,-0.190909548939209,-0.00953424572703893
"24362",8.08038820197113,-0.190275478395458,-0.00950308952273049
"24363",8.0899979709742,-0.190277629409911,-0.00945270776601517
"24364",8.10841474780334,-0.190981363024638,-0.00947580147958715
"24365",8.10759853605097,-0.18982872403279,-0.00927253028758873
"24366",8.09003196764166,-0.190938871686343,-0.00956921720681501
"24367",8.08480840001319,-0.190222245108227,-0.00946756277653803
"24368",8.08006457374811,-0.189867053079635,-0.00943315161858029
"24369",8.1137522599577,-0.191623740246167,-0.00956366723371909
"24370",8.09148962428892,-0.190580914949907,-0.00949588530926205
"24371",8.09159119689503,-0.189327804970806,-0.00927052064247789
"24372",8.05201733025702,-0.18855959124556,-0.00934732114193033
"24373",8.04412615672287,-0.188426765893998,-0.00936617320888895
"24374",8.05796473589213,-0.184307028879811,-0.00854964559385655
"24375",8.08711389860104,-0.180777664957504,-0.00775860094032872
"24376",8.08384192970887,-0.187932945429345,-0.0090600338530997
"24377",8.09669147045797,-0.19033944842882,-0.00942385691936351
"24378",8.07175180666497,-0.190163998299429,-0.00952983491617814
"24379",8.05508905411957,-0.188925995467891,-0.00939962496689419
"24380",8.06742013576637,-0.189731524228198,-0.00947534978106557
"24381",8.08779749433057,-0.19034819552233,-0.00947707108142813
"24382",8.08083380564709,-0.189916376924094,-0.00943790187773144
"24383",8.09164086849694,-0.19051375751725,-0.00948617720772042
"24384",8.07135380528969,-0.190127022171596,-0.00952556236679627
"24385",8.07618503921837,-0.18982286794832,-0.00944224577251657
"24386",8.09679065240438,-0.188771369708181,-0.0091410021506857
"24387",8.07360833782111,-0.189129575406502,-0.00933121339932859
"24388",8.09882997947344,-0.19058394927483,-0.00945640094052428
"24389",8.10547722734294,-0.191332416712596,-0.00955565965071597
"24390",8.09063197277907,-0.190902030401196,-0.00955940032137244
"24391",8.11828882809057,-0.189673357321397,-0.00919422507764205
"24392",8.13095575423426,-0.190056858645714,-0.00919445957358734
"24393",8.10106505136001,-0.188993237409238,-0.00916637034219755
"24394",8.08255747846403,-0.185058840572211,-0.00856332882736246
"24395",8.07186322321415,-0.18828683424589,-0.00919595876223669
"24396",8.08083602473366,-0.189684574531826,-0.00939631552271856
"24397",8.06702259110585,-0.187611589687056,-0.00910208750040518
"24398",8.09608336656472,-0.191046679610355,-0.00955613974291036
"24399",8.08827939582543,-0.186244033485949,-0.00874355368518116
"24400",8.09731423595149,-0.185263648007658,-0.00852020328965018
"24401",8.07000287531473,-0.186321118942421,-0.00885603549602359
"24402",8.06202837052995,-0.189212076802865,-0.00941366669721598
"24403",8.05678031413819,-0.189411021701817,-0.0094764715520125
"24404",8.06028309203785,-0.18946158109193,-0.0094654190636402
"24405",8.04894843198327,-0.188620609599993,-0.00937838344761412
"24406",8.05357254791833,-0.188895398530197,-0.00940222285486974
"24407",8.03091643266592,-0.187182556359779,-0.00921948908399401
"24408",8.04415883639886,-0.188859655095935,-0.00944539493436037
"24409",8.04526322038696,-0.187979966345175,-0.00928213520544024
"24410",8.07466184271077,-0.183692557719053,-0.00834920760464079
"24411",8.12479238519099,-0.176381438718849,-0.00676674854146267
"24412",8.0995570972833,-0.183275493240901,-0.00813919296613327
"24413",8.08111085233133,-0.183179201119474,-0.00822217945510633
"24414",8.08202868567125,-0.188490576137554,-0.00917151700956171
"24415",8.09664449469371,-0.190454671376621,-0.00944805322036134
"24416",8.09768746643806,-0.190727750362032,-0.00949212402649418
"24417",8.11802849111193,-0.191588710507826,-0.00953323021238785
"24418",8.13754041047268,-0.191160993589482,-0.00934958349201891
"24419",8.11861891860993,-0.191438827492349,-0.00950354650528815
"24420",8.11632960712454,-0.190605912631202,-0.00936530043385259
"24421",8.12106793378159,-0.191690375428811,-0.00953601467393419
"24422",8.13245155317088,-0.192241537711505,-0.00957433244594969
"24423",8.15335761842686,-0.193079183249394,-0.00961051190368323
"24424",8.12508380185132,-0.192025054346328,-0.00957541612891863
"24425",8.10137628601288,-0.189771054127798,-0.00930232949812695
"24426",8.0764994408641,-0.190311728339429,-0.00953060254055956
"24427",8.09453820307106,-0.190438226971919,-0.00945411521957915
"24428",8.10116892232553,-0.190681452052148,-0.00946146708857997
"24429",8.13279196591006,-0.190134693588529,-0.00919044776338677
"24430",8.02575582918602,-0.185588594689061,-0.0089630248312869
"24431",8.05888000977856,-0.185855155316416,-0.0088322549314543
"24432",8.06049533915995,-0.18737213580691,-0.00909474000728393
"24433",8.06908545651503,-0.18974663043392,-0.00946939011432493
"24434",8.06343650786007,-0.189478693812721,-0.00945300860886211
"24435",8.0546557520854,-0.185269157209253,-0.00875074713198587
"24436",8.06608938018938,-0.187438070611272,-0.00907613307283854
"24437",8.06449944207624,-0.182885022808753,-0.00827259257361834
"24438",8.06723525161188,-0.186966806366294,-0.00898593065121397
"24439",8.0322938504238,-0.17955804279099,-0.00785143317718399
"24440",8.00589943622411,-0.179880735636747,-0.0080506319878016
"24441",7.99626563689362,-0.185229863527706,-0.0090572715979606
"24442",8.01006214684492,-0.187672477091489,-0.009417159216803
"24443",8.02147719611481,-0.188132189996141,-0.0094358696011548
"24444",8.02390226276368,-0.188201925674998,-0.00943636979354174
"24445",8.03566464977499,-0.188509777266138,-0.00942719485395067
"24446",8.08217061362977,-0.183719134919617,-0.00831360526489775
"24447",8.05365097425652,-0.189145123869421,-0.00944625048904796
"24448",8.04873920583568,-0.189054637482735,-0.00945594977760957
"24449",8.05367154298403,-0.188410847670944,-0.00931626370193121
"24450",8.04603688072512,-0.187723504934427,-0.00923406312863
"24451",8.02424720151269,-0.18743158267273,-0.009298761930189
"24452",8.03339038738019,-0.187554758535777,-0.00927174922019235
"24453",8.02256536875998,-0.186074945119612,-0.0090661923469852
"24454",8.0175598786579,-0.185975059787894,-0.00907569276658781
"24455",8.01141300611192,-0.187224821805161,-0.00933065181274626
"24456",8.03588845399282,-0.185392372851794,-0.00887292325658145
"24457",8.01954403557914,-0.184343392449343,-0.00877386917251851
"24458",8.01198158990536,-0.186582265263958,-0.0092140618042755
"24459",8.03425162208996,-0.188189151386284,-0.00937666477958511
"24460",8.02465324033653,-0.188352619021166,-0.00945930249805844
"24461",8.03357518166994,-0.188377033439891,-0.00941462104189248
"24462",8.04564357436587,-0.187607475494057,-0.00920936937045898
"24463",8.06429138424036,-0.189809548778174,-0.00950679388831866
"24464",8.04952119723914,-0.188794632187642,-0.00940691220194487
"24465",8.07883085756116,-0.190143539037871,-0.00948567691431618
"24466",8.09564540253248,-0.190847308928362,-0.00952265325163216
"24467",8.09626063293178,-0.190604000165996,-0.00947653555246467
"24468",8.10201999235846,-0.191054681562625,-0.00952640445137979
"24469",8.06443463673019,-0.187120804395684,-0.00902847102051058
"24470",8.09217277880227,-0.190452486012627,-0.00946936944799772
"24471",8.09377992004425,-0.190525219594546,-0.00947498999906752
"24472",8.12586000050755,-0.189885558880052,-0.00918355328860372
"24473",8.12203824270136,-0.190471835538586,-0.00931008340561823
"24474",8.13033291018208,-0.188878423049525,-0.00897855624209078
"24475",8.14327936562402,-0.18362706327546,-0.00796522580959263
"24476",8.16049529408103,-0.192694364490077,-0.00950067896168585
"24477",8.13286969175033,-0.192374491151188,-0.00959421636650813
"24478",8.13170241938834,-0.190701581687886,-0.00929799548139106
"24479",8.1259785258574,-0.191957756546647,-0.00955823261387024
"24480",8.14194660416202,-0.191913685838131,-0.00946064840285303
"24481",8.12079460175753,-0.191505732366497,-0.0095036828806673
"24482",8.12417566247855,-0.189999510831892,-0.00921981845805951
"24483",8.1411366361755,-0.191957564796515,-0.00947720544780984
"24484",8.09479906349246,-0.18826187411863,-0.00906869202264527
"24485",8.09152747765278,-0.186399998704836,-0.00875435118327908
"24486",8.08480061149954,-0.185938036107513,-0.00870834246545302
"24487",8.07799763690707,-0.184497740930844,-0.00848797772625884
"24488",8.06899288424013,-0.189792385328721,-0.00947851520764818
"24489",8.09123558528041,-0.189342509311566,-0.00927437992700987
"24490",8.11241456890105,-0.188290647294232,-0.00897067576103894
"24491",8.09391975230636,-0.189748363199748,-0.00933751383152924
"24492",8.04997338105017,-0.184650334634314,-0.00866469348714761
"24493",8.04934988654493,-0.183520874174163,-0.00846739252147521
"24494",8.02828599813403,-0.184199030489349,-0.00870094934777087
"24495",8.04510009255106,-0.185536432816729,-0.00884966331672382
"24496",8.05215561919194,-0.185171176616287,-0.00874653467751468
"24497",8.03585965338796,-0.181625368147242,-0.00820136616611912
"24498",8.01740697720381,-0.182256915874153,-0.00841310159857359
"24499",7.98733570371736,-0.185967677535098,-0.00923273237591363
"24500",7.98896953150443,-0.186535796437453,-0.00932491171673813
"24501",8.01337198502848,-0.18482921775072,-0.00888541378060495
"24502",8.05290864797691,-0.17852573308339,-0.00753919630074909
"24503",8.08633701440104,-0.175833658498719,-0.00687638964324778
"24504",8.0675881094579,-0.180385251457014,-0.00779326571782535
"24505",8.0698777567146,-0.180329168051703,-0.00777130121323214
"24506",8.05722010004649,-0.18432865047515,-0.00855707042097888
"24507",8.03456456135202,-0.188335977956523,-0.00940219804034983
"24508",8.0580739679781,-0.187484816989564,-0.00911967409692799
"24509",8.0689404807779,-0.188409731371163,-0.00922833565139635
"24510",8.07331334917077,-0.188906834251382,-0.00929459233336516
"24511",8.07809282124273,-0.18879499674842,-0.0092533327114092
"24512",8.09849226388541,-0.189559926395824,-0.00927984640568758
"24513",8.08681908263203,-0.189326114198595,-0.00930198665306696
"24514",8.11839558659816,-0.190037561170476,-0.00925160869107613
"24515",8.1134877038947,-0.190788914557577,-0.00941316455516019
"24516",8.14726783727968,-0.1870445264523,-0.00855722512380765
"24517",8.14935144749105,-0.19221491059171,-0.00947754110949507
"24518",8.11786880901429,-0.190735564285304,-0.00938466748996993
"24519",8.113584782039,-0.190335172465448,-0.00933703551884374
"24520",8.10234919077939,-0.190764751031691,-0.0094735212834503
"24521",8.0779977995439,-0.18703905161173,-0.00894096628877261
"24522",8.06366961992697,-0.187667236078518,-0.00913003113425232
"24523",8.02881564303209,-0.185250475032171,-0.00888544637661053
"24524",7.98360824991556,-0.183897796742177,-0.00888809303777994
"24525",7.95084822917392,-0.184327027909051,-0.00913906015772385
"24526",7.94935895194055,-0.185018615342721,-0.00927041817911532
"24527",7.99255139524515,-0.185172360998044,-0.00906474354303674
"24528",7.93753911692021,-0.185163065819332,-0.0093589148270517
"24529",7.92805755569416,-0.184122823116768,-0.00922128317403511
"24530",7.94746813365223,-0.185381666665579,-0.00934148047977112
"24531",7.9650137470021,-0.184443833911881,-0.00907859862467484
"24532",8.16503244208689,-0.191911611995262,-0.0093420262891143
"24533",8.13207152339493,-0.191217178375034,-0.00939504927227855
"24534",8.11779012788967,-0.191255410713717,-0.00947832904814025
"24535",8.10891249163618,-0.191391622600708,-0.00954818068305083
"24536",8.08613405448691,-0.190047005601004,-0.00943235496268854
"24537",8.08959282407589,-0.190119826229488,-0.00942726120416399
"24538",8.08153542855122,-0.189412065445618,-0.00934467486782867
"24539",8.13463436856758,-0.183201241122723,-0.00793641559851552
"24540",8.18133730794927,-0.182774908095947,-0.0076063410708392
"24541",8.158160599599,-0.189089404704945,-0.00886475421141203
"24542",8.1599070608356,-0.192092656504911,-0.00939565346884713
"24543",8.13210754937638,-0.191810851571896,-0.00949748046568836
"24544",8.12153968468103,-0.191673145392033,-0.00953161067490591
"24545",8.14020327724838,-0.191095985487788,-0.00932365305148925
"24546",8.14637104570719,-0.190151505302864,-0.00912022816307884
"24547",8.16119434605051,-0.191781019455462,-0.00933310986527205
"24548",8.13562376984335,-0.192076944716404,-0.00952657989227683
"24549",8.1659328465386,-0.192906078911406,-0.00951405846315285
"24550",8.15477739621,-0.191209067160904,-0.00927102737034741
"24551",8.16217079663409,-0.189983973021144,-0.00901300344549185
"24552",8.16609202537504,-0.185609070188826,-0.00821180192786339
"24553",8.12582084643712,-0.184751395521538,-0.00827595891015244
"24554",8.11467583445239,-0.184626399347637,-0.0083131636301561
"24555",8.09394698039337,-0.190188125982284,-0.0094152523660594
"24556",8.07392132833542,-0.189450257269828,-0.00939152850286782
"24557",8.07773240826421,-0.190387372930589,-0.00953702339184571
"24558",8.09133284822717,-0.190730800048144,-0.0095262393858823
"24559",8.04346341307411,-0.188144344913407,-0.00932311790070178
"24560",8.06813597892566,-0.18929554974629,-0.00939557174984119
"24561",8.06836029924139,-0.187211158975442,-0.00902330325601338
"24562",8.07242881951849,-0.190260359281102,-0.00954239979651064
"24563",8.10535589891491,-0.190533817557683,-0.00941161954946406
"24564",8.08204468335917,-0.188899627143732,-0.00924401206719798
"24565",8.04779465502634,-0.189050993429161,-0.00946087976034442
"24566",8.0575060516972,-0.18948217969909,-0.00948343037471543
"24567",8.07268331578162,-0.189420213883536,-0.00938934542941646
"24568",8.06743273997687,-0.186228719248198,-0.00884438594098801
"24569",8.1246937913627,-0.185305340433152,-0.00836665477129051
"24570",8.1199687098883,-0.189469948997799,-0.00914024749272181
"24571",8.14046998781759,-0.189719633142437,-0.0090740032716697
"24572",8.12752555935708,-0.19184986813064,-0.00952991217362797
"24573",8.1411368912045,-0.192589515131306,-0.0095890385094039
"24574",8.14978877602409,-0.192523180998076,-0.00953173702288379
"24575",8.14178180918184,-0.189271309905727,-0.00899542916590221
"24576",8.11709481594974,-0.186994708782167,-0.00872248615865
"24577",8.12021988604828,-0.19015753142503,-0.00926984939443248
"24578",8.13205247332104,-0.191570427106835,-0.00945719910538458
"24579",8.12920064524804,-0.191924693981018,-0.00953539449631868
"24580",8.09836964655043,-0.190070555464144,-0.00937159855085813
"24581",8.11897178241406,-0.188183788625287,-0.00892391445195343
"24582",8.14355157577293,-0.191917131927256,-0.00945768961979403
"24583",7.95764985134456,-0.18618889519717,-0.00943281728417964
"24584",7.98613796148836,-0.185849176175867,-0.00921570423758622
"24585",7.98395960597946,-0.186562442737562,-0.00935658741809434
"24586",7.99599583386382,-0.184165263899646,-0.00886877908965167
"24587",7.96605346095695,-0.182198507107627,-0.00867838808483211
"24588",7.96935628525407,-0.18459888529814,-0.00908903980504555
"24589",7.98535871932431,-0.186312328397003,-0.00930847602591804
"24590",8.02387751094835,-0.18691791799877,-0.00920332090583159
"24591",8.03632788554977,-0.184297662842339,-0.00866455353364046
"24592",8.05813297441171,-0.179818526102625,-0.00774311508977284
"24593",8.11384889731674,-0.177412436793203,-0.00701063764621639
"24594",8.11189103316287,-0.181819754930412,-0.00781114079499369
"24595",8.10755895469262,-0.187995717769956,-0.00894347806787175
"24596",8.08906754578326,-0.190403208227319,-0.00947992689453226
"24597",8.07516469814319,-0.190383504486025,-0.00955034169983235
"24598",8.07799895178888,-0.190353290029629,-0.00952827445654904
"24599",8.06684008661734,-0.189970373873491,-0.00952022073500055
"24600",8.06217536987289,-0.189528677190828,-0.00946528704513135
"24601",8.04640246636837,-0.189307929605719,-0.00951362742775604
"24602",8.05543604962532,-0.188908326546731,-0.009394978857958
"24603",8.04611696483748,-0.187427689790827,-0.00918156734138408
"24604",8.05119180275979,-0.189401277838844,-0.00950468670956641
"24605",8.07751597584422,-0.189219063783951,-0.00932619416827914
"24606",8.09334004417005,-0.189044972195298,-0.00921005136532678
"24607",8.0695205548466,-0.189077801667742,-0.0093464527572388
"24608",8.0276921070154,-0.185005820800078,-0.00884839080208534
"24609",7.99669127069788,-0.183222871449831,-0.00869730009022399
"24610",7.96988907010632,-0.185295460691628,-0.00920929406374872
"24611",7.9808330061025,-0.186194076871938,-0.00930976616895825
"24612",7.99629082211958,-0.18615119796292,-0.00921952632289389
"24613",8.00936342999642,-0.183812880984093,-0.00872375214318987
"24614",7.99848405815258,-0.186022682516372,-0.00918083737819716
"24615",8.05720482370706,-0.177041429044346,-0.00725018150382882
"24616",8.0799573282345,-0.176522025236267,-0.00703444951270751
"24617",8.08517400723646,-0.177764793489215,-0.00722933287745607
"24618",8.09111783225061,-0.184273985707306,-0.00836508968555919
"24619",8.1505664793434,-0.186924895151984,-0.00851987977689749
"24620",8.14760738458496,-0.191028256559821,-0.00927455681308789
"24621",8.15388168763062,-0.191832880232062,-0.00938518437602064
"24622",8.15180218055629,-0.191695481551595,-0.00937386084713434
"24623",8.14161246000906,-0.191521350499477,-0.00939715533736965
"24624",8.15623454956945,-0.193230008958543,-0.00962149623624953
"24625",8.15563046404863,-0.19271677513778,-0.0095314976514137
"24626",8.15731159180375,-0.193119879608935,-0.00959767206077045
"24627",8.12935431505471,-0.191955799360163,-0.00954092989442789
"24628",8.10357079498447,-0.189509220032386,-0.00924410048514622
"24629",8.08751980144673,-0.190581531900512,-0.00951969279309529
"24630",8.08726221432622,-0.190070175880039,-0.00942661102126154
"24631",8.09316917338861,-0.19081379056856,-0.00952905118303535
"24632",8.09280152065754,-0.190958761982471,-0.00955767028822251
"24633",8.12431426741138,-0.189066562628151,-0.00904466254241472
"24634",8.17499621522183,-0.19051224683862,-0.00902892814090712
"24635",8.17507591852429,-0.193171218932329,-0.00950664917703023
"24636",8.17299918902471,-0.193666123712435,-0.00960997203443805
"24637",8.18848892466534,-0.194132494888412,-0.00961013846370415
"24638",8.18165323754057,-0.193582853029313,-0.00954824147773415
"24639",8.19019761749548,-0.193616016078782,-0.00950697572758511
"24640",8.18563935055404,-0.19346043800603,-0.00950229772008956
"24641",8.18499434710514,-0.193322530917294,-0.00948072625986311
"24642",8.17690418989944,-0.193968607749182,-0.009642273159419
"24643",8.16139948812111,-0.19323869396954,-0.00959538298692371
"24644",8.13056867041422,-0.189933378667459,-0.00917527938231294
"24645",8.08046156005676,-0.187018815882171,-0.00892390103976892
"24646",8.08556265425016,-0.190024056454716,-0.0094299592623104
"24647",8.1031648871453,-0.191159723148998,-0.00953798707174194
"24648",8.11133677857411,-0.191187689112058,-0.00949749108564931
"24649",8.10048070356222,-0.191156688249777,-0.00955120792990033
"24650",8.10600539905181,-0.19106831793738,-0.0095080189760491
"24651",8.0669404236651,-0.186471762464684,-0.00889948548946806
"24652",8.06366428695454,-0.188850321606918,-0.00933998120603247
"24653",8.07561123246819,-0.189851932925619,-0.00945092174894188
"24654",8.08771964059592,-0.190496556594036,-0.00950316667978932
"24655",8.07113140435622,-0.189129683321143,-0.00934978267361023
"24656",8.06157582885237,-0.189864229493306,-0.00953040466236432
"24657",8.07559053339692,-0.190223099746921,-0.00952028887203238
"24658",8.09655381450696,-0.190803940119589,-0.00951023939385359
"24659",8.10543501994852,-0.191059903816105,-0.00950927242508713
"24660",8.10827454290196,-0.188493552067277,-0.00903778788004933
"24661",8.08894634345903,-0.187044643162115,-0.00888302437658646
"24662",8.08118858050497,-0.185049410073402,-0.0085685978283146
"24663",8.09327176837965,-0.18887961717176,-0.009186828455157
"24664",8.09364416244908,-0.18705045141717,-0.00885879372349803
"24665",8.08969789348898,-0.184628317042629,-0.00844772803379572
"24666",8.07386682495542,-0.187325514681455,-0.00901420126842136
"24667",8.06243463950761,-0.18709379403528,-0.00903399948117269
"24668",8.07161944991362,-0.189641483106273,-0.00943775684424943
"24669",8.04966084244871,-0.187221958828959,-0.00912521005739639
"24670",8.05075931886617,-0.18761229365027,-0.00918891450306623
"24671",8.03865813491288,-0.181879918714076,-0.00823176631410196
"24672",8.04434980173795,-0.188062427270119,-0.00930390759056829
"24673",8.06403941875873,-0.189572188588094,-0.00946587721832029
"24674",8.04435318948551,-0.188660841669453,-0.00941039839995357
"24675",8.06855856370299,-0.189868791892398,-0.00949201065196348
"24676",8.10697000696666,-0.191056769979744,-0.00949876994938503
"24677",8.07579380919229,-0.18909161333279,-0.0093188015948452
"24678",8.05770202859616,-0.189307037873068,-0.00945261993284083
"24679",8.03736985750578,-0.188852244940407,-0.00948124484582289
"24680",8.01797392765525,-0.186846327677317,-0.00922833646751016
"24681",8.03589465117255,-0.186590709735242,-0.00907939387449364
"24682",8.0557097541643,-0.185467519425598,-0.00877063682635841
"24683",8.04547207276807,-0.188546727856484,-0.00938013367270176
"24684",8.04669353596886,-0.187509143889959,-0.00918598773206418
"24685",8.10558769430103,-0.190934230861102,-0.00948657681357024
"24686",8.1095323813953,-0.191311508897252,-0.00953217831791654
"24687",8.14352773212608,-0.19268923049345,-0.00959309219118842
"24688",8.16824961649129,-0.193440756003992,-0.00959380835549279
"24689",8.1406031452776,-0.191860831132459,-0.00946314683400679
"24690",8.11044359443565,-0.190033831385058,-0.00930025106774996
"24691",8.10976474085381,-0.189861013200802,-0.00927317802523227
"24692",8.12354550696586,-0.191934881798201,-0.00956796651485735
"24693",8.11547679967203,-0.191397658306781,-0.00951588135628106
"24694",8.11068663803549,-0.191088009749665,-0.00948676669273118
"24695",8.10799937084791,-0.19131305978384,-0.00954074514088399
"24696",8.12312868840892,-0.190568702250478,-0.00932111836561171
"24697",8.12784719701915,-0.189895070147636,-0.00917419675255362
"24698",8.12111953105282,-0.189362587016941,-0.00911511892223994
"24699",8.12986564871139,-0.187392047585786,-0.00871314254252745
"24700",8.12356077978812,-0.19038806953476,-0.00928683778493159
"24701",8.06818786861139,-0.187990731057806,-0.0091639456748437
"24702",8.09807891439347,-0.190995575859056,-0.009536953975027
"24703",8.12418330663401,-0.187165584195846,-0.00870336731436589
"24704",8.16026544265644,-0.191601816702611,-0.00930629466563758
"24705",8.16206331116198,-0.192589395634605,-0.00947655614642954
"24706",8.15726769471038,-0.190120827154863,-0.00906382003582549
"24707",8.14554216102777,-0.189892496787227,-0.00908583693317235
"24708",8.14424893662097,-0.181960249209077,-0.00767760872131155
"24709",8.13658224491914,-0.184771612586288,-0.00822098765490055
"24710",8.12844479143886,-0.189466245719845,-0.00910279768770856
"24711",8.14292761820989,-0.191018817580153,-0.00929660288636139
"24712",8.13551181208951,-0.190563336041759,-0.00925516848410175
"24713",8.16654943968406,-0.184346979267806,-0.00796896534983121
"24714",8.17736618748748,-0.185066055768635,-0.00803911677257517
"24715",8.16629619110909,-0.190411640329081,-0.0090582278407358
"24716",8.16194098803899,-0.188857782823513,-0.00880320501278065
"24717",8.14490460500903,-0.192712259558103,-0.00959146426816689
"24718",8.12922689883697,-0.191843214026483,-0.00951911399204814
"24719",8.14874916833513,-0.190644789974359,-0.0091966756404522
"24720",8.16041613978297,-0.193127129250477,-0.00957949128088407
"24721",8.14362860799335,-0.191998440555371,-0.00947187016489226
"24722",8.15821712128287,-0.192898586737989,-0.0095522281302453
"24723",8.14055590685063,-0.192379069362178,-0.0095546470022672
"24724",8.11856938854522,-0.191376782949136,-0.00949513977679417
"24725",8.13394419947212,-0.191832003047184,-0.00949164276972972
"24726",8.1296532245241,-0.190960779455477,-0.00935715761990713
"24727",8.12891640448659,-0.191031663514599,-0.00937443584195643
"24728",8.16149276879488,-0.181574807563101,-0.00749893483525364
"24729",8.17772161155254,-0.180810228734784,-0.00727394943251559
"24730",8.17762245248666,-0.188107991973092,-0.00858289197081757
"24731",8.16049200547082,-0.191457139143578,-0.00927787687135597
"24732",8.14195265148712,-0.192616821574091,-0.00958980646814462
"24733",8.13722596001645,-0.188161029139317,-0.00882284892866166
"24734",8.14252844093413,-0.192581402862163,-0.00958135802276242
"24735",8.13458402179956,-0.191270197156785,-0.00939070866699335
"24736",8.1292937624334,-0.192030150547914,-0.00955357178075318
"24737",8.12760268645066,-0.19145258963924,-0.00945671176595258
"24738",8.16613292808187,-0.192357550894428,-0.0094103608230091
"24739",8.14810831760613,-0.191635412773051,-0.00938273541987325
"24740",8.15338693783155,-0.185987386384187,-0.00834763720108682
"24741",8.1301013549346,-0.185644885609382,-0.00841207760244349
"24742",8.11478401067114,-0.18275529746268,-0.00797884144701982
"24743",8.12475105117109,-0.191428069310726,-0.00947266722312984
"24744",8.11257232342614,-0.189471142267576,-0.00918930148701852
"24745",8.09609789346596,-0.187313388464644,-0.00889221282017729
"24746",8.07122230895505,-0.189588120550497,-0.00943085352873985
"24747",8.04067496888279,-0.188497944348239,-0.00940059658628921
"24748",8.02053333974355,-0.186955957165288,-0.00923404636342927
"24749",7.99424210097756,-0.181686570916274,-0.00843626646933325
"24750",8.00078428363308,-0.186795601432122,-0.00930774293525019
"24751",8.00774689655421,-0.187341839518549,-0.00936848621953418
"24752",8.00885882881053,-0.186382084886638,-0.00919489481147587
"24753",8.02629194932494,-0.187913834096619,-0.00936985923515501
"24754",8.04650461954095,-0.188449092173457,-0.00935640409613199
"24755",8.0577856672306,-0.189624792811496,-0.00950798645683335
"24756",8.05731122970504,-0.186246203371032,-0.00890124323491658
"24757",8.13056975320291,-0.178838879817909,-0.00717573948117566
"24758",8.12037768420182,-0.182934792308327,-0.0079650766540745
"24759",8.11546576559498,-0.188131287282399,-0.00892471836586049
"24760",8.09210948094425,-0.190519476847275,-0.00948507302642786
"24761",8.08329104703893,-0.18934611545234,-0.00932345568040811
"24762",8.09950211165539,-0.190735008241067,-0.00948168126033824
"24763",8.08969412698457,-0.190488114673571,-0.0094920733749734
"24764",8.08018368832196,-0.190068557926025,-0.00946835279603321
"24765",8.11428896137789,-0.190278261755515,-0.00932289405608052
"24766",8.0625772249545,-0.185261926254726,-0.00870652414090798
"24767",8.070076393023,-0.181115164915812,-0.00792650249957187
"24768",8.08193669246508,-0.185096772434112,-0.00857329988102364
"24769",8.06603072143882,-0.188480900223945,-0.00926206461376419
"24770",8.06580310818396,-0.189232894550374,-0.00939623376071357
"24771",8.08260716329406,-0.189899755099173,-0.00942265209297676
"24772",8.07225580239552,-0.1897869288574,-0.00945838431946184
"24773",8.04487444724825,-0.186038373366509,-0.00894050737188704
"24774",8.04760540750251,-0.183701033681734,-0.00850868427146887
"24775",8.04825443487907,-0.187856061673774,-0.00924650070269204
"24776",8.01838400766844,-0.187911183623178,-0.00941599950823694
"24777",8.05201010328897,-0.185380549015956,-0.0087744216983402
"24778",8.06994848139791,-0.187267956055055,-0.00901610190148991
"24779",8.06906507925096,-0.18968015051019,-0.00945775895028601
"24780",8.07253959481807,-0.189226334817513,-0.00935988351805654
"24781",8.07047901335359,-0.187741921604175,-0.00910601292335764
"24782",8.09012542390136,-0.188323674939814,-0.00910456219307642
"24783",8.08296591164963,-0.189133217070927,-0.00928699404802129
"24784",8.04808922900544,-0.182752569488715,-0.00833742998825502
"24785",8.05595356091524,-0.184634001568252,-0.00863064121180925
"24786",8.06900828243674,-0.188117307954129,-0.00918151486828239
"24787",8.03787094631348,-0.17926307113628,-0.00775272555876861
"24788",8.0881380010074,-0.179319023989022,-0.00749186339092667
"24789",8.05216096395896,-0.185699483847194,-0.00883099105454759
"24790",8.03449726671496,-0.18827546832212,-0.00939153587459065
"24791",8.03196078154731,-0.187901929220465,-0.00934134572964428
"24792",8.06204004042683,-0.187097126587222,-0.00903687846681632
"24793",8.03132866664627,-0.176788313697816,-0.00736202005407537
"24794",8.01859444366569,-0.180325839676041,-0.00806207840984624
"24795",8.03274150919716,-0.187537527940878,-0.00927167398238745
"24796",8.0209001038263,-0.187045920553099,-0.00924598314623818
"24797",8.07054036508051,-0.184074531326622,-0.00844040299361559
"24798",8.06559085473669,-0.189352334184403,-0.00941596819693832
"24799",8.10871775103004,-0.191486115046862,-0.00956583709632145
"24800",8.11663136563142,-0.191781673852552,-0.00957692841651932
"24801",8.10863170649655,-0.191401528345983,-0.00955153689884965
"24802",8.12915796496636,-0.192210295692463,-0.00958637918844728
"24803",8.12500024419893,-0.191978653190101,-0.00956730685802681
"24804",8.11198465218041,-0.191326688609871,-0.00952138287768863
"24805",8.10915952890513,-0.189618752989995,-0.00923337468010379
"24806",8.10763097111193,-0.191176623187992,-0.00951827066480099
"24807",8.11785138824728,-0.191695493912018,-0.00955572212973021
"24808",8.12167589285281,-0.191477953171841,-0.00949538808055358
"24809",8.12806249123207,-0.191815464949809,-0.00952216020063871
"24810",8.14696113458819,-0.191995330527158,-0.00944927996899416
"24811",8.16715210310464,-0.192840536000967,-0.00949227395895286
"24812",8.18251191411628,-0.193662530082665,-0.0095571950635205
"24813",8.18750538736284,-0.193975037385986,-0.00958590211150898
"24814",8.17596678725325,-0.192410884020457,-0.00937151506605521
"24815",8.16506682710808,-0.187495347858363,-0.00855452797780602
"24816",8.16088844009683,-0.181511624867878,-0.00750884956659987
"24817",8.15355912971212,-0.173457566455385,-0.00611017690088946
"24818",8.12650743445245,-0.173768011336218,-0.00631218901732549
"24819",8.08798347574211,-0.176790138371914,-0.0070582502869569
"24820",8.0475884327047,-0.185947457235755,-0.00890959301730218
"24821",8.01133965198782,-0.184311139435333,-0.00881172414684513
"24822",8.00432722521548,-0.187063257482105,-0.00933688889046005
"24823",7.99659447467943,-0.185394275255951,-0.00907764124046817
"24824",8.01678931684863,-0.183813581421572,-0.00868418695113754
"24825",8.02686169610795,-0.18771584703352,-0.00933305353184698
"24826",8.02388328377577,-0.188503779800141,-0.00948974047493709
"24827",7.99850178040366,-0.187413973683538,-0.00943180029209204
"24828",8.03438130792534,-0.188513502121114,-0.00943432655124726
"24829",8.04155316942859,-0.188488351668242,-0.00939070616536649
"24830",8.06867167529744,-0.185505611743523,-0.00870642183707433
"24831",8.07627659677493,-0.18980767099542,-0.00943930606166814
"24832",8.05729602042841,-0.18649772820388,-0.00894735131115674
"24833",8.04916221335966,-0.187736851819009,-0.00921450985467773
"24834",8.0388695482096,-0.184838521263611,-0.00874816728555755
"24835",8.03118658839829,-0.185743230387203,-0.00895354950380882
"24836",8.03038605020243,-0.186027740615976,-0.0090085830017444
"24837",8.07278962876941,-0.189322162991851,-0.00937299771024006
"24838",8.0712793323886,-0.183611364962457,-0.00835369260018593
"24839",8.0618312038836,-0.183001099523773,-0.00829461576185349
"24840",8.05559441408137,-0.186951199106778,-0.00903855887589603
"24841",8.02507932588724,-0.18811393079427,-0.00941520881321805
"24842",8.02452361639871,-0.187727792670833,-0.00934966722421067
"24843",8.0237324102334,-0.188320923939676,-0.00945863904934071
"24844",8.03644056538136,-0.188262338457195,-0.00937801713825918
"24845",8.04705121190297,-0.189090696437341,-0.00947218403981032
"24846",8.03640541264479,-0.186865642785288,-0.00913313330289097
"24847",8.05205788988361,-0.189439478029376,-0.00950616051316045
"24848",8.04154433803788,-0.18891056982601,-0.00946715140096864
"24849",8.05166546115131,-0.188906563200856,-0.00941485937757021
"24850",8.0341484090352,-0.187940656551334,-0.0093369353791644
"24851",8.06374374553872,-0.189248367711448,-0.00940650867111572
"24852",8.07341375832709,-0.190271569436568,-0.00953904530656023
"24853",8.06748190029542,-0.189696498940787,-0.00946756991513254
"24854",8.06688287636767,-0.189107551522958,-0.00936412190603789
"24855",8.09979567577479,-0.178740384198535,-0.00732466426842411
"24856",8.10030076774046,-0.186051396113279,-0.00863350465858979
"24857",8.0767936331472,-0.18936994456558,-0.00935702551776351
"24858",8.07205745594752,-0.189264721721887,-0.00936397446829675
"24859",8.04167777261947,-0.188934682471734,-0.00947113775342239
"24860",8.04857099677767,-0.189094667730495,-0.00946466750209918
"24861",8.05392041607442,-0.187599571640881,-0.00917025189462459
"24862",8.04827315888409,-0.188191704761363,-0.00930435176992484
"24863",8.03704096851921,-0.185278462314089,-0.00884010516294227
"24864",8.02990142189429,-0.182385699083975,-0.00835650791658296
"24865",8.03004216106678,-0.181973029648564,-0.0082815344352618
"24866",8.0505423557832,-0.182168847067407,-0.00820612907838465
"24867",8.08881832861104,-0.17907212474292,-0.00744379963712611
"24868",8.09031122176171,-0.182497232650781,-0.0080493830987794
"24869",8.06306102065168,-0.186062526464279,-0.00883702182748979
"24870",8.08147560526608,-0.18616482521916,-0.00875554963785813
"24871",8.11391292704763,-0.188845715681138,-0.00906244589587578
"24872",8.15232698589717,-0.190575762782765,-0.00916488922056424
"24873",8.11786699509953,-0.190139394421119,-0.00927903354213773
"24874",8.10290289644021,-0.189066599053383,-0.0091685293140015
"24875",8.10838432597949,-0.191203957305446,-0.00951881005484596
"24876",8.12550763181512,-0.191418559049336,-0.00946295745073556
"24877",8.13514269986695,-0.191098799798906,-0.00935166134575911
"24878",8.16047576144732,-0.191700521762088,-0.00932332300302283
"24879",8.16061945151582,-0.192549853337889,-0.00947551770078757
"24880",8.15896771070753,-0.192385925239635,-0.00945419732610544
"24881",8.17068987570281,-0.188393575198662,-0.00867266006635388
"24882",8.17119533795855,-0.187569528233713,-0.00852120748631792
"24883",8.18046642309834,-0.185386990191998,-0.00807957641617473
"24884",8.16744128015845,-0.188744581491153,-0.00875291856663543
"24885",8.15879858022939,-0.193188758191232,-0.0095995898532791
"24886",8.14819139585095,-0.192273163429879,-0.00949566972991546
"24887",8.1387478932531,-0.192543113392964,-0.00959369389335524
"24888",8.14965934848523,-0.192775685189944,-0.00957482085910967
"24889",8.0780143638699,-0.190275705636455,-0.00951586750048082
"24890",8.06997907435224,-0.190015783885059,-0.00951159607031167
"24891",8.0817325352938,-0.189935450258446,-0.00943621392576312
"24892",8.08176992711337,-0.190435263980022,-0.00952496516945816
"24893",8.04633002307516,-0.187403860273489,-0.00917576525908349
"24894",8.04446852823186,-0.188782941425783,-0.00943096328949224
"24895",8.03257596281768,-0.188046017355103,-0.00936384159182442
"24896",8.03409628132322,-0.183056994908046,-0.00846660620657214
"24897",8.03737081784269,-0.182241805338464,-0.00830344380175562
"24898",8.02327567983922,-0.181560915003092,-0.00825737112325535
"24899",7.98405758238066,-0.183093436984783,-0.0087416385195648
"24900",8.01837957150675,-0.187170825797085,-0.00928343189504603
"24901",8.05055144127598,-0.187477295483727,-0.0091612234221853
"24902",8.01990088013959,-0.188166124227984,-0.00945236551044622
"24903",8.02275328223074,-0.188470784654356,-0.00949076264087748
"24904",8.03321637926567,-0.185908601228219,-0.00897952524747994
"24905",8.03521436856269,-0.188718139460058,-0.00946656961029329
"24906",8.02983444766902,-0.187756473451972,-0.00932251555237361
"24907",8.05756516803962,-0.189035538772909,-0.00940181958815486
"24908",8.07094740466674,-0.189005948104496,-0.009323710164595
"24909",8.04228058278661,-0.188862119634887,-0.00945593777410212
"24910",8.01619208629326,-0.187424062050326,-0.00934027591386726
"24911",8.00810617786808,-0.186995272424589,-0.00930394520999942
"24912",8.03290582218024,-0.184369588073011,-0.00869610663877381
"24913",8.06485999339279,-0.18132377522534,-0.00797669505491726
"24914",8.06744871432761,-0.185478897966514,-0.00870814586382223
"24915",8.07056959113319,-0.188783839775713,-0.00928571677639158
"24916",8.06595050074327,-0.189464189511947,-0.00943417968248213
"24917",8.05618829966008,-0.185805821047208,-0.00883822817375621
"24918",8.0406937599015,-0.185154701201389,-0.00880565391493606
"24919",8.03526225848075,-0.188547266575444,-0.00943819258140467
"24920",8.02470364305602,-0.187767637513326,-0.00935295640642805
"24921",8.03121310073029,-0.187539489870973,-0.00927714425784198
"24922",8.02719637045688,-0.185419824876519,-0.00891780521600869
"24923",8.01764786465551,-0.187472918838328,-0.00934104095743524
"24924",8.01654188600924,-0.185274878880222,-0.00895623797675442
"24925",8.03369624641987,-0.18494360010391,-0.00880517277166748
"24926",7.99958565889393,-0.181003088764051,-0.00828573697568378
"24927",7.97504316094337,-0.186280243253274,-0.00935746095712377
"24928",7.98646138779268,-0.186573593586174,-0.00934880883140765
"24929",7.98954856293207,-0.186961416136562,-0.0094013829391844
"24930",8.00089917724441,-0.185787104048895,-0.00913110776587563
"24931",8.00676893652386,-0.187533557918289,-0.00941062454035149
"24932",8.01473835395951,-0.186792025611318,-0.00923629679954542
"24933",8.02671867660904,-0.186735237668214,-0.00916202183621466
"24934",8.01185599520918,-0.183488237827359,-0.00866293703784114
"24935",8.0300056457139,-0.183252589378381,-0.00852335534624504
"24936",8.01340862178733,-0.18418799585191,-0.00877891155440028
"24937",8.01305754236875,-0.186716978940797,-0.00923218173049564
"24938",8.01261433352193,-0.182689726587483,-0.00851561488788745
"24939",8.01954285993128,-0.186783658968984,-0.00920929901571851
"24940",8.06482002983663,-0.189766205408191,-0.00949677698715062
"24941",8.09052190412761,-0.190698023337038,-0.00952473957584647
"24942",8.09908942355655,-0.190235969614422,-0.00939733256048476
"24943",8.09115575688579,-0.190356761493739,-0.00946081248660604
"24944",8.08811879863748,-0.189392953274104,-0.00930565396692865
"24945",8.08928127281185,-0.189549545631333,-0.00932762237027491
"24946",8.06236434896901,-0.188491646741581,-0.00928310946476623
"24947",8.04977702142795,-0.188029128565742,-0.00926865596795395
"24948",8.06435400375902,-0.189157314025453,-0.00938829860616328
"24949",8.11057862039772,-0.186520106272648,-0.00866143768750068
"24950",8.12235239828862,-0.189308730660945,-0.00909925830998498
"24951",8.12853166618286,-0.190064386073508,-0.00920172245510944
"24952",8.13957619254634,-0.191659228548903,-0.00942958745770845
"24953",8.11254655585031,-0.190328367701531,-0.00934123492502212
"24954",8.10666124718715,-0.190676877930989,-0.00943505698903608
"24955",8.1293974614745,-0.19187255094255,-0.0095253482567622
"24956",8.16087532769883,-0.188005250131278,-0.00865574535888963
"24957",8.18795505025459,-0.18557546275389,-0.0080723807394846
"24958",8.17559847143462,-0.1906423333295,-0.00904877750653975
"24959",8.16557062691892,-0.19338887107837,-0.00959876922756498
"24960",8.18496649768871,-0.19307385035959,-0.00943521478942853
"24961",8.19413732466962,-0.194054897305243,-0.0095631132165981
"24962",8.2229265487425,-0.194763291124941,-0.00953669489679761
"24963",8.19227928727242,-0.191727842598884,-0.00916271739941968
"24964",8.19603559437942,-0.193626754185873,-0.00948045453121308
"24965",8.16394426691871,-0.183500586380211,-0.0078463324952377
"24966",8.14132499400771,-0.180355559193824,-0.00740766906619744
"24967",8.16016544625501,-0.185733217167704,-0.0082664146327155
"24968",8.15312948236797,-0.191393559515547,-0.00931436529701356
"24969",8.11238074258338,-0.191298885167849,-0.00951421194655572
"24970",8.07600187320233,-0.189592015885471,-0.00940415993686902
"24971",8.10596816333961,-0.186172331391968,-0.00862401139789793
"24972",8.10259001503188,-0.190173031215465,-0.00936148017435885
"24973",8.09971880918284,-0.191021065330395,-0.00953249316881165
"24974",8.13665612875697,-0.192148841667449,-0.00953240053116656
"24975",8.11051931865498,-0.189853399109335,-0.00926104977550183
"24976",8.11303170374044,-0.189992562746082,-0.00927229944599477
"24977",8.06947462104936,-0.189861502839592,-0.00948629183813802
"24978",8.06728890931991,-0.188095635119941,-0.00918711835461081
"24979",8.05118351317648,-0.187246418391394,-0.00912182942561902
"24980",8.04480717436785,-0.188132593548649,-0.00931334927603979
"24981",8.07619196474553,-0.188851575104083,-0.00926759060631223
"24982",8.10318500366744,-0.18681130944383,-0.0087543030258724
"24983",8.13426844082466,-0.190525548371496,-0.00925323747968958
"24984",8.10769077707549,-0.190917064930862,-0.00947168610147718
"24985",8.1108191908843,-0.190375568476257,-0.00935948784412811
"24986",8.12180802434809,-0.191628908094074,-0.00952348539125499
"24987",8.11549608791118,-0.191210257455672,-0.00948242589409122
"24988",8.15654432574086,-0.192469063568986,-0.0094822931811531
"24989",8.14221440997229,-0.192586765117705,-0.00958318345869422
"24990",8.12419887199562,-0.190108959124153,-0.00923985179110862
"24991",8.14078876781109,-0.192367193315019,-0.00955247512504293
"24992",8.12074010994777,-0.191843011453411,-0.00956499279668523
"24993",8.12634517954096,-0.191591750908179,-0.00948861348446263
"24994",8.14611992309826,-0.186189149908662,-0.00840989848101776
"24995",8.17606377422934,-0.191329071783652,-0.00917036382541217
"24996",8.16346120501012,-0.193362812638365,-0.00960651353793592
"24997",8.16122702523092,-0.192923475885292,-0.00954196982844534
"24998",8.14918117259795,-0.19282074903608,-0.00958753332075802
"24999",8.13109497700897,-0.189301714098148,-0.00905878449978179
"25000",8.1229089478064,-0.189609780377567,-0.0091575988372403
