"V1","V2","V3","V4","V5","V6","V7","V8","V9","V10","V11","V12","V13","V14","V15","V16","V17","V18","V19","V20","V21","V22"
1,1.03978123796918,0.45315328161821,0.81592777659995,1.08441904910045,0.838218663240025,0.608886493684168,0.918292115749823,0.386530298139094,0.700804321381081,0.71882149010885,1.01368974838078,0.310717421821561,1.51578618091587,0.66821334261259,0.289208447350309,0.768026616847443,0.399569864149861,0.677376505651412,0.650831688599328,0.373772609953234,0.903801134717558
2,1.05288901599802,0.459066757375965,0.828357964813241,1.09868945371285,0.852237183078868,0.619227548862407,0.931993181625952,0.391265960396761,0.711921022714763,0.729434464962319,1.02730750678004,0.313857603238991,1.53988804704029,0.678205901251365,0.29355425984356,0.780297063371582,0.406109536970969,0.687630973162864,0.659730485421794,0.37956234322299,0.917325568992229
3,1.04017752700192,0.452324208114472,0.813087870821829,1.08396965573037,0.834232282388809,0.606434909907857,0.915948123204308,0.385480317622038,0.697659121499801,0.716862893877986,1.01284279671979,0.31029666929447,1.50854811004194,0.66609595615358,0.288442234365497,0.764594704023987,0.397829224525316,0.675324625355944,0.65050943415712,0.372413198521059,0.901427029547321
4,1.0476036242684,0.457266372035459,0.825698344367498,1.09315374093328,0.849542610965127,0.616674870375699,0.928452087662428,0.389825179565866,0.71000932870641,0.726881971915761,1.02278733154143,0.312827410810208,1.53757049124352,0.676291225381778,0.292763237452507,0.778073693878077,0.405090375359553,0.685054210787402,0.657286131954381,0.378477992720777,0.913970603364176
5,1.04481996308218,0.454407973161708,0.817544239000714,1.08924745161378,0.839509955399685,0.610785617037322,0.921072534602766,0.386996844041828,0.701698522634394,0.720531234931282,1.01765096097566,0.311157116242102,1.51498281267458,0.669196877976293,0.289701203113607,0.769159710251136,0.399949137574454,0.678883962509642,0.653531799635047,0.374255752926046,0.906386476460716
6,1.03427722525171,0.450883604230473,0.813459090048855,1.07863958828156,0.836194231147852,0.607059321517196,0.914957805952843,0.384255893601497,0.699064101662918,0.716522647250339,1.00906394235,0.308728065446142,1.51541825841361,0.666728678971681,0.288743781816723,0.766005989687022,0.399112443933396,0.675223592171003,0.648601246120665,0.373037602733611,0.900756560528393
7,1.05053718292076,0.457652566195328,0.827096571870859,1.09643801326621,0.851763155423326,0.619703762206816,0.931018536270484,0.389291274553037,0.711007115770765,0.728065116189355,1.02525996552629,0.311795696430065,1.53498675638396,0.676559089030428,0.292879225975736,0.779496814331023,0.405473590109985,0.686363172132227,0.658869656430729,0.378740473413057,0.916262163633587
8,1.0483647326911,0.455222998721516,0.819917437278899,1.09221100244843,0.841730525896695,0.61227600821084,0.923712192913211,0.387060192809514,0.703559291411636,0.723006374680156,1.02095332210898,0.311301898600199,1.52378634732135,0.672160342714684,0.29135779692154,0.771054273756586,0.401875778796818,0.681169612180956,0.656627045249687,0.375910201516954,0.90924621499823
9,1.04291868053073,0.454306070035206,0.819085442917671,1.08707322371468,0.841277602324762,0.611021339716218,0.921867320459388,0.386792028979983,0.703776882986521,0.721438394872488,1.01713134732807,0.311170737876968,1.52285668039714,0.670962164002787,0.290611241753144,0.771213872491084,0.40133891593968,0.679375349778225,0.654442828242871,0.375219847162206,0.907433570091291
10,1.04149559787673,0.453662501456581,0.817977865122428,1.08609341168687,0.84065057778293,0.611292479293272,0.920726204943674,0.386190268179574,0.702817314347345,0.720439187866888,1.01558006190547,0.310443858762658,1.51924917477911,0.669666387970772,0.289914942899862,0.770281536915954,0.400751701750865,0.67872248133502,0.652844744059349,0.374639527096858,0.90624411926908
11,1.0267804729997,0.447050092087177,0.806895376535361,1.07082358052737,0.829659558561656,0.603270359986167,0.908134120662626,0.38045226517367,0.693305345223238,0.71071914803403,1.00142202869926,0.30555711889158,1.50003473872312,0.660817898590357,0.286143400952976,0.759860693805389,0.395676575813746,0.66982208708841,0.643702143155629,0.369783447777805,0.893936879600884
12,1.03230437400471,0.449577425679531,0.815513146552565,1.07778683324251,0.84129483168509,0.6122866137686,0.917513474032857,0.381693630370453,0.701573874494136,0.717594730197832,1.00853524163764,0.305003630828132,1.51735219158644,0.667388012736572,0.289102909586245,0.769176467692961,0.400830982542775,0.676838641502929,0.648813814051302,0.37387994557096,0.903188522891464
13,1.02583532507039,0.444697726825885,0.806175568034086,1.0697281549023,0.830818025342586,0.605813298326082,0.908519249929754,0.376246431497558,0.692542100451362,0.710200498537194,1.00058287604119,0.300761624093375,1.49787576724852,0.660171433883788,0.286434923252327,0.759382386763796,0.396190707455269,0.669639396267814,0.644722631142685,0.369688203480891,0.894285600450691
14,1.03895570275551,0.450652083570468,0.820611642308103,1.08355027330062,0.847222096500057,0.617448779487874,0.924074505536127,0.380266046310396,0.705910601048839,0.722330203850523,1.0151063542826,0.303345526445994,1.52977627366141,0.672306492107918,0.292028567749618,0.77398630685209,0.404420773861048,0.680896183292044,0.655903647263677,0.376663293042175,0.909870527302801
15,1.03311550785592,0.446308830843753,0.809361356754339,1.07546741724853,0.832830433826383,0.608140423239186,0.913270732613221,0.375773103698856,0.694936403189413,0.713344379497994,1.00677141055888,0.301122642575053,1.50251361717973,0.663033346731623,0.288185518478539,0.761973002326903,0.397682509834665,0.671548369855871,0.651322795747792,0.370992763874511,0.899032407505526
16,1.03977054172976,0.450641495363406,0.820093007954368,1.08289371718832,0.844940583198626,0.615848146732222,0.923574542428231,0.37945780915317,0.705462534413546,0.722035496391398,1.01539429090357,0.30406300683934,1.53020733725534,0.672341833852727,0.292234814041598,0.773233398087919,0.404123993006221,0.679653879907553,0.657857096375589,0.376397488642367,0.909619304092777
17,1.05780975378648,0.457351605950185,0.829161421039873,1.10079373791291,0.852349682066791,0.622606895176279,0.935347631495253,0.384970578984761,0.712252033107526,0.73050680747935,1.03089953781619,0.309455460415846,1.53825361431104,0.678891187262063,0.294854103788711,0.780850619520065,0.407090355472541,0.687297560194982,0.667291352528658,0.379771095354253,0.920857802770429
18,1.03949352419297,0.449963247491207,0.812175940688426,1.08035953255714,0.831682004737613,0.605846735763004,0.915402924348056,0.380223926187208,0.697124154615647,0.716221824093469,1.01196349101621,0.307732033616604,1.51178092418286,0.66646474948075,0.289374176033616,0.763697161818412,0.398483755879044,0.673370770809359,0.654619105917911,0.372395299214592,0.901521973873409
19,1.02736258704757,0.44728842050175,0.809913873017314,1.0704286291018,0.832103431247232,0.605800835367575,0.911307715029413,0.37912760415634,0.69688383666777,0.712557470141602,1.00298689583344,0.305731475581387,1.5057060422735,0.662809840551634,0.287043267295677,0.763652062681207,0.39726695866615,0.670563777109444,0.647265522393549,0.370781091878332,0.897299867315343
20,1.04154066777777,0.452581427139659,0.821328586964186,1.08630342895447,0.845834932672547,0.617130473113241,0.924472162413135,0.38324156347485,0.706445529292874,0.722827759803558,1.01671702546343,0.307653070303423,1.52675870665559,0.672064841227013,0.29108282825533,0.774434426973171,0.403567713502879,0.681429498161943,0.654910873856693,0.376419430705234,0.910214441845931
21,1.02942357816553,0.44575960582184,0.806985502586875,1.07217427011614,0.829236164420404,0.604828119263689,0.909471456094648,0.377363053624462,0.692928515346674,0.711138238404274,1.00321406898534,0.303481040395473,1.49921525061392,0.661173138593778,0.286718415379398,0.759551606401559,0.396142041640098,0.670154325399289,0.646550009782238,0.369978597623457,0.8953653705211
22,1.04976558336449,0.455969731969705,0.829295850902747,1.09472212723511,0.854732194655111,0.622752317212111,0.933354540766036,0.385794491624269,0.713549769739813,0.729712285317705,1.02566758220463,0.309068860831267,1.54520064992149,0.679200755091973,0.294602423216887,0.782183949715432,0.40809636785076,0.687757087832649,0.661910771933547,0.380384060719711,0.918987679231271
23,1.04630176279108,0.452305149749019,0.816614737686606,1.08876270454328,0.837744836610158,0.611434138776484,0.921424402536941,0.382569605905956,0.700547628616762,0.720094592591429,1.01831306235889,0.3082608124372,1.51353119721318,0.668990286016093,0.290304301816536,0.767921053800802,0.400094407026394,0.677839127692696,0.65699060139506,0.374024020749589,0.906917742060341
24,1.0508303425656,0.456782506217573,0.826772494742068,1.09438149358096,0.849095333602421,0.617449539332189,0.930365585880918,0.387453979151026,0.710804647582181,0.728123670775633,1.02537519198183,0.312252802934684,1.54187024149837,0.677975466994231,0.294041764947776,0.778750817805032,0.406139531202049,0.685323662358967,0.661859444045301,0.379197286672048,0.916165191356835
25,1.04080830143854,0.451908521132597,0.813920432383177,1.0837808650341,0.834349775842933,0.607952875036913,0.917363653948272,0.383882679183738,0.69877570611114,0.717160845084861,1.01352674981364,0.310055446678421,1.50707817344459,0.666069554367254,0.288417934131453,0.765839472777567,0.397952585129237,0.674894307551425,0.652561049660554,0.37229615539651,0.902833269354083
26,1.05541926840589,0.459894685708332,0.831622127756248,1.10043314707554,0.854627920072082,0.621262023707335,0.935072389966701,0.391415762894023,0.715157508788081,0.732180910552564,1.03014998631145,0.315214017467375,1.55036759625709,0.681516147578756,0.295070766765509,0.783552203652587,0.408328259500675,0.689850603196767,0.662830743290017,0.381383197694144,0.920737952840876
27,1.03767173726494,0.450646020937834,0.809562830309162,1.08073724727003,0.82922046886344,0.60380582795422,0.912547176150408,0.383980258697549,0.694462989283379,0.713665134041275,1.00973000243935,0.31024860683019,1.49743877282098,0.662554048913086,0.286658191091435,0.761116740131755,0.395298101507732,0.672036195639479,0.648451058292456,0.370270448298215,0.89794452036764
28,1.04539963808574,0.456581829166537,0.825952652351123,1.091052472484,0.849754586868018,0.616830007287101,0.92793119908407,0.389598433218883,0.710660981625843,0.726862989950523,1.02132180088202,0.313108770700943,1.54164016206183,0.676847494318158,0.292879844632033,0.778624468205502,0.405717255596394,0.685291831867135,0.656146290415048,0.37890965276977,0.913653874314076
29,1.04950796240695,0.456056263838578,0.820897244670078,1.09436460648055,0.842901145616911,0.614039931108253,0.925238786394533,0.388566872263177,0.704516078298241,0.723320171886597,1.02209865153781,0.312536701112267,1.51773175709834,0.671316134262562,0.290419350301085,0.7723874121002,0.401157099283678,0.681729673288279,0.655780300508906,0.375470402039078,0.910290748176234
30,1.03434908638256,0.450556978304654,0.81249702433091,1.0783231056416,0.83434426581787,0.605591132783325,0.913818835822401,0.384404561572179,0.697955671897394,0.715988608164428,1.00873241717736,0.309402325480221,1.51562213404891,0.666557819266658,0.288720704233303,0.764646770865631,0.398736268377283,0.674770884056711,0.648166353129466,0.37286524843054,0.89969053526258
31,1.06091003427251,0.462488936711536,0.83578746368829,1.10753367649402,0.860579113321657,0.62600291725794,0.940699724915986,0.393974860766785,0.718645235468966,0.735467235193581,1.03565921335345,0.315715142120364,1.54984304252067,0.683320456588812,0.295639256007969,0.787878679455879,0.409388131227375,0.693305566338994,0.665148291526426,0.382484956413972,0.925654884202824
32,1.06114122637193,0.460538095019829,0.826555534497382,1.10482136075761,0.846565217191188,0.615565333002173,0.931512237163137,0.392515749328582,0.708538916902211,0.729435909563539,1.0320413529758,0.316801056317447,1.53498725101776,0.677963189426339,0.29376649071308,0.77635146184659,0.404418537786682,0.68697947125571,0.662992581613376,0.378872851772431,0.916825689495034
33,1.03337905030485,0.451194364934498,0.809773094565197,1.07677993931846,0.829405008289101,0.601103582476804,0.910932226149842,0.38608606424683,0.695473802445365,0.713419501501048,1.00715419686269,0.312059118581403,1.50487425799127,0.663491497072277,0.286984283614277,0.761824323141732,0.395736260950397,0.67142599203539,0.646751015422074,0.370676620188323,0.896572477477673
34,1.06520471826802,0.466190141339038,0.840905609441894,1.11282593680269,0.86554816986305,0.628507396837652,0.945042410109914,0.398676151867871,0.723462743457725,0.739784218736114,1.04031451147437,0.319962225614658,1.56260856619166,0.687697927904558,0.297101222833709,0.792909259009161,0.411888038484756,0.697555561092746,0.666706073802412,0.384990049442464,0.930076631953708
35,1.06570020988523,0.463166305636579,0.82801101285369,1.10999456535859,0.847058388683572,0.615614800432745,0.933257032766402,0.396289416546804,0.709301820495609,0.730848421091113,1.03558824847526,0.320289154178346,1.53265862921117,0.678470114908398,0.293438473128378,0.777236156303578,0.403933544708609,0.688579377977272,0.663056917848745,0.379033428105744,0.918275623322283
36,1.04051597827005,0.455520739358253,0.815538581409494,1.08479086943348,0.834741834774521,0.603616480753103,0.916484311622585,0.391579168455277,0.700327301232807,0.71862956327765,1.01415671942916,0.316763842034605,1.51827730015333,0.668706936477736,0.288932910964721,0.76694074946033,0.39841707325398,0.676737660523766,0.649488319374275,0.373565311787602,0.902064506933349
37,1.04216888537498,0.457012528696618,0.820711230417041,1.0892506926933,0.843695605909556,0.61184868289649,0.922364944469943,0.392675438686447,0.705628249469369,0.722141147826911,1.01706631654504,0.315512476632483,1.52094784437008,0.670679969302478,0.289282396765573,0.77337186215283,0.400760344461741,0.681056083959513,0.649673205519594,0.375272125035103,0.907426361958856
38,1.0456269736584,0.456700510829206,0.820980449031205,1.09222753463376,0.844328861268689,0.612743595983725,0.92325508172286,0.391549909522476,0.70495032261389,0.723403385144158,1.01942568266761,0.313961229881412,1.52555904915863,0.672283053519623,0.290497883405237,0.77262990391466,0.401961847905113,0.682877556367065,0.651375132706779,0.376320421053212,0.908541630544672
39,1.0265828060834,0.447931544994161,0.805849457334129,1.07178925315745,0.828774079376403,0.601262126370367,0.90680108201518,0.383346454794379,0.691963293730288,0.709951336232084,1.00108167961243,0.307158871483562,1.4962424553613,0.659803814357691,0.285383133393386,0.758474195651817,0.394436936918222,0.669740506039462,0.64093485940457,0.369181429672501,0.892245038923849
40,1.04375317130563,0.455792695350356,0.825304932687245,1.09101220353158,0.852291501146551,0.618934225618165,0.927965708285034,0.388552406279872,0.709980959087049,0.726225869034105,1.0201245640603,0.309547146317427,1.53676059730984,0.675499478732401,0.292475764289468,0.778416159307855,0.40552944382023,0.685440534582913,0.654611001953905,0.378492200502288,0.913279436420233
41,1.0422708696024,0.452115651901549,0.81502711670522,1.08667721031801,0.838490607340271,0.610440963371356,0.919012775179442,0.383942493906599,0.699190775975166,0.718689949327752,1.01510591593761,0.30719414309816,1.5112280103451,0.667525465403749,0.289506632730115,0.766636472443885,0.399437830628911,0.677448100544428,0.652650729526642,0.373485311372459,0.904320652493805
42,1.04929588801143,0.456633341160176,0.825903740228379,1.09396000464964,0.850239329457046,0.617427958553242,0.929478010964687,0.387623596824356,0.709870552514149,0.727522342945473,1.02414381436413,0.310405986076301,1.54023548005918,0.67722711165945,0.293871390334577,0.777968113598695,0.40594564364353,0.685288853196639,0.660249519092927,0.378966372182721,0.915108644083533
43,1.02609924115585,0.445587847769382,0.802334945820164,1.06877444103538,0.823793201043182,0.599661102506217,0.904551467362211,0.378027782045575,0.688672765527274,0.707179632198968,0.999291332760993,0.303948024522666,1.48652284774656,0.656820853830677,0.284752402293352,0.754899567458533,0.392658780826222,0.66554239585415,0.643841997062544,0.367195703942118,0.890195294989196
44,1.02942027756159,0.44896179445735,0.815564225743371,1.0744645788848,0.841618969218606,0.611777334630344,0.916672592618343,0.380610758501365,0.702235485403303,0.717471485146669,1.00657493038852,0.304262505044343,1.52320042325911,0.668118257924691,0.289650591198184,0.769659067160709,0.401713108959196,0.676272716243214,0.649013771529946,0.374313909941866,0.90275021849266
45,1.04388218124329,0.452277103637466,0.819786919816678,1.08843308263301,0.844917202460013,0.616970361961238,0.924449780070675,0.381921977995401,0.704233668251778,0.722022924398248,1.01790126454175,0.305294530599867,1.51851373588646,0.670444944355425,0.290784653845884,0.772381147379291,0.402394398002549,0.680569133115044,0.656219435337276,0.375428971704505,0.909854416660347
46,1.05135458176628,0.45530921794897,0.825085687041639,1.09448503931762,0.848436192018692,0.617831793951413,0.92952860075626,0.384512609546287,0.708635729520071,0.727328226457462,1.02504285959636,0.308644678311508,1.53919746695419,0.677155588660692,0.294241036615379,0.776605803477623,0.406081133567084,0.684983466895636,0.662504851322419,0.378907039053305,0.915426772747038
47,1.06433095590601,0.461430606324054,0.832888619096828,1.10752071297914,0.854521828682738,0.622478427659056,0.93909555711076,0.390306341353986,0.715184678838232,0.733894142680727,1.03685176698188,0.314581681528035,1.54459302002587,0.682082641176535,0.295925968775246,0.78385160700819,0.407956777874897,0.690240323789987,0.66983434295443,0.38122650126415,0.924403595887638
48,1.03387403783149,0.449166501444998,0.806799753247188,1.07510616255268,0.824980869414164,0.599715428386865,0.90871102901627,0.381732969464719,0.692333465609475,0.711538071431531,1.00604921208874,0.309639923944161,1.50041726631639,0.661857276697408,0.286862918850294,0.758293919884691,0.394843249074327,0.668955856032347,0.648690893070437,0.369631921484342,0.894751484101945
49,1.05268834478157,0.460225497711287,0.832366053032396,1.0985513285046,0.856169047758897,0.62218812484341,0.935377126675447,0.39202190136751,0.716645750678762,0.731899292315302,1.02861592809147,0.315506093152795,1.54798228602977,0.680752561726376,0.294280965158479,0.78530901751821,0.408086159038751,0.689447398006675,0.661443642888372,0.381018114156608,0.920898116284754
50,1.06324732569254,0.461671954655006,0.829225261032667,1.10760098550593,0.849629999706038,0.618951100783323,0.934506136282234,0.393334014240329,0.711142790289472,0.731273177631887,1.03428541188397,0.317654836168576,1.53544649371456,0.678976085525347,0.29372762836971,0.779383263744105,0.405290547891947,0.689086866550165,0.663583357736386,0.379611817439594,0.919700675171548
51,1.0406841369961,0.453824180513265,0.814593529492737,1.08400334416876,0.833692389779196,0.604394963024159,0.916228348986036,0.388409173960853,0.699284806937339,0.718005755700218,1.01380817007496,0.314420952707119,1.51611052005814,0.668101245806437,0.288979931653051,0.765888757805037,0.398426904692386,0.676159766946714,0.650591623586822,0.373292648064196,0.901970604060363
52,1.05584443917154,0.461980497703463,0.831811441195322,1.102588921701,0.85483118009917,0.620602355779912,0.935123385082709,0.395649844625757,0.715314215592279,0.731856526989524,1.03059297372128,0.318337476395199,1.54322147427845,0.68011155842027,0.29366781085089,0.783933922724424,0.40670198558475,0.689920312472484,0.6600247764999,0.380521738807549,0.920171443577511
53,1.05971961585957,0.461606416598909,0.827396969133104,1.10497486952341,0.847954700217543,0.615971614097128,0.931502763486699,0.39538371046015,0.709641229391278,0.729665039568039,1.03132890953221,0.318941465901504,1.53469337612825,0.677835779141542,0.293015382846742,0.777601205992513,0.404253636157946,0.687905151044765,0.659903202946357,0.378962715900916,0.91663289370772
54,1.04367911049602,0.456146107059742,0.817593933718153,1.08851714695536,0.837797449993404,0.606834504822112,0.919440838084928,0.391692100782616,0.701917296587356,0.720454682087052,1.01704570184288,0.316124221152172,1.51911140035754,0.669878287586402,0.289451370860053,0.768943122228008,0.399388792045449,0.678867738860296,0.650940920036713,0.374383776851361,0.904796566946025
55,1.02807355419469,0.450127938060778,0.808925010586191,1.07401443857553,0.831473316824029,0.602930307636997,0.909307239913361,0.38637180416757,0.69524864483187,0.712106624114812,1.00311001725876,0.310394098317817,1.50163942620548,0.661753339608356,0.285734820119841,0.761931642680463,0.39546767658175,0.671584183201948,0.641375170480052,0.370256484814039,0.89468434186865
56,1.04845812145731,0.458219983807203,0.827863143556681,1.09627751534548,0.854087014882216,0.620293662747171,0.93064779423368,0.391858064862159,0.711901180106187,0.728607001194059,1.02410159790659,0.312781030645234,1.53934450369835,0.677291821083038,0.292793519156154,0.780481638168787,0.406156465825735,0.688031568078892,0.655330590766021,0.379483175870859,0.915826235878202
57,1.04449785338179,0.453713824141294,0.816223498791806,1.08930191289911,0.838878356646291,0.609941373513328,0.919895033088258,0.386816102703467,0.700012340910622,0.719845429102923,1.01706600546355,0.30998821712992,1.51375987333594,0.668667314462373,0.289672559659711,0.767412599975856,0.3996147606783,0.678861662935477,0.652310572981809,0.374054463301189,0.90511851087535
58,1.05435608005504,0.459701162281681,0.829753220663124,1.09991933307661,0.853828174818719,0.619377458945987,0.933456903112864,0.391758710556062,0.713102189020392,0.730831624115635,1.02906492156061,0.313882060043751,1.54610097262873,0.680125825260272,0.294761898486686,0.781486177551754,0.407229739791917,0.688691053661159,0.661750999884415,0.380540743343419,0.91882729924941
59,1.05564958731065,0.459089692950019,0.824312924719334,1.09995355538408,0.845640565247032,0.614783645489543,0.929054419042871,0.39103823363444,0.7072136086729,0.726765490747214,1.02762913748917,0.314692741358366,1.52684768243729,0.674914575213601,0.292328373778846,0.775140148427275,0.402879502566419,0.684192631728835,0.660465126776796,0.377215015438381,0.914163734051824
60,1.05703169552876,0.46123451392665,0.828836047871371,1.10158168943286,0.850070011044276,0.616342868692851,0.932269526543729,0.393831056222553,0.711852896283312,0.730464073203856,1.0302563119653,0.317537551962551,1.54346301531027,0.679613442520959,0.294232651856989,0.779796824012707,0.405931756316867,0.687718662892506,0.662073675581194,0.379902577628439,0.917790547437418
61,1.03918768723707,0.453550587792219,0.812515550343396,1.08326291929306,0.832471373404408,0.604286991447623,0.914686995879454,0.387985189645797,0.697427982447864,0.715982730182624,1.01190700892391,0.313261372866957,1.50456750816485,0.664882663860882,0.287347607518414,0.764216847681582,0.396452628193754,0.67411868984628,0.648763229075161,0.371531598790642,0.900050377771006
62,1.03792462321889,0.454374851568791,0.818873151884556,1.08397773387398,0.842373357927637,0.610810890828559,0.919830768620668,0.38889112054427,0.704267797313899,0.720771999001545,1.0134603523273,0.31229950302548,1.52549610947973,0.6705738210625,0.289787915084644,0.771678010608584,0.401487016588835,0.679780265422761,0.649316122582074,0.375371589828686,0.90550016010212
63,1.04863273206143,0.45707071640103,0.823368097888044,1.09490769598224,0.847285339892796,0.6161938486023,0.926945255218324,0.390148738407289,0.707156141658303,0.72514713784815,1.02246055362544,0.312574102282843,1.52524265538443,0.673326601472079,0.291113614281501,0.775321179971866,0.402920404088508,0.684157720330655,0.654888381776068,0.376897391603615,0.912053858183485
64,1.03672870772532,0.451307501275252,0.812807849328166,1.08111372549505,0.835209450380052,0.60637632309289,0.914803275745457,0.384951008326466,0.697747605255399,0.716514640966693,1.0104758662156,0.309042456446924,1.51319198101115,0.666513661750923,0.288724648099999,0.764635626872653,0.398600570884392,0.675581784914148,0.64864716266665,0.37287924912218,0.900469164684747
65,1.05080289691921,0.458257006804736,0.827910091754587,1.09688878420065,0.85274636310716,0.619544913068433,0.931636606213802,0.390274902693753,0.711803589876353,0.728726685120348,1.02589436469943,0.31235581225584,1.53802423209844,0.677461364651736,0.293325096841853,0.78031164039755,0.405920502855147,0.686939628726571,0.659222235466926,0.379196479911913,0.916852966027364
66,1.04913595334703,0.455766247684556,0.81995984901836,1.09319233581965,0.841794150316046,0.612237315093043,0.923922259717025,0.387746507195248,0.703491699730264,0.723089955395273,1.02149496892268,0.311713580851783,1.52244644343175,0.671984747690117,0.291246900252831,0.771028442026914,0.401599945748865,0.681161491022445,0.65670357562454,0.375769217680546,0.909331281424016
67,1.0377876246085,0.452391509575557,0.815221682251884,1.08182360735413,0.837353527948367,0.607751427702824,0.917276762671743,0.385421390747224,0.700472513684491,0.718094026349297,1.01218361237633,0.309992958052608,1.51676401034729,0.667971301042933,0.289312871307933,0.767539693638183,0.399520822511938,0.676222013463813,0.651100467343875,0.373546207454601,0.902959636305831
68,1.05843701174811,0.461410583953622,0.832785349054195,1.10437520929224,0.856878097798629,0.62308451062659,0.937199594120132,0.392725327753597,0.715848036045357,0.733202402127409,1.03269589413986,0.315078292910861,1.54654500364885,0.681461894802168,0.294968585400442,0.78466345325222,0.408161861161808,0.69094455237237,0.663705809382187,0.381380030637249,0.922426920415777
69,1.05330389329836,0.457635320415253,0.821504124923829,1.09683104033185,0.841696237575373,0.611865275568356,0.925613637896616,0.389885748175717,0.704507850315629,0.724660711332946,1.02483263493811,0.314571882080208,1.52454522156275,0.673395764031173,0.291663118125258,0.771972671738772,0.401829336269877,0.68241323947089,0.658480910804819,0.376343412951502,0.911048728497957
70,1.03400409173618,0.451593749208968,0.812169417136626,1.07798216038477,0.83315516207222,0.60413458668625,0.913332587549191,0.385864576894959,0.69789370939013,0.715292317338719,1.00842161949495,0.311178113249478,1.51076864325112,0.66537879138757,0.287837638341237,0.764565747543042,0.397504180522987,0.673560258836699,0.647708061892588,0.371978092766765,0.899050115985817
71,1.04114771791685,0.454828798972375,0.82073734865733,1.08732404904766,0.844915817066411,0.614117121159108,0.922989813175685,0.388170012988182,0.705804209511481,0.72224847834429,1.01636284422107,0.311306566701785,1.5237863842339,0.67119060653602,0.290138211359431,0.773669972285708,0.402073410622896,0.681078851966766,0.651786793951838,0.375762838025643,0.908370855626796
72,1.04587693873393,0.454991973807619,0.820520158779743,1.09107353268829,0.843874888788855,0.613799434673439,0.923779981837477,0.387588653076615,0.704523498478669,0.72306578982166,1.01947249488985,0.310871607677065,1.52435136025587,0.672044626603735,0.290960032610057,0.772259601948208,0.402280461429787,0.681990606983067,0.654199687956353,0.376145185802386,0.909227848899174
73,1.04792517340346,0.456031818670313,0.8225734151354,1.09270593169518,0.84557277632608,0.614396677288698,0.92605994412486,0.388308900992724,0.706485998339488,0.724709856656899,1.02185447445035,0.311692292236674,1.5291406836794,0.673905791189386,0.291940672736818,0.774318901396146,0.40324519943666,0.683009302683149,0.656809369908423,0.377007115644325,0.911477358542263
74,1.0329166194168,0.449541982526995,0.809842381560593,1.07675740685823,0.831861131700309,0.604616760591049,0.911914118211599,0.382734205212875,0.695466466512417,0.71356847297376,1.00678401408899,0.307672851447508,1.504250415673,0.663344138509031,0.287346715645943,0.762205852382843,0.396670809663384,0.672136893226477,0.647353318498555,0.370980633380966,0.897515837267188
75,1.04510633367587,0.455662335691077,0.824721500849135,1.09082797270305,0.849772624144628,0.617739322139488,0.927652029877094,0.387496138201417,0.709379969735215,0.725859188941499,1.02068930102616,0.310256830389925,1.53508343885273,0.675169703991546,0.292420617998774,0.777565034636379,0.40501312174969,0.68423831867778,0.656514902346577,0.378044905245873,0.913184077565624
76,1.05498621110301,0.457846675614808,0.825528624285422,1.09941646404774,0.848250977281448,0.617765914835536,0.930463796120178,0.388741516088135,0.708507248678167,0.727705189406878,1.02758054916965,0.312184306668162,1.53106700445688,0.676041613000718,0.29300397637451,0.776683862893392,0.404464755595763,0.685638947080056,0.661051237953961,0.378171602005838,0.915751252613832
77,1.0432806001561,0.45372464699458,0.817154866365542,1.08648921473534,0.838178286613029,0.608759967874851,0.919992858664242,0.386025515460783,0.701600154778347,0.720301183818163,1.01658392720132,0.311139142313456,1.52096472007003,0.670151267718764,0.290484552876025,0.768686436306471,0.40052165432033,0.67809356808831,0.654584964055398,0.374619853119167,0.90572252654744
78,1.04586520968455,0.45604753784144,0.822414806227608,1.09067941060258,0.845107147722876,0.614251949339083,0.925489558979955,0.38833131488796,0.706957671143114,0.724018669754236,1.02029665778124,0.312369732319332,1.52699928927607,0.673012847803557,0.291267866130282,0.77478807608003,0.402734968742543,0.681849654989939,0.656129005895192,0.376454191960546,0.910918280357199
79,1.041975044428,0.45353100668708,0.816972981924813,1.08626214153108,0.838957554780443,0.610135429375132,0.919673072525921,0.386250316589951,0.701590968957,0.719897609571159,1.01542283996877,0.310864145128862,1.51780134080194,0.669176391281555,0.289682411175194,0.768868995962608,0.400238273846092,0.678331614004011,0.652360269518257,0.374330216919589,0.905275450272437
80,1.04998572729363,0.457521350781132,0.825773066033804,1.09519608066607,0.849006775203422,0.61702416209467,0.929143790036426,0.389738503884479,0.709676167116252,0.727162917412372,1.02435803376399,0.313102117330022,1.53507325901553,0.676163202960186,0.292671774629971,0.777779989381477,0.404810064950444,0.685357944706811,0.658180772040861,0.378355552502634,0.914589950067795
81,1.05110373501396,0.457152836009481,0.822711262934228,1.09550498219968,0.844362125474391,0.614025905918608,0.926605188336423,0.389448003530661,0.70618637375973,0.725112624671527,1.02388318832252,0.313523892732378,1.5267881980827,0.673853649137339,0.291757444747901,0.773945937995034,0.402686718381334,0.683160029090027,0.657742500813158,0.376819426357425,0.911950646556788
82,1.06155856687948,0.462659214063729,0.832790049838897,1.10659589481001,0.854682793071428,0.620539396832505,0.93708899368202,0.39474277169856,0.715301005120035,0.733723450677747,1.03485614433283,0.317984728537926,1.54857360291741,0.682373221295126,0.295372304048875,0.783755290756637,0.407823379959034,0.691136301139811,0.664824292579148,0.381563804827733,0.922403801705107
83,1.02529956182174,0.446683924106561,0.800032929084437,1.06810572312496,0.818881721752277,0.59461132580677,0.900968298349706,0.381973228890078,0.686313491766796,0.705376011768328,0.997765094778844,0.308859305193973,1.4826193219181,0.655249025922031,0.283376622205637,0.751954071503511,0.390468750799816,0.664062210847692,0.639995830056236,0.36604816407507,0.886595083137719
84,1.05561278460857,0.462661004501626,0.837894330323923,1.10364596943024,0.864392522750215,0.627040101479901,0.940545983973898,0.395439041720075,0.721760511955406,0.736591605879626,1.03278389578606,0.316382522624966,1.5626991859983,0.685595097875358,0.29630252793628,0.791005301911866,0.411619853115023,0.69500910369327,0.662286703802793,0.384137866121011,0.925926193338089
85,1.05067075963373,0.45551848850215,0.816191993242471,1.09468535202104,0.836440283331263,0.609405660976731,0.921004158744888,0.388396871852856,0.699080704779349,0.720309350847497,1.02096851314362,0.312784000810286,1.50661157543683,0.668018096235958,0.28909585295044,0.766424116295521,0.398236609678349,0.678928951191572,0.654181665665077,0.373388270944432,0.906006003736964
86,1.04158628886403,0.455256697905617,0.821000268515592,1.08640017514887,0.843496021085818,0.610544195308507,0.922233359671836,0.389262356372007,0.705873739219872,0.723061452539833,1.01705020572422,0.313084708365718,1.53522429792527,0.673794463554856,0.291768878683573,0.773149484949676,0.403150421013275,0.681367929797515,0.6534343594042,0.37690563908183,0.908096515889087
87,1.03923696280832,0.453056885577527,0.814873140021449,1.08466671190464,0.83766277687934,0.609500288977198,0.917973313230123,0.386597647027152,0.699887560517983,0.717476773006071,1.0129386195246,0.310339871886193,1.50510983123697,0.665653618646869,0.287752426897784,0.767398725249798,0.397860230800178,0.676106608369126,0.649467999551854,0.372340694588643,0.902976163331864
88,1.03735726981181,0.452303272455328,0.817057313010567,1.08254723880969,0.841045191058175,0.610537746144809,0.918524294596304,0.385628063346609,0.702227687166211,0.719835544581834,1.0124059818894,0.309096157443026,1.52577230327613,0.670175324369646,0.29030601741209,0.769470414908397,0.401665215413976,0.678955567027309,0.650147213119759,0.375232774841141,0.90440436160478
89,1.06819337808591,0.464753095368508,0.839196287243833,1.11464327082942,0.864009518482661,0.628796925524986,0.945388535319339,0.395255254674002,0.720964426001263,0.738922372919737,1.04191363724563,0.316372624178586,1.55422389406155,0.686200478467993,0.297102364237966,0.79054853451851,0.410950548456867,0.696570598804512,0.669439900853069,0.384039982665997,0.930205395079748
90,1.04916334260212,0.45527520239257,0.815857475632724,1.09146357789927,0.834577354281589,0.606148241354301,0.919485762078778,0.387889999736093,0.699101654959245,0.720338008911054,1.01991922768466,0.313571241759055,1.51717709443834,0.669882398267224,0.290490309167497,0.765832103450752,0.399211573857333,0.677946067437918,0.656005571953862,0.374139363169983,0.905116576912485
91,1.03817519093621,0.454344780709289,0.817919852281037,1.08293896522233,0.839825797758573,0.608645426219358,0.919384939717685,0.388356120074507,0.703513974335989,0.719729465940283,1.0135417545091,0.312879343303035,1.52058093262973,0.669430195706204,0.28945284173385,0.770769560522021,0.400181234072401,0.677507289620178,0.651227496230247,0.374280045160708,0.904935683553978
92,1.04738665817408,0.457050036497467,0.823010202156327,1.09334189333521,0.846297558496632,0.615464675682765,0.926005508485436,0.39010985000314,0.707166167552809,0.724773662231022,1.02129850426401,0.31332832735331,1.52690159515143,0.673265392899519,0.291048332177259,0.775129411266475,0.402896378110692,0.683367453061402,0.654657633132188,0.376816716840735,0.911315425943354
93,1.05280423823574,0.458494363926025,0.825449003500013,1.09796874356601,0.847910463095773,0.615917349158825,0.928996807220086,0.391279141441622,0.708687560222588,0.727475336190527,1.02606707667445,0.31448416837219,1.53418505323317,0.676311078091175,0.292684973242119,0.776653731763568,0.404388834839328,0.685920388538502,0.65817412602638,0.378361851016118,0.914407787659706
94,1.03355097520858,0.450369189183389,0.809525895283002,1.07756107784906,0.830704967373686,0.603110537764891,0.911326120217914,0.384583540833225,0.69497100585375,0.713360679835997,1.00711293791519,0.309581597341158,1.502779159667,0.66305936581819,0.286939220842009,0.761588934989832,0.395985608584167,0.672102904604895,0.646346997060882,0.370715352153306,0.896843031219056
95,1.0472843835516,0.457519180011811,0.826951738498971,1.09376293315483,0.852011317890336,0.618695926002855,0.929646539837277,0.390245818434052,0.71136758341635,0.727701253473677,1.0230138135767,0.312474617926038,1.53928838887464,0.676885729645895,0.292883389558359,0.779701042433739,0.405814887392594,0.686247406290769,0.656744890191929,0.379013922036951,0.915058731158676
96,1.03996507874681,0.451742951359888,0.812802744805493,1.08413682325849,0.834832348786583,0.607594910546846,0.916072408101057,0.384563745406645,0.69730886782451,0.716628731706438,1.01256445936994,0.308874169114641,1.50610137011868,0.665505105859197,0.288222559917914,0.764411746199846,0.397756730035553,0.675418221900646,0.650119386410259,0.372229876005324,0.90144165460335
97,1.05075069012819,0.458152297062078,0.828430803624685,1.09623012855305,0.852800448766964,0.619036851613848,0.931591598905691,0.390035063767322,0.71232962922272,0.729428258496064,1.02601219932178,0.312628945169968,1.54497273568354,0.679005232840151,0.29421040382965,0.780611215517204,0.406986860846196,0.687518152696133,0.660020285665654,0.380057010308601,0.91717184776991
98,1.07239026046577,0.465846666971884,0.837738586246932,1.11740050531554,0.859766624129524,0.625788965749018,0.944415704755603,0.3962327225302,0.718790827104808,0.73847815827645,1.04403458232809,0.318760619705393,1.5507485962488,0.685673080648424,0.296987948760393,0.787931000769545,0.409584379547176,0.695433337365435,0.671179765084042,0.383332651383752,0.929288413097134
99,1.04669227665174,0.455673481925144,0.815406460851857,1.08897006689695,0.833178543171878,0.604005481090889,0.917975398408723,0.389374348028166,0.699206202277048,0.71953342503009,1.01809470489951,0.315719691387177,1.5172917135767,0.669376811805418,0.289903523448255,0.765703841060637,0.398573579816629,0.676836708452265,0.654399689831813,0.373707898493064,0.90371683415434
100,1.0181824331515,0.446450463143904,0.802571540445104,1.06291601029521,0.824013586910506,0.597267259516902,0.901765525122095,0.382635396953091,0.690426470667951,0.705991105254112,0.994025207364883,0.30843891420673,1.48967434650751,0.656217387012957,0.283263170112298,0.756475069484592,0.392136049838441,0.664920641055327,0.637070817070563,0.366968268944015,0.887454914145594
101,1.04269332710743,0.4560226773155,0.825884554235918,1.09076208798481,0.853021144334927,0.620399857719228,0.927935452205172,0.389284733023444,0.710857677804881,0.726357675936393,1.0192332519379,0.310620535910849,1.53604682625061,0.675182566183046,0.291708191515692,0.779397209735262,0.405629635338108,0.686139034935354,0.652431708659205,0.378569065664659,0.913330094461233
102,1.05146080643147,0.455849544516892,0.82202410140837,1.0964986249676,0.84548319744585,0.615758226260764,0.926726306607619,0.387667148016332,0.70498186817117,0.724931287994961,1.02390473744264,0.310361523985142,1.52414013884869,0.673317970796862,0.291758312091566,0.772991315471216,0.402894569326873,0.684059750770469,0.656995983541105,0.376847924497593,0.911947595605368
103,1.03530884206132,0.450328509124119,0.812493973870374,1.07886716161014,0.83480087286769,0.605879168768629,0.914644391366741,0.383170008546188,0.697780928587228,0.716030478549448,1.00964132277191,0.307707986849765,1.51407673248767,0.666496518597627,0.289095657242555,0.764615883636321,0.398715409930909,0.674457696177443,0.650113073446019,0.372722677827803,0.900374217855346
104,1.05476098343341,0.459542673491842,0.830880162252612,1.10055327785229,0.855737903101651,0.622448360754252,0.935341799374922,0.390418023993743,0.714483612583082,0.73129221169741,1.02964203267117,0.312686376083308,1.54284409004499,0.67973707603216,0.294482831712867,0.783271382831906,0.407437955825467,0.688882875285321,0.662839773528915,0.380430453819838,0.920534398031531
105,1.04271076987646,0.452418186531087,0.813520674363718,1.08556703259583,0.834124807863282,0.606920697497524,0.916907982350985,0.384436382239376,0.697740997486009,0.717683302647203,1.01461469798038,0.309813535943836,1.51074991579006,0.66700672683216,0.289192322458826,0.764609231144566,0.39841118920872,0.675674745463743,0.653006147675901,0.372846758838804,0.902559876912532
106,1.03767111649414,0.452797116707513,0.817991423258649,1.08215292395874,0.841088796283818,0.610602295888637,0.919856094685696,0.385443095751876,0.703546021112345,0.71997512451719,1.01317099333144,0.309797320762173,1.52306157438668,0.669931439714861,0.290078990343123,0.77092342610948,0.401267307400518,0.678069057568204,0.652144219846282,0.374807263137401,0.905601007394676
107,1.03618516185534,0.450818233217924,0.813712156365343,1.08079682117161,0.836974064046497,0.609543231875085,0.916366208600711,0.383153434311372,0.699090965220023,0.716644416471137,1.01029723353856,0.307540666022102,1.50913621752448,0.665745056836052,0.288214135993609,0.76638914382579,0.398708307044298,0.67542092645041,0.649405428924769,0.372588934598533,0.901884324422601
108,1.03285832496105,0.44927082874456,0.813421156818309,1.07726989804045,0.837540838751788,0.609226610458982,0.915313884906761,0.381496029416751,0.699197939110991,0.7163601812105,1.00805589022311,0.305725640922902,1.51528271939125,0.666527074354231,0.28887932177178,0.766358103180813,0.399777545157238,0.675408224792207,0.648773126269867,0.373183485347131,0.901187215904725
109,1.0547465025211,0.458079338391415,0.830088841318033,1.10009837634119,0.85525143432925,0.623151734844522,0.935055885545534,0.388071594316637,0.713471727931251,0.730852967974884,1.02929805771503,0.310532012264543,1.54148188875054,0.679345475519817,0.294527298037256,0.782283516076733,0.407576931294811,0.688909679852348,0.663064313781178,0.380356635490511,0.920354255230183
110,1.04472437599203,0.452490972705602,0.81543694566368,1.08711571806429,0.836214743374185,0.608809693271354,0.919366457944281,0.38353363392918,0.699463863813896,0.719315810819349,1.01682590744089,0.309043014514565,1.5155204044403,0.668852342180609,0.290292201418437,0.766512517738928,0.399768590150866,0.677087131779457,0.655700595916315,0.373873399384826,0.905059688261851
111,1.07032708758433,0.466198881061177,0.842509403826339,1.11539383617128,0.865696717271249,0.629100174305101,0.948013339966434,0.396011567355762,0.724464180217075,0.741700677241153,1.04459310023708,0.318723727956252,1.56797827852001,0.690109474917163,0.299042975510187,0.793840574272386,0.413260573090208,0.698113708241234,0.673477023830183,0.385974784529525,0.933336137863827
112,1.05705948750648,0.458765635677865,0.820217602358866,1.09923813159622,0.837431271473145,0.609282032148505,0.924984210894558,0.390968863381952,0.702768482169825,0.723915742653511,1.02674311987876,0.317452125703629,1.51756458419213,0.672112695509954,0.290961246861528,0.769919271027906,0.399930944779699,0.680770368368654,0.660017876076356,0.37515894136489,0.91029812559653
113,1.04714087094613,0.458706963461432,0.824034763207555,1.09171391532528,0.844061751392745,0.611064148870716,0.925361548637134,0.393270568243775,0.708550223501524,0.725486979776509,1.02171584270398,0.318439382826878,1.53611470190299,0.675395283945006,0.291775138996784,0.775882237085404,0.403205977068707,0.682996636501066,0.65553515439759,0.377487230832357,0.911117514113923
114,1.0663006136957,0.466139907525408,0.835729254557158,1.11307560251604,0.85715127993146,0.622872801422807,0.940295207964116,0.399852821666241,0.71774916802474,0.7358834945754,1.03891550899669,0.322591282312706,1.54490443269925,0.682894459099951,0.294528800687431,0.786648706668298,0.407476437709846,0.693746598355363,0.663891551070496,0.381890002425928,0.925062674809038
115,1.05901934067254,0.462353700444068,0.826174016684997,1.10394629068586,0.844958098146066,0.612138098440528,0.929169049384357,0.397731688376991,0.708404260340398,0.728838791870211,1.03038462082947,0.321952091279552,1.53590636931033,0.677658061407763,0.292680753662208,0.775877608817535,0.403402113905707,0.687106698961452,0.658175735248798,0.378648188437857,0.914488754520969
116,1.03840495424506,0.455399308142138,0.814347629137953,1.08418968404933,0.834386739011345,0.603746023292234,0.91528156567879,0.392767138236441,0.699381661150894,0.717101178943119,1.01225826102798,0.317062704682976,1.50930039319255,0.666220998092729,0.287255750272828,0.766224405462112,0.396804493486554,0.675947375654786,0.645873454974338,0.372319533805375,0.90040085364265
117,1.0579846012799,0.464176702952222,0.834050529209312,1.1065745233226,0.858322251004654,0.62183355597419,0.936710550414407,0.399652264768798,0.717006500959761,0.734142388091948,1.03281107916458,0.320382209211819,1.55034576600158,0.682386073849008,0.294368181452658,0.785779070446741,0.408014532672191,0.693177220225842,0.658537432487128,0.382047871544033,0.921640369906923
118,1.04209284157061,0.454479614154181,0.812357302545177,1.08748635617815,0.83298348828195,0.604153700072694,0.914837039990392,0.390614152222134,0.696265378655225,0.716587932316287,1.01387186672779,0.314146802045353,1.50359953611124,0.665151766839956,0.287352073726071,0.763114871272366,0.39619932980191,0.675983701920123,0.646947459956166,0.371830813905862,0.899862731719119
119,1.06162306898423,0.465437545129411,0.83801107125992,1.10962911821098,0.862885315694926,0.624176173913873,0.941123751563582,0.399728213215362,0.720599736749008,0.737681363793169,1.03710482955905,0.319923835346785,1.56247132970082,0.686536898626926,0.296758030725411,0.789614907092772,0.41080251819956,0.69604812435921,0.663410397863728,0.384288935295383,0.926193915239216
120,1.05569691167431,0.459838317976097,0.820826246629622,1.10082657704887,0.840993163093548,0.61057711881035,0.92533762182168,0.394188287045921,0.703255327618029,0.72421786963881,1.02629198221998,0.317328533590878,1.51571412504352,0.671726973404454,0.290411182281865,0.770860237865494,0.399809936590403,0.682382267354456,0.656228367370985,0.375281249174962,0.910066437223345
121,1.04317107600542,0.457304353769629,0.820533618761398,1.08876174199545,0.842378043870797,0.608622521916764,0.921438638987881,0.392882158390535,0.705076081297743,0.722918412754548,1.01785519423037,0.316062085431029,1.5319427492843,0.673123174571762,0.291067666597119,0.772233677795629,0.401944637533402,0.681275841443437,0.651847387028331,0.376392906757686,0.907073306052081
122,1.03007123332348,0.450692982165867,0.808348387141651,1.07616348298247,0.831165332881528,0.603268951539627,0.909731384601999,0.386355799901246,0.694319780662114,0.711708510495155,1.00424677766532,0.309794727889455,1.49382090390339,0.660291822172144,0.285056350060758,0.761218129303063,0.394350742029531,0.67104858181879,0.641949601339854,0.369371093933605,0.894797650950125
123,1.05263076068176,0.460313039303712,0.83179948777448,1.10034299863408,0.858343157258753,0.622470554902035,0.934435894167201,0.393357689964769,0.715330922611124,0.732369149302355,1.02838217781262,0.313794988060037,1.55272691589622,0.681617369785404,0.294954149622712,0.784034594962171,0.408986424546779,0.691568270835416,0.658754038897548,0.38195146211842,0.919907118806353
124,1.03051951954145,0.447472750562903,0.802922521721663,1.07419072455383,0.824327122820861,0.599544271201417,0.90574306169504,0.381252860271879,0.688209062029124,0.708197430763293,1.00259017543434,0.305836628918842,1.48347926198916,0.657073932907786,0.284568187708198,0.754593695126622,0.392113697260624,0.667409975280805,0.643181184755438,0.367328989423345,0.890978018905879
125,1.04283891151049,0.455904643549241,0.826776688328471,1.08920932396743,0.853498142580508,0.618636112951638,0.928557979882114,0.388014615600249,0.71181400328485,0.727469614392732,1.0201033843029,0.309614313068233,1.54774758607285,0.677976446393036,0.293921821521808,0.78004022599709,0.407352309883386,0.686043069878396,0.656564960297212,0.379816827776575,0.91439073063838
126,1.03090419095536,0.4468697011386,0.804436453441302,1.07446048397445,0.82699980836028,0.60319564941267,0.908041279259952,0.378802979483945,0.689959825070871,0.709162500243116,1.00332035648649,0.303495160508416,1.48401741243654,0.657581998659463,0.284993707932854,0.756729939529692,0.393178547814902,0.667986902985382,0.645381459299389,0.367772827911861,0.893274861298288
127,1.0397403502003,0.453050597377134,0.823380208896425,1.08471090075581,0.849640747106943,0.61681032986147,0.925224002990203,0.383879095894151,0.708706503693225,0.724842693878566,1.0166059722511,0.306668567128484,1.54369420427578,0.675860644192433,0.293437470520786,0.776571821017083,0.406435637173385,0.683294132982481,0.656136541624596,0.378642118168554,0.911425290195382
128,1.04421640069604,0.452070167361232,0.816290107543403,1.08781098588532,0.839514155656726,0.613013624411502,0.921585375272193,0.381858796992713,0.700581716821444,0.719231083899744,1.01689744856836,0.306035074983635,1.50611026677903,0.667091438615765,0.289303880553358,0.768414369648619,0.399357622868025,0.677151483786472,0.65580292793753,0.373127362431883,0.906726978090043
129,1.05374701066986,0.457669114726245,0.82919080157512,1.09722839345903,0.852612030483337,0.619685526595545,0.932859519971444,0.387193123364954,0.712701460422652,0.730782432317615,1.02815747233496,0.311132331089722,1.55243630230802,0.681165837186957,0.295920755200433,0.780767247715138,0.40861236037824,0.688102390507718,0.664527133717421,0.381173575311153,0.918990954845662
130,1.03937482613704,0.450785618887043,0.811065953018348,1.08160892716512,0.831220406655623,0.605857306322414,0.915109979772229,0.381927827153422,0.696040543977874,0.714689838249591,1.01159806524496,0.308271003130343,1.49724864669771,0.663186391503444,0.287327458575687,0.763011689706823,0.395989536512579,0.672059539491163,0.652346668433805,0.370501641928776,0.900477421667192
131,1.04453068114142,0.455491134173224,0.824699524127547,1.08887005496197,0.84803609688037,0.616022306891231,0.92665567525091,0.386884685580416,0.709579984689837,0.726075038789373,1.02008870739638,0.31139014790881,1.54275941586705,0.676581896884058,0.293215424257658,0.777286210095709,0.405856494380295,0.683936495569702,0.657562730904977,0.378709730643461,0.912805253903205
132,1.06480645854679,0.462344015160519,0.83295229467293,1.10953615055677,0.85499120001355,0.623459420222758,0.939154861281688,0.392610474044287,0.715073351419152,0.733711743602832,1.0369934419415,0.316196862266579,1.53802924335276,0.680748323312749,0.294562380220398,0.783996925731125,0.406958232208249,0.691017254415684,0.666763234085251,0.38067662250853,0.924109893948372
133,1.06108920890209,0.461379139207793,0.828606937344104,1.10412746412141,0.847599116880634,0.615253591166514,0.932504335044589,0.393444289165626,0.710861052231509,0.731022948516101,1.03275263787286,0.31876452906966,1.54531764468692,0.680573934992898,0.294867076919678,0.778478057556047,0.40602156047961,0.688191621002694,0.664205437802757,0.380251436145495,0.918263970725433
134,1.0555276521487,0.461051777042252,0.825967042522779,1.09996322075353,0.845120617049441,0.613291329078661,0.929596091429012,0.394888573088581,0.709305651383426,0.727387398912349,1.02819029475374,0.319905568428444,1.52818028431997,0.675533982615251,0.291721496569238,0.777116646647959,0.402468913076292,0.684490105972205,0.659315600434184,0.377297747662072,0.914672691369086
135,1.04849823608355,0.458756321915325,0.822037585317715,1.0937646016286,0.842016351581987,0.610446373872807,0.923781022173632,0.394094427848516,0.705979633152184,0.724321237851126,1.02162092154442,0.318778259588511,1.5290152977158,0.673562491046251,0.290785448642441,0.773257978506566,0.401751884897443,0.682643007490737,0.653342009760726,0.376567942996722,0.909272811291125
136,1.02621050356702,0.449162423566732,0.805693389996434,1.07174778577602,0.826905292043543,0.599722485892497,0.905866778929601,0.386191680005297,0.692088086313374,0.709389028240979,1.00055845981522,0.311038516460577,1.49248761609366,0.658802754255438,0.284135950184273,0.758446032358076,0.393169022348945,0.669132798150464,0.638707127113796,0.368480969533381,0.89123114730729
137,1.04630358778353,0.458069330684941,0.828191528358454,1.09469622824209,0.854752366169829,0.620257820181567,0.930167134068039,0.392536408907668,0.712566641419842,0.728603785083079,1.02276660260488,0.313313893072217,1.5426243386216,0.677720549252358,0.292771344184183,0.781118499350538,0.406590966195514,0.688453317159111,0.653653358582927,0.379849896861128,0.915415582481042
138,1.01855379567996,0.442208804958933,0.79508162214668,1.06258842400841,0.817255050917392,0.594649126069885,0.896496789081534,0.377302736024956,0.681638124730482,0.701210404723351,0.991484653726989,0.302163367473558,1.47127501155195,0.650862771371275,0.281817085766517,0.747422945317098,0.388815944898059,0.661554861297497,0.635075813507687,0.364111527186376,0.881883372043273
139,1.03491655739945,0.452118633377907,0.823599760895781,1.08215444447324,0.852729798701594,0.61879097654017,0.92503686442305,0.384360724346267,0.70961801304124,0.724144961199828,1.01368457073967,0.30517959538698,1.54163585918495,0.674841560362687,0.292648936955624,0.777937928228589,0.406431670560343,0.683583338972336,0.652358269924188,0.378437160759327,0.910777075887858
140,1.0380510622127,0.448479770913354,0.810724637993902,1.08202911195149,0.835216462872232,0.610321817394829,0.915830680266851,0.378695842207348,0.695332212819336,0.71483182906182,1.01064830789501,0.302123354139842,1.49719865038214,0.66301475241907,0.287874102707049,0.762845935774883,0.397256793862918,0.67365426842315,0.651275692639777,0.371071198112001,0.900944457762525
141,1.04164100333906,0.452045197363628,0.821837615359419,1.08510400718104,0.847103277562765,0.615594447483226,0.924748570524448,0.381624985107825,0.706753348482226,0.724068588575764,1.01743689726643,0.305142216856095,1.54037957475526,0.67517078822542,0.293733893918565,0.774433834883859,0.40575834781302,0.681867942709626,0.658694376829549,0.378006306173266,0.910957757318703
142,1.05228610103687,0.45547287457332,0.823528006420194,1.0954775892113,0.846661557724526,0.618132472487897,0.929641424236187,0.383925169643108,0.707193454278716,0.725444462078245,1.02517878531095,0.30811742091948,1.5217827810842,0.673297370807284,0.292263935378632,0.775519672185136,0.403230168195599,0.682261963199159,0.66298051421109,0.376482106658196,0.914813349539296
143,1.01394885866035,0.439849072656145,0.794793772150302,1.05455788257636,0.81520127216105,0.592882431043893,0.894717233262095,0.371929165260059,0.682642860113289,0.700871448578976,0.988021237535021,0.300211666658337,1.48579402813078,0.652966081478228,0.283647145351116,0.747701576615582,0.390993983712164,0.659251333872474,0.63908202510269,0.365084979878806,0.88142668225771
144,1.06449876498816,0.463852839818952,0.845658771362112,1.1114440201176,0.873885024125422,0.637238584827316,0.951313522939848,0.391700338935431,0.728948688146666,0.742808361243406,1.0418206443725,0.312840403955895,1.57064681308268,0.690591420359572,0.299124163700034,0.799377825405046,0.415883540777508,0.699951733696783,0.672720809281414,0.387038628621916,0.936580959827427
145,1.04961205968604,0.451815790228728,0.811247330018952,1.08989575586987,0.82888301881405,0.605542818906721,0.916610353001218,0.381694742818869,0.694087389210205,0.717060407394474,1.01812190896287,0.309197846652,1.50328094575522,0.665961554722885,0.289239128933081,0.760610131144588,0.397072270993231,0.674724664218338,0.656821246543773,0.371956051571413,0.902378092673358
146,1.06215108194199,0.463693250147053,0.839220438079832,1.10638832279148,0.861424893306057,0.624586033567464,0.942927001757461,0.394265950107929,0.722429460384449,0.738280399896036,1.03798653477739,0.318374463456728,1.56766775889803,0.688081325938238,0.298094297433205,0.791216420758637,0.412108093398374,0.694539709643601,0.670116743864066,0.38472363959447,0.928719681365807
147,1.0582513248611,0.459485025274053,0.821897973498625,1.10127586027062,0.839681728594345,0.612190099976918,0.927171108812851,0.391526266962786,0.70449787607846,0.724855539200979,1.02807241510199,0.317850861881784,1.51513575996983,0.672151456442212,0.290593460572585,0.772071785711804,0.400121886804051,0.681876856044523,0.660118586887088,0.375308991360182,0.912184989765923
148,1.03530620680648,0.453071114080219,0.81443671762682,1.07910869649942,0.833954960159353,0.603699992034726,0.914246783481793,0.388570269662851,0.700091510084895,0.717399754206629,1.00995034864628,0.314889451726774,1.52217920483781,0.668405811708566,0.288852808304808,0.766468062361869,0.399122138161852,0.675755021606396,0.647719332029533,0.373660688308469,0.900416698241678
149,1.05599552056025,0.461922545481347,0.831521218484587,1.10352492141629,0.855040425132787,0.621829442474241,0.93535543117857,0.395826222169259,0.714968379225191,0.731322107167766,1.03050954738349,0.318134160026495,1.53593847318071,0.678557745817472,0.292577559912278,0.783870544582169,0.405775097092515,0.689892269373815,0.658589531740138,0.379777806309921,0.92007168235449
150,1.05036732990785,0.457251684399967,0.820349556748662,1.0951843377371,0.840864970711162,0.610420455871855,0.923101115737432,0.391850891773963,0.703440766227692,0.723804910956635,1.02229151685493,0.315962639221357,1.52700669330103,0.673154633402392,0.291172231195752,0.77065515007429,0.401653548710337,0.682863438239167,0.653892556135359,0.37646502354694,0.90859990262709
151,1.04913356116153,0.458695869962801,0.824551985531613,1.09519424937759,0.846792219776181,0.613776328155755,0.927386847206578,0.393472359558699,0.708481607650068,0.725882483322472,1.023574078364,0.316399551313306,1.52944792780874,0.674615374006938,0.291455995596185,0.7764272484846,0.402837824708421,0.684244028461308,0.655254319325441,0.377239849173137,0.912406806714219
152,1.04408075153345,0.455756453922542,0.818228468195682,1.08973030878751,0.840201230746012,0.609794183776142,0.920586547053402,0.390539954689992,0.702437081944005,0.72110969515425,1.01739341666812,0.314010110165193,1.51986496185766,0.670187869250235,0.289767180523223,0.769768156982394,0.400219958888315,0.679937866206109,0.651121134320208,0.374861552303386,0.905838297666081
153,1.05234274486162,0.459739918741869,0.827458590041401,1.0988008823032,0.850971413883898,0.617233208990986,0.930612418970291,0.393636505601314,0.710956488433037,0.728712692472913,1.02667376387675,0.315734085984738,1.53730754027458,0.677365334608462,0.292871721064684,0.779193480625167,0.40505551846286,0.687188508138244,0.657515346452146,0.379013251638593,0.91576185379204
154,1.05127710658603,0.458160141190462,0.822292572252418,1.09654632285385,0.84405850356425,0.61275320541464,0.925846850068964,0.391878741354246,0.705573343987403,0.724926969986936,1.0238927149394,0.315029487619586,1.52566200669878,0.673514620098032,0.291397861635805,0.773273616235319,0.402060430772612,0.683282588367175,0.656036180626729,0.376608266539649,0.910988565973754
155,1.04685997010986,0.457252652973647,0.821706621606774,1.09217824932003,0.843848971408916,0.611671174866983,0.924208337147647,0.391330705486022,0.705774129175411,0.723945950488433,1.02076900444801,0.314610759416699,1.52800734833273,0.673198402476403,0.291224433667496,0.773336998745947,0.402168584696442,0.682196188474693,0.654500037758232,0.376465742621882,0.909577098541098
156,1.0266996911621,0.448284309800666,0.805560948364748,1.07149735997339,0.827699979118402,0.600778537334479,0.906470914614896,0.383377753608036,0.691867145847613,0.709613555790177,1.00089948449526,0.307947776185329,1.49451357767041,0.659283028264601,0.285076603833016,0.758286517960404,0.393956592667564,0.668825834609905,0.641417451709401,0.368765049498009,0.891963133710765
157,1.04819100519726,0.458047679610765,0.82924306233146,1.0955641762161,0.85598790371162,0.621610295191726,0.931996534711396,0.3905825722872,0.713523530727037,0.729620126105644,1.0244904439118,0.311630735209469,1.54465655128945,0.678698594078544,0.293690310881877,0.782202306315087,0.407479090820437,0.688617149892592,0.657260822662743,0.380301657958004,0.917393141902768
158,1.0503943933352,0.455503591262876,0.81949474365309,1.09471747059912,0.841861022785947,0.612965084487482,0.924280529237714,0.387206821281726,0.702631917764839,0.722843215438266,1.0222293400645,0.310549444077865,1.5175049409634,0.671114140528618,0.290878996863843,0.770360002301463,0.401071316488302,0.681316835736147,0.656669408894844,0.375347311120192,0.909452654848305
159,1.04454071264451,0.455167255336874,0.821105739256148,1.08864389523625,0.843725210128446,0.611858431130306,0.92365151018933,0.387474076687367,0.705553840996814,0.723449308043518,1.01907941005043,0.311333040598785,1.53211406237689,0.673637097155207,0.292095137075484,0.773004662344441,0.403125895033542,0.68128922414202,0.656281130699994,0.376744094527041,0.909411168987932
160,1.06299257254292,0.462939557411395,0.833582766008265,1.10837914350464,0.856537414524085,0.623054509417668,0.93897373233719,0.39385415540302,0.716045478156364,0.734151786157507,1.03612534505264,0.316490355449006,1.5437916767714,0.681775536042697,0.29514225577551,0.7849299899262,0.407707795845251,0.69127736452095,0.66626178313485,0.3812777962582,0.923974195554639
161,1.03636760358373,0.450892984707523,0.808325834868283,1.07880880732465,0.827284104210055,0.600520223164079,0.910105974217626,0.384648229262089,0.693267311585866,0.713190339469282,1.00830432447919,0.311062331454986,1.50366629103689,0.663265818744786,0.28727504868357,0.75938222572138,0.395532474437405,0.671315801264875,0.647983742060439,0.37056175686392,0.895992416681026
162,1.02541612767242,0.449056027148837,0.810949238417085,1.07094706600585,0.834811913305735,0.605663897655391,0.911154198579826,0.383555863404139,0.698084197882656,0.713071692960017,1.00217891684662,0.307841188100736,1.50751722560423,0.663115101820487,0.286546980735566,0.765054632104171,0.397324295842781,0.672061065540569,0.643250000587738,0.371169924016419,0.896837616620414
163,1.04257467584983,0.453966857210467,0.821551179260797,1.08907125184098,0.847437281500001,0.617366625341322,0.924625298748209,0.386054923515856,0.706184195027316,0.72329336233136,1.01753895615925,0.308362982325529,1.5256445359329,0.672033620622838,0.290838912991838,0.774357470070857,0.403352394091099,0.682792648525061,0.652811780132071,0.376575492385473,0.910028653792038
164,1.04028132345259,0.451153865068751,0.81538301907045,1.08428341756289,0.838814259888113,0.610446375305789,0.918731211526499,0.382859659739842,0.699879915810593,0.718796645229027,1.01391617769864,0.306687688712663,1.51620037895855,0.668400219524641,0.289936574214472,0.767225837147241,0.400347161373734,0.677745064437695,0.652432176095099,0.374064744944851,0.904362154089953
165,1.05271557755576,0.457595649704221,0.828263557082508,1.09745543968737,0.852580865017302,0.620091266435387,0.932688802086923,0.388000183376313,0.711902056492178,0.729381359241869,1.02736529328248,0.310881284490514,1.54113285516241,0.678535338968214,0.294360886329719,0.780343404441402,0.406738500429477,0.687039991210772,0.662459214913429,0.379693085464377,0.918107406289988
166,1.05972939060474,0.459701573580002,0.827831683757416,1.10318576093898,0.849179140083047,0.618201372668561,0.93324476436276,0.389923184421519,0.710368720908689,0.729937037269053,1.03168025313492,0.314117869720051,1.53620848132031,0.678350375364331,0.294219190726746,0.778526926947078,0.405407210378842,0.6868898796054,0.665024647732565,0.37916848613733,0.918590312492883
167,1.05624906435046,0.459836874081042,0.82657199020313,1.09949748664138,0.84651800849546,0.614620262523952,0.930444849894655,0.391565341529453,0.709719859718458,0.728568740826946,1.02885268899088,0.316664633747239,1.53734360463679,0.677701789351617,0.293565211215007,0.777429015572406,0.404578230907939,0.68533288088864,0.662561013311798,0.378634424938833,0.916039332925979
168,1.05088899064697,0.458637466802129,0.822890506698001,1.09506251724196,0.8427591587401,0.612000891394455,0.925993844335361,0.391888737012796,0.706721245965382,0.724908666554996,1.02370963608858,0.317051105904942,1.52595834576376,0.673568727439228,0.291131217040911,0.774262591536976,0.401861538792166,0.682287895608441,0.657171690035225,0.376389837516427,0.91138362884068
169,1.04158866535513,0.455220296985189,0.81747459593629,1.08648573859002,0.838259107406699,0.608276613923315,0.919036408074138,0.389932318945605,0.70225918683283,0.72006028280075,1.01529263244819,0.314820880111749,1.51903192187235,0.669415157370742,0.289137398428626,0.769356727513954,0.399744392053463,0.678611674773635,0.650240390731285,0.37434741783366,0.904619799989157
170,1.04869046770845,0.458322044736755,0.824947730190634,1.09512289055688,0.847952641748512,0.615671862246371,0.927581815761022,0.392538303888284,0.70893811171546,0.7262478106219,1.02307332239988,0.315468294927768,1.53103960086862,0.674867605887961,0.291443905023423,0.776985927475931,0.40358092797632,0.685135380001641,0.654549397605092,0.377681877708562,0.912809769524016
171,1.03846276540458,0.452601252412621,0.81343007274363,1.08352440247424,0.835280876562108,0.606585044630459,0.915494013222949,0.387291444635917,0.698148539612273,0.716931707909742,1.01180172477716,0.311339053520543,1.51026141131202,0.666272263957361,0.28812459485718,0.765135558668233,0.397998600955069,0.676236641227675,0.647728956574139,0.372709624634228,0.900890320878326
172,1.04962029159107,0.4583985855722,0.827398153178968,1.09620999515517,0.852004232255064,0.618290569934754,0.930372393231587,0.391738106557705,0.711331407838518,0.728342554074106,1.02486768728009,0.313675911257817,1.53920590453342,0.677384050022473,0.293050968529243,0.779668531852117,0.40568578130975,0.687036978779137,0.657105819747573,0.379200982739837,0.915621992519005
173,1.04714637520698,0.455365609817372,0.818470323564215,1.09188319051585,0.84050519712216,0.611095591177131,0.922220865263075,0.388401045836771,0.702167631074173,0.721631915635265,1.01964676405882,0.311961941468752,1.5172687115736,0.670268767517845,0.290231843723743,0.7696800778536,0.400369115271545,0.680121307964349,0.654178994010435,0.37483436929336,0.907409471025013
174,1.04381027522356,0.455408841032797,0.820875342282997,1.08877199149324,0.843831304992639,0.612019528443346,0.923234648368094,0.388635109415533,0.705405987516647,0.723075574181949,1.01843409097213,0.312073102111065,1.52922933316223,0.672831486484938,0.291387873583579,0.772940446669189,0.402566700554531,0.681304532324566,0.654369221333509,0.376385105529216,0.908805870152817
175,1.04447397085643,0.455060531247273,0.819289843765255,1.08957779959637,0.842176823839321,0.612299336007143,0.92260137043777,0.387841613063107,0.703673247599784,0.721670005316259,1.01816028547882,0.311347478267274,1.51854323586575,0.670299892869953,0.290090834927231,0.771361234531405,0.400863293407091,0.679969654439431,0.653749756241619,0.374956529205846,0.907839231930564
176,1.05720816948154,0.460624582202366,0.830540335204177,1.10258754133437,0.85384949360533,0.620110217866502,0.934444253974111,0.392480223541016,0.713487095432105,0.731791704791719,1.03101177188159,0.315131341505277,1.54646342813721,0.680728049342948,0.294839259808874,0.781868309956388,0.407451165789497,0.689703444600813,0.662487362636551,0.380892223890179,0.919897551182977
177,1.06010947096566,0.461213430124335,0.82766911310867,1.10439756198816,0.848325728353166,0.616422771712376,0.932559070606757,0.393319622609295,0.710059555389534,0.729697832782088,1.03191806969462,0.317111202615226,1.53332313337198,0.677756665845512,0.293378941578444,0.778155505734971,0.404348842350537,0.687039300371258,0.662775778272374,0.378741620793757,0.917674253384822
178,1.05109508971008,0.458952270655298,0.823151903894287,1.09530737439974,0.843191024766853,0.611121997632839,0.925788412756302,0.392690413303402,0.706772829021679,0.725519072152804,1.0240444913034,0.317315123618642,1.53182159151931,0.674911208614251,0.291967725317441,0.774148661563232,0.40262509642771,0.683061231699445,0.657277412632446,0.377144742824481,0.911333566816461
179,1.03406528168596,0.452275036159318,0.811206748558159,1.0790037948914,0.83212936952995,0.603716027878806,0.912419745342046,0.387619942337408,0.69686270787154,0.714343305315575,1.00794883397686,0.312530187635988,1.5031960628426,0.663501219025785,0.286490847730386,0.763618218437443,0.39599112222692,0.673016531311181,0.645307368673203,0.370957238847851,0.897812258970327
180,1.04335873273496,0.456500359132905,0.823539104516314,1.09034195122106,0.848221005735123,0.615551512761671,0.925256213938576,0.390722045939807,0.708235594174841,0.724843067125921,1.01889173544997,0.313012522989495,1.53307677010864,0.674112243400991,0.291274181866841,0.776207414346148,0.40390632604361,0.684161747364356,0.652084451997623,0.377548073116786,0.9107225464484
181,1.04270089023218,0.453706675336374,0.816498268109632,1.08810874549599,0.839543077305929,0.610516915093849,0.919753477998199,0.387220383829777,0.700680419481578,0.719585433759753,1.01589651167904,0.310349244901299,1.51256514465744,0.668190290638084,0.289099354459389,0.768200305153119,0.39949074112587,0.678853522745488,0.650804103161375,0.373893650764385,0.904939107707909
182,1.0205425641243,0.444899006523788,0.803305631008886,1.0648846130255,0.826802103247636,0.599912896736834,0.90352697352231,0.379308515083029,0.690314661324037,0.707607366041269,0.996042588471097,0.303827560047436,1.49781987921774,0.658616577905738,0.285378946212863,0.756513224615463,0.394472506656244,0.667204627430228,0.639945501497476,0.368616647388894,0.889422142882882
183,1.05018540023724,0.457607703685577,0.83087145129691,1.09740697774489,0.858860241275855,0.625253519914272,0.935098933285312,0.388301962142647,0.715035278847238,0.730781190818942,1.02660022745475,0.309007750606403,1.54328026533678,0.679205504183516,0.294267894759022,0.78421635564272,0.408297942129295,0.689408006292506,0.660361139895185,0.380644245344398,0.92024554224337
184,1.0571401363158,0.456996628245606,0.823846526344725,1.10036041802386,0.845985061088868,0.616506883890105,0.929564616143291,0.38678684460166,0.706177415025717,0.727186421974645,1.02839276630475,0.310464752177603,1.53030229554193,0.675841876115547,0.293575548254447,0.774097991050724,0.404216121052281,0.684940609133279,0.662916050073674,0.377953036798302,0.915004029647213
185,1.04344093484426,0.453913839273567,0.818240954517008,1.08610155785085,0.839275334535943,0.609133902856091,0.9212597429868,0.385455809050465,0.702908218193345,0.720974619049941,1.01730816098929,0.310731964325731,1.5234254145322,0.670998284219562,0.291086485071317,0.770070224632167,0.401102313947969,0.678008123660228,0.656732488935937,0.37494470103286,0.907019997406313
186,1.0459328371092,0.455869913383696,0.821806635002916,1.09032796626982,0.84417224249594,0.614084996305568,0.925051415351351,0.387509594365463,0.706414981256975,0.723566776269083,1.01998474633176,0.31201863244184,1.52523130009454,0.67243919844627,0.291098829857657,0.774183535208824,0.402401820148827,0.681047725695814,0.656665461275357,0.376084621551391,0.910544155155235
187,1.04725603892225,0.455802382467619,0.821355999782669,1.09144945176904,0.843242862126865,0.613272253513176,0.924449504682226,0.387866763145093,0.705451604222818,0.723742561241185,1.02060369801943,0.312438651929092,1.52672442407387,0.672865845340137,0.29128416671717,0.773033289052898,0.402534652792098,0.681835927143915,0.656091768928303,0.376389906434088,0.910129012852427
188,1.06504522709815,0.463850653664314,0.835781929848482,1.11027364787951,0.858077998689167,0.623714750339709,0.940707326734964,0.395182786952544,0.717936771139765,0.736187731421036,1.03830279399208,0.318226444430888,1.55208549170797,0.684365709367104,0.296150820353631,0.786772033348731,0.409256880378541,0.693629032730562,0.667118971494458,0.382771826669746,0.925953022131946
189,1.04586563624732,0.45505900958537,0.814806332898552,1.08884792467647,0.83325175198978,0.605165295903804,0.917779068280848,0.388826404636391,0.698676260570232,0.71871495581563,1.01725005371719,0.314866536071568,1.51123389415139,0.667864970292153,0.28896807636039,0.765408893821699,0.397827062324779,0.676578915616154,0.652859029524595,0.373020863510626,0.903260696764831
190,1.05728421954799,0.463096969749575,0.83374509872211,1.10364312742137,0.85634391369172,0.620618600280529,0.936551019973773,0.396765677045902,0.717149186764693,0.733667473422502,1.03233058968808,0.319615285355587,1.55178029565736,0.682561049898455,0.294859998689463,0.785670396295827,0.408152450947062,0.691377499383345,0.661723442301062,0.38181865201711,0.921881366587322
191,1.05700883527926,0.460582108143467,0.823853948737695,1.10209285529019,0.843684659495365,0.613150943996069,0.927991627556272,0.394698104209634,0.706406700303488,0.726479094275523,1.02812013201521,0.318727197996425,1.52325426001164,0.674167060129173,0.291198672471838,0.774159774469241,0.40163035059467,0.684664223043345,0.657434746994719,0.376771921223632,0.912953257010741
192,1.02622531727865,0.449291830527532,0.806070340829498,1.07076616945306,0.826523294634022,0.597983433597813,0.90549173654792,0.386191171440743,0.69242781944188,0.71016804425878,1.00080027924733,0.311524852432235,1.50232427215398,0.660950337421428,0.285554132634523,0.758394472233807,0.394416676355876,0.66945547360635,0.640294611500272,0.369544657422184,0.891311766616093
193,1.05946603217785,0.464190649235601,0.83801237226438,1.10853077202126,0.864602581980579,0.627826750092249,0.9418400387383,0.397687996088147,0.721138821137894,0.736811285742857,1.0354722530727,0.317598078091122,1.55367968530906,0.684361033400728,0.295391273592329,0.790717970285141,0.410227366573695,0.695638884695824,0.661886583365976,0.383396955121196,0.926565349415925
194,1.05853581652288,0.459513533577259,0.822763665142206,1.10303618129876,0.843174007365585,0.612725604952586,0.927445897052504,0.392839855547676,0.704596148733091,0.7265561878888,1.02881439289727,0.316175595118654,1.52631093329221,0.67486604033034,0.292249491077204,0.772181011602291,0.402260006349135,0.685121578516801,0.658659883909676,0.377246455271144,0.912594069940784
195,1.04652219132144,0.457855740097931,0.822216083868385,1.09152553797778,0.843605213416391,0.610186465866545,0.924318204337608,0.392519532817692,0.706445498731781,0.724175399208031,1.02099294290102,0.31604139113973,1.53053895887508,0.673867650931619,0.291506725381903,0.77388741897322,0.402198174477516,0.681985989386652,0.654992662580112,0.376619242459709,0.909692905307185
196,1.05855022834443,0.462773019268249,0.830285827891312,1.10512157649962,0.852877510641825,0.619105175318718,0.934246515460551,0.396332447156864,0.713139030146148,0.731289220673713,1.03176430986619,0.318557294216703,1.53832745330194,0.679065024689984,0.293410289668182,0.781623946853035,0.405534387302585,0.689156667028002,0.660536296073241,0.379788108243034,0.919142908646598
197,1.04703415688227,0.456989107314912,0.818300883874724,1.09174501522111,0.838714165478551,0.607886950488314,0.920641833899507,0.391788639619878,0.702009371120164,0.721672028582675,1.01937805026478,0.315838270720519,1.520743094941,0.670820911017552,0.290053611835971,0.769086848090559,0.400011602546369,0.680116027417877,0.652508113387391,0.374973682055685,0.90609317569521
198,1.03556506139318,0.453521662752823,0.814803703616833,1.08146678757202,0.837375506817275,0.606667835766577,0.915903290721373,0.388991979059664,0.700303523523297,0.717292899716168,1.01051408823552,0.312461949812953,1.51303277188258,0.666704249830772,0.287971594009376,0.767432309306725,0.398376098981752,0.676246248652772,0.646704952472354,0.372943905661263,0.90125181714934
199,1.06203855429153,0.464075819875905,0.836120420858771,1.10972179207651,0.861239675739733,0.625322112605823,0.940283611009819,0.396884212009939,0.71853999925989,0.736234290409822,1.03636835139527,0.317509688709368,1.55334744688095,0.684197091593264,0.295788540226682,0.787673488746516,0.409690845349106,0.694817797160736,0.663337267897592,0.383113844618115,0.925296634598881
200,1.05740200230646,0.459829989540642,0.823098559490111,1.10168066517354,0.843268963129105,0.612101901497249,0.927558015186413,0.393109374302081,0.705336918870324,0.726378424540213,1.02833129314181,0.316660379733626,1.52583228090364,0.674701299929092,0.292089732183151,0.772949334282242,0.402046061205179,0.684404923730431,0.659053916758608,0.377001277600088,0.912691578881564
201,1.03854086199352,0.454592650144746,0.815724430053176,1.08325244129115,0.836807692277446,0.605474483930939,0.916879376662189,0.389673568474869,0.700865080430986,0.718525879143479,1.01294424882028,0.31395239832911,1.51865487619799,0.668544028975048,0.289127735324346,0.767740852789203,0.399029965706055,0.676663755599763,0.64965790121122,0.373675409910191,0.902438180731284
202,1.05395194513134,0.461174154229246,0.829426357497543,1.1010769799546,0.853448040184834,0.619573745354471,0.932786979917944,0.394699535649252,0.712958100175433,0.730072849950694,1.02833540223698,0.316490496979442,1.53762543304272,0.678041698924859,0.292889355114168,0.781523135223789,0.405594068394811,0.688406581879891,0.658267130722153,0.379469520216006,0.91779955314944
203,1.06681211981214,0.464805415275262,0.833604449835792,1.11244342225127,0.855270913409022,0.62071599160216,0.938381284704839,0.3975742673624,0.715009204558953,0.73524366914898,1.03855953424208,0.319835366505356,1.54844082646063,0.68328212440047,0.295624243375205,0.78351077065449,0.407835260499486,0.693205679653896,0.665131762454133,0.382091841636581,0.923531083157269
204,1.02838045405775,0.449100057065643,0.802769181441761,1.07166513563453,0.821555303179216,0.594904304051867,0.903483221145705,0.385230026413419,0.688632455955799,0.70780111559317,1.00107808395283,0.311253327752309,1.48927852280472,0.657797966200873,0.284386138355405,0.754387254585381,0.391619291199059,0.66641644060877,0.6413336829566,0.367371137768661,0.889030859926909
205,1.04434118515774,0.458677126387487,0.828462953879353,1.09249830257375,0.854681764135956,0.619311231949174,0.929829025308767,0.392997438987359,0.713525246883839,0.728295787843746,1.02157405259699,0.314176916969095,1.54321971273916,0.677529434315422,0.292596299029415,0.782021522496935,0.406395450198838,0.687226440848128,0.653986895979032,0.379561611483627,0.915175837266937
206,1.03208312631883,0.448428945660737,0.805089182653637,1.07677211099901,0.827317861770334,0.60230782046667,0.907681059697717,0.382554327612316,0.690160771093013,0.710110876401983,1.00418971029369,0.306646038039066,1.48840122837609,0.658754452037922,0.285020845807221,0.756764444789761,0.393497255522443,0.669954407570093,0.64276746152815,0.368564657448543,0.892957414712987
207,1.0426059839954,0.455456917080366,0.825943990851836,1.08904506703759,0.852555092276321,0.617944529231936,0.927806164076458,0.388008466895285,0.710824625271213,0.72684587167667,1.01969634111535,0.309498856497413,1.54517233123372,0.677276380070697,0.29353377369937,0.77901614276396,0.406804587387031,0.685830913076681,0.655557330072657,0.379443902768681,0.913569242162455
208,1.06827026433465,0.463226065493806,0.834348870191695,1.11369590045956,0.858075988226597,0.625582462976772,0.941596544166502,0.392946455583294,0.715725174210017,0.735454093062628,1.04005367663996,0.314601369514516,1.54069597416848,0.682227193255565,0.295714352612442,0.78497428959691,0.407996475737691,0.692917064584791,0.668863456591707,0.381598514642236,0.926258487056759
209,1.06106650660434,0.46112388133905,0.827793250020127,1.10359680533451,0.84719102862215,0.614162389517165,0.931942740474455,0.392556722151673,0.709960417327999,0.73066776355317,1.03261091591944,0.31729264008964,1.54573786525983,0.680497469999527,0.295358602610241,0.777479686845169,0.405959345445844,0.687322433590449,0.665522378678706,0.380085047571986,0.917754876866421
210,1.03955642502865,0.454332488527693,0.813616410119474,1.08315043345881,0.832898518939142,0.60422721365906,0.915920643385793,0.38840367739187,0.698856440636294,0.716441851519164,1.01273753729206,0.314266954801807,1.50451793156349,0.665202675739336,0.287444703077403,0.765717968872356,0.396408827684577,0.673621019455574,0.650530882361088,0.37145980477001,0.901200849496043
211,1.04668794671272,0.458440047024762,0.825559227614345,1.09296623077328,0.848706171542847,0.61564394354458,0.927038252650424,0.39237852453206,0.710057549635558,0.726763499546233,1.02169752508911,0.315701901015568,1.53903722765255,0.676200268060745,0.292122842170947,0.777898244962223,0.404825541628064,0.685300982979213,0.654533309850173,0.378523916121442,0.912745375898159
212,1.03111950168972,0.449244601406148,0.806601010518226,1.07585373604943,0.828103794150834,0.602134253881317,0.908464826885878,0.384110078839796,0.692151510875889,0.710721336162673,1.00418012664303,0.308852149952198,1.49084655834076,0.659486984126156,0.284887452182452,0.758784929265985,0.393778769310473,0.670312280935663,0.642470746792654,0.368874730857112,0.893782552429419
213,1.0449692604273,0.456745073788265,0.827153148747857,1.09191617909133,0.853223138208959,0.618906820779507,0.929035954629903,0.389900426439696,0.711723658335315,0.727913429892534,1.02155327443054,0.311550682250949,1.54562340880161,0.677944168066637,0.293437992957432,0.779999449101423,0.406954695661906,0.68720983496256,0.655322155092772,0.379857601306546,0.914685295956989
214,1.0711550123233,0.464817619897838,0.836503979726391,1.11694903257212,0.859788022278655,0.626353359166708,0.94362246100417,0.395377551564661,0.717469861258909,0.737385827533598,1.04281774042352,0.316900166400972,1.54518639398865,0.684125314301703,0.296291231133186,0.786799158766086,0.408857313693586,0.695090178940335,0.669412475300156,0.382648727599327,0.928243466233708
215,1.04395681987828,0.454099746050312,0.813778750592712,1.08608954769629,0.832261852877727,0.602961535743955,0.916068231971395,0.387673638205702,0.697765322019533,0.718327384688568,1.01573864613871,0.313653119280557,1.51843791649047,0.668870198182681,0.29007896408758,0.764093946507917,0.398579288341445,0.675861138067888,0.653499191786307,0.373508394375352,0.901953930861245
216,1.05217312032006,0.460994114730921,0.829600663216847,1.09843434053063,0.852584725343733,0.618361438088364,0.932707968649446,0.394316552840308,0.713787399217445,0.729597208018874,1.02742660546215,0.317215041850133,1.53759407729126,0.677852384087959,0.29279602290248,0.782255724123002,0.405285526601435,0.686907974118307,0.659337022555762,0.379074740112018,0.917762149302618
217,1.04859414851213,0.456898419476224,0.818993154242823,1.09333327611513,0.839687496509304,0.610168885658527,0.921872146851554,0.390736040487512,0.702529947237382,0.72235773930457,1.02043094475141,0.315063543878623,1.52059777046741,0.67111153618587,0.290192428945666,0.769779548792267,0.400533797451365,0.680914465433829,0.653423625700011,0.375291660989729,0.907331899759615
218,1.05870646508602,0.462912905927645,0.83268690102503,1.10491136986756,0.855311694613741,0.619871953024904,0.936087550845922,0.39649267306108,0.715575323141747,0.733180684319278,1.03297823205384,0.318860324869978,1.54775189014347,0.681766688599104,0.294626886144367,0.784088802932256,0.407462438210645,0.691197471186434,0.661757594541158,0.381348243453908,0.92130950697139
219,1.05351770229387,0.45933558075301,0.8218809692694,1.09843238188175,0.841966947113099,0.611216644705196,0.925512509724084,0.393535882409242,0.704840702103029,0.724741933904518,1.02512942364946,0.317475187594681,1.52246287856799,0.673031731064177,0.29091562964521,0.772374579038516,0.4010504856926,0.682928943757405,0.656099652281796,0.376122303741724,0.910586691811598
220,1.06461587504846,0.466106998732523,0.836512617743281,1.11106386490865,0.858435867879905,0.621406834965257,0.939986856850161,0.400162869646602,0.718696367148706,0.736820957070335,1.03835958418563,0.322296163767046,1.5569014965266,0.6854013959995,0.296154315415645,0.787317962747347,0.409191327868146,0.694478316540801,0.664640629667759,0.383258680155352,0.925172136199085
221,1.03261994088662,0.450914206590267,0.804036329864233,1.07670821645576,0.822579097301677,0.596535606240728,0.905420674999977,0.387572608049739,0.689267853784035,0.709083037533763,1.00420230654421,0.3132471748406,1.4862216443727,0.658009250108284,0.284081095170208,0.755263124940271,0.391359713436199,0.667981431830699,0.641495595426346,0.367521382471907,0.890620112439464
222,1.03321754657267,0.454297650446644,0.820036525302775,1.08104090811212,0.845633831535359,0.611644943000808,0.919584963848939,0.390402387513041,0.706190708992977,0.72109676009665,1.01087205480203,0.312264126034718,1.53164193633185,0.671428101253331,0.289874050615294,0.773768787593915,0.402563450299067,0.680789593630881,0.646166512527992,0.376154140498587,0.905236874817657
223,1.05225202446521,0.458182553658958,0.824639440513428,1.09960652361283,0.849721016298818,0.618697136552009,0.929302093218702,0.391257429852181,0.707721620244626,0.726480303356057,1.0254096194205,0.312256871354212,1.52250309701035,0.673638955574402,0.291186715071678,0.776306431145746,0.403076463604241,0.685972144362941,0.655485249063074,0.377206003417309,0.913974002348216
224,1.04183759703641,0.453375576590365,0.816589395010797,1.08613365379245,0.839229617646721,0.608267845315909,0.918788256071851,0.38677864614396,0.700768703547543,0.720307835548185,1.01548417312215,0.310110545467694,1.52561627280598,0.670818121013916,0.290980385942072,0.767789757779418,0.401194406359028,0.679191219346797,0.65231680782856,0.37526838206387,0.904581373166037
225,1.04561055719076,0.456079832494931,0.82214801364222,1.09120342431615,0.846249072619199,0.614724841232022,0.925861043613395,0.388450192355525,0.706625986210036,0.723637142621392,1.02031646789559,0.310990114916188,1.52251007895459,0.672080243866995,0.290967272841294,0.774743069059661,0.402164262101685,0.681565957459733,0.655878837025531,0.375942419291999,0.910879549972064
226,1.05072910588482,0.457256549287506,0.823797340294708,1.0953761936257,0.846770881472785,0.615287654839631,0.927276784908671,0.388986249760126,0.707323795828281,0.726320817590013,1.02395190048904,0.312258034911942,1.5347637164398,0.67563883273172,0.292916244715173,0.775102665207539,0.404360107406035,0.684333417192201,0.658552662713098,0.378009127370452,0.912903389661919
227,1.03715497930884,0.451596437084959,0.812512453279411,1.08087128281998,0.834147752996028,0.605979595026238,0.915113065741414,0.384467315125963,0.697700210509803,0.715853447805769,1.01071994602235,0.309249934221255,1.50637994451643,0.665081518223687,0.287977394297864,0.764679275754008,0.397440434010454,0.673969642393277,0.649984883507552,0.371817141104444,0.900617033904102
228,1.05387149981027,0.459860882590489,0.830964731438168,1.09971303908148,0.855442611539506,0.621412136793974,0.934362878590249,0.391353241142667,0.714610211532748,0.731568376116744,1.02889379062888,0.313834590620189,1.54842522538799,0.680705265043655,0.294773078219645,0.783142063017417,0.408078127343934,0.689530742518348,0.661641873270124,0.381066393800936,0.919908833873045
229,1.05797917505346,0.459427111182251,0.825046920050871,1.10194807579055,0.845890643112571,0.615586787004472,0.930166646007167,0.390943714821481,0.707562766583563,0.727558427083995,1.02937511417437,0.314992367375952,1.52682886649579,0.675460195841468,0.292481207834746,0.775552255426068,0.403170001322158,0.685174139093421,0.661407164288792,0.377538211892002,0.915343737882645
230,1.04458532799196,0.455816334633924,0.819326274207871,1.08831120433099,0.839785504910485,0.608672441937657,0.921316664682158,0.389274813791883,0.703733604230653,0.722053773047682,1.01824461250393,0.314327576592201,1.5275022377957,0.672161042627903,0.291005990681925,0.770787622037185,0.401415391627119,0.679825549582894,0.654493534425266,0.375694850378017,0.9071157857374
231,1.04126925067218,0.454911816913932,0.818005356044821,1.08664646428585,0.840188596510999,0.610444403430608,0.920439733477414,0.388748879029708,0.702993793883503,0.720031786766963,1.01543840291204,0.312856784855837,1.51454287566956,0.668621914915801,0.288855447787461,0.770525220161032,0.399598970371768,0.678391374424392,0.651009141569437,0.37396161932323,0.905682901711771
232,1.04673655376972,0.456649614139069,0.823031380656067,1.09243791216158,0.846300338098684,0.614627673255029,0.925456626513535,0.390004644869936,0.707115527803826,0.725068431104502,1.02092403892824,0.31319327176106,1.53262254734685,0.674414313940244,0.291751472244853,0.774876792050493,0.403706528789816,0.683957644512384,0.654456860762383,0.377509657435764,0.911042777757621
233,1.05934344953407,0.461307813397806,0.830214655785326,1.10499157298241,0.85294836797827,0.619888773041811,0.934929233314552,0.393651741107233,0.712770899887347,0.731422289248888,1.03243559766719,0.316176949213713,1.53859592387709,0.679412051691125,0.293940416546876,0.781317435123225,0.406073952782533,0.689505521986714,0.662183566832784,0.380024706729505,0.919953324462652
234,1.06075786968318,0.462033205400414,0.829040976664478,1.10524746853332,0.849594540962182,0.616400388856351,0.933213018689025,0.394829857245977,0.711306720196814,0.731103254710868,1.03285294529646,0.318480813842372,1.54186041342613,0.679931895564949,0.29439188085742,0.77927368467905,0.405654258352066,0.688614173082736,0.662945214832679,0.380001019098049,0.918526052042534
235,1.05343677154647,0.460233636290502,0.824141165071418,1.09814415090454,0.844055441653431,0.611868737373924,0.927368501158,0.394416027887153,0.707506103230184,0.726185953366266,1.02608597445499,0.318652782425012,1.52802126100652,0.674729823199008,0.291604649310564,0.775127584100349,0.402116377842903,0.683629542834718,0.657685830421333,0.376945507462388,0.912538151606572
236,1.03960530049073,0.455090723971341,0.815635186443134,1.08490497238997,0.83644514133188,0.606141464791949,0.916787045141866,0.390747477417183,0.700580787139715,0.718535070670399,1.01330961627012,0.315180534312304,1.51564592814097,0.667939269637446,0.288434113174021,0.767499573907859,0.39856117302877,0.677156795015795,0.648201929457317,0.373464169048107,0.902256791163507
237,1.04533021989613,0.45760284133815,0.823193536088652,1.09237245937215,0.846926894874916,0.614357907369567,0.925281854149924,0.392510654574651,0.70757473858169,0.72459757195567,1.02016018673031,0.314811222812297,1.52780463931657,0.673241374092195,0.290635610508877,0.775539338405935,0.402682052761547,0.683752159455434,0.651984558713919,0.376851691356368,0.91046832704784
238,1.04975843817385,0.457729553470088,0.822802701194266,1.09586995634729,0.845837496490045,0.614104080566757,0.925999551407746,0.391716423687438,0.706209749945746,0.725195918097975,1.02302265781051,0.314123900169384,1.52776352624145,0.673869716197882,0.291428442158528,0.774069436402923,0.40275827144606,0.684304103771884,0.654559061895133,0.377084055615908,0.911183597670728
239,1.02538731995921,0.447315306879506,0.8043584478995,1.06986333729036,0.826538536450494,0.599406355199194,0.905137822021805,0.382516238392127,0.690654066663514,0.708760651341045,0.999720528404567,0.306982425217035,1.49484235669607,0.658961564042384,0.2851922932972,0.756908551493548,0.393759284286847,0.668152716043947,0.640960192736324,0.368561195876578,0.890716951953594
240,1.03738277239617,0.453342906771136,0.821311605012064,1.08447343616943,0.848397956591387,0.616241084236269,0.923312412038251,0.386255229792099,0.706885662498943,0.722426337401925,1.01426420873321,0.307767069897416,1.52876995632122,0.671884692986279,0.290840891350967,0.77503432357161,0.403532282707485,0.681672777527941,0.651162769833529,0.376491440098236,0.90872000936081
241,1.05746603649131,0.4585120411095,0.828050156786887,1.10279175035195,0.852749246867793,0.621337520915768,0.933624617020418,0.388816403944849,0.710576838683092,0.730045517732118,1.03027102672783,0.310679662637993,1.53603099069766,0.678102934448162,0.294134242511086,0.779196868778701,0.406262359382155,0.688397444047204,0.662610530345601,0.37958796353166,0.918787504238161
242,1.05138445639091,0.456404105897453,0.822064634319153,1.09429425154443,0.843348785741344,0.61241641501801,0.926163150485359,0.387475555267543,0.705426802862264,0.725035036773458,1.02406155169359,0.31181309911262,1.53085203855227,0.674673527020529,0.29288842116515,0.772923369401517,0.403204502144679,0.682311522035415,0.66048680333373,0.377067313489472,0.911808350560488
243,1.0539125454267,0.459359616641214,0.826796318024426,1.09808419705005,0.848482641864171,0.616368093857314,0.930852985550875,0.390763787597929,0.710429006066869,0.72816832184413,1.02746057103347,0.3148767491874,1.53461572484076,0.676849955278472,0.293142662559546,0.778489266526181,0.404546073913103,0.684999409455473,0.661816016591099,0.378316863829075,0.916203598555509
244,1.04770854320462,0.456513089488935,0.819831509325426,1.09149870356631,0.840249803778698,0.610482615561585,0.922749661973416,0.3892088645753,0.703843944241764,0.722644991798422,1.02029690741014,0.314335627923333,1.52295243397652,0.671713288179274,0.290677833462803,0.771124208013907,0.401110024292196,0.680310814662232,0.655605340266693,0.375476035246289,0.908379079095679
245,1.03355142197088,0.451431225137143,0.812280641672501,1.0780394609003,0.833840865441758,0.605255453730842,0.913453801763234,0.385702341580694,0.698064047432106,0.715231520613019,1.00801814352448,0.31078799751545,1.50886399649437,0.664910234332306,0.287393896095088,0.764888705612959,0.397473284683091,0.673919379450499,0.646676457244428,0.371887392180488,0.899136758182481
246,1.04816728774601,0.457559937071049,0.82639507293637,1.09469637951484,0.851032738730359,0.618647198266017,0.929303153531313,0.390367504873563,0.710567747771495,0.727343283826441,1.02325401128572,0.312839157485508,1.53579121869724,0.676141024574066,0.292342348048671,0.778899166492194,0.4052257802211,0.686257959537769,0.656050962115242,0.378636481621103,0.914666441289764
247,1.0446105693874,0.453840646418371,0.816799289443631,1.08895731526309,0.838751377776584,0.610080710144145,0.920242287865428,0.386668929128786,0.700746010785042,0.72016598839858,1.0172527679235,0.310717574272199,1.51543962761377,0.669141059402007,0.289774034949531,0.768092802993746,0.399913158691663,0.678974584187669,0.652859840253556,0.374277764190151,0.905638115377701
248,1.04210670490687,0.45439760254301,0.820264053641866,1.08700864913918,0.8435446463498,0.612241519408443,0.922666270786423,0.387293090935688,0.705053598124547,0.722318982219462,1.01708788844401,0.310888674847546,1.52766707728578,0.672146855141548,0.291129178486099,0.772626725330445,0.402399162515623,0.680675046776816,0.653880237907338,0.376062981653634,0.908241727279366
249,1.04142278879826,0.453206666930426,0.816940434817577,1.08619760817924,0.839956892769827,0.611175158595319,0.920148726852992,0.385690644466619,0.701659549294838,0.719628870288294,1.01518307225142,0.309566708465177,1.51467658894466,0.668488237167649,0.289449917709344,0.769183460546301,0.399987746695237,0.678069712146542,0.652338257421023,0.373992079206292,0.905482176156992
250,1.05275168881735,0.458315511180121,0.827958116313059,1.0978736139319,0.851724869424231,0.618949683901151,0.931615553817353,0.389866855127998,0.711482262035721,0.729369654498101,1.02704945425538,0.31280800423392,1.54231189724638,0.678604198527038,0.294063123645876,0.779717052512982,0.406541669092086,0.687409315788766,0.660635897306191,0.379783490959507,0.917171345429836
251,1.06542067598536,0.462933334067062,0.832533089337669,1.10986147244178,0.853998552821951,0.621222073518922,0.93829491950636,0.39388144350225,0.714395410506106,0.733877639029622,1.03737271210774,0.317215525247964,1.54254277462591,0.681674645898304,0.295259953646846,0.783000287204457,0.407121605265987,0.69098725106841,0.667097822272391,0.381039294684534,0.923360075792361
252,1.05524806451133,0.459775109356361,0.824121312679735,1.09855026100156,0.843089454104886,0.611446176882508,0.927513666485938,0.3927666190039,0.707149080419443,0.726786383816999,1.02720513719737,0.318008127953794,1.53324950444784,0.676081173109417,0.292702837490271,0.774500292906906,0.403007653197706,0.683866918207728,0.660176013413398,0.377618852313872,0.913078914187971
253,1.06705135409458,0.466889315179417,0.83704940175674,1.11287935383236,0.857718670303119,0.621996074604218,0.94130536474407,0.400192804611642,0.719181578543744,0.737040499501486,1.04011166177007,0.323428874081094,1.55187198848409,0.684796761367895,0.295682619667325,0.787919967022898,0.408473770471222,0.693956199991426,0.666460609496085,0.382706946014027,0.926316850874561
254,1.03440259322139,0.451853329488537,0.805772178190214,1.07806118050794,0.8233632447925,0.596874631675168,0.906579976584998,0.388616158122247,0.690849402776414,0.710779623640203,1.00586922119641,0.31511917753467,1.49405444974259,0.660251488753522,0.284989520153952,0.756690904078817,0.392690421561859,0.669593350638666,0.642591916633748,0.36877301622886,0.892124169975771
255,1.05143068448322,0.462434333938315,0.833589741643355,1.10010008219481,0.858659212578494,0.621422868023905,0.935067463054366,0.397979845325636,0.717770763021111,0.732775217677086,1.02834876525844,0.319003557449911,1.55188658082736,0.681658427994716,0.293886712356126,0.786528887224019,0.40823359386058,0.691783974918812,0.656470465293516,0.381761311719172,0.920252953233556
256,1.0396960907071,0.452467022650848,0.809295392126116,1.0850478875431,0.830211903746871,0.603741674048014,0.91219419492685,0.387979154081663,0.693355562488001,0.713991978046235,1.01090928066292,0.311814713712765,1.49451572019678,0.662143420463546,0.286049313144207,0.760155768183862,0.394623907777305,0.673837020533785,0.644992541993188,0.370283705214263,0.89715479249421
257,1.03859655605219,0.455021005956887,0.822018414740317,1.08540240985001,0.847248409783423,0.612732252223546,0.922686711199241,0.390037399593379,0.707238747440774,0.723477441219947,1.01551114116576,0.311816669610085,1.5376367533354,0.674121410772088,0.291684211299895,0.774893418936466,0.404032653495572,0.682824597379333,0.650640965383737,0.377502032508466,0.908362688399724
258,1.06836345872892,0.464980580490953,0.836516363469121,1.11558070758633,0.86120127860147,0.626941031979072,0.943114377763343,0.396489377600895,0.717956544611693,0.736924519936627,1.04096405116305,0.316896907844971,1.54392619788529,0.683392893527707,0.295674904122534,0.787471483545281,0.408633106219241,0.694954095757838,0.666990313208507,0.382407988785836,0.927504891892548
259,1.06203218633382,0.461885528916051,0.827480237933302,1.10543374581081,0.847083574806293,0.613636340622976,0.931544714569062,0.394560816244513,0.709254586831054,0.730693799147805,1.03312601407358,0.318421588343799,1.54430143551596,0.680255426153054,0.295042794136748,0.776770908724178,0.405496577589178,0.687953838805092,0.663880706872676,0.380010847282895,0.917159607473586
260,1.03931476918763,0.45493753756761,0.81396913818435,1.08362750058824,0.833734879279513,0.603895597589365,0.915985648151681,0.389982511234959,0.699153929856328,0.716723521075414,1.01284534559086,0.314968070424217,1.50571758652309,0.665530036880482,0.287489050957096,0.766055565861437,0.3964685858797,0.674166820567327,0.649589623056894,0.371664451643981,0.901126796137515
261,1.04130896222593,0.456482911073858,0.821215330873757,1.08795734244877,0.84476200439627,0.612402774352775,0.922142655552782,0.39128354999931,0.706220922196424,0.723000497047415,1.0164459551193,0.314246200211665,1.53039913757985,0.672537639086128,0.290493412725177,0.773766883215565,0.402549369952977,0.681943330688832,0.65042459071137,0.376510173141289,0.907773690433442
262,1.04784698943608,0.456986329402835,0.821579520421336,1.0941272378541,0.844945684887116,0.614044841190641,0.924984434767853,0.390764691487124,0.70532389643331,0.723723186992303,1.02125427460288,0.313183318092883,1.52000757918715,0.671688757007905,0.290210078605934,0.773312663631885,0.401535434905576,0.682879870945564,0.653226774528999,0.375893108953802,0.910037983045605
263,1.02285205779902,0.446019675708418,0.803055440598651,1.06712681955936,0.825500267224964,0.598603117368629,0.903226407342328,0.381043503802363,0.689558157289568,0.70783212708635,0.997401190283212,0.305695906962959,1.49734341596744,0.658764232476333,0.285290889232361,0.75558665663482,0.394021453666953,0.667606679715616,0.639747566306966,0.36860243422045,0.889117221193923
264,1.05178400833534,0.459319029663549,0.832848809680933,1.09957205939405,0.860747022546378,0.625720378183804,0.936785647779297,0.390816109234851,0.716890307584259,0.732296757296412,1.02849431194717,0.311087890665283,1.54663157201845,0.680619291813401,0.294599677178076,0.786197532454801,0.408886373386723,0.690956227294813,0.660600129578427,0.381392725743822,0.921839143010663
265,1.06903281636291,0.462615575506459,0.83216621274174,1.11309637350858,0.854179944974584,0.622144994842126,0.938861583038315,0.392431056548872,0.71305046614632,0.734686488278226,1.03954111887007,0.315089913029361,1.54474805490617,0.682598810985768,0.296304721382798,0.781622262906774,0.407888479268047,0.692203048066048,0.668912964121034,0.381695161221456,0.924042373453647
266,1.05598142059401,0.459821733901161,0.82501870486854,1.09863535657151,0.844198984696812,0.611665065060193,0.92889378772358,0.391924090648744,0.708058864578894,0.727444804454101,1.02836371256716,0.316972894297863,1.53494785092774,0.676883132138522,0.293424784796128,0.775517229415842,0.403521523029792,0.683856857450594,0.662686625332345,0.377901002920238,0.914440409252635
267,1.04498199391509,0.457034359802699,0.819164265314166,1.08937337909676,0.839253192235564,0.608937341119722,0.921470149981514,0.390866868687041,0.703815475903464,0.721414697608367,1.01830103070074,0.316029790739258,1.51905812386773,0.670281437812843,0.28964283518338,0.771064769625839,0.399868924063711,0.678742486179444,0.653653474019506,0.374528637150242,0.906863145407737
268,1.03143142061627,0.451209652654965,0.810915436590044,1.07660159032794,0.832713424777247,0.604239282368621,0.911347341816536,0.386450260372499,0.69688393547103,0.714121383785849,1.0058592260775,0.311265741179855,1.50715597509798,0.663801373451112,0.286643615677516,0.763557126634183,0.396817866111085,0.673312919394879,0.643830728669516,0.371406020048029,0.89709466713848
269,1.03138696598251,0.450614595201211,0.813833289344431,1.07789905325192,0.838763771668228,0.609423740921731,0.915014600120487,0.385061689890446,0.699792361205882,0.716154093158212,1.00718625054013,0.308016536416896,1.51140756641093,0.665555473727157,0.287571390252864,0.767189334304315,0.398944998560042,0.676165744388588,0.644683376769952,0.372818432544243,0.900486040333641
270,1.05623745064416,0.459446502776062,0.831329162852165,1.10296666275032,0.857308697025222,0.623782476564385,0.935858583568375,0.390897330072217,0.714211122319296,0.732222922995146,1.03074038226604,0.311959641719221,1.54569693037534,0.680739057327086,0.294892160468194,0.783117803615962,0.408325833434077,0.691282356392569,0.661477079229857,0.381342036030783,0.921058117698767
271,1.04481561629012,0.452958105973569,0.814708186989379,1.08786248367718,0.835754516815987,0.607671623048859,0.918713622750238,0.385016432994574,0.698517353279914,0.718767276246687,1.01679347691606,0.309569612044634,1.51213833155548,0.668051368274189,0.289840902879492,0.765590291754172,0.39889424656346,0.676868771272575,0.654385386685753,0.373375815796251,0.904127541864595
272,1.04438798703442,0.455783889945135,0.82317348659173,1.08910978790194,0.846599671543159,0.614260740161942,0.92574805918002,0.387922967029879,0.707989262488875,0.724646211267343,1.01976524034171,0.311542919615632,1.53414532984605,0.674493112794317,0.292290902821698,0.775762327446099,0.403956061392516,0.682217203265152,0.656903176033651,0.377299732466577,0.911369518971352
273,1.05965592279584,0.460856074417219,0.82965189183534,1.10462355633817,0.852201446536134,0.620481154963467,0.934806165730228,0.391851921032575,0.712329134318035,0.73104720885746,1.03221770926148,0.315067371122902,1.53656632015811,0.678784216434872,0.293886175510297,0.780851345550834,0.40590248157768,0.688484529500283,0.66358784650972,0.379640063463676,0.919939244604223
274,1.04983772291601,0.456909473694653,0.820684702807565,1.09309508650758,0.840599225367422,0.610062464005585,0.923707932138277,0.389634097952309,0.704254702949098,0.723771153549062,1.02221165953385,0.314786553030488,1.52784927792364,0.673348307700523,0.29164881453782,0.771433591889091,0.401911052255838,0.681408087756214,0.657187593238411,0.376297810934591,0.909439784887928
275,1.02891878771406,0.449636382524998,0.808384425268342,1.07322855177317,0.829578954338591,0.602139604941885,0.909347785572878,0.38432033088786,0.69477664158031,0.711603408795887,1.00350758662072,0.309804933591217,1.49903198349074,0.661242395920369,0.285752992528197,0.761342557382319,0.395019615363379,0.670160014967427,0.643929766179746,0.369705310421011,0.894891443415743
276,1.05387493816041,0.46044757396939,0.832740618233073,1.10115412661903,0.858434963139004,0.623928738839433,0.935875445595407,0.392832859974665,0.716407021314839,0.732774537615761,1.02946068816972,0.314443800914373,1.55035658379804,0.681510092011653,0.294686871768215,0.78526299469966,0.408891749076232,0.691557645225604,0.660044118370449,0.381813860346757,0.921269128591336
277,1.04946925608099,0.455181342036097,0.817292550973517,1.09330310717864,0.838029434006503,0.609925983772905,0.921700002626157,0.387808102931062,0.700456527166479,0.721046847953183,1.02071199574045,0.312130635177631,1.51247356467409,0.669386090200155,0.289868701689403,0.767826572926828,0.39942192684749,0.679576981034812,0.654879316608049,0.374200383135557,0.906902782853102
278,1.04555391932471,0.456650244831248,0.82367068409414,1.09042957935378,0.84634009865262,0.613236153073547,0.925736723637147,0.389890666049938,0.708156130285312,0.725324725518221,1.02074519192982,0.313537874830393,1.53773283351048,0.675554175739615,0.29257581534976,0.775769533598144,0.40423293391048,0.683317387469055,0.656252258014939,0.377868068068745,0.911429252281486
279,1.04733455193607,0.456183300165234,0.819957754909167,1.0924549999193,0.842118795796321,0.612789921607475,0.923836443136648,0.389032498703643,0.703999078884937,0.722265857081323,1.02028296937401,0.312787858788123,1.51548487563839,0.670230322690019,0.289850708253957,0.771799323659443,0.400404729494003,0.680397646552264,0.654589280232309,0.374801352644656,0.908860219418261
280,1.05412880214178,0.459697430087577,0.828458200864447,1.09930248492036,0.851149119817069,0.61748704240937,0.931433361343921,0.392374464602611,0.711730037396651,0.730088597838629,1.0280812453259,0.315527322507471,1.54614037038795,0.679662906229931,0.294319274457982,0.779725900976448,0.406691719814813,0.688191284013955,0.660184834416606,0.380279723318861,0.917107942162651
281,1.04258082785444,0.454029795092427,0.814578573326556,1.08679433900074,0.835240626230239,0.607076703811634,0.917873647346045,0.387699671148666,0.698999137499623,0.717782933603821,1.01512983483635,0.312393823091188,1.50541910352192,0.666176919690662,0.288068119943394,0.766182501995412,0.397384154201384,0.675975034056664,0.651153991571913,0.37230209371877,0.902988619978495
282,1.03881613130055,0.454137013462326,0.819266873966115,1.08428339106588,0.84263649386232,0.610929295926527,0.920332162839933,0.388104379386064,0.704497270002556,0.721425297434505,1.01425503646717,0.311733042113087,1.53009065613104,0.671780766683397,0.290707762066162,0.771807999533079,0.402323303723576,0.680203743719832,0.650928330760192,0.376012151039904,0.90616500579897
283,1.0328934345335,0.449808409782068,0.810299341297606,1.07811690159049,0.833628342108264,0.606766062750168,0.912868507229284,0.383426900407498,0.695910939360716,0.713516046983261,1.0069188583018,0.307301790726159,1.49751943278084,0.662072954859208,0.286293659895545,0.763104531251943,0.396063973473175,0.67275293917248,0.64561801690162,0.37048125086361,0.898051138408979
284,1.02361089898776,0.445979769281669,0.80825677692345,1.06853692897889,0.83345810578795,0.60537867045459,0.908615699333994,0.37933442189668,0.695032110033727,0.711822538185609,0.999854341686384,0.303161509905109,1.51119192274043,0.66301737278308,0.287451223964819,0.761709222098693,0.398095722622497,0.671654326332005,0.642907854896853,0.371439930683635,0.8947130041832
285,1.0481448878899,0.455147090372519,0.826436802371147,1.09431671829265,0.853638499047048,0.622573009601475,0.93143099560267,0.385121725038242,0.710605629586113,0.72719880464385,1.02358710719753,0.306623142957375,1.53065245238502,0.675298692756088,0.292769215757868,0.779534325874132,0.405717769124729,0.685823921419502,0.65920138527722,0.378323391068145,0.916502919533333
286,1.05799582197295,0.45731766920593,0.826717756995963,1.10091787510114,0.849359541686914,0.618699707313292,0.932191360688245,0.38632007689144,0.709144682307283,0.729569884489868,1.03010549606022,0.310097544820893,1.5415379800796,0.67901273080113,0.2952819686044,0.777176273606195,0.40666241990864,0.687031042291012,0.665490164163012,0.379808407980425,0.917913006415548
287,1.02586978514375,0.445516152377158,0.802620131349182,1.06720794636035,0.822592688203332,0.598035411973814,0.904664411106435,0.377608443366458,0.689260603344622,0.707176450708809,0.999470343178976,0.304826838020846,1.48874984774794,0.657390867537721,0.285157313394625,0.755272201325871,0.392686190117698,0.664571959243825,0.645800960398717,0.367181621979954,0.890480914684067
288,1.05361960312044,0.459850257778896,0.835108694602017,1.09967195330933,0.861183418392755,0.6266353919106,0.938519928665932,0.389790387393982,0.719363458950669,0.734385250202184,1.03021851178277,0.31239849138865,1.55820716069431,0.683649848258988,0.296164221382063,0.78838626241151,0.410997518925721,0.691887961897038,0.664384702531912,0.382972613070313,0.924251762704973
289,1.05911339346388,0.457829044375675,0.822833990361994,1.10180546175425,0.842697096166792,0.61514270774369,0.92897113931224,0.387968797840023,0.705020477958988,0.726098723551888,1.02912416509427,0.313217509804827,1.51964522068291,0.673613988327662,0.291905814514281,0.772869848316812,0.402033653113051,0.683607847063096,0.662327944321978,0.376447643136975,0.914216655356647
290,1.04102727288507,0.453974102229495,0.81826890499239,1.08385585658721,0.838354380317085,0.60753223907525,0.919653915391705,0.386963426365939,0.703265828687743,0.720927016950347,1.01551661869888,0.313062943537726,1.53015039786413,0.671977165729466,0.291154954043335,0.770064820491781,0.401650192851381,0.678493759645443,0.65428252598844,0.375576474340911,0.905802366418946
291,1.06293043658286,0.463763665592976,0.834981738398723,1.10907054917213,0.857613265066713,0.624386298013498,0.940140597869668,0.395510494264154,0.717726804691472,0.734671194795393,1.03651267575804,0.318556477213936,1.54212957541416,0.68171865090713,0.294459896052454,0.786834027760005,0.407565683634855,0.692000613558051,0.665101377949636,0.381291277891751,0.924944468131298
292,1.05477159452751,0.458822994289216,0.822218427670001,1.09822322617369,0.840965147386657,0.610524567866662,0.925327499403578,0.392427509102628,0.70493091833011,0.725700537565337,1.02587338620946,0.317837865772885,1.53146628690108,0.675133690442341,0.292191688594737,0.772040053253471,0.402464225384792,0.683736178013948,0.657758900869287,0.377284952476792,0.911045311453424
293,1.05373505895957,0.46124626490485,0.827874132073863,1.0994687144444,0.848763728598908,0.615152707428275,0.930887069010082,0.395887589019943,0.711498826298694,0.728600001852782,1.02785243951689,0.319592899371541,1.53394385425112,0.676977346216392,0.292185685493864,0.779584714444053,0.403853369470447,0.686308435433699,0.658091025571303,0.378371321121832,0.915909636216969
294,1.05862936180319,0.462572756046826,0.828494331812558,1.10468629224226,0.849249127595803,0.616189696745375,0.931754841154127,0.39729647168396,0.711061914814679,0.73028842721969,1.030943310886,0.320601450163761,1.53860065046339,0.678659755307617,0.293072942254739,0.779039740264941,0.404755606216393,0.688609845415913,0.658755897109143,0.379484531420524,0.916889994659874
295,1.04563698922195,0.457355245554657,0.818510237497488,1.09112570330463,0.838762102814738,0.607496423090959,0.9205084284892,0.393553451708044,0.702523422315807,0.721256831637833,1.01866459850892,0.317483326173933,1.51781818435613,0.670103391719351,0.289237501710218,0.769702475581187,0.399280767858376,0.679939394438943,0.650579131274156,0.374533571309421,0.905677005966451
296,1.06134411914654,0.465136987795371,0.835215290958015,1.10913465529424,0.858511712396799,0.621865961177236,0.938445021644233,0.40005224683595,0.717744077691669,0.735390385371593,1.03562174236101,0.321249677948007,1.55242304833931,0.683644641375035,0.295110860750437,0.786507648434712,0.408435182841802,0.693864677163663,0.661297058313989,0.382538319425942,0.923366078151088
297,1.03977806420906,0.453638257510387,0.809880894910417,1.0845832766182,0.829531403417205,0.601495136949199,0.91201940285112,0.38996024936303,0.694125052750119,0.714437260873358,1.01132977989008,0.314312164402417,1.49882553704033,0.663172896894328,0.286473645683028,0.760656737378911,0.394713821674661,0.673528132719525,0.64569137002115,0.370564772945235,0.89712562333115
298,1.0535539701571,0.462612187994943,0.833517192046778,1.10164413693251,0.858637642056722,0.620926294508754,0.93547936093561,0.397543188807309,0.717205418552088,0.733368424551257,1.02988838185126,0.318184979012316,1.55498865971057,0.682642238353522,0.294900428179946,0.785853301884209,0.408718697316108,0.692032207535847,0.658609213080541,0.382200923513128,0.920710723927804
299,1.0549318868208,0.459311438610508,0.821170097293223,1.10063896589988,0.842429766939183,0.612324003767619,0.925839451237234,0.393383434807392,0.703688815348442,0.724333801799646,1.02585450379771,0.316029767443165,1.51502872743486,0.671563028606962,0.290270723181764,0.771516146362178,0.400157594059443,0.682924716476592,0.655618565599228,0.37540384211037,0.910510567142822
300,1.03876509779781,0.454788560635795,0.817221391730498,1.08392853419786,0.839344957391133,0.606528009966297,0.917778900940146,0.390183581218712,0.702160439444998,0.72016034867839,1.01364821337598,0.313601349348853,1.52812505041817,0.670916223757526,0.29035906063401,0.769032885884678,0.400899257842398,0.678843790624628,0.649689425491254,0.375234538891214,0.903600461678276
301,1.04983474635673,0.458996745718753,0.824993541328722,1.09696501276336,0.849256637402621,0.616955004719368,0.928782828937099,0.392623639951335,0.708898835193154,0.72605965527255,1.02404195948269,0.314238284333056,1.52342503235802,0.673486023478601,0.290896393361805,0.777367147475535,0.402662610784911,0.6845429295398,0.655412971765675,0.37684676723184,0.913476580354427
302,1.04259528364536,0.454351917885728,0.816684597525799,1.08735748857145,0.839003091305477,0.608437916388857,0.918633588783027,0.388176517450251,0.700814802721013,0.720426963505236,1.0157296121277,0.311641982868326,1.52397583397637,0.670458605283864,0.29044408354786,0.767821287542438,0.400828556701399,0.679417012204624,0.651316730477396,0.375118311203468,0.904418738139393
303,1.04251099764551,0.455246348969734,0.820053871502183,1.08828555397743,0.843919137090738,0.612514014668014,0.923014927977846,0.388524882668826,0.704812679622135,0.721768405787305,1.01738823054093,0.311163254230535,1.51903779112402,0.670386358978051,0.289966660274889,0.772698742242665,0.401047536159669,0.680180532052202,0.652912210978083,0.375038627530495,0.908133924244568
304,1.05698844896028,0.460432580692064,0.829675808666025,1.10263951663205,0.853453020458789,0.620018150909961,0.933650768097178,0.39215984702661,0.712502938280409,0.731294028455805,1.03044210180978,0.314376364115223,1.54528950571048,0.680199954225516,0.294719804202887,0.780860366417602,0.407214578081501,0.689458027930998,0.661866214774901,0.380682589891185,0.91908652319153
305,1.04394364654564,0.454204448063148,0.815151749297286,1.08748755743659,0.835772768998268,0.606963835839893,0.91850599531063,0.387161917860691,0.699324497142025,0.718658936767779,1.01630489606908,0.311823146813674,1.51006471841432,0.667509703039917,0.289033792767358,0.766418650124513,0.3982722676539,0.676570003325134,0.653023905695536,0.37299738961151,0.903867566960781
306,1.04587145106376,0.457212512175006,0.824363784939134,1.09129528364504,0.847684726550194,0.614718405780066,0.926473239368725,0.390152921022445,0.708913132322027,0.725792471019774,1.02102233849749,0.313454520414999,1.53711620188797,0.675535645040328,0.29238675194147,0.776712630209786,0.404461149721817,0.68385232419994,0.656058501211003,0.377992372382084,0.912129268838984
307,1.02618369657844,0.446732963258745,0.802862600386466,1.07017731452517,0.82450462729471,0.599881237702501,0.904550038294488,0.38078777381662,0.68910920538679,0.707438121617188,0.99941825837706,0.306098202503018,1.48482737327313,0.656563404035356,0.283978670445508,0.7554498720166,0.392278650959676,0.666628266768394,0.64111238395815,0.367195206844372,0.890023959563765
308,1.04113782695349,0.454803994921149,0.825704457418736,1.08776324925212,0.852637728162888,0.618997143925785,0.927398936846378,0.38700977791823,0.710909419778803,0.726408170365934,1.01837337354285,0.308885827686662,1.54397224589727,0.676659881014844,0.293092970210093,0.779155643956426,0.406823450613108,0.685569002263462,0.654635488740152,0.379265058228473,0.913250610186583
309,1.04194475492389,0.451048598436721,0.813110847868294,1.08590369635119,0.836012539230166,0.610119008975124,0.917933437542301,0.382186829064595,0.697304456275455,0.716853092904949,1.01411646328915,0.306163362830903,1.50079394337196,0.664887368441083,0.288209767421612,0.764809336163381,0.397697392720479,0.675589725206422,0.652232818733275,0.371937357481988,0.903039420981941
310,1.04899228958632,0.456448116417521,0.827545625440349,1.0932452457806,0.851910075923089,0.618304660495485,0.930426004816874,0.387087583375095,0.711643709795063,0.729000284999715,1.02449718367064,0.3103492996905,1.55076677785829,0.679757098286388,0.29521025989041,0.779634325699306,0.407930302340003,0.68678593961364,0.661370115483652,0.380491159681588,0.91648967364763
311,1.03625428062913,0.449316105834798,0.808477716395532,1.07905102601893,0.829514658214319,0.605027855384015,0.912607100977749,0.38075829822696,0.693715673646635,0.712392444752197,1.00853044164852,0.306506977329667,1.48999546784612,0.660594013578063,0.286193931070353,0.760678651459671,0.394556902162965,0.670161886419717,0.649804128448359,0.369159664344913,0.897777143748416
312,1.04725622770437,0.45663814959674,0.828453375245495,1.0920487835353,0.853118165469559,0.61938081178732,0.930503202941665,0.387585176123672,0.713024133561897,0.72941849873359,1.02340976884772,0.31112211567244,1.55395277296088,0.68024065520513,0.29506776683382,0.781044641591716,0.408597298556588,0.687345787524337,0.660101575217317,0.380943018554007,0.916750431633381
313,1.04133121822224,0.45118113228168,0.811671099300133,1.0844945398054,0.832625246648835,0.607849547297586,0.916450378849786,0.382553909500829,0.696208352987824,0.715240399225988,1.01310241144122,0.308052331689133,1.49318627865344,0.662811202762973,0.286909147177015,0.763515970194883,0.395801980834781,0.673274099750119,0.65178163037918,0.370461583143213,0.901482206544
314,1.03317246542976,0.450436156189238,0.816523451178555,1.07705288478887,0.839983105970784,0.609378636466521,0.916900847324169,0.382861526870439,0.702501167720842,0.719166362083182,1.00936974336253,0.307815982444173,1.53375098346789,0.671073766246406,0.291100462472167,0.769365668186767,0.4027741831169,0.677807598042852,0.650696292859909,0.375724121351368,0.903415885870212
315,1.04967932304599,0.45584205703318,0.823750550452092,1.09498213735958,0.847866408144579,0.61906933885976,0.929222687204035,0.386454625161326,0.707780862039047,0.724821076094114,1.02346512881589,0.309751961416322,1.51633985073212,0.671841036188747,0.29066593052504,0.776424268048906,0.402337468800667,0.682868390471865,0.658254047333207,0.375933721211694,0.914003180235204
316,1.02460889016532,0.444525153412044,0.803227436797965,1.06663513607135,0.824452158054297,0.599155585277866,0.90365583944905,0.377297787584764,0.68952149546859,0.708716302954278,0.998381888359386,0.303956959778063,1.50579423290204,0.660776280656062,0.286966396600494,0.755194014622796,0.395736060459136,0.667817702756969,0.64362013337511,0.369700643980878,0.890234380810064
317,1.03749417927707,0.452046578468585,0.821357037853492,1.08335648604095,0.847789700191947,0.617746080140026,0.924814665644119,0.383097792224449,0.707341657190301,0.721609818866947,1.01456952354645,0.30606022739471,1.51921765810614,0.670086359803257,0.290019295205396,0.775826817548465,0.402519980076763,0.67991906212834,0.653704689196907,0.375259302984377,0.909968297133361
318,1.03947055047727,0.449453677624672,0.813935234536225,1.08260840854257,0.837181227530575,0.610927726941557,0.917303496041253,0.379749615813575,0.69848588415602,0.718090539879122,1.01241257274631,0.304674327488411,1.51855781762045,0.66826336042124,0.290336763387434,0.765560660580191,0.400836502197601,0.676954448083694,0.653013518468726,0.374148986863033,0.903333022556228
319,1.03837726274079,0.450578940703585,0.81753633625267,1.08176182486653,0.841359350330762,0.612633395001294,0.921096034585525,0.380960177524058,0.702972152690784,0.719525118716631,1.01371460420027,0.305577715169694,1.51796799376636,0.669078431402525,0.290286124016909,0.770645494808189,0.401261826682538,0.677317537527376,0.655013026066989,0.374326240488737,0.906723478217361
320,1.05279370222422,0.456330087005462,0.826786236477944,1.0965454962462,0.850284460924148,0.620149694237236,0.931526362262831,0.385500561061444,0.710405898305268,0.72846923985018,1.02651298206624,0.309738642759377,1.53929839980302,0.67769477196274,0.294204642910092,0.778638252680804,0.406452410048282,0.68592289836034,0.663102659423035,0.379254642545757,0.917187338506368
321,1.0619471773462,0.46014511009515,0.830155863020135,1.10475631865608,0.850983115218948,0.61990743461098,0.93585649276235,0.389655751031459,0.712604113305428,0.731752219397102,1.03408844795532,0.314606563086435,1.54040118495514,0.680168529806778,0.29499869724943,0.78090781061419,0.406623334506212,0.688350912470187,0.667509493126508,0.380133891291667,0.921330468780854
322,1.03897303148539,0.451878172655614,0.812110442112111,1.08092365631223,0.830613853702933,0.603647598813501,0.914344680653463,0.384613883003396,0.69718096747498,0.715892631774816,1.01158046379364,0.3119805779668,1.51010796114616,0.665936200459683,0.288421499584532,0.763609100898438,0.397338206187455,0.673245752277007,0.651684397591097,0.371963987198396,0.900215137461001
323,1.02308050974821,0.447271098806136,0.807723404814885,1.06776918821214,0.830252296166435,0.603419867855048,0.907807061675982,0.38169891892136,0.695127991446041,0.71038854567755,0.999170640151111,0.307484628635867,1.50057815127485,0.660490756150316,0.285344990636836,0.761733634816775,0.395571237581907,0.669344980404831,0.64155445796254,0.369624450862744,0.893629571966045
324,1.06069641996425,0.461898608041147,0.837608035411492,1.10811559712173,0.864045943975931,0.62971443552501,0.942237809982702,0.392905423413236,0.720412115275236,0.737073742555147,1.03588589174269,0.314198592159106,1.55671154736862,0.685103667417986,0.29635302480691,0.789895396597805,0.411482320833153,0.69596961258861,0.664546604073108,0.383993742630548,0.927461736311661
325,1.06704006715251,0.461467073300113,0.828997247036301,1.11021519526121,0.848713734717379,0.617941510729512,0.935371972000036,0.392492334165387,0.710042478511145,0.731867289708492,1.03709349883347,0.316705728862831,1.53666643070916,0.679941053641994,0.294826649868785,0.778168802712263,0.405468848528606,0.689443957414944,0.666635808812711,0.37991707167696,0.920513675951602
326,1.05767885729576,0.4616071148181,0.828627018887531,1.10130356807325,0.847838156859901,0.614045546897802,0.932023387984413,0.394790252472145,0.711682981407209,0.730150652759642,1.03087137541321,0.319750712690336,1.54331669019405,0.679715974225226,0.294278625069502,0.779369060801814,0.405229884161535,0.686725390783515,0.663108530137771,0.379566915431898,0.917464599400958
327,1.02285065449536,0.447219390847718,0.800046724523766,1.06667844550799,0.819002284327711,0.594649842081703,0.900287607856365,0.383654320809841,0.686963486880888,0.704724058478883,0.995986761985061,0.310549226115415,1.47967075580025,0.6541403708878,0.282314391423809,0.752684583897632,0.389725441061605,0.663370993169192,0.637558906917494,0.365467048722579,0.885739062381579
328,1.03630439359315,0.454720698677007,0.823836577216605,1.0844823879586,0.850656486959793,0.616978657222941,0.924041103345172,0.3896150405886,0.709759355558533,0.724218050171425,1.01420505144795,0.311334814291332,1.53817350224707,0.674142378112625,0.291044478739729,0.777844516139539,0.405027967466188,0.68415003884845,0.648655064960179,0.377990104475808,0.90973725766997
329,1.06278781107978,0.460990737312435,0.830649786561963,1.10940061437338,0.85498900884194,0.62350875245255,0.936961646137067,0.392636303634742,0.712326421664917,0.732219165057653,1.03483779206045,0.313866285425694,1.5333979169257,0.679026026560518,0.29380892155904,0.781357866631425,0.406208815158096,0.69133134168609,0.662482174709637,0.380135269142688,0.921580887076073
330,1.04879330822961,0.455880361194446,0.819961955769785,1.09195284419949,0.840517176418268,0.6089946150186,0.922859821599128,0.388896252782283,0.703362498817971,0.723545882592847,1.02154823612783,0.313278871774001,1.53253054641798,0.67414167345204,0.292566126720578,0.770387000822921,0.402481264680414,0.681494655277433,0.657249410264112,0.376755995513914,0.90864587733756
331,1.03739160819021,0.453193228935502,0.81492863100294,1.08227223875113,0.837069476372393,0.607825339163879,0.917506064645775,0.386922405975474,0.700499561632356,0.717125999250132,1.01194340186722,0.311179483270198,1.50709083498761,0.665816092265275,0.287909974637173,0.767846574180784,0.397735776621443,0.67486376263895,0.650118145088459,0.372173592577904,0.902575629375762
332,1.04295113077588,0.455109649737341,0.82132068964818,1.08861110432022,0.845324189852465,0.614076437999158,0.923262044433028,0.388104608713906,0.705976000718455,0.723545843327632,1.01762030638967,0.311327875499647,1.53224647809804,0.673272807538348,0.291467207101962,0.773588206229733,0.403496262287133,0.682314615399952,0.653195615212575,0.376986477364098,0.909037498629699
333,1.02614125358341,0.44629870296393,0.804172647304825,1.07024299487259,0.826737692424668,0.60148847032981,0.90611863405114,0.379991303022223,0.690436358234049,0.708386467448445,1.00009293718019,0.304811433512328,1.48786869451449,0.657624589591098,0.284588459999741,0.756998913934438,0.393312173348683,0.667701331630717,0.64205907859353,0.367888393836414,0.891560026096232
334,1.02572758891471,0.447268901060771,0.812749949184226,1.0713140908528,0.839412603224168,0.609996916980551,0.913395904622669,0.379811397426922,0.69958858383164,0.715182586869589,1.00305114900532,0.302958950228916,1.5198787991965,0.666234304089431,0.288864143396836,0.766813209884504,0.400676105959141,0.674845598768976,0.645663835504219,0.373416360612131,0.899432375557875
335,1.04332287074784,0.451803090634584,0.819880796863525,1.08842773921777,0.846161805553438,0.618025917516242,0.924935466933673,0.381456184074919,0.704345738499287,0.721950268212919,1.01773165262577,0.30396803093561,1.51686126523717,0.670128373653227,0.290738086830032,0.772718908496718,0.402412796009469,0.680730686130721,0.655968637970312,0.375342066702295,0.910124005352362
336,1.07817852087872,0.466390557381904,0.845891330694102,1.12217549895677,0.870225098846134,0.633641081779342,0.953134941973915,0.393389927198148,0.726369454590103,0.745971116383714,1.05115325515095,0.315337287362982,1.58092026201061,0.694898695645789,0.302331551043813,0.796014992647446,0.416909852846653,0.702479577936999,0.680139328118504,0.388862708677105,0.938746598562732
337,1.04815491952124,0.453371306525558,0.81077705236301,1.08786410291559,0.82660353771474,0.601693444753639,0.915890071917681,0.384305653948729,0.69439880452423,0.715693672598687,1.01747934073317,0.312516233291188,1.49649468797771,0.66426028713904,0.288177860971259,0.760797738772339,0.394846180040133,0.671585488607245,0.65742350265168,0.370311734226195,0.901256570971757
338,1.03329142100795,0.453322511206413,0.818433681527456,1.07744076917295,0.839993175421592,0.60826668053903,0.917914929039104,0.38699687639702,0.705091350331193,0.719878558990338,1.01012537744749,0.313022748069372,1.53306571685516,0.671235094580624,0.290327767216473,0.771935225202826,0.402042443293166,0.677279660742078,0.650612884763789,0.375434606005386,0.904289518583269
339,1.05419387516165,0.459241665501746,0.826729188938536,1.10052157603221,0.849806008724229,0.620200600740722,0.931484184286911,0.391408141803027,0.710190905853701,0.727588273009645,1.02718842367454,0.314752383532775,1.52158622259817,0.674104080033404,0.290849614401698,0.778877761532078,0.403217697076796,0.686099567342561,0.657642177278717,0.37728049046768,0.916306597411767
340,1.05003561716688,0.456744852293835,0.822519920551802,1.09396520760472,0.843354623544558,0.611853987266421,0.924783645444362,0.390072539661313,0.705800733069494,0.725668794006873,1.0229199271651,0.314684383783323,1.53908120446058,0.676189179769862,0.292924442242836,0.772987008576061,0.404212158157074,0.684515726284111,0.656372164343948,0.378272405315637,0.910830566912168
341,1.04505970351697,0.455962953078585,0.819705901899596,1.09026781874017,0.841355170752621,0.611338615074986,0.923253645472323,0.389793355580806,0.704194244860995,0.721351437446195,1.01900240054243,0.313787187813748,1.51276639890143,0.669412221449931,0.289192490076344,0.772001539055123,0.39957075506649,0.67944509070069,0.653397964314598,0.374176663981053,0.908081515263675
342,1.040684580739,0.454121706296384,0.818116580736788,1.0858627723285,0.840675078448945,0.610124114382483,0.919496352074834,0.38820652766856,0.702857745453708,0.721038074168751,1.01490159195456,0.312216581147881,1.52826948791564,0.671352356106014,0.290623049523332,0.769972064509349,0.40174782020568,0.679982631422835,0.650862046077446,0.375734960086796,0.9053228134324
343,1.05484921535408,0.459823243870361,0.828608564435907,1.10112598092921,0.852350237491594,0.619730965403941,0.933119092401235,0.392528408211543,0.711906165284816,0.729386098447902,1.02887870043581,0.314736746501067,1.53193440908112,0.676988149933441,0.292655105467727,0.780569600935488,0.404908465834363,0.687607475780973,0.659593815813082,0.378769623135673,0.917960652345114
344,1.04859672916972,0.456202578245233,0.81983673512419,1.09271287882776,0.840861605522315,0.610435148495552,0.922767762427286,0.389448388559685,0.703325031739011,0.723271045118413,1.02102501819999,0.31368514932968,1.52822780263726,0.673028068615785,0.291623185437857,0.770517933924386,0.401970668404063,0.681620940839516,0.655469170241925,0.376337825207848,0.908389284512083
345,1.06178714845951,0.463682948355847,0.834317224234587,1.10774876532447,0.857019601166903,0.621899547223895,0.938859838155265,0.396261857654343,0.717002407206216,0.734435364160687,1.0357932749209,0.318619398715844,1.54628766384051,0.68234604945988,0.295040278388287,0.785832709886628,0.407735114270783,0.691729100890179,0.66476173343406,0.381531150095627,0.923801861095854
346,1.06012341358386,0.461800109438723,0.826306715788756,1.10445520501285,0.845754751533072,0.613914284286699,0.930340815190919,0.395180936210273,0.708512212099018,0.729061769442567,1.03115743658399,0.319413333758176,1.53478197830398,0.677588837250401,0.293163154919155,0.77616884213394,0.403762705558298,0.686629572439146,0.660954952687936,0.378597346811107,0.91561945749341
347,1.04473643847343,0.457460101072239,0.819285898054225,1.08966891097766,0.839295849233018,0.607536411406529,0.921002207162806,0.392988396253888,0.703725653422945,0.721602071968488,1.01839330572458,0.31748234641299,1.52083207213406,0.670757507015757,0.28962161857427,0.770881167164106,0.399823577165144,0.67957275969116,0.651928279341225,0.374796200446542,0.906356256965316
348,1.0509674877848,0.460415315135167,0.826372636249535,1.09800510862949,0.849055684705859,0.615718591662922,0.928742381192845,0.395466424326264,0.710112918785404,0.727603762899713,1.02506528478757,0.317967208805667,1.53399719967084,0.676054807430491,0.29174736074689,0.778176722479127,0.403897833384467,0.68633887636847,0.654803077590206,0.37827906153181,0.913857730503789
349,1.05584772227163,0.461019731605776,0.826485269967977,1.1021185480681,0.848392300277225,0.615328556718039,0.929888556701407,0.395661434173274,0.709195314910306,0.728506724406992,1.02850093356421,0.318081520647358,1.53310082009724,0.67674167466727,0.292349520466937,0.777214892833059,0.403843627387553,0.687283983111502,0.657067584749042,0.378510653731105,0.914958876259562
350,1.06234699803606,0.46437867753835,0.832318455831458,1.10861925565941,0.854008967255864,0.61850092304523,0.936136674325473,0.3986929905907,0.714438974583922,0.733525810090482,1.03529438460199,0.320750981055786,1.54638927303858,0.681913936585805,0.294739933806305,0.7828127074264,0.406778727298604,0.691559061553653,0.662215700119116,0.381249998287311,0.921133643871124
351,1.05258628017277,0.460149001477046,0.821883238575433,1.09790342381135,0.841828004285851,0.609748294870927,0.924879839364453,0.395488109111785,0.705021725071127,0.724615738594857,1.02461750256469,0.319031470117946,1.52329229624747,0.673049841021458,0.290758918280082,0.772455809340932,0.400728650755604,0.682655691121938,0.655051533330161,0.376027298286764,0.909906237314164
352,1.04875137420739,0.460033728908434,0.824276682228186,1.09532623084558,0.846233297431435,0.612163768642765,0.925978176487265,0.395853404359819,0.708212553557807,0.725974403934091,1.02292933564277,0.31848148999253,1.53285825632612,0.675004046746849,0.29140908339121,0.775881989196098,0.402846425133076,0.684443509555209,0.653568922112275,0.377489531991188,0.911223633843101
353,1.05232234140027,0.460453037921119,0.824634960144237,1.09920595294414,0.847022845809681,0.614101627987596,0.927641965562853,0.395641040622461,0.707893547419216,0.726535432256254,1.02541944979133,0.317712734387295,1.52731467147241,0.674508047327703,0.291157270594946,0.775886624070087,0.402488137697738,0.68534850278049,0.654545532447183,0.377282302654157,0.91255672379499
354,1.06542032273513,0.465975255798879,0.835422188584665,1.11230709315263,0.857980306289648,0.621186510980313,0.939271118529877,0.400159200715467,0.717143327964324,0.736353242117108,1.0384641887769,0.321375246148183,1.5540104390973,0.684672680339219,0.29593116313198,0.78578293778635,0.408714249558885,0.694590825501337,0.663782918354035,0.382958347518977,0.924326449442917
355,1.05049729365003,0.458939005908698,0.81860232967922,1.0954397008175,0.838065678063655,0.606973885930156,0.921689310059358,0.394421675936929,0.701815037762089,0.721937640106561,1.02201077123998,0.318154080150177,1.51499870283849,0.670253420701003,0.289570267563599,0.769007581421534,0.398739701850946,0.680066276021686,0.653268700754004,0.374355683450067,0.906652544965792
356,1.04933200300482,0.460874913987261,0.826589255576821,1.0962788012092,0.849286970592768,0.613846516117398,0.927982057986429,0.396577564866011,0.710585903833922,0.727816640504333,1.02423134558158,0.318712165976308,1.54019159126576,0.677164666938966,0.292406283685709,0.778417891333838,0.404462130961911,0.686243932946727,0.654655226856436,0.378793400338758,0.91332789037169
357,1.04424008319902,0.456506540564531,0.81664958516007,1.09058572175261,0.838604819428897,0.608477363414583,0.919314832431986,0.391982371402842,0.700700079215538,0.719648012288405,1.01688893078294,0.314741515799134,1.50899292362784,0.667559512536123,0.288140929167045,0.768133412178874,0.398120091314616,0.678759596834874,0.649012769488585,0.373329023290319,0.904218978220831
358,1.05679905325369,0.462754315324121,0.832577255932532,1.10403832635517,0.856883152334542,0.620051753679569,0.93514679047906,0.396943657525076,0.715482169905632,0.733419465720254,1.03158218938165,0.317870712785976,1.55394170667485,0.682684843929731,0.295221053510393,0.783939469047562,0.408480665229004,0.692174592724769,0.659950597375462,0.382157633797653,0.920529623778779
359,1.04809094473387,0.456774795278697,0.816626240307406,1.09315486612511,0.837483726740304,0.608016720058326,0.920506079550913,0.391095427476376,0.700064394661932,0.720066131531416,1.01965757377839,0.31439594030686,1.50711721989574,0.667843020444341,0.288708466604868,0.767467510379718,0.39784956197366,0.678507822004228,0.652411994220437,0.373191767672616,0.905317057217589
360,1.05011220738669,0.460105628834245,0.827937151335252,1.09636139712904,0.851453715621341,0.615695359186004,0.929575021363441,0.394285056788632,0.711804401168366,0.729271840340727,1.0253060128171,0.316395684016569,1.54834854537613,0.679358434476808,0.293983706453057,0.779689838003721,0.406464887456768,0.687572607136609,0.657324345805607,0.380146410240824,0.915252665791575
361,1.04854121320107,0.457257617172059,0.818702945478936,1.09409451274193,0.840439711541401,0.610822611988172,0.92276642725471,0.391050028886684,0.702348768207178,0.721407998456917,1.02067861059178,0.314124200767913,1.50879216715077,0.66872322045815,0.288924711202367,0.770103562061597,0.398810156247112,0.679745391627057,0.653247698613232,0.373823519651784,0.907515739422287
362,1.03440246187511,0.452445419345065,0.814432553287694,1.07943631938537,0.837219954027546,0.605826871108485,0.914594748038128,0.387236434097034,0.699871141584602,0.717761180967273,1.00942418395358,0.310957263719917,1.52469755236546,0.668816553049466,0.289569103706681,0.766565489102365,0.400219206501846,0.676863553278094,0.647384554887755,0.374281278729247,0.900665162103716
363,1.04768981187543,0.457374701914847,0.824159067658838,1.09459089669087,0.849215039437464,0.617581933952554,0.92818420883299,0.390139677271136,0.708347697198356,0.725119056755269,1.02233956775006,0.311776107883531,1.52101910271429,0.672547599267226,0.290639140520406,0.776912965820422,0.402585964498421,0.683766401293443,0.655160482467994,0.376439141776001,0.912945778615984
364,1.02881556183473,0.447402068076727,0.80583724612379,1.07240711779508,0.82811683385868,0.6011718884509,0.906752301260627,0.381001516714037,0.691470406114829,0.711015725233241,1.00227060677123,0.305757396656179,1.50593504331443,0.662051288566374,0.287177971878096,0.757589035313181,0.396181082706405,0.670476397712179,0.644000352444497,0.370473962856905,0.892885053958488
365,1.04608312410796,0.456516685571102,0.827373348020547,1.09266526052526,0.854131586964246,0.620871211210804,0.931112938264506,0.387851007048728,0.712134386458719,0.727395823413223,1.02268883241002,0.309300454896578,1.53382997675576,0.675838582091305,0.292590840980959,0.78096680025229,0.405697699399354,0.685653656932613,0.657988951252799,0.378468796561816,0.916232152312811
366,1.06614919450438,0.461752837571612,0.832239015723183,1.11032532652318,0.854964580948515,0.62287143564462,0.938298602311161,0.391177495541987,0.713675403083702,0.734468966129649,1.03750939684643,0.314009322784906,1.54837315408937,0.682875526169754,0.296483728612006,0.782230364646509,0.408642053251584,0.692028192586383,0.668275404754908,0.382021863958019,0.923720158485153
367,1.04978634172312,0.456464483031495,0.819457611473708,1.09195660308576,0.838558310732931,0.608406598444297,0.92322362535688,0.388391341913197,0.703171525058729,0.722487961743059,1.02202299835519,0.314090027602907,1.52120051932352,0.671778658943473,0.291185107610168,0.770319141228586,0.40054466164044,0.679187083907025,0.658837125682517,0.375062650049135,0.908794607210227
368,1.03780833847103,0.453861898459562,0.81630269740932,1.08218558264527,0.837565494079517,0.607860054863243,0.917689786310225,0.387417704059362,0.701895111906248,0.718640793483881,1.01235652437608,0.312707939732714,1.51832820250502,0.668380345320655,0.289022470163517,0.768931553507683,0.399546814305255,0.676425350303284,0.65062183533415,0.373718445794581,0.903394852049133
369,1.04446253763898,0.455851004724509,0.821490219392208,1.09025772613007,0.844767399778165,0.614336623931952,0.92407757689585,0.389032093133533,0.706045334453189,0.723218768249056,1.01873793927947,0.312584494254106,1.523517076034,0.67178578676955,0.29026802653288,0.773900594417129,0.402135005848463,0.682008583041677,0.652923711092194,0.37602672946658,0.909518414185017
370,1.05443266699753,0.459003969247135,0.827176751919115,1.09978542923243,0.849993602956591,0.617737587855474,0.930932740409122,0.391466616445585,0.710214635256374,0.728956025800091,1.02780637972573,0.314496258347451,1.53813878597991,0.677810898991727,0.293361762419322,0.778360289712685,0.405502522229036,0.687570163867617,0.659289281382006,0.379297510761983,0.916337902110185
371,1.05121267594628,0.457641440183335,0.822398039058763,1.09560762117864,0.843514921446423,0.612590371832328,0.926152200405635,0.39061305978555,0.705822686835432,0.724812538017772,1.02398704759708,0.314627936320765,1.52570624607951,0.673617175090513,0.291574510931411,0.773495389342259,0.402121277568237,0.682787753584678,0.657390463666629,0.376537788639117,0.911404062377391
372,1.05131968682908,0.458968019796455,0.825295232075664,1.09641822462471,0.8470821988195,0.614541745589143,0.928265340809484,0.392309682521507,0.708994043771735,0.727029077142245,1.02506045026817,0.315977749616458,1.53507142681138,0.676171464512582,0.292548911537765,0.77680409085357,0.404007146012097,0.684869193064968,0.657884041171517,0.378099168993437,0.913661437153066
373,1.06081419912066,0.46279704613825,0.830723115962586,1.10640093382076,0.852278430355355,0.618898224703448,0.935035437527805,0.39583851295628,0.713212478216537,0.731953191967423,1.03347302938778,0.318878186303257,1.5398349344365,0.679885189856521,0.293907427601053,0.781596451988205,0.405864270939906,0.689628191502646,0.662309167785573,0.38012936174245,0.920089296626094
374,1.03966674233331,0.453793939818185,0.81255668435492,1.08369226188483,0.832072790978507,0.603138420115911,0.914151096383265,0.389057509506595,0.6971895617363,0.716467057161774,1.01223905685498,0.31430880892768,1.50997127417444,0.666096139202792,0.287968552797528,0.763725757619219,0.397020483804875,0.674949222262039,0.648301097526662,0.37222160132754,0.89970213794789
375,1.03245855026548,0.452582228759961,0.815254419678135,1.07902844889329,0.839069791176812,0.60825836985511,0.91588524114743,0.388078647432834,0.701353698885167,0.717145413518625,1.0085473612359,0.31128651110922,1.51465225753198,0.666669174507068,0.287831934652526,0.768654215767667,0.398989469189212,0.676407044556159,0.645357003822658,0.373163751368535,0.901282716057149
376,1.05122395222065,0.458272306382807,0.826756469547925,1.09835801474855,0.85205685153503,0.619681391475987,0.930382642794601,0.391237975630711,0.710203068132836,0.728195313215728,1.02544430614324,0.312622892747122,1.53478374760397,0.676491280672332,0.292592854542887,0.778689744075236,0.405323320629006,0.6875479886978,0.656417822861284,0.378920638642808,0.915511810791875
377,1.02336508973369,0.444679919328862,0.80011487760713,1.06663037438048,0.821707931875582,0.596723627487022,0.901360578424824,0.379031206374938,0.686333298331499,0.705649105752391,0.996725447334253,0.304217944412211,1.48697552577321,0.656061560043225,0.284360396847071,0.752220238756879,0.391996122064398,0.66513801202939,0.640093766956567,0.366879935260581,0.887083472133737
378,1.03374766530404,0.451745995354794,0.821043857659563,1.0805204725651,0.848955575478852,0.616619844559365,0.922752383096355,0.383904754013611,0.707320856185761,0.721732442353231,1.01185141636516,0.305612292018083,1.53086894437971,0.6717617957289,0.291056463053687,0.775491394879584,0.404059604277166,0.680710195463126,0.651295528939147,0.376486303535249,0.908322480203971
379,1.04863676645719,0.453486576637928,0.819948559093877,1.09302551558134,0.844518713422166,0.616755686304672,0.925401829828813,0.383143202547261,0.70343000440211,0.723040601204114,1.02113122031473,0.306090460419165,1.51858987848877,0.671195719932426,0.291366873549229,0.771515625549796,0.402346891735276,0.681566310946912,0.657852388283473,0.375741718639273,0.910678464107427
380,1.04651438890059,0.453982253390373,0.821905717903518,1.08924532534657,0.844770192170044,0.613735689820167,0.925446514005835,0.384007512917293,0.706085007288663,0.724476500568455,1.02075550633816,0.308379487812436,1.53568685380957,0.674953285167495,0.293361011839698,0.773625840603721,0.404485778576221,0.681856295672447,0.660112740492364,0.377498023455367,0.911455283079958
381,1.04815773203448,0.455201472877441,0.821154324220124,1.09148672744849,0.843167435346959,0.614385850153409,0.925834997829863,0.385284485109469,0.705415744906928,0.723182401540845,1.021411185583,0.310159875575402,1.51972782842086,0.671586722439877,0.291133589160928,0.773289005741041,0.401761994660237,0.680109010377779,0.659388759063663,0.375419764336912,0.911148819878678
382,1.03552378842764,0.450356632749106,0.812840710384707,1.07825004556602,0.834131194591869,0.606468605504615,0.914509018620963,0.382208458927497,0.698368711254162,0.716401723756175,1.00939808671523,0.30836080382784,1.51677679438997,0.666954043664668,0.289160936165021,0.765017294240666,0.399286555220446,0.674398960245763,0.650828893836934,0.3730316930537,0.900734201071575
383,1.04606895412563,0.455581647156609,0.824126101684924,1.09112953369127,0.84796376828607,0.617540993980018,0.927758545951947,0.38681579359822,0.708799676245344,0.72502602636719,1.02107735480514,0.310688507824072,1.52698717831194,0.67351638669298,0.291397431860982,0.777059862537815,0.403685061354739,0.683069743851945,0.657062817835206,0.376946664806406,0.913135360231344
384,1.05240951012878,0.456658986529091,0.823884662716962,1.09621830448259,0.845716226489697,0.615811403303125,0.927866202239772,0.3877648087559,0.707142159493288,0.726467505852319,1.02502462271475,0.312303567191182,1.53368193053759,0.675747418754908,0.29292029100616,0.77489292888294,0.404378508432985,0.684640272218349,0.659563665727171,0.378045038510893,0.913574526048781
385,1.04852730668049,0.456185308227497,0.82187919698681,1.09225605543983,0.84296842491267,0.612694746532409,0.925523669239632,0.38833731772664,0.705907065412087,0.723926058442989,1.02200987187357,0.313215568564323,1.5248410428065,0.672938158242955,0.291356515190986,0.773558245426869,0.402095328851859,0.681519744412692,0.657604766695464,0.376151038336648,0.91094520950463
386,1.05272243639651,0.458774733762767,0.826219831769615,1.09741465176008,0.84787210988775,0.616224159573169,0.92961571713213,0.391176214838079,0.709816397775725,0.727849893937278,1.02623123745059,0.315438770365173,1.53666440564442,0.676916903581981,0.292964440788404,0.777726470372062,0.404718002489844,0.685580516686742,0.659414002503274,0.378571713006499,0.91509156618876
387,1.04352948203439,0.454594085559827,0.816743675034273,1.0876906462902,0.837315314441493,0.608466215429024,0.919498173486778,0.388312576193045,0.701160886501317,0.719675756335615,1.01645699138538,0.313375088397336,1.51407597935312,0.66859429561094,0.289105974167978,0.768335124453203,0.39911563919701,0.677902848502295,0.652068544406829,0.373756572268156,0.904905970758046
388,1.03928495451848,0.453997363594123,0.8184934318276,1.08472305847493,0.841290786655756,0.610607212147456,0.920042584286243,0.388157667829614,0.703642928532279,0.720629356554861,1.01429908227772,0.312128473359552,1.52383355363568,0.670396159568319,0.289877273314891,0.771004990406288,0.40118631514231,0.679452457015509,0.650423551064634,0.375157850013128,0.905634164609197
389,1.03670385989174,0.45161802372329,0.81413346138722,1.08215785234359,0.837491758675935,0.609231651650869,0.91658885101783,0.385358562155373,0.699319048471804,0.716967167521027,1.01091400551939,0.309054669604627,1.50872622086903,0.66588246777895,0.287976933866564,0.766675456361534,0.398461593166026,0.676221544748883,0.648001493217768,0.372677993649095,0.901882777859537
390,1.06394084291655,0.463324488966614,0.838098275191353,1.11044534681141,0.863293083233798,0.627326321919179,0.942802742147854,0.394558471415097,0.720321670439805,0.73815651046996,1.03853719308723,0.315781424887436,1.56206199759789,0.686881668415453,0.297597399915142,0.789512992149786,0.411827581835313,0.696327034030127,0.667173855820004,0.384622753842368,0.928095696869155
391,1.04413620734964,0.452706410021848,0.810736038937814,1.08654244341888,0.829503202847095,0.603352125316121,0.91484068950063,0.385656806213147,0.694541305667624,0.715497566599016,1.01471524327906,0.31145153178827,1.49885507916339,0.664153499123856,0.287769071903808,0.761194027235831,0.395507888529752,0.673294361817762,0.652172014207688,0.370853431445469,0.900052162070041
392,1.05006160811755,0.459991026997717,0.830951490799155,1.09592239972146,0.85470990617113,0.618851665991099,0.932758134116246,0.393032753770301,0.715367064773226,0.731115929944893,1.02649150137406,0.31597129502497,1.55418042894396,0.681309080152804,0.294876713177216,0.783556119345719,0.408215783431267,0.688676221040128,0.660057199707823,0.381248383737537,0.918513951285015
393,1.04288466412218,0.453316198136287,0.812049505085148,1.08719702881772,0.832511648568136,0.606718859791879,0.916052108874259,0.386724853597368,0.696237029288373,0.715885432222123,1.01409501924959,0.311605813469361,1.49475762309129,0.663306028519266,0.286658149772045,0.763405908408152,0.395500259388663,0.674362626494822,0.649682245845669,0.370745786067043,0.900971898808189
394,1.02703675696109,0.449274464979218,0.812308599605797,1.07193299974199,0.835880088567822,0.605010454762,0.911463168645256,0.384057888895847,0.698874614210235,0.715298944106489,1.00370623252921,0.308365438941866,1.52447023844068,0.667203688316445,0.288906628789109,0.765401337459844,0.40003199883181,0.674701015067249,0.64455943779752,0.373579700429168,0.897825664851594
395,1.03618943186489,0.451093617833125,0.815059214942194,1.08269255790659,0.840680279663539,0.613235381978234,0.918871059272146,0.383626642806449,0.700522018953474,0.716928145508275,1.01107490027003,0.306152770944288,1.50036617105014,0.664386918392182,0.287185858300306,0.768631213323995,0.398156403911472,0.67626899585191,0.648409485297953,0.372034488564452,0.903607379696567
396,1.05763779776082,0.459103722430781,0.83253857608412,1.10279435579259,0.857915209026038,0.623563582312854,0.936414995533159,0.389387128873248,0.715171679432935,0.734173372849904,1.03199282120006,0.311332889822806,1.56168772540066,0.684495724518923,0.297386357761929,0.783633631067326,0.41105276081636,0.692743688537154,0.664763689142302,0.383457200070733,0.92240961335044
397,1.04292014951214,0.451705786902977,0.811605000681304,1.08525145928773,0.831733552924577,0.605908763842308,0.916750825180265,0.383085181517963,0.695903709498795,0.715400930002734,1.01452912786841,0.308550789848321,1.49405071062461,0.663328276262395,0.287524135643281,0.763065181951695,0.395540856293271,0.67267669780835,0.653905819236956,0.370398631129123,0.901681690332207
398,1.04553840616394,0.456613996301644,0.826627312359448,1.09005546923009,0.850275368835256,0.616486538290304,0.928064892333046,0.388271749435016,0.711437923655838,0.727951913969242,1.02155584317345,0.312291972728254,1.55269669419668,0.679212683068078,0.294634511925314,0.779087670419188,0.407518256594981,0.685520249181322,0.658963916210317,0.380173460247785,0.914361367837179
399,1.05848158275521,0.459547380965878,0.825885266830679,1.10303491537415,0.847433597714228,0.61840116395473,0.932172608801915,0.390414723229824,0.708669560874864,0.72743611850007,1.03007609521164,0.31433241103857,1.51686393617972,0.673688427319462,0.291271975558994,0.777231677719661,0.402210690495909,0.684757169980269,0.661791770056207,0.37655719622072,0.916826669284637
400,1.05831839719835,0.461108568433999,0.830241582373063,1.10191510936968,0.850646418632298,0.616366155051666,0.932760137429952,0.393391467726796,0.712923655784253,0.732407240995525,1.03143720249166,0.318071879834646,1.55843410936691,0.683222819774331,0.296215267610672,0.780474511345629,0.408451748681878,0.689952501698624,0.663588873304913,0.38204524427,0.918984030927092
401,1.02624465022802,0.447656388063254,0.8009853003643,1.06973616814429,0.819911973961921,0.596244099860495,0.903051537848732,0.382980790238829,0.687506243116027,0.705103226682524,0.998990408812215,0.309682321305872,1.47036150244923,0.653157502044741,0.28180003256103,0.753731153256449,0.388823576157649,0.66342173749833,0.640118340713968,0.364714926942119,0.887978860381533
402,1.03844199143432,0.455418018013336,0.826126421689506,1.0858900106001,0.852649406696033,0.617890128240575,0.925734467182764,0.389541642498869,0.711766794571581,0.726801139126029,1.01635637040691,0.311737283192053,1.55369340585704,0.678160489709285,0.293353542362754,0.779624481391156,0.407803918778972,0.686506841234572,0.651506973540304,0.380295685091569,0.911989476872203
403,1.053438191498,0.456485508950542,0.821138357961168,1.0991267320695,0.844345588884198,0.616674208742126,0.927611894729496,0.388355383602783,0.703965064414023,0.723471385315752,1.02502924768598,0.310872428219311,1.50471428271335,0.669432940149375,0.289390692819011,0.772496113008903,0.399853983207627,0.682379252446021,0.656463646880145,0.374468515781707,0.911942603218053
404,1.04467075191331,0.454873215265821,0.821919548838321,1.08833664659927,0.844289741349684,0.611142901071341,0.923185995897034,0.387642537575687,0.706037093192195,0.725065625354806,1.01933313514817,0.311725203874096,1.54878962918458,0.6772839123901,0.29422073249827,0.773008315962187,0.405670118218281,0.68347277998338,0.656600713993929,0.378966855578479,0.909607058075627
405,1.05383964699342,0.458844930159464,0.825119966583429,1.09926008029446,0.84782245167116,0.617685537039152,0.931040804346914,0.390551066287428,0.708766071864749,0.725904772310329,1.02704159963354,0.313618125836602,1.51333975564315,0.672164667500223,0.29051893450423,0.777474480493295,0.401344573449046,0.683029322221104,0.659877607852603,0.375656019750468,0.91535247635545
406,1.06790636063426,0.465087502394797,0.837436469987229,1.11238343159678,0.858975453092068,0.622836848420327,0.940968373566848,0.396599819027195,0.71894875023614,0.73907761439281,1.04049161281502,0.319938026283406,1.57312507524696,0.689359026429756,0.299043465536406,0.787146341790129,0.412413516629826,0.69643900266547,0.669186240180316,0.385645787402342,0.927064828864031
407,1.04885697401247,0.456937404720835,0.815393328531602,1.09222108422572,0.833156077767567,0.605395013450118,0.919925500492473,0.391057828871143,0.699162249579996,0.718358314134258,1.01984860527473,0.316806860581341,1.49533637710111,0.665250786604699,0.287138375099956,0.766421044291248,0.395281546478669,0.675427836765541,0.653718158340657,0.371160201453823,0.904525131059896
408,1.03645392058121,0.45512435097374,0.819214593221668,1.08214385761034,0.841252381991146,0.608127438969056,0.918056351502635,0.390971044322079,0.704819337920847,0.721560689462198,1.01234879752819,0.315348585382591,1.54012329565037,0.673297088210849,0.291058832922487,0.771544026533198,0.402973369407456,0.680507787485388,0.648411712261848,0.376865170829676,0.904386938102781
409,1.05538141588347,0.460782255069148,0.827512620544567,1.10305283058963,0.851300581508071,0.61986844584214,0.932587780860002,0.39462396623304,0.710692406394833,0.727977378406128,1.02870968349135,0.316201346246028,1.51735619375836,0.673742509409727,0.29036079882465,0.779681700520813,0.402393646442551,0.686802955943334,0.656572818509789,0.376971169902392,0.91681631141846
410,1.03395200650561,0.450563069302314,0.809935703437525,1.07794201714672,0.83102713188774,0.601633912143255,0.909971571657817,0.385897605202589,0.694787603789565,0.715070852301757,1.00724015815896,0.310595063516194,1.52137061966977,0.666978351811717,0.289122377377152,0.760772058424587,0.398629459843838,0.674846420961144,0.645404533685426,0.37319479284072,0.896274102834855
411,1.04135797007503,0.455523913762877,0.822053508824926,1.08866716237757,0.847669026948649,0.615807668237157,0.925530995490208,0.389238486800071,0.707310719637621,0.722322263233294,1.01762692130693,0.310785305288998,1.51419962682408,0.669795996472501,0.289216595150805,0.775879620300487,0.400973987950065,0.6809007390103,0.652134990775424,0.374836436566609,0.910064124372296
412,1.0539803824012,0.458073271365716,0.826077840124171,1.09928365742122,0.849917468861829,0.617772541873083,0.929493971310607,0.389932095728909,0.708857260590875,0.729027986238581,1.02681998259051,0.31237665783873,1.54574959377295,0.678913583016788,0.294596625621746,0.776701238551753,0.406730354162238,0.687872231996672,0.659456237556621,0.380153129186837,0.915277418534743
413,1.03661278273877,0.450937610386688,0.810766375443433,1.08013328732007,0.832150341677579,0.604460386436285,0.914102154244994,0.384042147630485,0.695954080907544,0.714134232595996,1.01002048018173,0.308652602485306,1.49676516256754,0.662735038009648,0.28691745328531,0.762992075469984,0.395568322279512,0.672064738918455,0.649531313642407,0.37029043662534,0.899235192029247
414,1.04386775720467,0.45590754029961,0.824767199106358,1.08950638217989,0.849629747223917,0.616664572198982,0.926572755519307,0.388016060455522,0.709583493096883,0.726251902369102,1.01969829885851,0.310949533261512,1.54411194911476,0.676730770396298,0.293329512417971,0.777420654143936,0.406108322264489,0.684586129578966,0.656222356691416,0.378974396274408,0.912490803165778
415,1.05213396459941,0.456696867363011,0.821922700705028,1.09665304678395,0.844389092680089,0.615448946331735,0.92726609102647,0.387918960859467,0.705254345229444,0.724204217000859,1.02435049319896,0.311440148975318,1.5149502877732,0.671430474100486,0.290619100932966,0.773420930093032,0.401268745898455,0.682123495076524,0.658278094104397,0.375454627191261,0.912214957169173
416,1.04356403138304,0.454499922855106,0.819832677984562,1.08707859118968,0.841561770802014,0.610252298666422,0.921625756976965,0.386897034509219,0.704256670856037,0.722842025343515,1.01767357578568,0.31163872905454,1.53590938387156,0.673878876861065,0.292313110345597,0.771287350558558,0.403327634855734,0.680926425946603,0.655399459856437,0.376936273337003,0.907794612008596
417,1.02900932552648,0.448377232959905,0.807266502374703,1.07329780007883,0.829488318362677,0.603824655989409,0.909737328504135,0.38168863192289,0.693653778398288,0.710365751559777,1.00324602441038,0.306796740066259,1.48804739913098,0.658799090476942,0.284793897426803,0.760611767605981,0.39378479612114,0.6688246272307,0.64456890278468,0.368366929818054,0.894896944942195
418,1.03561883474627,0.451563861225149,0.81942605144246,1.08118406030332,0.84519703352554,0.614163875576516,0.920401304188572,0.383811228890189,0.705052498578494,0.721566003155285,1.01197460660265,0.307055551260572,1.53606840479173,0.67257064600192,0.291559869039594,0.77253513111487,0.404302851371565,0.680954286916268,0.650930477332883,0.376962944586115,0.90662848985216
419,1.03554075527058,0.448619906844956,0.810801021973334,1.07970862549169,0.834598391959695,0.609234633116173,0.915164635603508,0.379888408112568,0.6960192003809,0.714037107504661,1.00907095461657,0.303964185685804,1.49404138542726,0.66204619672517,0.286796628309832,0.763549481747141,0.3964253777397,0.672924837425497,0.649288919428544,0.370441714443922,0.900236017098841
420,1.03153798614326,0.448148048432015,0.814642397600425,1.07519040592455,0.839588349892854,0.610199452980145,0.915894522336833,0.379178578336307,0.700627832223881,0.717766047996623,1.00764764477529,0.30354101824164,1.53005917200977,0.669687595775547,0.291102728728033,0.76759673765798,0.402554338006261,0.676594959288561,0.651012319091528,0.375108760404721,0.902344195585256
421,1.05629427929541,0.45749920883054,0.829312646322318,1.10101712239668,0.854419119894134,0.624318033501938,0.936106245528933,0.385891532928181,0.71267525491466,0.729811417245269,1.03020433123799,0.308676714999535,1.52874584430735,0.676837361214885,0.293488999763242,0.781848502904429,0.405900214272435,0.687058432283035,0.665168005898567,0.378740759443555,0.920945072579207
422,1.03665795511617,0.448424617091139,0.809578441362024,1.0773767724479,0.829458816201349,0.603449805662143,0.91183958529044,0.379077216879369,0.69447904431369,0.714826047113386,1.00891909747919,0.306250655781945,1.51678333516427,0.666392961282917,0.289850171150448,0.760544642662533,0.398730630414953,0.672581706042336,0.652593049103282,0.372532830610792,0.89838676079974
423,1.04840089906342,0.456888722994873,0.82789069339624,1.09315377690639,0.851946931331304,0.62032623624644,0.932182981833454,0.387112006598583,0.71278958793964,0.727567767033998,1.0243823613812,0.311091745019218,1.5312653548925,0.67574252837728,0.292453051038617,0.781477709738394,0.405126815499874,0.684461788743912,0.66114412395883,0.378000555149482,0.917393379643176
424,1.03156899812755,0.446840707992009,0.80521010162107,1.07355767191156,0.825347927368103,0.601781316641942,0.907132234381248,0.378792847108801,0.690659280457013,0.710625911563899,1.00352388664641,0.305984150079025,1.50064429820616,0.661109301112207,0.286756392141861,0.756671791513978,0.395437952484104,0.669384789643043,0.646357620906577,0.369775853623052,0.893353618251568
425,1.06522044079037,0.464508327794358,0.843645725803107,1.11157513868046,0.869348423389177,0.632200214043577,0.948687647470437,0.394415687457957,0.72652234449086,0.741529281234925,1.04171391870932,0.316249410106685,1.56802988162821,0.689748525577372,0.298519006855402,0.79639714499424,0.414137859522623,0.698776747072365,0.671051926056666,0.38619899097148,0.933960541909721
426,1.05264008026101,0.454759465797286,0.81392419963923,1.09413525562295,0.831107712239865,0.60625315519343,0.91903698432751,0.386406519646607,0.696508787753165,0.719132110788132,1.02122561904052,0.313396052629677,1.50633598461365,0.667631108604716,0.289434908909717,0.763211309560111,0.397422840682429,0.67680293288503,0.656716205512708,0.372784862837893,0.904421988561346
427,1.04916085757529,0.459664893315549,0.829852239284848,1.09403406277088,0.851661665956549,0.616166037176911,0.931354082818339,0.393238938982678,0.714481838199918,0.7299251053043,1.02561201648551,0.317599099783581,1.55084949191787,0.680306932701006,0.294218877854659,0.78238637662125,0.407026693463705,0.687100339534686,0.65969884482155,0.380390230577456,0.917204215514232
428,1.04608437404737,0.455381541189121,0.815461484201933,1.09102219585735,0.835606809472746,0.609187507191119,0.919372929609544,0.389290595847846,0.699448027949585,0.718616978364378,1.01741711483374,0.31432080099064,1.50130299782464,0.665887174523842,0.287449335627934,0.766847394242343,0.396966355573417,0.677099577603665,0.650910141312665,0.372231421549344,0.904185510998302
429,1.043981079686,0.456632611239838,0.82412900734431,1.08961538115843,0.847030524021569,0.613107551412892,0.924796857545668,0.391391704396945,0.708671256812005,0.725884363618951,1.01959911042014,0.314881055433142,1.54439227053199,0.676739362814528,0.29272749695942,0.776095299013989,0.405216637296225,0.684893016500362,0.653387754266513,0.378829449323226,0.910847929266676
430,1.05143095147949,0.457948341464221,0.822450797551008,1.09764460563375,0.844955247693571,0.615280467698277,0.927330944684642,0.391477768917157,0.705891712851483,0.724157194929806,1.02417853280698,0.314292847155899,1.51285951291824,0.671009260817837,0.289762902809783,0.774202070148947,0.400528376870534,0.682730323034025,0.655284805798755,0.375250015172701,0.91176071945593
431,1.03920339729219,0.453284165408408,0.816476514765432,1.08370964770485,0.838507276275109,0.60730988329341,0.917253073449263,0.387792982195933,0.701167099922692,0.720077253446194,1.01340934564289,0.311936314148372,1.53091116857314,0.671349512030895,0.290937852250769,0.767874581224635,0.401589676370672,0.679094993598125,0.650272161258026,0.375645665076902,0.903366211360034
432,1.01913787863939,0.444763430316513,0.801149475220806,1.06441660954397,0.82465004529952,0.599811615535282,0.902652335262631,0.379693677583985,0.688600834500549,0.704666558187869,0.994429427268753,0.304029834402111,1.47545888996397,0.653281349764726,0.282218724764211,0.755260935972784,0.39064889187346,0.664019783556879,0.637486917243652,0.365448052307254,0.887613460253854
433,1.03056891405635,0.449381374801843,0.817915655613888,1.07720691759735,0.846210228132698,0.615003990005561,0.918504010479164,0.381750422811939,0.704077415454187,0.720082627651731,1.00805851284307,0.303643565552325,1.53571518486391,0.671398117503427,0.291263209338995,0.771675097113901,0.404478382511255,0.680243574123882,0.648185098447757,0.376685266075847,0.904712641276794
434,1.06649275509721,0.460912602201503,0.834993671841359,1.11206008785648,0.86103525225761,0.62918044256773,0.943287503834928,0.389056007528275,0.716634955412286,0.735504719055711,1.03936035637148,0.309949898730049,1.53825826060603,0.681830931590527,0.295819132216468,0.786417126957033,0.408808396945578,0.693279242372168,0.669787022958184,0.381661159141563,0.927825147368728
435,1.03310073547616,0.446855398664617,0.8048368029684,1.07296223705358,0.823618925555377,0.597954653294954,0.906739224854764,0.378153450765801,0.689943979566197,0.711084156325598,1.00495010217821,0.305629131653169,1.50960056432288,0.663285804885927,0.288815539631273,0.755434332604865,0.396204747164951,0.668590033993379,0.650569091300603,0.370488809832798,0.89329525735329
436,1.05501046020564,0.461023987632781,0.83552050870724,1.1008874797559,0.8608681731542,0.626228885955332,0.940236037529955,0.390887881922278,0.72000890991358,0.733765818293891,1.0318119001419,0.313543746820316,1.54540535444397,0.681461562519457,0.2948406712723,0.789426870044497,0.408822900383284,0.690052287234624,0.666045509997882,0.38126071704334,0.925251156862665
437,1.06230202817504,0.459661030864947,0.825305620227471,1.10481712605152,0.844556901670876,0.615881742289966,0.930447636090096,0.389854905482387,0.70702737073514,0.729084142973266,1.03178843446587,0.315467448617826,1.53564855910127,0.677782181038232,0.293976956504776,0.774570969786643,0.404690492749847,0.686545470210937,0.664084792031364,0.378892498387255,0.916249826190633
438,1.04045609605008,0.454271613258865,0.816686203980495,1.08341650082292,0.835926693582793,0.605729761214921,0.918575799104106,0.38803452694141,0.701865520700967,0.718949804711418,1.01472811060188,0.314295850974929,1.51613828988863,0.668675927822278,0.289102282551485,0.768787521248287,0.398919527051461,0.676277067144041,0.652692795044192,0.373465453890558,0.904261295214935
439,1.03469121524499,0.452369954486916,0.814498580093185,1.0802831515446,0.836870638161901,0.608518999947128,0.915665761614475,0.386691848179735,0.700307201984344,0.716910844156951,1.00937125317875,0.311476975124491,1.51301224623472,0.666343707045217,0.287804089186367,0.767434992714858,0.398698474621806,0.67591578200779,0.646739312176209,0.372930049439165,0.901205974232945
440,1.05821165350812,0.461252522310725,0.833146312649338,1.1049873744032,0.85774524546399,0.623721535093878,0.937156799430791,0.39373314301625,0.71600713667096,0.733541727197925,1.0326084925842,0.315582949880253,1.54733066872454,0.681732834393084,0.294728006085375,0.784888358800988,0.408449344901577,0.692387679801196,0.661460255300722,0.381774024396873,0.922409606088441
441,1.04425406963607,0.453364433945644,0.813556921901205,1.08767876601345,0.833459844207296,0.605777254038436,0.91698095884167,0.386927409450104,0.697330064852662,0.71780188703234,1.01584610150461,0.311963331883709,1.50922686889233,0.667024959507144,0.288898440743005,0.764178151746189,0.397760551082627,0.676373833308449,0.651804338794224,0.372767291985298,0.902311313980614
442,1.0350727968562,0.452847931323961,0.81746897681378,1.08049696416,0.84095130201852,0.609467137438532,0.918502372355382,0.387080791332593,0.703362913148501,0.719263608105403,1.01132195367997,0.310832038700208,1.52352292918108,0.6695110240306,0.289674344466965,0.770665030937242,0.400862685320891,0.677718593937237,0.649579585947415,0.374606370548827,0.904131027678394
443,1.05810006168995,0.460647997261732,0.830664325006148,1.10464395695406,0.855140384081784,0.62284426162456,0.935623474962148,0.392374404390664,0.713501829394536,0.731583195437864,1.0315688155863,0.314263104001539,1.53793494360567,0.679099845571216,0.293801002579976,0.782360891389124,0.406620156427431,0.689906528197807,0.661620188906024,0.380159907323191,0.920546786347408
444,1.03089287499382,0.447823738944486,0.804730758960464,1.07338260721703,0.824707382991756,0.598600607894112,0.906208383804658,0.381819396737048,0.690107010967898,0.710111980178764,1.00341429630664,0.307807628543203,1.49891650540404,0.660709913732659,0.286425669970696,0.756023032084192,0.394397979247837,0.668904836088123,0.644901051102777,0.369292709452251,0.892146391388643
445,1.0495585795969,0.459202506633166,0.831915226354701,1.09665378404378,0.858196009605549,0.623147227559409,0.935063760461776,0.391267591589621,0.716514659743609,0.731167609158776,1.02666779699089,0.312844302269954,1.54644124384075,0.679971188365238,0.294135599294461,0.785480405960461,0.408105225912035,0.689184542539179,0.659986225122138,0.38078305871385,0.920252318441156
446,1.0753470435023,0.4658245164551,0.836902985058036,1.12003850983023,0.858479480740403,0.625749488824775,0.944022380708893,0.395870812152693,0.71717115686932,0.738686321252504,1.04542144765854,0.318519508235293,1.55067249438833,0.685831057681153,0.297260343958619,0.786141493627213,0.409595783617259,0.696078157178682,0.671569177217098,0.383506881193943,0.929030780617033
447,1.037055696088,0.451910672415082,0.808798067889533,1.07862277873071,0.825953803372936,0.597726104153429,0.910223007126862,0.386531262736977,0.693775231890822,0.713439326412142,1.00933387757969,0.313693105987485,1.50576024126932,0.66403998141864,0.287585537045723,0.759643059981815,0.395186848139631,0.670796464290519,0.649205937733237,0.370563957041591,0.896105339715478
448,1.03499252012165,0.45461403131795,0.819378562894536,1.08188960394468,0.843316455081626,0.611811384348021,0.920165639077744,0.389445878599659,0.705706266947548,0.720071197880621,1.0117228946754,0.312920594845323,1.52074554869977,0.669199080307888,0.288717010929638,0.773412201286542,0.400723620161614,0.678568724105902,0.648167838931916,0.374565600431291,0.905481176923716
449,1.0384728480563,0.452027925306449,0.814281502554642,1.08431536793177,0.837948994566077,0.61002854806916,0.916578480942917,0.385852299659023,0.698939926217991,0.717723224001569,1.01180757514566,0.30919594383858,1.51101745379207,0.666553604559085,0.288197305505191,0.766240622578922,0.399053941895092,0.677710313861706,0.647273202991042,0.373296944114593,0.902081170193623
450,1.04723542353517,0.456145085629718,0.825185342882884,1.09306475020725,0.850083619580489,0.617163148658492,0.928349448065651,0.388667289700606,0.709197387069521,0.726624192434556,1.02254285606749,0.310782121329329,1.53676260327493,0.676113716182699,0.292874644950664,0.777388955592742,0.405261921275948,0.685594868522561,0.656678059932725,0.378549377609665,0.913775077762836
451,1.05451896999729,0.457872529222962,0.824565882049723,1.09911856412344,0.847205048659691,0.616581976638495,0.929600336827507,0.389215334782635,0.70754781691148,0.726869483565436,1.02705129125397,0.312353845311693,1.52840454067641,0.675218817651488,0.2927137285428,0.775671432862085,0.403645680124268,0.684733108260201,0.660555420352549,0.377595177457697,0.91468396246704
452,1.04841658363777,0.45651709431684,0.821844750396046,1.09208074305019,0.843221903862419,0.611828073093795,0.924881775394256,0.388799067561615,0.705785853302377,0.724427169974699,1.02185230857458,0.31321959746974,1.53140204268947,0.674187649680564,0.292263060504434,0.773196009838321,0.402941625173177,0.681859973866297,0.657904961131978,0.376872281747216,0.91057688864117
453,1.03470392395199,0.45128895295032,0.811659306169443,1.07889641934255,0.833224894587327,0.60556949986348,0.913782096651442,0.384772448016193,0.697332981108611,0.714745854799014,1.00862153822993,0.309857134271702,1.5036307578811,0.663845020490538,0.287130438317393,0.76426808153609,0.39669934661965,0.672906154317546,0.647997406256643,0.371165815005474,0.899208817567702
454,1.05304974235969,0.459606326190782,0.830988670206172,1.09934008221563,0.85581845426919,0.62180552133797,0.934035475392447,0.391607875190613,0.714687054187055,0.7315677060509,1.02824913280431,0.313927940319919,1.5491830572957,0.680724358663911,0.29460558832582,0.783226370056636,0.40826742069,0.690000818288165,0.660309198479349,0.381229700842658,0.919637137014268
455,1.04402368113649,0.452996213440219,0.813357911733261,1.08749196905858,0.833827354698467,0.607010132062108,0.917356462277182,0.385686240181395,0.697285156974612,0.717323582814808,1.01555744340157,0.310646501971604,1.5034182179087,0.665729542098517,0.288219269987785,0.764377081001227,0.397209704258559,0.675752605674255,0.652035372300924,0.372089131605372,0.902583026899354
456,1.03414843392817,0.451961913030928,0.816978773753044,1.07895429883678,0.840430226192387,0.609057480430999,0.917620141537986,0.385545233389458,0.702890642757242,0.719177543571467,1.01040043756447,0.309699580702677,1.52824509853205,0.670217278405101,0.290294086308199,0.769974958221093,0.401649663629627,0.677756791161529,0.649881315950602,0.375095407644252,0.903635708712132
457,1.06034857186631,0.461292674715125,0.832245012393617,1.10675419375234,0.856802906261572,0.62466053945948,0.938040049513011,0.392211464996063,0.714948597001995,0.732639768336701,1.0337916966184,0.314116150240416,1.53614819727191,0.679515634559773,0.293937181060914,0.784132878376383,0.406854918301267,0.69062724848475,0.663672927376027,0.380318091388328,0.922771009954587
458,1.02940787828956,0.446820008683646,0.803026654049318,1.07115796924863,0.822346977157232,0.596836902455513,0.904034872928526,0.380572756589756,0.68850056756654,0.709002378386304,1.00162423531585,0.30731494253632,1.5003435166918,0.660323471045334,0.286504808223913,0.754049700077186,0.394209932581207,0.667766307301763,0.644421346305892,0.369060465233279,0.890297544965337
459,1.0498636729123,0.459497695183337,0.832869133816721,1.09707372441598,0.859310120205722,0.624249067582032,0.936341292965364,0.391327646989929,0.717627083738268,0.731548079835315,1.02731799217883,0.312929374647965,1.54443150759776,0.679868439354794,0.293917123914649,0.786825426015966,0.408068161177026,0.689345131069737,0.66056791357178,0.380691138272051,0.921376113226685
460,1.03785728505875,0.449104036271695,0.806681951284368,1.0805747502173,0.826990739430673,0.603034631842498,0.909885222568792,0.381467486845913,0.690969129662459,0.712458457624699,1.00841277322049,0.30728184441611,1.49765528426152,0.661834225099607,0.28700640806744,0.75729187418078,0.395259247141137,0.671483948337381,0.6478752191415,0.370113618305891,0.895617322384206
461,1.03325786149159,0.451559867507378,0.819245128003235,1.07836189084398,0.844250011017518,0.611991517709698,0.920365672552977,0.384371819574234,0.705580460196389,0.720288615944078,1.01098221645953,0.307900162682895,1.5287722799641,0.670900592467214,0.290558919129408,0.773186259015982,0.40266634829268,0.678680600911029,0.651223369668598,0.375571743064261,0.906223253725563
462,1.04571727720496,0.453494612480687,0.818904701107355,1.09070322450808,0.842931828333127,0.615687509220545,0.923647324230579,0.384220291625195,0.702995421888229,0.721547801472192,1.01864489325022,0.307742736920186,1.51443926222725,0.669542647073723,0.290105002088942,0.771003132222592,0.401121445508027,0.68017394306998,0.655120618822923,0.374798125708643,0.908773997778747
463,1.04458271151569,0.453556690424481,0.821014586423423,1.08790126305871,0.843954443886208,0.613052377629669,0.923828098654185,0.384684141116932,0.705342943428556,0.723678664527708,1.01895983083853,0.309033607453596,1.53486292094685,0.674239517983787,0.292720844580529,0.772766172330896,0.404093073242299,0.681741999520136,0.657333453467165,0.377251926767111,0.909927192629693
464,1.04294755789224,0.453089449616262,0.817450218264008,1.08675453357789,0.839768908236006,0.611927975322456,0.921685421649489,0.384204571827486,0.702211783442463,0.719757042582823,1.0165613645627,0.308945139050229,1.51114710488245,0.668178468879241,0.289449047938382,0.769897447518861,0.399692524062817,0.677363436400698,0.655109907904254,0.373596513858797,0.906852062624249
465,1.03541711524026,0.450417100888151,0.814535688707044,1.07890540474172,0.837160523988927,0.608589087894333,0.91606031686418,0.382414128561161,0.700076335273355,0.71776632451773,1.01001841218918,0.307703215128317,1.5224628347718,0.668554225928506,0.289940222603565,0.766943388583596,0.400724839940033,0.676168013812874,0.650920971589738,0.374146254366427,0.902279130672346
466,1.06389578860808,0.462566512574566,0.836803892004317,1.1096003449078,0.86121830138583,0.627683687881557,0.942826217367322,0.392386184062852,0.719358749293542,0.736363232696408,1.03804620871291,0.314759473812506,1.54791297536621,0.683662732373038,0.295939469483429,0.78879966078108,0.409684998911203,0.693729629576856,0.668148414974397,0.382594168322953,0.927775649345415
467,1.04937868817199,0.454649604593344,0.816018251865027,1.09108473480003,0.834293998861791,0.606692554901027,0.919578191481878,0.386629398989497,0.699250161112436,0.720620191630082,1.01995159196716,0.313181341047978,1.52008828175369,0.670529079202836,0.290882738237974,0.765878956185628,0.399854909781042,0.678264510242862,0.656683824328037,0.374567299371901,0.905467743709745
468,1.06262825167505,0.464883429849231,0.837957568338977,1.10830675581082,0.860198594674674,0.623909785680287,0.942035079074374,0.397106962193767,0.721034701117888,0.736941705413826,1.03777394886155,0.320318561698994,1.55542754981424,0.685236612821523,0.296142661662679,0.790021398336322,0.409693287178946,0.693594404811572,0.667093615336272,0.383091441819744,0.927178218856548
469,1.05335410369907,0.458218671127586,0.818401343055465,1.09696494255761,0.836319841429229,0.60829329910001,0.922054250740033,0.392158501071284,0.701251369063217,0.722318148773425,1.02331037139252,0.318011558937507,1.51571692637603,0.670622959766102,0.289872404370616,0.768258266229677,0.39915245494064,0.680281787468446,0.655194195976928,0.374614044884726,0.907354295732208
470,1.04380647062959,0.457965032268862,0.823300013443872,1.08961930678934,0.844694781112953,0.610855671585953,0.924083893611514,0.39385847098908,0.708123317436463,0.724494656446379,1.01934339182607,0.31780624472389,1.53390815653863,0.674340593387647,0.291028427283825,0.775573482048354,0.402775588879535,0.682887931861685,0.652245054960362,0.377107328403103,0.909669802858169
471,1.05466080004135,0.460740564582654,0.826206596239416,1.10181348474739,0.848647596427213,0.616980092416969,0.930000865525921,0.395423183036033,0.709265005926045,0.727687343634789,1.0274699699012,0.317827307758249,1.52647595328884,0.675050623686751,0.291232577605597,0.777575844796894,0.402964838516059,0.68664429146722,0.655672571097376,0.377682397411529,0.914686497605439
472,1.04692014068169,0.457121884429895,0.82052456897889,1.09230819814099,0.8419698687921,0.60962108998763,0.922348345340905,0.392533476310752,0.704194700966264,0.723520281973244,1.02026588691253,0.315849963650362,1.53001908899048,0.673351415161206,0.291209941372219,0.771405019274357,0.401952669652721,0.682570305618936,0.652474418232473,0.376605051032271,0.907906376379374
473,1.03675962173792,0.45344951380773,0.814378941310889,1.08296371047108,0.837192407196019,0.60727399750337,0.916448972462178,0.38889385372919,0.699650232689438,0.716856098253298,1.01130089225391,0.31195941006437,1.50662660591695,0.665518940291556,0.287441419657357,0.766996809068716,0.397440265256628,0.675831704705396,0.646897214278652,0.372223288219534,0.901364892814446
474,1.04757460729995,0.457605505583922,0.825488568073081,1.09446662040893,0.850614081293769,0.617135231488566,0.927823322323542,0.391270399793013,0.709463625245428,0.727174437108971,1.02252592981547,0.312842234528568,1.53983458339789,0.676628631007885,0.292854314961077,0.77753489708888,0.405453102371246,0.686319175097587,0.655035038075984,0.378955490411139,0.913295574421232
475,1.03202379177594,0.448765685213671,0.806620031780409,1.07632231099232,0.828871069277479,0.602563820812593,0.909326575809905,0.382637178475191,0.691984745882942,0.710980762339487,1.00508654839916,0.306724513907729,1.49140946417359,0.659844966671054,0.285659129469652,0.75871891362812,0.394121965510631,0.670057256616739,0.64478629224539,0.368982575304517,0.894523201411993
476,1.04585896030248,0.456829467250589,0.828314378050663,1.09230258267172,0.854940234146627,0.620131326187618,0.930532480974951,0.388747164613651,0.712928868701945,0.729014363843365,1.02265603004964,0.310273563970423,1.55025193589608,0.679295444485346,0.294511411753038,0.781284440113252,0.408106946032984,0.687575849015091,0.658051222693851,0.380573818221777,0.916296720777632
477,1.04209373629878,0.451310170237931,0.811545916193709,1.08562456232425,0.83347078657812,0.607990677264526,0.916470255149225,0.382654938636794,0.695728189502761,0.71562809161485,1.01361726402799,0.30700181598955,1.49540516532666,0.663363164643348,0.287490495371166,0.76304341481897,0.396253952310605,0.67388461898677,0.652005952320545,0.370858250931313,0.901496681163682
478,1.07254340293825,0.467689561545411,0.84757829814565,1.11810395491248,0.872567602498135,0.632521262413543,0.952089954923254,0.39718185909838,0.729207433275476,0.746523829329943,1.04798618044788,0.318587586144029,1.59124720712021,0.696472127874611,0.302334825588606,0.798710871837248,0.418040780175561,0.7032893119732,0.676255994541167,0.389885759263209,0.937987509682858
479,1.04532019233408,0.452498347859431,0.805692014534651,1.08636793143188,0.821559257655023,0.599045899589494,0.911117804399206,0.384992729407524,0.689328227318441,0.711224626820444,1.01343381546858,0.312579750044838,1.47547237583359,0.658162811266384,0.284759683634433,0.755706788650548,0.390577282070896,0.668167154686874,0.651384139317122,0.366974288493234,0.895901903683347
480,1.01784643262803,0.448046476947627,0.810992978749129,1.06265706234196,0.834150583406085,0.601791752254502,0.90726628124234,0.38388782363366,0.699302383153808,0.713334450160435,0.996891030031971,0.309390482511795,1.53242028051129,0.666992299173486,0.288594129690258,0.765254687897987,0.400324011567444,0.6722775245767,0.640983143222068,0.373476223365716,0.894318244901887
481,1.05070443833838,0.457470250877745,0.825422318916124,1.09900500633607,0.851878154107997,0.623451237258722,0.931545108237686,0.389223345719237,0.709314441218711,0.725518566165566,1.02460726905373,0.310401829602942,1.50634498618069,0.670267660943646,0.288936719028426,0.778808626016864,0.401563664310508,0.684846195847844,0.654988597532484,0.375467457804345,0.915545166383763
482,1.05901816888399,0.459057966330421,0.829900356390543,1.10259483076349,0.85236189925501,0.617972581319947,0.932672567251579,0.390443547448137,0.71177041398367,0.733316412631814,1.03172671859285,0.313754757886537,1.56764827388486,0.685275380243836,0.298029125396715,0.779264497833191,0.410683805071822,0.69223102940753,0.66398421685515,0.383679134379715,0.919300724972847
483,1.05031294147354,0.456876360278948,0.819294205693448,1.09418753978591,0.83958425400938,0.610992514933969,0.925412167705674,0.389091209387107,0.70323060435455,0.720852676842657,1.02281663475342,0.313526673672376,1.49785855896403,0.667163650642819,0.288375274570887,0.771356230684605,0.397228108930646,0.67744441552014,0.657840671605134,0.37232585927088,0.909537871079494
484,1.07396493591407,0.469322703084867,0.845940187952542,1.11952147975003,0.868364869953485,0.628911113138367,0.949024482528702,0.400781650010121,0.727168315796377,0.746106229588763,1.04770643383462,0.323401007132576,1.59510505293717,0.6967613695615,0.30215831141792,0.79591130024284,0.417306519602743,0.703047181260546,0.673864971770887,0.389939728815121,0.935251266813615
485,1.03814141946243,0.451468423201304,0.801723348358845,1.08043539901681,0.817283804207393,0.594723677074976,0.906003434803187,0.38694539035099,0.686363042118358,0.70676018958755,1.00729082141785,0.314342895641928,1.45970974690115,0.652902266782457,0.281409604881297,0.752602869736296,0.386777688399166,0.664293928502889,0.6442447054677,0.363945343566402,0.890387267084168
486,1.05080155990571,0.463528071862137,0.838711637958873,1.09891416839811,0.863928757377373,0.622843146377469,0.937214938128049,0.398942502471786,0.7231844800164,0.737896382221878,1.02950715104508,0.320627786220774,1.58953601149505,0.690387472259432,0.298415932727732,0.791362510352221,0.414648427957627,0.696792679276458,0.659183562634847,0.386974264410492,0.92378433045604
487,1.05673904061724,0.458778140954379,0.816780160096742,1.10278583786586,0.836698410669241,0.611388124949761,0.924228207702015,0.392984449799827,0.69898110452888,0.719746150383013,1.02549841727592,0.316128140402324,1.47811370416833,0.663228255053862,0.285551477598168,0.767329477964434,0.393862104024398,0.678473215677347,0.653017698574683,0.370401363400419,0.907644812405775
488,1.05129547475912,0.46132741892828,0.832441574234936,1.09690774331001,0.855179737850627,0.615201856026358,0.931091165101988,0.396861161000953,0.715887026892026,0.734405203040193,1.02764447112983,0.319491305917887,1.58605664504005,0.688399235013965,0.298593944472586,0.782989269221474,0.412453107781995,0.693366473820349,0.659040207843585,0.385460494924646,0.918082593565781
489,1.05504612111905,0.460042702865132,0.819592881078186,1.1018450951935,0.84054313329376,0.613062489091065,0.927020314023809,0.394383327523484,0.702713660983021,0.720845606276144,1.02587321646042,0.316816031284936,1.47941176590032,0.663976092175127,0.28570737421513,0.771547263583387,0.394376569986635,0.678468091111109,0.654364812604366,0.370648429261547,0.910004280549955
490,1.03963950619855,0.455778321817876,0.821132128944771,1.08456549282784,0.843390085008603,0.607342079979096,0.918444154550993,0.391811169308519,0.705662144499494,0.725231978353973,1.01500633515616,0.315566034190113,1.56741099623493,0.679837750584396,0.295033366204907,0.771688058628367,0.407378686787233,0.684800068496114,0.650665533907764,0.380775912470604,0.905840294271372
491,1.04239467783155,0.455323132893264,0.815106769033683,1.08988202302365,0.838588233548683,0.611362210895138,0.921241501148029,0.389837970703221,0.700003103340688,0.715852672501375,1.01585456821082,0.311659095545934,1.4713231665892,0.659454352708547,0.283638338505076,0.768793156607281,0.39280241591835,0.674187216451977,0.648309483337046,0.368473962461772,0.904380877012316
492,1.05731286694368,0.461881793959239,0.835303802727566,1.10338350335529,0.860248790970614,0.621469186325687,0.935353283366092,0.394917497187344,0.717729014255067,0.737833852599649,1.03225328652779,0.316459837047321,1.59356626300139,0.69136499429525,0.300492541784807,0.78529466674527,0.415355407968616,0.697297640135809,0.662714782125566,0.38763042363396,0.922464833586295
493,1.05280640933419,0.457417444268271,0.816285382664875,1.09757458620952,0.836519636244587,0.609930269210638,0.924250624872043,0.390312102594665,0.699537194175717,0.718211704376877,1.02343777581153,0.313593820346144,1.47314721796808,0.661752710537337,0.285310530484749,0.768050374428001,0.393002668883049,0.675271145379239,0.655424350689995,0.369145449322779,0.907487926148106
494,1.04648315717909,0.45868200977585,0.828115111364752,1.09124008487916,0.850926151726691,0.613376606055056,0.926315836562123,0.392671135727763,0.712216262676411,0.731057943791451,1.02228105003941,0.316341626656777,1.58262547429246,0.685671592771943,0.297913773371763,0.778842486387105,0.411393586902932,0.689669834382922,0.657637222094695,0.384042767901057,0.913746286720189
495,1.04119469801308,0.453564251901649,0.810130691224023,1.08691486517038,0.831448604480792,0.607049266432011,0.916667052708841,0.38738568284065,0.695034996382741,0.712006199118933,1.01297876286614,0.310985221514982,1.45839417395675,0.655333380133136,0.281956046200148,0.763291415804376,0.389711419939924,0.669823332558355,0.647469370758557,0.365856617994341,0.899961607645385
496,1.05634136968872,0.462464114308114,0.837993219785854,1.10242463697019,0.863087934152303,0.622873248808456,0.937120346635483,0.395426749735715,0.7208980898619,0.739683472810078,1.03259684304687,0.317356159013717,1.6036536735961,0.69392989250506,0.301509982557678,0.788516388770387,0.417341347762748,0.698927240799766,0.663582347342959,0.389146620776218,0.924542724659546
497,1.05590494465712,0.458136382912808,0.816439194249802,1.10069992759674,0.836060719167976,0.610883566293167,0.925349708008106,0.390752195601901,0.699248128313982,0.718373848868233,1.02545717923598,0.31433184416411,1.46662770350369,0.660874310030726,0.284657917001064,0.767953783496504,0.392132308167341,0.675490149304262,0.6560254812776,0.368597061151892,0.908311445200458
498,1.05343810939363,0.461951850025252,0.834442091731916,1.09819083500169,0.85689174217423,0.616850120797958,0.932528527066012,0.395924457091737,0.717733064386413,0.736834735611445,1.02936942533746,0.319461686066921,1.6008353649683,0.692037346248323,0.300758513380682,0.784579999220243,0.415237492162628,0.695290107551784,0.662194658543783,0.387617770497314,0.92020031554824
499,1.03214251490778,0.449470894945401,0.799674204417364,1.0771320070519,0.819064446188332,0.598485895906054,0.905962285526292,0.384593369703036,0.685495813849487,0.702794739712237,1.00292829039374,0.309593932182252,1.43021199033892,0.645581763539963,0.277370798817097,0.752994305784944,0.382865966303717,0.660740013648598,0.640091503851319,0.36007031962311,0.888946923024956
500,1.03733827913623,0.455888856553668,0.829423650957135,1.0841289590128,0.856416159293708,0.616790717322363,0.925164732147659,0.39059638280143,0.714790250870196,0.731569886988233,1.01639693204627,0.312677779988133,1.59865901759258,0.68788277541842,0.29883408635685,0.781548498909996,0.414903611270497,0.692046003344492,0.652728534447827,0.386239348207179,0.913244244297017
501,1.06073740697418,0.459369647627563,0.822073728145964,1.10754097627864,0.845200522354373,0.619840972998455,0.933018089295954,0.390572306235604,0.70435242609733,0.722590158049638,1.03100248942703,0.311839943304423,1.46719096680526,0.663243434916218,0.285518620669141,0.774344041799673,0.394534113499711,0.680352783490815,0.658953375724674,0.370375909194759,0.915318550149992
502,1.04161863801754,0.454402138092318,0.822371769532438,1.08401735233735,0.844039761390711,0.607500329195356,0.91934604930167,0.387867023213201,0.706416350613141,0.727622778557569,1.01673500229501,0.312890991463078,1.58941694698769,0.685036929492038,0.298862706490912,0.771892221329109,0.411326105070968,0.686696233251597,0.656226880561373,0.383715489975827,0.907786199134173
503,1.03651072732391,0.451708110233809,0.808582499291413,1.082470285543,0.831048949612454,0.607888250749559,0.916366440560772,0.384648731797586,0.694659062494587,0.709064072360489,1.00973025398324,0.308133351990848,1.44140093452891,0.650909093483712,0.279792013891124,0.763472526367752,0.387171979576117,0.666021145355416,0.646907754368093,0.363205403034096,0.89891391850274
504,1.05713105252506,0.461676137508242,0.839202937763299,1.10250993773389,0.864852058868551,0.624750942163324,0.937646733258121,0.393253536696643,0.721873955444959,0.741706516699409,1.0331206369146,0.31566172844678,1.61987549849851,0.697529058583948,0.303850823695453,0.789188306876285,0.420531969239072,0.701106024131371,0.665588430990847,0.39150522915981,0.925874254958772
505,1.06558476805416,0.461236352154522,0.822443411318526,1.10998909674306,0.841788194481548,0.616266438627096,0.933883575342967,0.392187660016008,0.704335505566933,0.723076796744554,1.03460645658398,0.315612711357498,1.46544287102333,0.66369783202098,0.285715783671667,0.773949937573946,0.393474894511699,0.679170776040381,0.663008255771864,0.369900172192563,0.916238400270427
506,1.04284489336671,0.45684502862355,0.824579831115922,1.08552007788243,0.844654774585173,0.607404846428767,0.920551166263886,0.391292538052104,0.708850467145222,0.729194294291245,1.01815232591156,0.317371073197293,1.59479054018454,0.686693191722344,0.298975303397396,0.774204705418565,0.411837510921173,0.687770369814516,0.656338427474869,0.384487940304798,0.909092039138505
507,1.04684883430637,0.45710528118479,0.815781357091564,1.09388004336276,0.837339995935263,0.612367908712167,0.924016299962329,0.391073627353962,0.700639506150082,0.715316180198099,1.01923716732684,0.314129334853192,1.4507880970491,0.656055026319282,0.281280153433044,0.770015517555706,0.389664538921424,0.672426751049998,0.650335756424676,0.366066075085355,0.90632670010721
508,1.03814583597734,0.454189831269694,0.822070865125768,1.08272126373166,0.845171040614987,0.609082797612532,0.917671543194429,0.389309074788386,0.706496288157328,0.727173504427365,1.01368757700109,0.313657232094177,1.59016795687488,0.684350870567016,0.297712253187132,0.77200963594455,0.411557705446322,0.687874657060646,0.65060708894977,0.38394009613085,0.906180681744186
509,1.04665497699624,0.455701412978441,0.816349875871369,1.09392011658778,0.8397736183736,0.614148187063612,0.925273413747501,0.388991925126682,0.700903394885555,0.715932576085464,1.01972255790252,0.310718546768565,1.45339948237755,0.656989958948269,0.282163750122018,0.77055275077919,0.390793210600731,0.673694293481195,0.651246057373063,0.366777210525643,0.907501000198038
510,1.03723457433473,0.452570700014185,0.820526817382841,1.08113161685729,0.844236119354686,0.608969694938969,0.916925265077072,0.386334865530527,0.704994196295729,0.726024893974396,1.01267277230266,0.31055406750952,1.58801871472127,0.683467071546008,0.29803840999404,0.770508696748346,0.411293385358279,0.686333941789786,0.652089380197999,0.383385616640778,0.905381493589617
511,1.04470593415918,0.454206681048361,0.815239985515979,1.09109233301658,0.83904060490549,0.613950178033961,0.924374383102874,0.386196774841919,0.700197336448328,0.714960439954982,1.01802896575314,0.308317091532352,1.45266525228624,0.656284541005796,0.282307204940091,0.769761465412843,0.390750195640948,0.672057510079958,0.652384056309149,0.366339584117553,0.906778429604582
512,1.03196121644026,0.449596980976861,0.816412071755887,1.07495296113694,0.840072747630613,0.606721649194677,0.912666471987405,0.382379229399547,0.70158230998591,0.722403542747662,1.00747749416331,0.307476286772107,1.58058181630093,0.680106464657211,0.296853193059823,0.766790289840108,0.409642026503585,0.682469781006838,0.650372041143937,0.381509203356684,0.901337329944822
513,1.05681996191135,0.459021786712887,0.826495356666248,1.10344631604371,0.851395057704281,0.623556644512353,0.936940614006674,0.388958000975915,0.710297641693939,0.724655544512752,1.03045932300888,0.310339233483129,1.47561596920178,0.665615538878392,0.286558290446753,0.780842599943216,0.397018072196028,0.681125543879047,0.661800382660559,0.371712145747283,0.919396869812687
514,1.05299133001561,0.457106116285003,0.826985713162895,1.09477411756763,0.847945219889929,0.613266119673287,0.92607139793638,0.38809519109268,0.709493891500751,0.732536161128651,1.02565175105064,0.313701339467111,1.59550491424675,0.688948415355038,0.300838596436145,0.775399948284322,0.413789125710884,0.691227441913498,0.662875527546372,0.385972597983452,0.914449441284154
515,1.04839762866812,0.456359016689116,0.816930699059723,1.09292676709415,0.837364885442517,0.611526899169484,0.925463206539913,0.388360409613334,0.701716557530276,0.716626619670199,1.02107735592938,0.312739047965869,1.46029152717064,0.658713245596706,0.283318502233969,0.770806668017792,0.391369673402526,0.672463749824019,0.655662953139172,0.367223857021086,0.908287392893519
516,1.03042332497401,0.450394523105206,0.815013647401507,1.07370766833635,0.836865682290251,0.604552090929443,0.910677032444053,0.384534236048691,0.700643207821608,0.720600738786629,1.00571077129297,0.310830464352026,1.57152393416392,0.677544028469252,0.29482086787744,0.765699764883404,0.407319106855208,0.680511429543493,0.647512668825691,0.379871491926451,0.899160812853035
517,1.04963327888282,0.457106766027385,0.822336555596134,1.09696222685044,0.846854717258464,0.619594872654196,0.930819063134047,0.389230638991462,0.706883728847445,0.720924742461951,1.023767218405,0.311040551964479,1.47142004020198,0.662566257737561,0.284695998375533,0.776897076990869,0.395173268638126,0.678571354332096,0.654967090027154,0.370207447775239,0.913557731607837
518,1.0682117284265,0.464371623785377,0.84068560574063,1.11237108805629,0.863467559678053,0.624731356929122,0.941459883320968,0.395478975064114,0.721514700208492,0.743966804860783,1.04129162375215,0.318661437355099,1.61581587473373,0.698841951442284,0.30457374929869,0.788902820493725,0.419874281550263,0.702956064227189,0.670634645054855,0.391752024467253,0.92916785233233
519,1.05191719922389,0.456862235946232,0.813392145257458,1.095331792831,0.830961746985708,0.606266826866058,0.922163267082091,0.390028574506608,0.697098987058313,0.714913294954316,1.02203337870787,0.315252718035857,1.45525449729378,0.657290739486984,0.282886694021521,0.765488136515327,0.389159243159664,0.67083003075733,0.655145840944216,0.36604539428302,0.9049754111807
520,1.03909342138905,0.456638889218136,0.825328828359921,1.0838976995447,0.8475532929009,0.610357998519499,0.92103379375637,0.391913194341021,0.710436229592164,0.728746598991083,1.01580696963616,0.316853513272722,1.58996076897514,0.685198086648934,0.297612193876718,0.776312452800894,0.411550075474555,0.68788032659211,0.652970383850621,0.384010140236053,0.909142415461577
521,1.04694571499726,0.456047125540406,0.814798212182994,1.09410973041508,0.836962624274928,0.612439464681062,0.922927056132113,0.390100970396695,0.699177204552122,0.715194592566409,1.01878927098998,0.312688540645592,1.45310703037087,0.656342076458968,0.281626786838831,0.768405669438261,0.390148803233796,0.67324668248642,0.649276092561063,0.366472948548558,0.905463181645955
522,1.04406600782263,0.456500184493693,0.827224989573425,1.08895680698695,0.851020697354235,0.61322396552972,0.924002297107161,0.390995974150373,0.711025362691216,0.731393543781225,1.01998546204328,0.314416011536719,1.59724183582337,0.688097509356567,0.299465458445518,0.777162224314637,0.413834710051758,0.691748959625151,0.655212992659178,0.385978064360192,0.912167976252194
523,1.05002635063604,0.45654791451856,0.816446265366004,1.09654830753105,0.838776562594331,0.613486487452249,0.925799444200826,0.389461599410521,0.700465724650933,0.716629624504534,1.02195532126249,0.311661018986522,1.45516267690013,0.657813583967712,0.282811867846835,0.769928212776367,0.390880879835442,0.673913153703707,0.653347466974013,0.367054558569879,0.908072821070656
524,1.04515676689061,0.456701277208314,0.827282579512254,1.08925905720118,0.850621602554072,0.613034769604326,0.924251848876631,0.390262286065407,0.71106073931184,0.731713260570162,1.02067855433141,0.314173519418411,1.59948969746705,0.688668241388941,0.300125798764814,0.777072747029509,0.414143393942931,0.691236633032416,0.657379631225658,0.386138957781995,0.912579407308634
525,1.04566740572947,0.454716279625575,0.812855213630108,1.09153194328693,0.834661657673984,0.610637292047093,0.921906501850951,0.387469029431649,0.697526762114381,0.713335406180119,1.01760277265752,0.310474282602488,1.44649826437244,0.654448650113825,0.281297717548497,0.766693536996846,0.388804033947294,0.67029192477366,0.651220856795923,0.365071533600385,0.904268594878209
526,1.03754247025018,0.453628702144919,0.823115159540369,1.08156262075601,0.846949774541506,0.610504007372779,0.919001905149286,0.387270610065361,0.707866616937318,0.727867936249945,1.01382606393676,0.311646944822851,1.59460911738433,0.685453535294948,0.29872385990819,0.773515381307899,0.412743051701212,0.687818615198229,0.653235470793992,0.384525385196393,0.907629124030164
527,1.05859647672988,0.459915943710754,0.824366795153652,1.10541671116768,0.847760432935729,0.620989344701933,0.93508670736084,0.391049022125371,0.707658082441908,0.723176823299752,1.03074300172046,0.312614182787414,1.46647833677339,0.663396707443299,0.285199899231828,0.778013016447779,0.394735301992126,0.679921197990106,0.659955703075595,0.370286577227219,0.917236728907139
528,1.05230357769584,0.458451038337225,0.828932701315757,1.09493286068664,0.850166938440467,0.613093210201803,0.926728898243749,0.390997048759791,0.711592819010992,0.734073066336174,1.02597722267679,0.316018851770968,1.60455062853878,0.69117968252603,0.30154641318902,0.777436013602574,0.415088113554574,0.693091426811607,0.661739157908437,0.387294105377805,0.915257581128506
529,1.04189934164684,0.453911207305764,0.810201751843087,1.08709442828897,0.830532743742068,0.606920566613602,0.918599276157607,0.387332458990768,0.695574822125563,0.710560990258539,1.01414886859697,0.311522687851813,1.4397041533085,0.651820153609416,0.279889606248709,0.764394770531615,0.386723638719279,0.66702275328791,0.649259273253317,0.363325706083083,0.900990572545499
530,1.05500838890783,0.462089184972197,0.838172385253059,1.10055162186338,0.862611786966882,0.622086918592978,0.935318579025061,0.395126276090412,0.721148498260287,0.740838366794514,1.03116766614191,0.318177282641194,1.62247768454656,0.697400049430847,0.303505662927414,0.78804316523628,0.420018923273439,0.700336258269161,0.663303262132192,0.39134633074605,0.923695404898503
531,1.04106541439073,0.451484110772191,0.803260709677593,1.08555862880983,0.822185134258356,0.602115086705162,0.912419497817584,0.385300638213935,0.687940756512595,0.705621537929581,1.0107621557956,0.309987435264179,1.42162059289448,0.646272117758664,0.277493889278228,0.756242088711976,0.382646409005976,0.663012689842534,0.645518722310053,0.360135276534945,0.894680623622731
532,1.03929705574136,0.4566084504962,0.831136426482301,1.08483630476412,0.856704870919797,0.615820055378016,0.925710146655455,0.391015369221837,0.716156511447953,0.734030630818977,1.01819089466532,0.314227878110582,1.61847969442938,0.692614876502205,0.301618515701892,0.78231489262007,0.417827824723817,0.694132501768213,0.655627923729316,0.388821562973789,0.914542124634506
533,1.05010546831749,0.454930100793729,0.811764648341382,1.09648888065658,0.833682757452848,0.612605636109194,0.923100711487021,0.387025071235714,0.695559219894931,0.71251681813915,1.02011725804505,0.309543767624255,1.42960265788431,0.65139003803947,0.279659484173732,0.765226785969135,0.386511973539225,0.669928141720145,0.651416058087497,0.36334805731667,0.904731635167513
534,1.04960212602624,0.458936309880345,0.834836913733167,1.09342475566521,0.858957981230186,0.617331984083151,0.930532288540402,0.391884307840565,0.718148276248228,0.7387602111476,1.02649466412096,0.315502759399653,1.63225695946014,0.697965342031233,0.304799888808023,0.784201978438909,0.420726101857622,0.698322000146132,0.662578151083172,0.391628667357706,0.919737377371363
535,1.05726098766607,0.458551749916635,0.816466083243904,1.10298115122384,0.836853225530832,0.614299453836635,0.928875237396298,0.390167038341208,0.699802330290456,0.716210033817677,1.02700804784738,0.313173576023173,1.43332881575687,0.654375744869355,0.280833947256898,0.76982047783808,0.387528048753949,0.672132955358459,0.657017662335946,0.36455669128194,0.910144212355956
536,1.05321437554669,0.461257438454104,0.836135934287091,1.09667267672047,0.858310101242377,0.616423085692799,0.931268265977099,0.394774687427256,0.719036017905111,0.740361693132631,1.029098327128,0.319371373365486,1.63755593724589,0.699753701818654,0.30534413549504,0.784789187976331,0.421146301049016,0.699470130772676,0.663700257278138,0.39243469209278,0.920711287438893
537,1.04752786740303,0.455587040707077,0.808738241009893,1.09335569630916,0.827911268349788,0.607190098679914,0.919810752811317,0.389318524060338,0.693258671219681,0.708960651383649,1.01748253278594,0.313226362301411,1.41368813695516,0.646918054492036,0.276901839180619,0.762665049070167,0.382442873340437,0.665365573779584,0.648960906002094,0.360250807481129,0.900991366678348
538,1.0323988461634,0.453626030371507,0.824228817084207,1.07686786286111,0.848080863047271,0.608337976228397,0.916184534414855,0.389432576399128,0.709553582501301,0.729476516411608,1.01033721703005,0.314106737458573,1.62180615546681,0.690400529342844,0.30097893883091,0.774313835797055,0.416412524796215,0.690420945542069,0.649864745920559,0.387702271647969,0.906046896675995
539,1.06933723717606,0.464842165118921,0.830249299399031,1.11837398827623,0.854233810664617,0.627561245456006,0.94420225036408,0.396393328603636,0.71237912304942,0.727126155775034,1.04059291329009,0.316076314699194,1.45073877786031,0.663311745071192,0.283979570424339,0.784233428546411,0.393662226150925,0.683809135650442,0.66309718666287,0.370042932951846,0.924771241134033
540,1.05027440325122,0.457870207654451,0.826883052903093,1.0919815894529,0.846672922366739,0.607780835138858,0.921788861367376,0.392121542516503,0.709160875191065,0.734168739653948,1.02342575353211,0.317847403585151,1.62621636952528,0.694736666860054,0.303835704143042,0.773710504782129,0.417188828290837,0.694021621609649,0.659592962708755,0.389421018824882,0.911514547503199
541,1.04353444481773,0.456027186638389,0.811581907092284,1.09055692627119,0.832622210481234,0.60901389574306,0.922026392446966,0.390431811477503,0.697237316392816,0.70992535607731,1.01639276895919,0.313173305028279,1.41700962944582,0.647853704206487,0.277042280341487,0.767128618729501,0.383432106181256,0.665818434061172,0.648698087893628,0.360784870491895,0.902943048713895
542,1.03864462412012,0.455352001237987,0.826163220565282,1.08348187512791,0.850343085032436,0.611363581395199,0.919144705926084,0.390352532802294,0.710455383276775,0.731991312075434,1.01491471755117,0.314484362367584,1.62512182776215,0.692322536508662,0.30199987652038,0.775424954939594,0.417635484769284,0.693105936741155,0.652296517733233,0.388934489742984,0.90889649423336
543,1.0491471957571,0.455952951182923,0.813837103382455,1.09657002706103,0.836656519750099,0.613816795214781,0.925830008194318,0.388904721583077,0.698184710481417,0.71266624955181,1.02093872132518,0.310288159532869,1.4194134840809,0.649908084014607,0.278214502650513,0.76859897084258,0.385301464297327,0.669777965508035,0.651014798348475,0.362319969067393,0.9067340748953
544,1.03809875332388,0.453791385552067,0.825110084991689,1.08156010706388,0.849073912930445,0.609964526642686,0.918532233322142,0.387659286211831,0.709300332656058,0.731385355177334,1.0145181265384,0.312084915926568,1.62774587496429,0.692732851941799,0.303006715420839,0.774089508767061,0.417983225687054,0.692175060066871,0.65448463412054,0.389002009332865,0.908440030243031
545,1.04492466368476,0.453772114866736,0.810616745501546,1.09164640378433,0.833547548670486,0.612308458769482,0.92292159751843,0.385726377625863,0.695746773403326,0.709512568451917,1.01692857547775,0.307770213254111,1.41038802673604,0.646609135562006,0.277028427242408,0.766042524748804,0.383442308310866,0.665896773255668,0.650359547712796,0.360350317327023,0.903749077345962
546,1.04756062691459,0.457486897576408,0.833739560090156,1.09104442501768,0.858459641810692,0.617314820368284,0.928026540305027,0.389609242042157,0.717029733387469,0.739004415775231,1.02404984464344,0.313613421509604,1.64709609664424,0.700197473213905,0.306508771156077,0.782486636468959,0.423105920244186,0.699158776925317,0.66194295479546,0.393319546733678,0.918118732817285
547,1.03214124217903,0.446901951321705,0.795719166046494,1.07662283732728,0.815814713565108,0.600183737657181,0.907594729118351,0.379303801476057,0.682063865954707,0.696859163369304,1.00260480086299,0.303939355667809,1.37648888443272,0.634018098376847,0.271558633084299,0.751070286217735,0.374946847323912,0.653249371021585,0.641748210862768,0.352893514364094,0.888473021137665
548,1.04476732358146,0.458086075531317,0.840068821985975,1.08966624699078,0.867747762694979,0.623290935589268,0.932838124624909,0.389905854363525,0.72436752265832,0.743345417334342,1.02457261351477,0.312950344068132,1.66794602919669,0.705607095683093,0.308774837839047,0.790359725365913,0.428005696575248,0.703729424627054,0.663056023458756,0.396863345858233,0.923353871835849
549,1.02209634758758,0.439884217280844,0.781512345042508,1.0654086612419,0.80045535745031,0.592014430837197,0.894483042447217,0.371929869490566,0.668462635457587,0.684917639275695,0.99029554126762,0.297949386956364,1.33674681044426,0.620835359682717,0.265808079895662,0.736754481395696,0.366446042633955,0.642070642793206,0.633452360460325,0.345383477282716,0.874977084253446
550,1.03653912602748,0.455235627399528,0.842285297131389,1.08165140018852,0.87307331685189,0.625607754832963,0.932751119314019,0.38646367664257,0.72797461756968,0.74468053359349,1.01998002376609,0.308966390610252,1.69011290794696,0.709604650649158,0.311204009960475,0.793904750427264,0.432489283831044,0.705550379538011,0.662459283783926,0.399670309036886,0.924209575783549
551,1.05288282121932,0.450527866343871,0.801495642061667,1.0970698787142,0.82161358699742,0.61120472510049,0.920351149364598,0.378329612084151,0.684857318999689,0.702480184790984,1.01880298871823,0.302254412795822,1.3584184042447,0.634849523129641,0.272024870747231,0.755548104154195,0.374774184967219,0.658266325475085,0.652949468144275,0.353168548814559,0.899659054692151
552,1.03979060641531,0.4547580318259,0.837296071686764,1.08044778127549,0.861879278844073,0.615571174972059,0.92688703703295,0.38582979315947,0.7219182250269,0.742696522320247,1.02015094168162,0.311992114126759,1.69570424059286,0.710117597973805,0.312520445797779,0.786148530217059,0.431046865649385,0.702214404525372,0.665380311772591,0.399099260957168,0.919446865361532
553,1.04872773740091,0.452032354743503,0.802304429528312,1.093853452128,0.821886307555878,0.610701903612491,0.920762601979862,0.381237334975123,0.68727575594552,0.70095092823563,1.0165722678636,0.305813947171449,1.34670854629675,0.631871863057322,0.26957563282827,0.758398502579271,0.372427549107147,0.655524335692695,0.650837610364466,0.351181738931001,0.899339551591133
554,1.03422131944862,0.452852297607187,0.832578896343047,1.07534885492851,0.856625014501221,0.611857025060429,0.919883513620213,0.385645417069206,0.717511333703056,0.739508680234123,1.01378301666258,0.312590797472149,1.6964303012836,0.708018541341948,0.311231336810942,0.780855980949524,0.430022281089501,0.700441506733555,0.658595591232299,0.398341764190136,0.913141199228797
555,1.05634244880427,0.456129408356248,0.810711743087733,1.1033493120077,0.831718408682853,0.617630149399799,0.930296952869381,0.385931565987912,0.694907237513121,0.707280643958077,1.02532739462604,0.30862865213594,1.35400829627011,0.636794048064437,0.27105071837281,0.767198182945986,0.375390527596399,0.662263168462775,0.654433454812279,0.354032555264759,0.908242589478777
556,1.02594253072332,0.448491852955841,0.822414002528024,1.06609135611235,0.844830847446442,0.602819684741216,0.908342437393322,0.382734022364495,0.707669586936765,0.731907596067777,1.00409479009635,0.3107905272358,1.68535933029644,0.701969072840923,0.309012431691125,0.769732776795577,0.425812149370587,0.693746483397717,0.651601422420821,0.394894572788835,0.901959190180128
557,1.0564597019927,0.457891420267586,0.816369398045332,1.10528698332833,0.83996174908643,0.622859020571989,0.9359977494337,0.388106457615908,0.70111241250819,0.710798716216242,1.02796723146364,0.30899453015972,1.36005309077925,0.639628920758208,0.271905903266187,0.774297552125307,0.377688222345889,0.665610058938266,0.655757789046589,0.35578409584725,0.913551854306038
558,1.04858968744634,0.456792861359919,0.835827420520685,1.08927275213061,0.858266703673278,0.613799324714831,0.924611956706114,0.389289030149624,0.718065922198278,0.744797265188259,1.02424079565557,0.315869572700975,1.7101127427072,0.71363953676626,0.314406732510729,0.781226805872634,0.432591260636972,0.706163904666535,0.66416124675209,0.401472468387381,0.917855195711091
559,1.06720969456335,0.462411030457274,0.819670536953704,1.11430784801631,0.839499679950999,0.620583473964548,0.940050646918635,0.393092522287325,0.702985512716544,0.714498747873173,1.03667132564047,0.31503124680682,1.36654897573421,0.643267837871513,0.273530028448648,0.775889411119607,0.378266340566018,0.667944469844552,0.661681894232709,0.357122631987352,0.917568344910757
560,1.02644353859957,0.449921299928279,0.819242979196092,1.06662646620491,0.839154574280527,0.598113219935603,0.904342195254735,0.385935174574865,0.704194252054479,0.729966193224286,1.00285071919903,0.314879858922979,1.68081505532085,0.7000993969039,0.307797100545567,0.765571401169455,0.423393536757568,0.691669919905229,0.648925430112166,0.393546948168402,0.897916296211678
561,1.06288258766467,0.463290805951419,0.824286071761059,1.11356756000568,0.848260107173926,0.626879480920338,0.943246202132727,0.395431409289907,0.708537046343704,0.717056478441351,1.03536099228137,0.314813427585834,1.37352052888514,0.64526417694914,0.273561052538264,0.782350770306142,0.380821159408566,0.671965190150962,0.657767191219214,0.358980498426206,0.920653455702581
562,1.04533257724025,0.455959647277208,0.829432249564423,1.08641694590218,0.850368101628814,0.607471756635315,0.917508873545978,0.390775390012373,0.711528082784781,0.739964800664117,1.01940903043472,0.317509135456294,1.69673023520971,0.708714265677883,0.311796995931107,0.773986598721523,0.428519312426928,0.702252518634615,0.657950188918244,0.39861461715257,0.91053195020353
563,1.05209536285237,0.458195669999787,0.81214220951512,1.10062148137053,0.833357642341505,0.61418779579035,0.930088936230934,0.391648212997877,0.697326814803287,0.70699796868086,1.02384637908149,0.312728543685966,1.35245676824654,0.636376535026901,0.270044820172189,0.769745631558495,0.374339885171238,0.661524473004246,0.651335315190469,0.353436557370612,0.907652869754046
564,1.04123540820647,0.456647334025632,0.832937282194973,1.08425993579971,0.856580631579994,0.611462645236136,0.919981115769243,0.391717000451864,0.716207292922924,0.74167656464231,1.01803466619849,0.317113582542407,1.70394737748054,0.710368493924379,0.312129604962175,0.779208138554972,0.430487962614777,0.703854059476285,0.657105853503194,0.399836075896484,0.912917556657437
565,1.0678341592829,0.463504941316076,0.820961508771884,1.11677542408202,0.842538945983804,0.622262855318496,0.941000023198312,0.395404803268979,0.703893718934952,0.715687002000866,1.03752739873,0.315308651345285,1.36765030061621,0.643939312738034,0.273498192659735,0.777129175013453,0.378868212962066,0.670274305813376,0.659544138502455,0.35779722577941,0.918427265892626
566,1.03608013933902,0.454117075978781,0.825946757792567,1.07711795604096,0.846843620978449,0.602917032832134,0.912203876724806,0.38997319940501,0.709538038078401,0.736175286615354,1.01210264235152,0.317038026993385,1.69364448283333,0.705885859128559,0.310472609756522,0.77155163846842,0.426743182273343,0.697974942305878,0.654132783942434,0.396835285638505,0.905423529044195
567,1.04905034641054,0.457265953888259,0.810119807302199,1.09859191316215,0.832564711460111,0.614758576515409,0.928102427945741,0.390711755262887,0.695716248168639,0.704957925766081,1.0207647766772,0.311193883866521,1.34358468793138,0.633482247385722,0.268518450563165,0.76831929272393,0.37291438892596,0.659954696020178,0.648330593741484,0.352049030233298,0.905480721402376
568,1.03702150845349,0.454434460030428,0.830600480949481,1.0797993073401,0.855102461682992,0.609845494686887,0.916809071617121,0.389442207212409,0.714169358783953,0.739978425635112,1.01425308865516,0.31462878988139,1.70594739848114,0.70962087436787,0.312127009324599,0.776848447403006,0.430652301109208,0.702801031895113,0.654884340888085,0.399669834126118,0.910166563221222
569,1.04766737097129,0.454234189580219,0.805176042617526,1.09601473302381,0.827302309175237,0.612194935280206,0.924497764467008,0.386461225436835,0.690449077139151,0.701206461972173,1.0181567640859,0.307263069620979,1.33002781020523,0.629416853028361,0.267175439641651,0.762853060764584,0.37026400995217,0.656405660957273,0.64774379914786,0.349639491770994,0.901733991792266
570,1.03739924075716,0.454615951272115,0.834208283269473,1.07975789889162,0.859770856869698,0.612679210897046,0.920157866613443,0.388280009257028,0.718030508583061,0.74286767643765,1.01604823735949,0.313309386492182,1.72005851176619,0.713572848803882,0.314468249507678,0.780904882294578,0.433838702626861,0.705121159226584,0.658657100587469,0.40193978454162,0.913878969438151
571,1.03776783764401,0.448472110027264,0.793816053800002,1.08468888399279,0.814885422311266,0.60511446299353,0.913710250941689,0.380008341796561,0.680193983823073,0.691264185410351,1.00710413924974,0.302442913940958,1.29939880955434,0.61873964813367,0.26260322421263,0.75195831427828,0.363475546761997,0.646243018854803,0.641769710202135,0.343442261640279,0.890720663014815
572,1.0502752800001,0.460683232253559,0.850457394270696,1.09358537182998,0.878679690315656,0.626023809795834,0.936820713820216,0.392234743218083,0.733310723550645,0.75657303114179,1.03090485996078,0.315724986151279,1.75945392844591,0.727688517482026,0.32089917297403,0.797446554145866,0.443902406687489,0.718259557350083,0.670023536070719,0.410268162213561,0.930946750174215
573,1.05393460021918,0.452606731827255,0.796546439443677,1.09897488189782,0.814000023794112,0.606640723731729,0.919922774258549,0.382340907119694,0.680550631324116,0.694855358271186,1.01893915943405,0.306052493592684,1.29430741040808,0.620501353357228,0.263503316151376,0.752559290973209,0.362954059709125,0.648763635374942,0.649866585439557,0.343844262828584,0.896324581217118
574,1.01976542959611,0.449456315367793,0.829484236208971,1.06048831912299,0.854372271288644,0.604982619702509,0.910107927860947,0.384272976166041,0.715958962368963,0.738384372121584,1.0022907186118,0.31171591513479,1.73654204857872,0.713396432918944,0.314766667181384,0.77731922138275,0.434787685991697,0.700396619644091,0.652750000539169,0.401895451705749,0.90568425151123
575,1.05976040494299,0.457556498613879,0.810250531567122,1.10937098032551,0.833245825893674,0.622943028658608,0.934929814677025,0.386649314144996,0.694467464176965,0.704340433989839,1.02815925297779,0.307011104160816,1.30677681200009,0.627442220222124,0.265512727347984,0.768805479597239,0.368737908712077,0.658823108642272,0.653715676260631,0.348491615493476,0.910371616620622
576,1.04375783262263,0.455816574282044,0.839292179067217,1.08319603791539,0.862661995314904,0.612238427513715,0.922781041085411,0.388729984426192,0.721884708641409,0.749639520720464,1.02175568470721,0.315714339129157,1.76144285818165,0.724484370783739,0.320551737183053,0.78364368740439,0.441008119981853,0.711861117969299,0.664880521801536,0.408177021278667,0.918534133030776
577,1.06477262318937,0.460342543552831,0.811667915896054,1.11271747976477,0.831235419271917,0.619042134142487,0.93701646021199,0.390207891273895,0.695587232377942,0.705278287902531,1.03272099272387,0.311808608519689,1.30569510122785,0.628276635180304,0.265753960176555,0.769694432001321,0.367664444696898,0.657932689895614,0.657776836955386,0.348124859673763,0.912047349531696
578,1.03945398874385,0.456285936662923,0.836785950332883,1.07943779203541,0.858638381774049,0.608563832982538,0.918371413882674,0.391073397582954,0.720103100904389,0.74738283445981,1.01753908157022,0.319073332057012,1.75923964014252,0.722580407182819,0.319030456446427,0.781264666205406,0.439167985874855,0.709400186168279,0.660774234788065,0.406933741974691,0.914326348140774
579,1.03798151994488,0.450063437631842,0.791365624788065,1.08647870706222,0.810713482986784,0.60418058180771,0.914038289075634,0.383411946900107,0.678296249875104,0.686610581778086,1.00686564059751,0.306034937265758,1.25796880047855,0.609405683687746,0.256650670003321,0.751131499225759,0.356060807876341,0.641058862158562,0.637917807359262,0.337648912363557,0.888976929575719
580,1.03500395666052,0.455692429491317,0.843128437460753,1.07829300841963,0.871315842370634,0.617325054831579,0.92322281060035,0.3906638372788,0.727293560433554,0.751924372483375,1.01686906346902,0.315292452308276,1.78085661128831,0.728048467557665,0.321323317558542,0.789296932543938,0.445165563174161,0.715951908645379,0.658997758822389,0.411193723852768,0.919394647430575
581,1.07650936429418,0.463123268398166,0.815765705940177,1.12582674039028,0.836420941134293,0.625355397149554,0.944402172582045,0.392200422160853,0.697531172465679,0.709334504752678,1.04233427288387,0.311602976939726,1.30001794752387,0.629894580199084,0.266304056374275,0.772753606438301,0.368260914529658,0.662960193385669,0.661581157576633,0.349129207176859,0.918547207627942
582,1.02323255874448,0.449063701206953,0.824737642546295,1.06110558068265,0.84565477367031,0.596195200609158,0.903164893314627,0.38518284191514,0.709531606536407,0.737933472247695,1.00217046907493,0.314528778853181,1.75559726813828,0.716693926497762,0.317575717868518,0.768900511026368,0.435685116185585,0.700468384206615,0.65283850537466,0.403520657378947,0.90017876730002
583,1.06417589821832,0.462642132388576,0.816942471031426,1.11583240378744,0.840343143694845,0.626941792409833,0.943389001724471,0.393207953793899,0.701681876105268,0.70749778146693,1.03459243224566,0.311988065580102,1.29585943750046,0.627490789406072,0.264248043409212,0.777443492978727,0.367777489243015,0.660402523972096,0.65635978408651,0.348028734279981,0.917235301219008
584,1.02846111302312,0.449612054784905,0.825125729901189,1.067118116274,0.846874507021454,0.599356556454038,0.904200091703974,0.385218527411173,0.708712697955972,0.739552164756161,1.0050187286259,0.313966085591547,1.75798743136997,0.717744321185763,0.31796072426726,0.768135650972614,0.436946198139938,0.703476248060779,0.652240981284668,0.404733307177014,0.901353429081517
585,1.05439539183411,0.458078427187986,0.809805702872237,1.10522618036085,0.832849236329894,0.620329947708394,0.935565113509128,0.389449285044746,0.69553348948049,0.700831811871306,1.02582635354967,0.308660700379708,1.28026289238674,0.621357661498538,0.261527168772014,0.770759591241044,0.363867083210158,0.654150265922195,0.651047173130822,0.344397290893342,0.909459965613503
586,1.02628886193001,0.449046032230325,0.826798577188663,1.06598909547652,0.850762957305295,0.602788442343011,0.905626310518507,0.383912036115762,0.710859854398006,0.740576578554651,1.00412555129585,0.311743465517647,1.76465694117802,0.719191067449404,0.318804809711976,0.770603047011534,0.438862412480926,0.704841913394949,0.652407192600754,0.405891182613735,0.902798653455076
587,1.07533120811258,0.465587053958854,0.824375830434075,1.12623936983173,0.848063709290998,0.632284537762071,0.952786835413295,0.394493293522072,0.70753235166364,0.714234047797519,1.04546386223622,0.312375933484024,1.30818104766113,0.633826782920809,0.267340707929672,0.783992888413212,0.371504529772867,0.666772576962573,0.664728664868233,0.351395358121415,0.926568649848172
588,1.037769746123,0.452990877730818,0.829336645050232,1.07528621654316,0.849143300670646,0.601205522376099,0.909703608329808,0.3872914510113,0.711778363868334,0.743803208208985,1.0129745524871,0.316755598502447,1.76734506509491,0.722087496769266,0.320369751080897,0.771342563610243,0.438793460325559,0.706516537900023,0.659312361762248,0.406705435024422,0.906741287378219
589,1.08073644348651,0.470298472309796,0.829537954056638,1.13158850084228,0.851121234312043,0.632446631625551,0.956995560967951,0.40052418727822,0.712561867139918,0.71845260904394,1.05095933816923,0.319185007885593,1.32052678900829,0.638191765283672,0.268781450584974,0.788956289017271,0.373439180953992,0.669913817195338,0.667649249829742,0.353553687054153,0.930876658417575
590,1.02689559448026,0.449761316113619,0.818785511813322,1.06465382982538,0.836441443859962,0.591655032304963,0.897288041184179,0.387050037480691,0.702322974857302,0.734681182681526,1.0012819852108,0.317982283262889,1.74374768924682,0.712811233715786,0.315312533797456,0.760829470030054,0.432086622550539,0.698191462222292,0.648483997818183,0.401369586447612,0.894295281849295
591,1.059538825747,0.463547528133741,0.81901718010135,1.11239942509417,0.842665580484816,0.625143011874849,0.943206273398611,0.397093957656378,0.704602395211738,0.708012402834303,1.0327118680032,0.315032594651662,1.30012702009157,0.628457780576774,0.263794784313005,0.780406196815406,0.368260128473533,0.661522358102653,0.65276570644034,0.348547101975271,0.91725185688375
592,1.03445398632453,0.452647500383616,0.827752970262048,1.07514110131313,0.850163526958091,0.602798216515933,0.907770697200711,0.389151243357616,0.710345755538493,0.742124537086528,1.00982139414414,0.31649076382475,1.75913060054023,0.719306992172578,0.318138165986375,0.770217506330819,0.437536884745241,0.70700636579035,0.652224460248097,0.405833228721043,0.904203386402478
593,1.05651939761252,0.459499798168297,0.811101342856193,1.10760497683643,0.833854973225151,0.619140881401929,0.936265949132843,0.39225947377044,0.696313022775496,0.702282463340436,1.02793007696236,0.3106668566095,1.2853384985317,0.623112356426912,0.262231337906055,0.771428586960974,0.364526513714515,0.655859140658843,0.651115120868895,0.345274811664915,0.910328661293231
594,1.03389418967674,0.453334172882944,0.832346409289173,1.07478497750346,0.856564954312397,0.606595628035771,0.912151455381536,0.388641860240535,0.715556108465204,0.745285745257401,1.01152706600202,0.315207019376521,1.7713495850768,0.723004890216066,0.32017678948357,0.775901201901549,0.440621540664504,0.709277715266157,0.655996328962862,0.407913738837223,0.908709694785383
595,1.04386954977498,0.45226345753111,0.79664661358424,1.09336682780139,0.81835227704297,0.610077584011053,0.922093820106692,0.384349205294022,0.683124940846585,0.689994773606499,1.01367978204536,0.30454265109393,1.25068393789575,0.610331204457967,0.256866378397908,0.757314234996114,0.356541620188967,0.643645809604528,0.642974559549347,0.337972770631425,0.896059924867959
596,1.04456233572565,0.458716516164849,0.848490086721877,1.08665672563327,0.876240513832931,0.620234939249294,0.928583203420596,0.391834526195942,0.731115485207014,0.758474913407874,1.02499787304366,0.316426233378766,1.80846967470813,0.736442197434913,0.326250025478727,0.792852411259725,0.450588754396107,0.721960961660335,0.666683274926298,0.415930949742998,0.925520708887553
597,1.04313719096172,0.44844890270584,0.785158434870559,1.08996088807614,0.803087523398067,0.601949562440061,0.912975477463792,0.379217653172587,0.671043924305057,0.681182165548663,1.00865468063195,0.301886367650114,1.21859786619215,0.600399311137944,0.252853460790717,0.744441129013758,0.349107490549954,0.634502516793501,0.640550704793491,0.331872564073728,0.886452035838176
598,1.017627875003,0.44933430161275,0.836894952231162,1.05862295816961,0.865466256771858,0.609252294258677,0.911528534248111,0.384024770498079,0.723241580348669,0.747499316115874,1.00245603500346,0.310485026972846,1.80472763507203,0.729181855339903,0.323334060895378,0.783326488650564,0.447540902911293,0.711432690848198,0.654602513700401,0.412052351681515,0.910040780625454
599,1.04922977755913,0.450170621401483,0.791957857057196,1.09862428420885,0.813758855148705,0.61449611828434,0.923006379166425,0.378418863576225,0.677362455058943,0.685866688241024,1.01535181794452,0.299029385580177,1.21501439966365,0.602280902762119,0.253342930222269,0.752633509626452,0.351288135742711,0.639682562133273,0.644356653829224,0.333455456671033,0.895371170096994
600,1.04588492041686,0.458071207338847,0.854786669185233,1.08520844962396,0.88281437974896,0.621974027144953,0.932238102151504,0.389383893060264,0.737327414137017,0.765069765191605,1.0282104684962,0.315142463158425,1.84885233048662,0.747131035470254,0.332511535300142,0.79838212396864,0.458637912377917,0.728062992853133,0.67368723942692,0.422120148360754,0.931287089604136
601,1.05383986789734,0.451187934364714,0.787399936183298,1.10014647310488,0.80369279737253,0.606857116920191,0.920394464870858,0.379243191341232,0.672432032074043,0.682118404636132,1.01706014070327,0.302796371728663,1.19761033111832,0.597730684568365,0.251342308727196,0.74706316908344,0.346362653191825,0.63366234618929,0.64717932994475,0.329854741267639,0.892021545274941
602,1.02522710751209,0.452652085901411,0.844567267670473,1.06426901291636,0.871062199562292,0.6109398926391,0.916711394689967,0.386938419390105,0.730011401088662,0.7556753783079,1.00998965107893,0.315166629067579,1.84096823936664,0.74002743589682,0.328616679982075,0.789347747729894,0.454268433429469,0.718807235886278,0.661600751826535,0.418034607718529,0.917015384185799
603,1.06536046987277,0.457398777934798,0.800081197366002,1.11524928361365,0.819275949446385,0.620378896897943,0.934763845508177,0.385366294363479,0.683924812760559,0.691989211360197,1.02955695190384,0.306294573066309,1.21094506992376,0.605308430279716,0.253754461600296,0.760496279778716,0.351591220132475,0.644572666949573,0.651826078707631,0.3346437101906,0.905587835387413
604,1.04393161996146,0.458612732367099,0.85251019635086,1.0820885204302,0.87706229195212,0.614816996390583,0.926397939491894,0.392807531211431,0.734975933454068,0.764516270606748,1.0255019922619,0.320700746168583,1.86068602597811,0.748872083325546,0.332933743528433,0.794499085238838,0.458561278782023,0.727786136046593,0.670351093297269,0.422846901541169,0.926694077444559
605,1.03336741881308,0.444780773878492,0.772019181217393,1.08160191426096,0.787762492162179,0.596020321839072,0.904322427787687,0.376734512690439,0.65969652704642,0.666486483423897,0.997794257972538,0.300656958538923,1.14628454337375,0.580070647907947,0.242188368250541,0.734066208058793,0.334813485740357,0.619150709655559,0.630336512490514,0.319819146232104,0.874638937317993
606,1.03600685059847,0.458832593643271,0.860933044904133,1.07857782217673,0.892851906941301,0.625333212994024,0.931763762470491,0.393751407433132,0.745315011625704,0.769984975551971,1.02303257080238,0.318168485647471,1.88405022132678,0.754991479548807,0.334810430115848,0.805764353136968,0.465334394324515,0.73477079129454,0.667367624081632,0.427535570129506,0.93255552620715
607,1.04496854763084,0.44524887810821,0.77184333923304,1.09299270109205,0.787404821067626,0.599921794658389,0.908381664455828,0.374805180317844,0.656930769343582,0.667814637880274,1.00554208517614,0.297704842197707,1.1380107526921,0.579824627015271,0.242675565182092,0.731980673943181,0.334183913699328,0.621399694709778,0.634627265116771,0.319702691711617,0.877926397477109
608,1.03502467412034,0.458219746153534,0.862854882720014,1.07563208417837,0.894613355507671,0.623587682509055,0.93253548995723,0.392445422427699,0.747429522523864,0.771940630434737,1.02365818911683,0.317236601078332,1.89898133589605,0.759016275771195,0.337687648773347,0.807468516717909,0.4679000083201,0.735723431950457,0.67168126396626,0.429428636405652,0.934160248572471
609,1.07094208662755,0.45636782489087,0.790685376020173,1.11980001601961,0.806505165259499,0.615631205124232,0.930963409457169,0.383001438956986,0.67320183957357,0.684305598380714,1.03010418922313,0.304655353910184,1.17016622265332,0.594522115099433,0.249235355454715,0.750056702797774,0.342954705929129,0.63596044524051,0.651658113467924,0.327882813841749,0.899675603054696
610,1.02955779453954,0.455086378740027,0.851063694233884,1.0665399816477,0.876718646552415,0.608996905082786,0.918925331394655,0.390868722607951,0.735656745045338,0.763516996732174,1.01519851765185,0.319498195098264,1.88388454536387,0.751952921061122,0.334814654963316,0.793657111238559,0.461537507784567,0.726482935702614,0.666643610113871,0.42464394203377,0.921485264344235
611,1.07159194458691,0.460922688827765,0.799599703798132,1.1230504089865,0.817048060172082,0.621618624975403,0.938670181523211,0.389227774281283,0.683042683588289,0.689958828064146,1.03413260251683,0.30968119779494,1.18159561956179,0.599300682509775,0.250179625913756,0.760899540870072,0.346262852671327,0.641385059973456,0.652422353792238,0.330746551557645,0.907012532926322
612,1.04478100462813,0.460705696893651,0.856669174334144,1.0826252347061,0.881112717342673,0.613561432747511,0.926157959861722,0.396976714780499,0.738888118509371,0.769733175992113,1.02698916234921,0.325013968389538,1.89235511328104,0.756958122829258,0.336534797971834,0.797264420993082,0.463709633405895,0.733447031322397,0.670610743200257,0.427608501616593,0.928325948382706
613,1.06402479783784,0.458985908189409,0.793011827906769,1.1150881977681,0.808371491477882,0.612404603997898,0.930401947383673,0.390272027484896,0.677214311288119,0.683983076674663,1.02688763939257,0.311357771136344,1.16858874736044,0.593882092270681,0.247372504068708,0.754202027435224,0.34201258066878,0.635661076804318,0.645980536549724,0.32732711176512,0.898782049600038
614,1.03218758626299,0.457688758222323,0.851072724517469,1.07202410883806,0.877230209360329,0.609941728239847,0.918288788906561,0.396318934919389,0.734945230120787,0.764151162497141,1.01624838503901,0.323533884469216,1.88343507251028,0.751878619299569,0.333605044136134,0.792913667795691,0.460986742152828,0.729072503529415,0.661390411958618,0.425084502916329,0.920388379852648
615,1.06676482611671,0.460168247706915,0.796739954182482,1.1197459822402,0.814601245188005,0.617513323139775,0.9345837504055,0.391553410298139,0.680331645200763,0.687140598396071,1.03019241217127,0.31039624277985,1.17362123502335,0.596428467728281,0.248409714229483,0.758050678533891,0.34408693293261,0.639850666818668,0.646450840990229,0.329113401461233,0.902809831118155
616,1.02005393937989,0.451259873108205,0.839818816975898,1.05863922088666,0.866067040387701,0.601116975971432,0.905893119744248,0.390368050349987,0.724624504302041,0.755174913757171,1.00383023372788,0.318071497407665,1.86994059779163,0.744548146849638,0.331275755788397,0.78148485973308,0.456772262848997,0.720883153994681,0.654192414495333,0.421048525264323,0.908347778345645
617,1.05996992612568,0.457828130943533,0.796491527715834,1.11393723348349,0.817503091634873,0.620071106852723,0.934498907026358,0.388282718508064,0.68136899905484,0.685677435834546,1.02590364200684,0.305864609735935,1.16760375462702,0.594461305314067,0.247567870301245,0.759631120594153,0.343824076348389,0.638148024599147,0.645181370820256,0.328217126710961,0.902467382034753
618,1.04498085110182,0.459805571714091,0.856850476527705,1.08394632371711,0.884650544429229,0.616621865842334,0.926657284947211,0.395110708308345,0.738642061182511,0.770774306623995,1.02696053796299,0.320877525473415,1.90116308315716,0.758818743526126,0.338283680135891,0.797179603270309,0.466152648420678,0.735594423999011,0.670728591306457,0.429275618725075,0.92881257518923
619,1.06582013156795,0.458440227874879,0.793096336505815,1.11615310004106,0.809398655715034,0.613276522882036,0.932165678945536,0.388001853877814,0.677064686963684,0.683990033249424,1.02861324520065,0.308226818259609,1.16356013837531,0.593220476767915,0.247504510194171,0.754379220639875,0.341593376279189,0.634827814553877,0.649268051771429,0.32674286337493,0.900281095572279
620,1.03605354915655,0.458881073202675,0.854237290280449,1.0749710689829,0.880567920688416,0.61222524286095,0.921675337211523,0.395474161368408,0.737686793521582,0.76743933077744,1.01999470423805,0.32277162305812,1.89603943485499,0.75588916552364,0.33616192954811,0.795692957559759,0.463879756001266,0.731461285673445,0.666731524095743,0.427245868802264,0.924205882810481
621,1.05120250062055,0.45266099102481,0.781396331504015,1.10232706194643,0.797734178634047,0.606467066366811,0.919252066503103,0.383798438185166,0.666927617477002,0.673255973729957,1.01392557609415,0.304760198321372,1.13420198518863,0.581933579655158,0.241996829896504,0.743729577444433,0.334851933472877,0.625642597056351,0.637232305845255,0.320671492168049,0.887247423434023
622,1.02244223100653,0.45340579535793,0.849859232490659,1.06231844162196,0.879698360576723,0.610543976135131,0.914771038328692,0.390923633498738,0.734981150861887,0.763196696761081,1.00904029637022,0.317244671136709,1.89625970374252,0.7532684123616,0.335088518575178,0.792575177249874,0.464106835491227,0.729077914139654,0.659000539094019,0.426580789305107,0.917951743644834
623,1.06257443378866,0.455711339283756,0.790318731512219,1.1149494431516,0.809227731951165,0.617415890617702,0.931237210769695,0.384287170576324,0.674286571006105,0.680989331806628,1.02529386651727,0.303166343120764,1.14718041635754,0.588684282515331,0.245378772314047,0.752501224555235,0.339503271837441,0.633463595832512,0.645345696395427,0.324698037240704,0.898584674109093
624,1.03035598088355,0.454382750279175,0.851480066262049,1.0678040690241,0.879619275621088,0.610329689135594,0.917633150909543,0.390083641356113,0.735316511235471,0.765894025804111,1.0151037820189,0.317276039051375,1.90509510656986,0.756693468988678,0.337860294471046,0.792700889708528,0.465754681453961,0.730650180795095,0.665952024440503,0.428092319283562,0.921181973225582
625,1.06470314238518,0.457150329683,0.791980622058445,1.11605512128246,0.809737095400776,0.617371414059691,0.933474121975176,0.385053156181587,0.67628842064255,0.681990329383829,1.02749801465415,0.304928090085192,1.14759050764762,0.589291583923947,0.245590216288661,0.754537183591423,0.339543406188238,0.632880923339725,0.648616203411394,0.32471982791089,0.900572246315494
626,1.02730439308485,0.453467240483649,0.8486983153452,1.06426429850667,0.875422879176,0.607450398850631,0.913679837848005,0.389511622739727,0.732906942115619,0.763762836018938,1.01160779818472,0.318045443052098,1.90252987514287,0.754918692976058,0.336792621258899,0.789722696839215,0.464497679734992,0.728404527161095,0.663575891290961,0.427037640608527,0.917702044715854
627,1.05747388314064,0.454660972601742,0.787628333152524,1.10922123259638,0.8054248682406,0.614490437095486,0.928520442819927,0.383502509032949,0.672870255731477,0.677422497052317,1.02103330598032,0.303702292930265,1.13392054045521,0.584352599440589,0.242961162913381,0.751033603422371,0.336561754233987,0.62893501435119,0.643335799473553,0.321997679900534,0.895475848229546
628,1.029493558044,0.454398649247623,0.852347714172058,1.06734354281684,0.880627718913484,0.611368449400808,0.917164084713933,0.390313401866976,0.736320127361271,0.766929654162218,1.01431876474833,0.317968978866969,1.9122097830613,0.758304909627896,0.338233261841236,0.793437819333677,0.467262076052183,0.732251965684238,0.664706364826365,0.429314873065393,0.921287382734362
629,1.07981146500049,0.463409505719901,0.803444282147512,1.13193267161109,0.821200969253385,0.626065256331123,0.94668718985884,0.390644804153098,0.685916050796262,0.691906480404313,1.04217612354295,0.309496897610876,1.16738517992058,0.598391419418789,0.249384320617908,0.765261484876624,0.344866712246555,0.642696848001662,0.657225665072856,0.329813556103416,0.913450455045399
630,1.03656317499315,0.457026265331817,0.851022834217937,1.07250921492513,0.874693302719418,0.606426737849275,0.916791399598444,0.393636696395457,0.733817927052346,0.766730382046977,1.01875417921699,0.323124198666633,1.90747040037128,0.757741267457876,0.338024540262938,0.790433641172479,0.464654461186857,0.730745095622517,0.667653795239811,0.428093265019181,0.920673431659242
631,1.046354532361,0.451827060037718,0.779204586198954,1.0981506952036,0.795333637994241,0.605654201451981,0.918400126176671,0.383416122134838,0.666015916157331,0.669357033145266,1.01040161247472,0.304673486143204,1.11328098434081,0.576157499303467,0.238747638231473,0.743409539140719,0.330924003627478,0.620865514072542,0.634772154992493,0.317162572620429,0.885182690705111
632,1.03393830783492,0.458263332258358,0.860134063702623,1.07445909104082,0.890848873928884,0.618432097637789,0.924439838338826,0.395273186132534,0.74387713995898,0.773115184728441,1.02007533466321,0.320934582543326,1.925531018225,0.763766703655698,0.33968609914335,0.801739727074999,0.471145649321095,0.739213736428976,0.66566830411592,0.432861724289142,0.928352220910742
633,1.05615406549751,0.451835463975446,0.778787853677743,1.10732938030285,0.794481785049142,0.60775912243219,0.921151767721774,0.381482594114998,0.663204841852988,0.670619365012101,1.01694298515565,0.301973642692205,1.11219391085128,0.577159295779583,0.240001249650099,0.740907338337102,0.331073712473602,0.623045373579108,0.638806968462369,0.31768594231504,0.88756058060902
634,1.03783819680953,0.460021906408102,0.86529466460832,1.07713377548649,0.896054960567148,0.620084079059023,0.92984035086389,0.396045293943717,0.748839669001136,0.77735021342811,1.02535111598887,0.321487227298157,1.93814967645801,0.768665170344119,0.342622285536269,0.806948719069247,0.473908301778291,0.742025235641827,0.672494477358424,0.435108010233682,0.933961603744522
635,1.06802722278106,0.456588049583284,0.784863066161154,1.11879013178482,0.799484008930777,0.612588294330467,0.929003742869167,0.384673268625186,0.668079441409041,0.676525205667045,1.02692959504919,0.305495219536675,1.12415259522176,0.582394225051124,0.242543415298551,0.74620217690146,0.333935057365679,0.627658504394546,0.646238308856556,0.320506025045912,0.895075366689201
636,1.03064120900062,0.457407240087574,0.858195724494451,1.06824416729587,0.886104093294514,0.611456898453639,0.92091255896819,0.394722535099851,0.742492126430422,0.77160242773744,1.01771494968203,0.322282486445633,1.92795969971239,0.763656235499068,0.340241100123129,0.799454111894294,0.469970413735876,0.735812895095395,0.667743383341735,0.431895120823132,0.92568091159525
637,1.05914610165605,0.45465703826985,0.781714668761534,1.11137322753426,0.797361881722087,0.611288523953034,0.92485822924341,0.384006387131468,0.66631453672328,0.672539087130956,1.01977686720705,0.304602295492482,1.11187428556132,0.57784128412556,0.23988220839959,0.744578907922115,0.33148620230576,0.624322528477395,0.640081654991602,0.318158114728025,0.890626244857212
638,1.03680074523148,0.459553151420589,0.863451955844255,1.07548159748759,0.893135778172388,0.617035761291544,0.92657503081024,0.396593754157751,0.746904433559991,0.77647785990856,1.02357513026222,0.322817341712649,1.93956511249877,0.76834634146044,0.34224086467161,0.80436508208067,0.473519338399604,0.741573893503251,0.670155063513726,0.435020224518088,0.931377093330463
639,1.04961668161333,0.449407921942243,0.770795685093424,1.10077279105745,0.785080309155812,0.602681638403175,0.914142707862609,0.379343277459379,0.656173164320946,0.663085074122499,1.0094865898455,0.300931753649419,1.08700172229378,0.568503813367678,0.235923149679531,0.733687915693926,0.325219325459422,0.615110175330873,0.633491905657364,0.312642906823484,0.879618287895745
640,1.03770422232434,0.461110509337837,0.870195660971852,1.07766607442621,0.902766957687268,0.623372724083097,0.932730791382189,0.397542992983693,0.754044252315183,0.781501714970642,1.02684493855226,0.322292282203584,1.95344154489083,0.77347971872188,0.344436105893689,0.812161318718448,0.477738324571508,0.746514421412368,0.67321348829878,0.438182595163004,0.937730042252234
641,1.06233762550972,0.452839573973047,0.775601609977888,1.11292874083839,0.788958509451792,0.60728052309563,0.921318575096429,0.380975180601281,0.659058807919096,0.668365905555076,1.01969781003197,0.302468008943549,1.09762644324247,0.573412073736595,0.238557224883258,0.737014569151223,0.32786429997775,0.620080860107147,0.640500961476957,0.315337178104788,0.886527936973189
642,1.01316669948771,0.450882532962205,0.851509507747931,1.05044751857697,0.88168053517942,0.605724649019585,0.910164277025787,0.389276641700355,0.738077691150397,0.765548256832181,1.00328952439662,0.317030594700101,1.92817083300628,0.760123008467941,0.339021172098744,0.79395065019206,0.469219724551511,0.730666465531976,0.659788116427023,0.430299767781565,0.916282811514066
643,1.06311205278415,0.455157566718771,0.785157632512235,1.11688828742408,0.803304556195987,0.619411010369117,0.931427059028349,0.382254250263939,0.669264290550672,0.674791852221336,1.02403074891807,0.301292517863022,1.10776357301932,0.578407232325493,0.240231769154339,0.748906329026314,0.332387423660117,0.626752870755101,0.643117171970222,0.318753389183222,0.896124666455978
644,1.00319289737017,0.44276158027815,0.837109534732339,1.03781439041599,0.866077330898423,0.595416236168115,0.894839924276421,0.380638576664247,0.723883900483628,0.755235614180965,0.99041270681741,0.31026835719353,1.91490808819903,0.752094030320379,0.336935879958735,0.778094919454619,0.464912578802641,0.721662803636449,0.652353657702228,0.426139852634236,0.901898484893087
645,1.06802847199621,0.458297130885194,0.797568979663442,1.12285989908681,0.819364227736999,0.63045641623206,0.944906535123462,0.383537170617419,0.682054899139801,0.683684036530401,1.03288767413617,0.300749265646259,1.12560605428374,0.586538245380393,0.243621633838337,0.7631857869329,0.338346624572724,0.634435554939113,0.651560126138859,0.32339590495123,0.909278114939282
646,1.02552282367119,0.448874969706667,0.845354985711377,1.05882075949872,0.871952112322915,0.603016957345339,0.906895887273699,0.383382168966241,0.728909719098983,0.764338588883005,1.00809635926027,0.313549271729833,1.93181813651286,0.760393890744826,0.341545549569941,0.783758877890665,0.469414230420848,0.729768104593729,0.665232878236182,0.430601897279636,0.913688283159435
647,1.05092428667407,0.451229921498576,0.781711903549021,1.10247555772495,0.79951492583593,0.613608670284563,0.927243237864455,0.378224061903166,0.668596580853136,0.669273727356088,1.0156606713541,0.298911307629157,1.09040589739182,0.572578465201694,0.237166383698239,0.747964246998714,0.328697398030913,0.618949683938449,0.641920516301182,0.314800355024107,0.891829829339096
648,1.02484950594808,0.451494921966536,0.853594625336212,1.06110463764522,0.883244724690466,0.611824384787843,0.913803837515437,0.385933388112377,0.738010443214272,0.77002374093308,1.01047381297927,0.314878727703876,1.94568671729177,0.765613650364839,0.342656421838332,0.793696817843665,0.473996160866665,0.735892194320125,0.665814343493498,0.434090750252877,0.920686105589316
649,1.0605264932576,0.452821546402421,0.782862240448641,1.11160611852535,0.799209215906021,0.615416322592732,0.930152763743666,0.379096133129631,0.66775252963679,0.671474364308818,1.022261290906,0.299910230602341,1.09345321509456,0.574557740402747,0.238324396898056,0.747342096351515,0.329387160869759,0.622099299183928,0.644754509073262,0.315920484723911,0.894685183443836
650,1.01359246850493,0.447421561210961,0.846834095923182,1.0486709103733,0.875519446153929,0.603791187424796,0.904950755694985,0.383441542593789,0.732646689104199,0.763932095134012,1.00069598473822,0.313526147312428,1.93780073255983,0.76095709648938,0.340774029700796,0.787355004935169,0.470729634403945,0.729750003836348,0.660404045572075,0.43115004648042,0.912255793890553
651,1.06582456960756,0.455989486789793,0.789919639431392,1.11881287169823,0.808294122088667,0.623379894107004,0.938076778348204,0.381710925258974,0.674481525892917,0.677054392581473,1.02845240632167,0.301130109401483,1.10373100702767,0.579229200198799,0.240206323224616,0.755084212121616,0.332782645390052,0.627637323065316,0.648143222603739,0.318853417125998,0.902187493035866
652,0.994120133665293,0.437499018318352,0.828297954976974,1.02687267366897,0.855304755667461,0.588292351829432,0.883633246785894,0.375083026286661,0.715742598211152,0.749167209639527,0.980144475780721,0.30743604440997,1.91503244225303,0.748642451414672,0.336149314682532,0.768322235020031,0.463271549044627,0.716092018076347,0.647348129217538,0.424317595057986,0.891915518615858
653,1.09295253912832,0.469701338907533,0.822397394085422,1.14942813388828,0.846428584420596,0.650473440858465,0.972461188913487,0.392772406854312,0.704723114283668,0.70400143017081,1.05951502106398,0.307798679270228,1.16714965590553,0.605099604825539,0.251337755971335,0.788332534429528,0.35012456452513,0.653538106454846,0.669418883581017,0.333904308227341,0.936384189267142
654,1.02305504012585,0.444972856769843,0.831026205192514,1.05245727360633,0.850677145444489,0.588179277083927,0.892113180138869,0.380499699774428,0.713733555018598,0.754753898085066,1.00038443534389,0.314989914417591,1.91580754345269,0.752544371557474,0.338888918562093,0.766395001936659,0.462389378732377,0.720074012038745,0.660224696294937,0.425473369945854,0.899407827829223
655,1.05907405169633,0.45937960475945,0.799288027531026,1.11316254726447,0.81924003620906,0.624492689144929,0.943658884159597,0.387922474645644,0.686610324547885,0.682091057306477,1.02838471057164,0.306731512968503,1.11828894497883,0.584279309106157,0.241084627782368,0.76744498260044,0.336298821422023,0.630611614829523,0.649262413376312,0.321407831702026,0.908125471132902
656,1.03926778199393,0.456111227491888,0.853961925243573,1.07560531623468,0.879821558613327,0.611812805789449,0.916172246259163,0.391300533928117,0.7356645563498,0.7726316807739,1.01956343149353,0.32108539522267,1.94822101079468,0.7674595574021,0.343181509581134,0.791097271786032,0.473438646330194,0.739148507665157,0.667790909980193,0.43505556732319,0.922443902750224
657,1.05740110943596,0.454515813876801,0.784069533615493,1.10897891752753,0.799327257339417,0.610792354041733,0.928987565075647,0.384493513987138,0.669729793107837,0.671374820879789,1.02115644318857,0.304993670450847,1.09259962308022,0.574387358419314,0.237288506302264,0.749036663538024,0.328535333958859,0.621828907597837,0.641857351952714,0.315444502115128,0.893720921472398
658,1.02343628521797,0.453506349378357,0.853661568286441,1.06136549906873,0.88264392865741,0.609654318940328,0.912609723322134,0.391062003797102,0.738195586119374,0.770041949610961,1.00964814316738,0.319470817992423,1.94804384108149,0.76590491024414,0.341893340074188,0.793584007637202,0.473054856306644,0.736600296776543,0.662098714517443,0.434106217147878,0.918983907992729
659,1.07067980776463,0.45884505459291,0.791182316637851,1.12423857824689,0.80822886389941,0.621002563995384,0.938655272801831,0.386989740071791,0.674739822725664,0.678643446945047,1.03223491660425,0.305535300253766,1.10665549381961,0.580659435694108,0.240498979540063,0.75517491781835,0.332775159052176,0.629754650728487,0.64760923154096,0.319453921699126,0.902887786372376
660,1.0347255899802,0.457170243920938,0.859334310396944,1.0709568396412,0.887043396952364,0.610952756311404,0.919664689174887,0.394233000976677,0.74234679550091,0.775657151026422,1.01991162571789,0.322431059214564,1.95868911703475,0.771218536313968,0.344853094651614,0.797976913036076,0.475393519268613,0.7410273569979,0.669961644446785,0.436616280865789,0.926071426287034
661,1.08416289663732,0.46573623072501,0.800429337540727,1.13763275020292,0.815939364105785,0.625536385301068,0.948677364430536,0.39348018549927,0.682711556441915,0.687223148899903,1.04472661751309,0.312079889452235,1.12888076262307,0.589193661491423,0.244281263012473,0.7634437104714,0.337432287733508,0.636887206495112,0.656172485262849,0.324024091447049,0.91269226892621
662,1.00846674650018,0.447011680866237,0.836286486274443,1.04275623725397,0.860220518427871,0.589921633360635,0.892435205869552,0.387653033053885,0.722021594455518,0.75612570616877,0.993117506921176,0.319310866627075,1.92090980079219,0.753465710265308,0.336640122981749,0.775097938502682,0.463355764161044,0.722150610529099,0.651400764905113,0.426258660532712,0.899701918619
663,1.06257367537444,0.459947305546895,0.79525730559072,1.11977461791484,0.815931693968245,0.625665043546176,0.94096366553974,0.3898080241278,0.680725434959414,0.67993125447412,1.02848498503309,0.306248232334073,1.10699719513661,0.580952610529047,0.239559701651194,0.762041432158062,0.333988883581362,0.631440290635984,0.643260204840895,0.320102635261134,0.904720956024309
664,1.02152174097629,0.449519337411912,0.844831182056872,1.05731369132523,0.873090114897824,0.601635017177268,0.903390105809309,0.387624743717273,0.72848165645655,0.764738088939958,1.00466317414298,0.316238605700165,1.94279383831238,0.762085804875189,0.341419099499053,0.782657711710891,0.470656230714057,0.732520325077211,0.658022735924791,0.432232469223395,0.910496838588881
665,1.06717553331972,0.459131565478025,0.794086463594608,1.12187441927931,0.813383735504052,0.623480708863747,0.942005999739861,0.387019421271653,0.678742214789791,0.679512359740051,1.03183958678777,0.304062259044228,1.10454596129895,0.5808250188752,0.240289236588545,0.75985347631336,0.333197115012027,0.62965707332011,0.648753208595705,0.319443145124221,0.905551367761473
666,1.03201805206939,0.454676683503892,0.854564643250581,1.06753589627323,0.882413601856338,0.608576001621264,0.914214843485754,0.39068642674716,0.737469302662397,0.772826986173569,1.01561859417801,0.319296336423353,1.95944905524937,0.76959328305382,0.34491384025622,0.792431253990298,0.475045384060206,0.738662518125816,0.668147438540733,0.435974609155716,0.921319097324679
667,1.06183390801374,0.455983506895081,0.784122656656648,1.11439507463369,0.800110921660524,0.61457124560366,0.931960588345293,0.384070790702002,0.669295813752138,0.67141070398023,1.02404739439308,0.303685000801007,1.08354206280107,0.572616950565905,0.236690516208975,0.74938908871407,0.327393533797988,0.621214307728316,0.643922641650157,0.314522909347854,0.895554061576378
668,1.03323558907595,0.457493508527849,0.862101928954759,1.0700968641446,0.891339651817878,0.613820932548822,0.920571626507188,0.393948442166697,0.745504816089438,0.778180611466796,1.0193920890776,0.321898479273907,1.97112582444817,0.774531722306065,0.346144069643822,0.801019626555883,0.478548517657823,0.743870026659312,0.670101760338108,0.438894420987353,0.927897468619108
669,1.06497074902574,0.45601372416572,0.781131924226211,1.11742239798481,0.795424182970122,0.613054351704437,0.930013431712733,0.384140097484039,0.665320088672849,0.669656259061838,1.0246858984978,0.304348418797628,1.07800591886845,0.570757545076579,0.236000243864601,0.745288605827623,0.325715706267641,0.620261886713286,0.642663636725479,0.31348896641046,0.893327242495484
670,1.02568507853278,0.455440604124783,0.85974017897272,1.06236283922073,0.889299281426202,0.610063132447685,0.916278731723641,0.393450482043145,0.744243992436001,0.775612919407949,1.01367444153651,0.321549539840384,1.96871544163695,0.772707652736763,0.345121078711588,0.799294826861169,0.477367191694602,0.741449924932725,0.666353118741988,0.43777974349618,0.924016430035224
671,1.07306233296998,0.459704186454065,0.787931222382561,1.12709014380288,0.803347807610314,0.620181718280606,0.938060229179933,0.387249563318112,0.671116611971082,0.675628570670177,1.03262812017302,0.306176237188671,1.09051572104817,0.576139776725793,0.238366779151092,0.751942173086436,0.329234729451521,0.62639634656403,0.646861035835137,0.31675209238372,0.900926750602786
672,1.01537182191175,0.450130272174911,0.848950362305021,1.05029053488516,0.876947279646016,0.599942652020838,0.903870318406447,0.389411865145885,0.734249789147865,0.767109402640029,1.00253679742313,0.318959211669145,1.95524600065858,0.765599151156527,0.342487900353774,0.787977053079323,0.472613595498064,0.733321870991213,0.659336355158255,0.433642457757057,0.9121961692282
673,1.06301669729299,0.456916066978391,0.785572306639763,1.11853819257691,0.80340722239577,0.620505107378522,0.935246496282567,0.384904055069542,0.670440185905572,0.672016111267828,1.02532953866822,0.30292503509887,1.07775530396603,0.571774241809459,0.236014428315646,0.751653027845332,0.327224962213827,0.62293441535474,0.642107323942268,0.314496479103318,0.897673495916282
674,1.02284481143719,0.451693421920737,0.853972744182031,1.05818463071268,0.883880329057314,0.606239635691017,0.909860763697689,0.389304920347454,0.738171758178163,0.772243011690508,1.00908239146766,0.317679232415269,1.96905659210494,0.770879572206077,0.345395623271065,0.792377365664595,0.476938629231056,0.739011403244446,0.66383682289435,0.437138128815068,0.91837945468263
675,1.0763297666952,0.461308759116563,0.793675277636336,1.13073614579486,0.810663773996378,0.625444634435758,0.945294608269751,0.387561106862873,0.676944457118114,0.679557960791297,1.03767871885036,0.305456734349431,1.09548194977905,0.579304496587398,0.239712353671784,0.758640309703557,0.33141929419217,0.629332700615027,0.651916150134271,0.31842423286862,0.907596797624506
676,1.02006782416059,0.450589246417821,0.848982102564939,1.05376924786465,0.875787444975234,0.600059656822569,0.904295689261065,0.388443118228797,0.733415328028705,0.768352059803111,1.0053056925377,0.318850652034008,1.96176244093218,0.767461434041185,0.344010384087483,0.786832164167595,0.473735995851712,0.734178686113293,0.662654561336225,0.43460887023221,0.913066291387674
677,1.06186543376921,0.456767426399635,0.785158723779935,1.11662680173316,0.802291585699474,0.619168893295058,0.935119529564164,0.384600677482999,0.670550171034,0.67093856139336,1.0246584675698,0.303285106260429,1.0716616802023,0.570149955078769,0.235044436429156,0.751803158374771,0.325986483957958,0.621080822866248,0.642580006304155,0.31333441503357,0.897363769253997
678,1.0218293703649,0.451510571776284,0.85375641594865,1.05716735987088,0.883323697373745,0.606063013779187,0.908718986942374,0.389054868434425,0.738061657674496,0.772384393948913,1.00796559627669,0.318017332409209,1.97310242647547,0.77158221187452,0.345588047193864,0.791954966390198,0.477594932874686,0.739353326986048,0.663140852695423,0.437642822489823,0.917647173570367
679,1.06651671741732,0.456921265687712,0.785192778893553,1.12073872982698,0.801712781316828,0.619759851163783,0.936788918602897,0.383883966440509,0.669589094685681,0.671426510377187,1.02800655456882,0.302485745568611,1.07116108050406,0.570611199141598,0.235601175519066,0.751018576578887,0.325892076304199,0.62167776253976,0.644978223361865,0.313452892507109,0.898756598179478
680,1.04106827869295,0.459977799418371,0.869083276215844,1.07677525835687,0.89875337516334,0.616983655367996,0.926403400866486,0.395985679558433,0.751456739911836,0.785429661332663,1.02715269166287,0.323714375374203,1.99656343426483,0.783213503146701,0.35069229850762,0.806726605107918,0.484147850777084,0.750849100139247,0.676721422135117,0.443787847491413,0.934870821480147
681,1.06301360851325,0.454635202337374,0.774619245077389,1.1149388656531,0.786650418581039,0.608581564508599,0.92597001603754,0.382647650956756,0.659113079827854,0.663400107528291,1.02124737122839,0.303953091337791,1.05344127184996,0.563063376083146,0.232449608544433,0.739157993559381,0.320024121631125,0.613180500419593,0.64027506795548,0.308754484942447,0.887927233490105
682,1.02807232504258,0.457978301891256,0.867004933503817,1.06513526014032,0.897777656761808,0.613945666664688,0.921052762876507,0.396441251635477,0.751590268007687,0.782034478586827,1.01775045042645,0.324125150587136,1.99030333627386,0.779980384630764,0.347993685911456,0.806523862840122,0.482375675640357,0.74769162552982,0.669447338798658,0.44201334658283,0.929935802970496
683,1.05682492586576,0.451439773708342,0.768163405965045,1.11034518432653,0.781057203430232,0.607250259685788,0.919854484432665,0.380028856036277,0.652787938495875,0.657864373260957,1.01432972506187,0.300733837883221,1.03742211272147,0.557111810476319,0.229757014635732,0.732934343978323,0.316635417341223,0.609483525852101,0.633139062635319,0.30581261600581,0.881391404075199
684,1.00272584616644,0.446824039716212,0.852004862795513,1.03887473199681,0.885329528419515,0.602443399752714,0.902023874584947,0.386964837308935,0.739440286390557,0.768993759078877,0.994966557177417,0.314925639354754,1.97391466055435,0.769800269038166,0.344265739430807,0.792782169902409,0.47767708125572,0.736400206007647,0.655582019839566,0.436833359757299,0.91208949223063
685,1.06646709756879,0.454985177513119,0.781333136358637,1.12262592330062,0.799413051561309,0.623845767260835,0.936146557606834,0.380240174400149,0.665068946235369,0.668346228027065,1.02632307795233,0.297726095820932,1.05711812550903,0.56636612131764,0.234158966779258,0.747361316438924,0.323661480222472,0.619767559686684,0.642541049258203,0.311530921705802,0.896846159695367
686,1.02246006043847,0.4505868530446,0.858150982579241,1.05560404112197,0.889565538007573,0.606968217518127,0.911643520379407,0.387037092053137,0.742615160086577,0.77652617284208,1.01045906536423,0.315540251532576,1.99152412107618,0.77743625407051,0.349560920744551,0.796266336201646,0.482042913838868,0.742510650220128,0.669128813512568,0.44080490429146,0.92192591696708
687,1.08748683266505,0.464599264010322,0.797835038304182,1.1415737524353,0.813765875935315,0.631530217856883,0.953970379029856,0.387891800915798,0.679992893042671,0.682969021384149,1.0469909825883,0.306185270647777,1.09431472776713,0.58100646288866,0.240706527467219,0.762770143980149,0.332004330945047,0.631244071953441,0.659560115635177,0.319174487462577,0.914773323864284
688,1.02813382923106,0.453711620502486,0.855045001359753,1.05982518987596,0.879909471213433,0.601146609755636,0.909017207018245,0.390980433806877,0.738608782931434,0.774576314336251,1.01278150793419,0.322799188775105,1.98162960128667,0.774491562785996,0.347342145624762,0.791586406924757,0.477607616259051,0.739127374281568,0.669583290630979,0.438174577302194,0.919110850718793
689,1.06190370217658,0.457319788676796,0.781736134959033,1.11645250350667,0.796131523089856,0.616028016271973,0.933216275201425,0.385641146941116,0.667308280485523,0.667303141792879,1.02348469689041,0.305744856463607,1.05508809890197,0.565192603586284,0.2323189478899,0.748658896618726,0.32202676381035,0.61697415791113,0.64065681038226,0.310244181517017,0.894394041636798
690,1.00351321088037,0.445301674732515,0.84418934194151,1.03843473016037,0.873717850191324,0.596332505214607,0.893776658872355,0.385695023518826,0.730670621725004,0.764429866273946,0.991411046270479,0.316135215058125,1.96911517026288,0.766198939097453,0.342757757069249,0.782756790810854,0.474795202681928,0.732717732393668,0.65149682784599,0.434908989631911,0.904361151899796
691,1.07519139544043,0.461353981645433,0.795314370223415,1.13278408194434,0.814754877216103,0.631874072904903,0.949528601038009,0.387741104576617,0.678754330691284,0.678789863297398,1.03808761484565,0.303605115721489,1.07825970868593,0.575890501055418,0.237372467626917,0.762213263165448,0.329558037817172,0.629807850287814,0.64916782727437,0.316787141691714,0.910258006034954
692,0.991510168051199,0.436354839538132,0.827628649842336,1.02243033706781,0.85511537482319,0.582148108643994,0.876669761035415,0.376140950369287,0.714598804274413,0.752230060054566,0.977078335306648,0.308653682441424,1.95423758603661,0.756987264719027,0.341098140539368,0.764763638654538,0.468992859739686,0.72054203510583,0.645908978853829,0.429409922405405,0.887922469443152
693,1.07585542552185,0.463328297141377,0.805055884787464,1.13442285083473,0.828687473515757,0.641655450950394,0.959994130186037,0.387635306892698,0.689790954833925,0.685210032190971,1.04284415845486,0.301922797722505,1.08803011144791,0.580970540947395,0.239394546216989,0.774561597267995,0.333846035682924,0.634255680136633,0.65586899128181,0.319743129520285,0.920392685948668
694,1.02765883030785,0.448255077619238,0.846707192852122,1.05807515968587,0.872515488288485,0.598895745744212,0.901428846449416,0.383239798619757,0.728920198331934,0.770721831389613,1.00818938541462,0.315061732400086,1.98828129524389,0.773485688404437,0.349181305790949,0.780850863707671,0.478782179217218,0.737539364566839,0.667249971627232,0.438632867420662,0.912104817376947
695,1.05455511042299,0.453554524315306,0.780337828714732,1.10804827167636,0.796899229522778,0.615798808557034,0.933452419442811,0.380228120857095,0.667655669624608,0.663695106980381,1.01940862430291,0.299805845226231,1.03611830291902,0.56026077105967,0.230065332380685,0.749643512502308,0.319152016304491,0.611536953312366,0.642181570957955,0.306979807517122,0.894009343468722
696,1.02156112141607,0.451066024862406,0.857284520078241,1.05626353913709,0.88774032875357,0.609206352295357,0.908839854677936,0.386881918087611,0.741573836905761,0.77717832800267,1.00791027388188,0.31691588841049,2.00214081702429,0.779241144360525,0.349580648366049,0.794503642861495,0.484058708526757,0.744457815884593,0.665840563942561,0.442471668947248,0.91986866590184
697,1.04593772360307,0.446014721694686,0.762980954068221,1.09870488565197,0.777201671035111,0.606201976505416,0.917616710728363,0.37293315592479,0.649793008588536,0.649848026577247,1.00646295804928,0.293896791337205,0.999971027627319,0.546487983459408,0.224472255033588,0.731078174865645,0.31008211641205,0.600305709265172,0.630767767213248,0.299376869678387,0.877752252761148
698,1.03922548921089,0.460254331692821,0.881483264268214,1.07601105833983,0.917182374611484,0.627789731147263,0.934416433250246,0.394775795623084,0.764810916687364,0.796114644597788,1.02998821618532,0.320923737059694,2.03656022155053,0.796466063295962,0.35682950781378,0.820103182361657,0.495583980273543,0.762367901702444,0.681583572863376,0.452254713376182,0.945135505980924
699,1.05936965106998,0.447784760651076,0.758275908560643,1.10950264906707,0.767033950003328,0.601904818995077,0.915993142531838,0.372964005821453,0.642366503764993,0.649076965276385,1.01294665771278,0.296353508687568,1.00518610341546,0.547082216230723,0.226121747392494,0.722728791155037,0.309031398402698,0.598954881560101,0.635325731270127,0.299386783463479,0.875689901851769
700,1.02494002510427,0.457649104056151,0.877125474024312,1.06076426399579,0.911508348837292,0.619184650155202,0.926670538383161,0.394995242199715,0.763000930800249,0.790378642676483,1.01955128234101,0.32246163465974,2.02221833638662,0.790576093592203,0.353238933014777,0.817578294036322,0.49078128014703,0.754974775065547,0.675991402775179,0.44805446979166,0.938045290672866
701,1.08750009361978,0.461376175810069,0.782933444313447,1.14107205022725,0.793703527714936,0.622998075533862,0.942068518567744,0.385117707335677,0.66363738238702,0.671642359774263,1.04047392475402,0.305845853064133,1.06224362477388,0.56912313297184,0.235719744182251,0.745901472988959,0.323304321447518,0.621922768707796,0.650868777545225,0.312499469490164,0.901659328267013
702,1.02642874508022,0.45649011242319,0.866195241846333,1.05919286497663,0.894215868049298,0.605523011677901,0.916487755178722,0.396447015587063,0.75092725930818,0.782544747125145,1.01657893163952,0.326544690015432,2.00363275887823,0.782860475595375,0.350019969238871,0.804181806198766,0.483160368861572,0.74691125909136,0.671795994826828,0.442883277676788,0.927603130872531
703,1.07095106625302,0.45942697462031,0.779346856236217,1.12687812703667,0.79164862089351,0.617754359141568,0.934657672504264,0.387250215448956,0.662933920497133,0.666468313076662,1.02830768610115,0.307250222415237,1.04729111216023,0.563289757710216,0.23180250372738,0.744813666709807,0.319997146305986,0.616886037621638,0.640780213898553,0.309275631672677,0.89420252513816
704,1.01943582008954,0.453673318912897,0.860612285119571,1.05447495294808,0.890947071417623,0.604479739603717,0.909749697175163,0.39514465689,0.745716941462865,0.778322401788374,1.00893408456675,0.323836300081325,1.99872053365818,0.779301447298465,0.348076754779189,0.798666830525695,0.482039569016164,0.745289605179335,0.662807761576065,0.441881257223929,0.920831110657341
705,1.05083532847997,0.450209957815574,0.764926771975169,1.10727211459329,0.779096995758939,0.608675015565935,0.919707713002274,0.379377715724299,0.650552010249695,0.652680352708157,1.01002034881157,0.298537725337352,1.00852917994688,0.549150726020066,0.22545583559758,0.732011704572792,0.311496263186889,0.60437364679728,0.628279870407055,0.301298955020586,0.87888217351151
706,1.02665668739782,0.456304619165892,0.872241118723437,1.06365384702866,0.908479833579963,0.617716023446203,0.922332990225642,0.394989104106584,0.756792202688099,0.788134021218489,1.01819795842081,0.320295465306044,2.02300866951648,0.789280882792756,0.353293203440891,0.811100412706612,0.490533797239342,0.755569755266618,0.670813554437464,0.448280507827454,0.933452789904722
707,1.06268239147443,0.451231172327673,0.765470775503736,1.11642589562866,0.777648680963558,0.609740270507301,0.9237822201606,0.376963321592989,0.649168960786306,0.654737201483865,1.01824307064981,0.297007908888667,1.01435368978413,0.551623015479333,0.227766790535715,0.730645267980945,0.312383661476913,0.605173565846221,0.636762427851576,0.302316405423164,0.882704038963061
708,1.01822663780235,0.453365789054908,0.868026529749326,1.05287795692799,0.902490953097523,0.611493255643344,0.916336536815816,0.391481504928051,0.753970401016146,0.784069317559664,1.011270308621,0.318864098276846,2.01772520464359,0.786085952242948,0.352291773993427,0.807453239917927,0.488217007660237,0.749668549900635,0.670509862367292,0.445748735122267,0.928330077476768
709,1.06520721850745,0.452782564373013,0.768673669282499,1.11942832540967,0.781409044620418,0.614573007961862,0.92771569418776,0.377203986009517,0.652421558905004,0.657185752168679,1.02080590408684,0.297523673423791,1.01743482380298,0.553247113824023,0.228286995031345,0.734474676323527,0.313839514845162,0.607448610837231,0.638743573349391,0.303486703519752,0.886405739663771
710,1.02072309323449,0.453322960492546,0.868063668612349,1.05428754534731,0.901378375167007,0.610679926189799,0.91621971276018,0.391131295460222,0.753538957132911,0.784695958909748,1.01272372210487,0.319445919108935,2.0207803422605,0.787045507541727,0.352849304485726,0.806735590563219,0.488785320632975,0.750392776765951,0.671503046621351,0.446347135177751,0.928690136015125
711,1.06386469318826,0.452589311521299,0.768146365680138,1.11805518260391,0.780385269079483,0.613828017011796,0.927367831812515,0.377228806478681,0.652231990189344,0.656208055646956,1.01989337057713,0.297996465329139,1.01352658523703,0.552083079394643,0.227554435593487,0.734329744404172,0.312942678580814,0.606299723833935,0.638116804943633,0.302724612767793,0.885767511455781
712,1.01653945531044,0.451652423289465,0.865482832285033,1.05005299231067,0.898735226315032,0.60864872627791,0.912464915906465,0.389997766347477,0.751425590543796,0.782614436103624,1.00867402238578,0.318797090352642,2.01919561450204,0.785575122550402,0.352101352471191,0.804190372114886,0.488053974676046,0.7487370376137,0.668573824566066,0.445630233224149,0.925335571553121
713,1.06333334554836,0.452393612916561,0.768656959324799,1.118113522572,0.781511116904492,0.615254157999879,0.928359183039928,0.377060373395548,0.652816282341901,0.656181060309182,1.01989680967933,0.297411065621688,1.01095311792302,0.551634452303667,0.227225007623531,0.735269076662508,0.312770200231035,0.606510976837592,0.637681561611261,0.302531678370484,0.886467467033265
714,1.01401762160809,0.449993569685475,0.863361464613574,1.04712979117432,0.89684485177993,0.607042955416443,0.909693180062748,0.388397065193411,0.749466821737157,0.781211966168199,1.0060223789885,0.317396321584261,2.01981096685057,0.784929801226781,0.352154415000809,0.801852494584748,0.487954077267482,0.747671098299502,0.667200242087382,0.44538718483163,0.92290127685252
715,1.08002702446829,0.459709633922427,0.783606606056866,1.13559431043356,0.797558460488043,0.626738010832194,0.944813426969205,0.382943051746966,0.666019363992545,0.669225318869956,1.03696393524883,0.301827187670681,1.04207409175133,0.564307136798525,0.23288494112897,0.749675301806176,0.320725672559809,0.61876848148595,0.649386774404508,0.309708520843147,0.902817934466127
716,1.02599496816139,0.453844013734484,0.864677922039776,1.05753649864256,0.894080601992929,0.605702875971281,0.913057595874967,0.391983745655923,0.748919264272153,0.78356919881932,1.01461165862384,0.322338651517753,2.02236741229259,0.786660889373472,0.353150714711551,0.801194984157244,0.487174887088693,0.748896227446302,0.672672414987477,0.445676907950163,0.925840597353426
717,1.07183314948101,0.458702884282493,0.779075382806054,1.12711885757182,0.791482655432922,0.619420143519085,0.937922932538396,0.384523894691314,0.662976681819321,0.66455493557427,1.02974914134163,0.304480177595455,1.02989481051828,0.559405064522595,0.229954343490247,0.745852610082823,0.31724920260063,0.613689370773772,0.643704132221299,0.306686153836756,0.896134103201957
718,1.00735645283282,0.447718129507796,0.853365017482624,1.04022147654468,0.883503457602486,0.597698777925476,0.898301141052629,0.388535538248784,0.739697040404563,0.773625603282609,0.99721874303649,0.319339871859175,2.00681416394036,0.778044925580246,0.348538929056915,0.790797289570538,0.482501378038809,0.740922173482559,0.658591510214827,0.441384047187081,0.91153827273123
719,1.06671169070105,0.456866031550705,0.779499285491149,1.12450458370158,0.795430684186792,0.623437624960474,0.938528440341031,0.383148224975501,0.663837342173317,0.663661709891585,1.02682418222561,0.30072745224537,1.02213152401878,0.557619153410461,0.228840164243985,0.747662930649351,0.316882911641588,0.614319872580257,0.639980200760988,0.306079082846829,0.896405424833659
720,1.02463199156324,0.452873572859108,0.864489399857796,1.05783886497221,0.896764426334103,0.608126680381589,0.912308117063894,0.391364512937519,0.748497530707778,0.784251908917277,1.01311885511714,0.319966666081012,2.03012592859038,0.788372854210872,0.354149732510239,0.800711842066776,0.489497120672616,0.751584695479303,0.669697179910623,0.447509099351625,0.925133274549184
721,1.07117079008264,0.457290957216994,0.777425075864894,1.12654359546933,0.79064665008132,0.61917603920362,0.937764970898431,0.382642722973214,0.661221170535268,0.662653059808211,1.02926107177216,0.301577774345344,1.02094422434165,0.557026917499112,0.229129165215909,0.74447742391097,0.315599929868281,0.611667061990558,0.643836423094811,0.305176551267888,0.895494116441437
722,1.01708948923274,0.451576587729643,0.861754450415703,1.05001684678281,0.893121834234506,0.604443876481403,0.907634284252757,0.390666701693693,0.74704229618391,0.781280645045176,1.00702386551552,0.320376414903545,2.0247873597829,0.785590575654693,0.352419959096182,0.798739463375977,0.487485025839629,0.747751861435284,0.666894713253359,0.44556435460484,0.92094000330502
723,1.08694712014957,0.464704458417985,0.791291743101401,1.14368395717309,0.8054484311575,0.63048430336548,0.952386275214832,0.389126757142275,0.673255881687557,0.675010129394772,1.04478139919679,0.306748889706718,1.0508204747152,0.568914589292309,0.234205390885451,0.757653866579425,0.323234971696776,0.624224955433594,0.652850871725292,0.31217194798522,0.910239555342866
724,1.01816391597514,0.45101587242265,0.855753782951876,1.04931669523177,0.883346824761859,0.59698256450271,0.902070510917461,0.391272591143664,0.740360759290952,0.777137033265832,1.005500124656,0.322722728143261,2.01592881645829,0.781689946420113,0.350851366322187,0.791243963740267,0.48348474273124,0.743489643646253,0.664883655739128,0.442895669940545,0.915220391577771
725,1.06606975645579,0.458454397147504,0.779409825383614,1.12364024343834,0.793933205607633,0.620537995138998,0.937887208345479,0.385840749641915,0.664359138839967,0.662991658833456,1.02647747829712,0.303956935963037,1.01773048884212,0.556303193470936,0.227771893383933,0.748005176411031,0.315544582016224,0.612597203542314,0.639577730839294,0.305037002474496,0.895579840239554
726,1.02700245562097,0.455383928054851,0.866903612744099,1.06126891685255,0.898835070857024,0.609342564679823,0.913849756142473,0.394909582445608,0.750635639971926,0.786553285902797,1.01527858126561,0.323332519281845,2.03563247543811,0.790417232637489,0.354222689116547,0.802790441095335,0.490448369387402,0.754223537235202,0.669055316325981,0.448761327372939,0.92677493125532
727,1.06432252860412,0.454870990607798,0.770421356576436,1.12017567053843,0.782725727494501,0.613241705041035,0.930324774623909,0.381993896476998,0.654748854070265,0.656142044289167,1.02207390045887,0.301021112162314,1.00181183838785,0.550091710810418,0.225674742912972,0.737718423244461,0.310875953452594,0.60606910402529,0.63687162461928,0.301196748240638,0.88775870465409
728,1.00723727906,0.448769540179333,0.85909550794616,1.04118057081666,0.892872086587896,0.602435779354876,0.902371995704376,0.389322301957549,0.745647055796928,0.778770949851538,0.999245173089365,0.318116201413164,2.02534103897542,0.784258392900083,0.351616785805516,0.796846151790263,0.487524669108896,0.746448294070309,0.661007783225546,0.445243718508833,0.916220821163118
729,1.07718942515391,0.459566502927375,0.782116680097199,1.13485282945018,0.797355828526558,0.627295077330767,0.944604839540841,0.383829467273524,0.664874814355327,0.666386700986436,1.03500999721821,0.300840228148458,1.02383632251025,0.559475445184432,0.230146468260595,0.74949113789396,0.317543797780019,0.616457372466632,0.645693511546472,0.306982776897729,0.901609833822255
730,1.01388790908529,0.448646314206871,0.857556677228602,1.04484022568102,0.888762493764238,0.599200972933079,0.902108120491345,0.387903531372326,0.74282552755175,0.778903141567399,1.00319347547177,0.318102275522056,2.0284097990501,0.784989655938681,0.353204650441209,0.793539400959527,0.487315356310205,0.745680676818598,0.665723471184718,0.445258150041702,0.916307212045861
731,1.10630163470127,0.473863942086456,0.809284369360139,1.16436001008598,0.824990077516954,0.644842617236442,0.972913183256854,0.396180882937047,0.689517346278696,0.690190637719546,1.06502887670364,0.311854836413794,1.08362043195084,0.582980570365029,0.240372627148216,0.775624954223351,0.332034190307283,0.637870837701672,0.667172241842878,0.32007912263,0.930132135944443
732,0.99909158026549,0.441166894196039,0.832859949716425,1.02627717093595,0.855261041511877,0.575739613538996,0.875934371217031,0.383271495143406,0.718798614090871,0.759521349115505,0.983303788516694,0.319098184179464,1.98922431261552,0.766942878098638,0.345229881958855,0.766726419009429,0.473218024745995,0.726198729163024,0.651318726537365,0.434114139784605,0.890382149932054
733,1.05678941715741,0.458668243416673,0.785526098530645,1.11766392329122,0.804875082825274,0.627535259534897,0.94289935040355,0.387003903257075,0.672915593936931,0.664786610410073,1.02324269871275,0.302713477079076,1.01110191436594,0.555861147362346,0.22620558541333,0.758043550506532,0.316509247133903,0.614347984268045,0.636838645286681,0.305141824134698,0.900052371088198
734,1.02541014957438,0.451187961563546,0.859580605402572,1.05890900035502,0.891833157464363,0.606456611413813,0.905986342921943,0.389617933196519,0.742356799757534,0.783050220668087,1.01021663761821,0.318550377992315,2.04129969876506,0.789413537968423,0.355074606541181,0.79335021461045,0.491249691810116,0.752970132246331,0.665073895107775,0.44916203009767,0.919771324147693
735,1.07663668048178,0.460413709090494,0.784995370712411,1.13297384707657,0.79949604215314,0.624126156039392,0.947164468711652,0.385822683431892,0.668555310223008,0.667066417361054,1.0370349452457,0.302800069760131,1.02076451018137,0.559745456244806,0.229684459175903,0.753226649157208,0.316871006198916,0.615475109125588,0.648703283965695,0.30632735811032,0.904076375061833
736,1.03899423812877,0.460192308434526,0.874638483154287,1.07208392480546,0.905146598635903,0.613810967931542,0.922282718553144,0.397559029753962,0.756965663747391,0.794349133129851,1.02622861995862,0.326526926862196,2.05716871329208,0.798622704008207,0.358595146671513,0.809189975495064,0.494929086557374,0.760217173881643,0.679699599076243,0.452743428731341,0.935558319478422
737,1.06388522760356,0.454792605977499,0.765802635433883,1.11815411773651,0.775140420749271,0.607887589913299,0.926507645269093,0.382069853650942,0.650493432816841,0.651827857383113,1.01993828604723,0.302944910556277,0.98601876681262,0.544749757035762,0.223035692745487,0.733172148792856,0.306765277488718,0.600721956648168,0.635635975783493,0.297793952479293,0.883546601193794
738,1.00269794587489,0.449007264395565,0.860381310696443,1.03717372610699,0.894185901655911,0.601593729865867,0.900679659496219,0.390915496541089,0.747755185063485,0.77977765809728,0.996338764669646,0.320201759299384,2.03204493382127,0.785903743143906,0.351436051870745,0.798368937926965,0.488709106953599,0.747731714289731,0.658347692242733,0.446281189029395,0.915405463433692
739,1.07704853584865,0.459431869202929,0.779611650410473,1.13595619531815,0.794322454377505,0.62723571427024,0.943475443294772,0.384231477127009,0.662043072602725,0.663699183912702,1.03400456024874,0.300926767738144,1.01166486352846,0.555850333604015,0.228251797069434,0.747195337246703,0.314969987385357,0.614782823049448,0.642474127253253,0.305023533205422,0.899670435886245
740,1.01032397387112,0.44758542936058,0.857770081301753,1.04112278285839,0.890265554568825,0.597751644442084,0.900041537628107,0.388053414242786,0.743466878407897,0.779479749052131,1.00076543471581,0.317843268734486,2.03668760986662,0.786815056842326,0.354101712198949,0.793595411231243,0.48883238153261,0.746887258358452,0.663969273504202,0.446482097488435,0.915069838650234
741,1.06723515155177,0.456277974102617,0.774337548293118,1.12511628283224,0.788902978747783,0.622612542083434,0.938410220123667,0.380605909369536,0.658872835105328,0.657985914300817,1.02596342893352,0.298388861706877,0.99367116071869,0.549433968289061,0.225261005149015,0.743639610102522,0.310983932622972,0.606970695720471,0.640397021412845,0.301046427625674,0.893973064538426
742,1.01774908210858,0.450603590813304,0.865015646350634,1.04927304626233,0.898566679679899,0.605384137186371,0.907429558503227,0.389192471376073,0.750015389384758,0.785942695818157,1.00791932106019,0.318598568505145,2.05058489006711,0.792881900030301,0.356610495798068,0.800728331781804,0.49351597355356,0.753132016192669,0.669299896598651,0.450243580120785,0.922989497207776
743,1.06767107419517,0.454887155774405,0.770180155456844,1.12383944460275,0.782490998636899,0.618491605424102,0.935213553827698,0.378729910531233,0.654375098493357,0.654687690827865,1.02472004953535,0.297960573253029,0.986009648803028,0.546468534577103,0.224140355856533,0.738765663550291,0.308567356771032,0.603683779151075,0.640030585874093,0.29910649751756,0.890621631051164
744,1.01726833161286,0.451637820825231,0.868292537243347,1.0490920170831,0.902127494108556,0.607193574989658,0.909838120818808,0.39031798920087,0.753754826683271,0.788061887688793,1.00897160729609,0.319835233451302,2.05424770826622,0.794807904900372,0.356998739955478,0.804614625410615,0.49468572081169,0.754828317280844,0.67063946220761,0.451162782128774,0.925650161465408
745,1.06144278704111,0.45146521812771,0.762037080330479,1.11729228695749,0.773107798190199,0.613420970662073,0.927358428307496,0.375657412372168,0.646651977297294,0.647796482303068,1.01720846451465,0.295952657153809,0.968657897367856,0.539577328748552,0.221174004657233,0.730625440897875,0.30412195865701,0.597442016938762,0.634219685698821,0.295264043538778,0.882471255936635
746,1.01918730500558,0.453250996161849,0.874563830857832,1.05189958024675,0.910610436811141,0.612301033127167,0.915640276556904,0.391937145587085,0.760228591135575,0.792687183489525,1.01280884177071,0.320274947967941,2.06211284238762,0.798995451198453,0.35851606235363,0.811664231068883,0.497880394373062,0.759478482652802,0.673170006116633,0.453723893461321,0.931634720596213
747,1.07278164580806,0.454834831113385,0.766729401848077,1.12838188840787,0.776703791842436,0.617417137024576,0.933764460614635,0.377814994756725,0.649560061176509,0.653101313881248,1.02640148951429,0.298127928964604,0.985250301627157,0.545487812504981,0.22434708260321,0.733784388770317,0.307489905665617,0.602665337030843,0.640195865530957,0.29860756395717,0.888673553174421
748,1.0231776223462,0.455325909716232,0.876349910061688,1.05501864524306,0.910560811288483,0.611153491330606,0.917921463344393,0.394537573007691,0.761680399465435,0.79394425430924,1.01661552954335,0.323440193426622,2.06196449088753,0.799538129945042,0.358590418592738,0.813201193408881,0.497004914122946,0.759530992722388,0.676086055867611,0.453406358517963,0.933756728648337
749,1.09834181178875,0.467402544716247,0.78863922418002,1.1550533231295,0.798645485862861,0.631485011357625,0.955801528958997,0.389863213164633,0.66870830580669,0.673239151524339,1.05150203692247,0.30880507704643,1.03802349664256,0.565634375956406,0.233077709399462,0.753918452086438,0.319888993339485,0.621944751713452,0.655877927749306,0.31006564321274,0.911163985879259
750,1.00024061762719,0.44548354882298,0.849407969149879,1.02909011865622,0.876653354539129,0.585506560626914,0.88818670650245,0.389117230776272,0.736512978504641,0.771908321292899,0.99076999042319,0.32255995406643,2.02111141393484,0.779463319336901,0.349594913487657,0.785111282891489,0.482186186552959,0.738144732838561,0.656987304483279,0.441370389134709,0.904268399583585
751,1.07776975077923,0.464487472351326,0.788895307328941,1.13930147931669,0.804863595944289,0.633703555630571,0.952113153016396,0.390697408269005,0.672538359430476,0.669792748288643,1.0382762289895,0.306542730942113,1.01879001644671,0.559940770082657,0.228701057632301,0.75863630230363,0.317837937625733,0.619817156231316,0.644157779565904,0.307445698785802,0.907403692769118
752,1.00865264750509,0.445689866332692,0.850601075835178,1.03905403634772,0.880918360072408,0.591624296599798,0.891165672107556,0.387968197519457,0.735639317038888,0.775345262448162,0.995829088930494,0.319065343908236,2.03660914816625,0.784177901712864,0.352784571475852,0.784490557740182,0.486908220182437,0.744556608361826,0.657349670688917,0.445462600050719,0.907008425695521
753,1.08243887945466,0.465227852563098,0.79254093539037,1.14291859067911,0.809191965055925,0.634760457145229,0.957380563644672,0.390488743767681,0.675768107319719,0.672271943992855,1.04391686523058,0.305261877304822,1.02149988319523,0.562267483484952,0.230035920883898,0.762275827130511,0.318788025951328,0.620925689711581,0.650276460199567,0.308194173714667,0.912427802615237
754,1.01547382738984,0.448404306814033,0.854099487151516,1.04545769763025,0.883512027350396,0.594601578964413,0.895640831580166,0.38879327620847,0.738262872776858,0.779148751107496,1.00162656348813,0.320181294169051,2.04675190406673,0.788040340448245,0.355042556442345,0.787253023368089,0.489045756851503,0.747179522986697,0.663494391915747,0.447264329409837,0.911439388110661
755,1.06239536152434,0.456411725535575,0.773912399284243,1.12094327531996,0.788512955226459,0.620062655180306,0.937928026134983,0.382730026172359,0.659687833683779,0.655192389807431,1.02338303509559,0.299905900907055,0.974931192009589,0.544588632400802,0.221968715047044,0.744990315996026,0.307464816211544,0.603756165243414,0.637383534271918,0.297926566402515,0.892798854008159
756,0.99455481632415,0.441288286100644,0.849123602543431,1.02581822391793,0.883134245957281,0.592813417894552,0.885772311459785,0.382128798406915,0.736243916351248,0.774044382459753,0.985122241776107,0.313030977468858,2.04482071755643,0.785035503216975,0.353407030341153,0.784370738666019,0.489931464681521,0.743765757489162,0.653665667322126,0.446546881682049,0.903080885231212
757,1.08224609813227,0.46202478901119,0.788514270686636,1.14217829698624,0.805838767158754,0.637411169452734,0.957073166290716,0.384104973002379,0.671431446472184,0.668126658470431,1.04241826635528,0.29900700934553,1.0045285285246,0.557189215268639,0.228329827186219,0.758947078735732,0.315862267286088,0.617143723880228,0.650595330273904,0.305429038944751,0.911297792564139
758,1.00322443662945,0.441574183042587,0.848309576663875,1.03036329186967,0.878840159453382,0.58888014163502,0.886555784499438,0.380623914886904,0.734020738104017,0.774871432062014,0.990934344350341,0.313512294752487,2.05006712739728,0.786528349692968,0.355798274998418,0.781557761567071,0.489690353592659,0.742708535202686,0.661437544883719,0.446529831299481,0.904261777373612
759,1.06808959681915,0.457485515284609,0.778814765892726,1.1267448306218,0.794632688310032,0.628927197712928,0.946730490425301,0.380055893244273,0.664342294044975,0.658453639022439,1.02943594008858,0.297225673595686,0.975947409372632,0.54658106436387,0.223107535508138,0.751099678907486,0.309129168843697,0.605960445800954,0.643930822844966,0.29913967729945,0.900461483611868
760,1.01714092799372,0.448287557205931,0.863129202771065,1.04642538801616,0.895786407244804,0.602637330297499,0.901939369056424,0.385806016209062,0.747604258641152,0.787306189068425,1.00541216566721,0.317261334038615,2.07242508043839,0.797639191225622,0.359757776663644,0.796473211271371,0.497553216654717,0.755254265215783,0.669844871480179,0.453337607725749,0.919883254024945
761,1.0726340579757,0.457072970290559,0.773818153272508,1.12928769914516,0.785604997871732,0.623012684007745,0.942993444755508,0.379695826330727,0.658017227108902,0.6553637248571,1.0304666966773,0.298729032757567,0.973093610472935,0.544652361603432,0.222743002157034,0.744095151887137,0.306829144065864,0.603278306452505,0.643880147866991,0.297703226447543,0.896554323415129
762,0.98823666563963,0.438659613364961,0.847646999025041,1.01687415764298,0.880280188840633,0.58797351782932,0.880963186908872,0.37959965860313,0.735971205477096,0.772721584211038,0.980224501760167,0.312901709855359,2.04731180646674,0.784887655707793,0.353510353093788,0.782952102642369,0.489683070419596,0.741149415429365,0.654030154585895,0.445895857623243,0.900045528993146
763,1.08360429739798,0.462657256881929,0.789042541510187,1.14415459272125,0.805615127677664,0.640787002164108,0.959678631748271,0.383751841591964,0.671961318028447,0.667984905734295,1.04349472383104,0.299490689410961,0.999523097199937,0.556042347627102,0.227603764706569,0.760207489720194,0.31521609073164,0.61698178863033,0.650817341231643,0.304940102376593,0.912861881840758
764,1.04379692404445,0.458109612596037,0.878301735767951,1.07213832139237,0.909110587942921,0.611617795759659,0.921146375922008,0.394809453913996,0.759642608514363,0.800808377947821,1.02979367412955,0.325424625715705,2.09393574632541,0.809106424340915,0.365135624210886,0.809879015372685,0.502729041423832,0.766971591007263,0.685737823948209,0.459046649076403,0.938176974414573
765,1.09364166493548,0.467369256202486,0.786334447643882,1.14919641822295,0.79408932395945,0.625679361086515,0.955119217333896,0.390874637044915,0.668203146211261,0.668255050165071,1.04895156790383,0.310931272896685,1.012083840258,0.55838663227242,0.228861330896258,0.753793574690567,0.314174284938565,0.614337797379967,0.6556085255463,0.30501544254473,0.909063819338945
766,1.00379439253235,0.448552050184226,0.854817064049096,1.03376421202654,0.882129009354454,0.589404852672839,0.890369595886622,0.392477970321506,0.741450559100867,0.778139365374239,0.993920251953282,0.326377260876174,2.04552326366661,0.786974818014197,0.352206292094479,0.789320364599035,0.487325291680759,0.745003719984158,0.658137709663204,0.445967980789494,0.907847874289579
767,1.07324435991295,0.462124511274159,0.780422206032483,1.13510168162343,0.794150016160884,0.627753255861039,0.945931763098952,0.389677217069892,0.66429502169365,0.660964372112773,1.03254777398275,0.305893137568895,0.984956395501324,0.549218916961112,0.223357292450307,0.750865634533666,0.310162148862496,0.611765054360133,0.637423397805444,0.301081148055416,0.899835358052056
768,1.02111917778629,0.452929601589773,0.867206554536392,1.05326590051627,0.90068184503728,0.603010938686662,0.906037715824114,0.395568803355878,0.751187712999553,0.790038797387288,1.01032207772242,0.324365456878021,2.07322494875925,0.799083635885314,0.358805398442653,0.800603533675476,0.496716798966232,0.759471189550947,0.666233298803833,0.454178676390961,0.922655186184276
769,1.06864557709473,0.457143482201427,0.769013426977045,1.12801440621164,0.780718457773062,0.61793640367962,0.936800735390077,0.383593443355113,0.653003030818244,0.651810165686198,1.0259102780601,0.30072920382579,0.964202740118949,0.540960653241699,0.220834686466789,0.738623858100822,0.304032674476534,0.601023683237366,0.636192360835149,0.295707890726592,0.890016579199367
770,1.02027164022295,0.454597031681323,0.874121384131463,1.0529695781134,0.910189341443593,0.608674658254119,0.911907586408463,0.395697056203158,0.759046079189449,0.794765508184704,1.0126553448704,0.323416746586551,2.08112986333695,0.803195456192803,0.360538690446952,0.809094403289752,0.500016764640869,0.76246758791536,0.671412420280293,0.456186734177382,0.929069212344625
771,1.08825044911551,0.463534538392273,0.778978660351568,1.14667684456456,0.789474301412548,0.626449013156483,0.949154276847939,0.386984088000609,0.660248535922313,0.662343061447339,1.04220254182683,0.304322379932917,0.99471598033084,0.552032077536403,0.226485100150915,0.746431646300629,0.310827160302671,0.611189322990328,0.64779335516844,0.302091763132389,0.902478860605433
772,1.00540804054768,0.448348120159416,0.860100495664577,1.03494162018832,0.891977847648106,0.593280814577683,0.895600074669977,0.391137568710557,0.746661647259103,0.782686292801942,0.997621718339142,0.322196337692018,2.05945463053905,0.792278155862052,0.3558816328809,0.794973593878847,0.491971792134508,0.749552200755884,0.663169023408189,0.449253088414141,0.913495816255052
773,1.07530958343445,0.460824667446581,0.776403679364884,1.13602837632202,0.789549720792154,0.627370657061959,0.945144456557469,0.385261496949369,0.659856980805856,0.658264776924255,1.03254815060046,0.301955899620581,0.977219146032845,0.546390244991476,0.223029871714022,0.746474719420669,0.308235844648425,0.607745761551112,0.640378837451809,0.299322684831407,0.898148803792233
774,1.00971530122659,0.44815506156031,0.862252342315819,1.03967349979289,0.896105865736144,0.597418636932152,0.898018349019075,0.389954304742259,0.747899840958811,0.785637136185519,1.00066774670172,0.320039994802193,2.07061445830486,0.796150359046418,0.358155067801245,0.796345369084024,0.495752744504103,0.754126902341792,0.664059612858123,0.452339082396731,0.916320626634308
775,1.08920548906592,0.465668598836255,0.786733462918533,1.14947310592562,0.800036099811977,0.634431536470963,0.957567175336406,0.388471463345086,0.668591151680995,0.667306693981276,1.04637076385205,0.304343916455225,0.999715778133722,0.55562900584182,0.227476387818639,0.755993970625549,0.31362492080136,0.615722344564525,0.650979651427302,0.304251228233222,0.91031008856063
776,1.00734528727119,0.446559189109752,0.855936757972263,1.03538063410689,0.886431815689337,0.590538225629982,0.891418560157453,0.388435177663951,0.741587915294237,0.781034652083022,0.996608926075819,0.320669584244767,2.06399854701504,0.792165316047479,0.356814190031284,0.789112711238795,0.49213813596482,0.748560205967546,0.662899105767407,0.44942672118905,0.909955198002953
777,1.06361786170013,0.456446286333423,0.769745278823513,1.12395892179196,0.78317782021653,0.622283431304567,0.938684352171009,0.381423463452872,0.655157756249526,0.650560725798376,1.0228964927344,0.29860645135683,0.950686253862061,0.537561903700771,0.218623367127543,0.74177206215139,0.302663686974361,0.599423654595012,0.635003150178984,0.294049874447154,0.891061242778025
778,1.02475871658922,0.454331977657706,0.876225594346622,1.05629571736468,0.912436674599732,0.61072318487698,0.913081390852438,0.393876010783808,0.760267187222176,0.798128510555521,1.01563659025311,0.322309259264973,2.09601923167652,0.808002653254212,0.363294805971627,0.809841529618739,0.504137955550464,0.76665091674147,0.674125477531722,0.459482465413978,0.931537291665261
779,1.09042498696188,0.463729906424453,0.779203377103788,1.14813904766554,0.78862141502948,0.626827668788962,0.951662512099555,0.386137277051919,0.660438092780421,0.661552725223344,1.04435638970498,0.304130471207533,0.988555514635038,0.550723422227744,0.225873280868793,0.747129094236011,0.309529375574249,0.609631267522066,0.650190534951772,0.301019965588225,0.904076902178813
780,0.998282308096836,0.445358976518941,0.856175547027461,1.02671839838328,0.887522917026594,0.589025317018236,0.888836598205542,0.388450092388051,0.743587799210204,0.779955752429976,0.990839396181129,0.320988360189705,2.06143309640798,0.791060114361449,0.355480040501466,0.790773092561056,0.491524097921569,0.746871681914076,0.660148894856802,0.448520976168375,0.908026033198988
781,1.08244408422037,0.464105571327779,0.783343133698174,1.14423855914934,0.797180371656538,0.634631728742639,0.954079059576985,0.387597199113724,0.666154137642498,0.663405801020297,1.0402496904812,0.303504831523725,0.983823053758361,0.550315946047522,0.224492735041936,0.754006132399036,0.31075240490332,0.612753370500549,0.644945669893795,0.301616199137915,0.906339084028825
782,1.00687218145283,0.445662910620566,0.85715625915614,1.03502054262454,0.889318313816197,0.591521714050174,0.891283677541163,0.388013147446051,0.742740034210174,0.782678866775219,0.996383764095918,0.319668624204564,2.07295603309728,0.79484431003042,0.358160129193767,0.78995350866501,0.494729396782188,0.751435419852624,0.66182399636957,0.451545674988655,0.910517491449802
783,1.08557880939533,0.465327941595079,0.786582700995536,1.14688082011939,0.80051843043066,0.63533097503591,0.958328719820748,0.38851709471439,0.669350738075491,0.665547711426329,1.04441324416261,0.303978169781577,0.987173984940589,0.552365918002593,0.225442854048016,0.757425858449715,0.311578130724702,0.613588609083042,0.64927799206319,0.302332038542005,0.91019381879404
784,1.01598449360718,0.449577074451676,0.862274808063015,1.04428219030674,0.893466045710066,0.595704528920088,0.897508263432306,0.390831927187199,0.74673124918861,0.78763407333654,1.00430027331164,0.322524892338917,2.08263622934505,0.799227796958088,0.360090381487309,0.794330350937694,0.496940743825515,0.755537093348529,0.667619356852224,0.453723175586011,0.916589425920362
785,1.08407592016047,0.464893243842378,0.783266837639006,1.14431983979585,0.795329594430034,0.630458689240018,0.954498247404359,0.388927899728599,0.666266702822078,0.662703457023002,1.04205123968326,0.305438198081074,0.979945545344898,0.549453912010378,0.223973449040747,0.753838681615614,0.309293874299079,0.610524937590147,0.647423764069125,0.300459602597925,0.906480491604679
786,1.00958410292954,0.448492282360277,0.860395768911736,1.03866943874629,0.891873180337628,0.593793057949177,0.893913401380758,0.390987118340671,0.745770502660566,0.785621449333632,0.999184703759119,0.322817677486597,2.0793363620645,0.797447083202855,0.358611963889431,0.793010819285706,0.495915589417063,0.753987080273741,0.663307114106104,0.452812378750122,0.913208376228723
787,1.07037345656718,0.458849014896721,0.771675096921198,1.1313076630867,0.783962472249836,0.623909019060324,0.942732614822381,0.383976917387555,0.655990498206282,0.65190934515812,1.02847686857964,0.300654467463729,0.949727496925021,0.538203936566155,0.218826883289306,0.743312448822555,0.302403274123293,0.600995996315956,0.636930797109833,0.294250470124303,0.894274444124312
788,1.00289047027193,0.445807355173401,0.861580324990245,1.03279461744728,0.897283991205803,0.596226191031134,0.89314737714888,0.388165884891458,0.747995322550468,0.786332913068299,0.994998264885038,0.31839660261555,2.0845338808439,0.799189551940969,0.359669717666344,0.795183315863223,0.498807857072539,0.755767498000926,0.661301736707387,0.454479600110515,0.913194697959121
789,1.081410918067,0.461176391458508,0.777262750868217,1.14237088455386,0.790171299571374,0.631433620012536,0.951668600983916,0.383398041495615,0.659878548198861,0.657383736079185,1.03820198540645,0.299282911787529,0.964384232074119,0.543981460165187,0.222235260438641,0.748142764485595,0.306063120725494,0.606125478336615,0.644735519533794,0.297576862479779,0.902585685794546
790,1.01289633724004,0.448760935357426,0.86665700514773,1.04081806710741,0.900898985412439,0.598224702714405,0.899666561916756,0.389514219878367,0.752003641593985,0.791001211338613,1.00400692109044,0.320317969685055,2.09297793043406,0.8032452281959,0.362202352444745,0.799481947361017,0.500568216409067,0.758493229985976,0.670112040374271,0.45608167809385,0.919870436635178
791,1.07331185845168,0.457993962564917,0.768452341882153,1.13271668373694,0.778911397429711,0.623414294875726,0.942508270430112,0.380489798446816,0.652299359076255,0.649820919404844,1.02924161587556,0.298653954995529,0.945407621187875,0.53628090952419,0.218683499466776,0.739613902736414,0.300949189689627,0.59784823282908,0.639754218063064,0.293020969230865,0.893191389244021
792,1.01393001791542,0.450823232980116,0.872655658476057,1.04324995459102,0.908328652393515,0.60340776937258,0.904614217815414,0.391693569778557,0.75837359350011,0.795191541543333,1.00682053131076,0.321888486919073,2.09834648005734,0.806710592004334,0.362717729658068,0.806394051380727,0.503257691315374,0.762840456816524,0.671177650840325,0.458297230402598,0.925186298475461
793,1.0891309542199,0.463570660902926,0.777411749506165,1.14861254900139,0.786858784105361,0.629921613477561,0.952763188106651,0.385160984468249,0.658835577759052,0.658920242566739,1.04296016674086,0.303005442628828,0.97309042301014,0.546281328395614,0.223538304292226,0.746605380340508,0.306866251037176,0.607387731162219,0.647774503716005,0.298742369544866,0.903525794502472
794,1.00990942135766,0.449474239848325,0.866605221875506,1.0378150923941,0.899248340559519,0.595460525473398,0.898234538172051,0.392138824258695,0.752709511275805,0.78986868015159,1.00225693025775,0.323867396674754,2.08728289472694,0.801393253256437,0.360247395812742,0.800047677186536,0.498357405180262,0.756808706021661,0.667958271515662,0.45458123445432,0.918624099851379
795,1.08357633243435,0.463597083412587,0.777392651750254,1.14469772995704,0.787946748072772,0.629884282667937,0.951075898948534,0.386895152061215,0.659830030754615,0.658226890216348,1.03911740219985,0.304123253653475,0.967413164983671,0.544602319361053,0.22206786561554,0.747630472832868,0.306152305121985,0.607016074744953,0.64366337385131,0.297995932994146,0.901846201203289
796,1.0001210621357,0.444940261345856,0.858562596385095,1.02823703701668,0.891797345901659,0.589888649585369,0.888479067407568,0.388988450595026,0.745407215602391,0.783617208165801,0.992153734873146,0.320806356837954,2.08071051315638,0.796692908647421,0.358306832373006,0.791871890349653,0.496106837684729,0.752293350349678,0.659607174568205,0.452520892560826,0.909267794297542
797,1.08416336751412,0.464260102801748,0.781816508194701,1.14689359289134,0.795072863212079,0.635233425324803,0.956247667955988,0.387323398819295,0.664332471351313,0.660937190171957,1.0417446320043,0.302577802178739,0.969002796378443,0.546490638069146,0.222714985411856,0.75308672425464,0.307686443871915,0.609865437012133,0.645245606792348,0.299157725164145,0.906626082659857
798,1.01520269347738,0.449504457585142,0.86612292356894,1.04306163055925,0.899437998897295,0.596618590797731,0.898544894596124,0.391541871951779,0.750852452245247,0.791367248903004,1.00506854478986,0.322470768972207,2.09782099854908,0.804168285990758,0.362458759272758,0.797985395740149,0.500710085884929,0.759615390267952,0.668825067316296,0.456744169949812,0.919010102874681
799,1.0714164920505,0.458311314118594,0.767800743147663,1.13188812806225,0.778344672087481,0.622270272294116,0.942014314031092,0.382175545431389,0.651982226388758,0.648426973062669,1.02810154565671,0.299651593483725,0.936995236210727,0.533992669012777,0.217200373745123,0.739510206594496,0.299220719463698,0.596514692489985,0.637539049814972,0.291604744882772,0.892101323700234
800,1.01064984854523,0.449957071707125,0.871254508803648,1.04039873711067,0.907701363785831,0.601932684747416,0.901483749916817,0.391856883557851,0.757179078616863,0.794657322828248,1.00375393535623,0.321671219002475,2.10282361778343,0.807184153946739,0.362866411960473,0.804662324901674,0.503831840184774,0.76312872297884,0.668321130010371,0.458814748979369,0.922584588875085
801,1.05962685219168,0.450530705843502,0.751632914362417,1.11923700234921,0.760561757255625,0.613356050672442,0.927431144003865,0.373925369706915,0.636338111246494,0.63468297418608,1.01387384921079,0.292861167706981,0.904073825697218,0.520784419868843,0.2119548297774,0.723320454299178,0.290827983419046,0.584214832572791,0.627502576812199,0.284233274952332,0.876845878276602
802,1.01465884882635,0.452529386576383,0.883728906070327,1.04546187928271,0.925173313179114,0.612565014343035,0.913517701489455,0.393087995308329,0.770108709849608,0.803766844013931,1.0116443517105,0.320475708531024,2.11481302114421,0.815209003602265,0.366302780740431,0.818837889221856,0.510190404664297,0.771664693481587,0.675681497446462,0.463559264604275,0.935085109356725
803,1.06491573786742,0.448988850679454,0.745635164251624,1.12249585637658,0.751417823203435,0.610839168476758,0.924409138496548,0.369763568668561,0.628823413406275,0.63175056272228,1.01465339204764,0.290698217910622,0.906958562622499,0.519791844261871,0.212948822080981,0.715239202107007,0.289804997017332,0.581194374706064,0.629423512992729,0.283669902520781,0.873291646733402
804,1.02147945323974,0.456579309605241,0.89353844416484,1.05180486820906,0.935414939562418,0.618205092254547,0.92406691105364,0.396429295598348,0.780068991557582,0.810179401081912,1.0208605575739,0.323416608658725,2.11852849244628,0.819388082480959,0.367677728705351,0.829964487191937,0.512129037122534,0.775649991878255,0.684113302226035,0.465154094464352,0.945664727332628
805,1.08143376647106,0.455212542766731,0.753877005145655,1.1381283308046,0.757292156130405,0.615870861554885,0.933033166955642,0.374656379638755,0.63473207160983,0.641579861023169,1.02789059110022,0.296763079896811,0.940328934859149,0.530909299972608,0.218386775552736,0.720780318208663,0.296547023615534,0.590833985261316,0.638120920920664,0.290111129181172,0.882339261496929
806,1.01918860595875,0.45680562427274,0.889218806296918,1.048494840209,0.926842366553219,0.611014539700073,0.91982048241402,0.398917112427292,0.776095500459356,0.805539383559059,1.01829557552971,0.327735367930671,2.10689913071488,0.814036922292063,0.364472198799523,0.8257350840002,0.506853413237344,0.770103824685905,0.681028601508227,0.461370217848693,0.941015677691146
807,1.08609946219911,0.460131387709899,0.762484274797186,1.14497054161852,0.767155933190358,0.620984782705634,0.939275575941989,0.381595444945586,0.643046041278557,0.6491133743824,1.03389512948994,0.302551896922055,0.956272558593546,0.537567533101848,0.220401348196121,0.729279340439388,0.300931875043921,0.598958658302831,0.639460097225161,0.294135481686685,0.889068372566928
808,1.01337408305328,0.45422487591213,0.880184330064446,1.04277618077996,0.915668920289034,0.603087131696395,0.910326446764096,0.398911018931827,0.76705197284734,0.798629053346036,1.01074524879672,0.328390363784816,2.09786926815833,0.808275045149144,0.361731569287685,0.815863884861685,0.502563870537899,0.764833047726361,0.672502626725675,0.458342467785702,0.931158310190841
809,1.07522197428314,0.457716989709776,0.759659527053362,1.13631281369865,0.766902429626263,0.619095401849215,0.934903948034397,0.381655850308073,0.641838080767237,0.64486320642823,1.02604757077031,0.300798595261754,0.937884825150082,0.531948780123863,0.217089414495235,0.728312104976754,0.297673931840197,0.595288757423394,0.632483491611703,0.291008446719138,0.884451747647404
810,1.00740822547258,0.450974911434491,0.876085138771038,1.03760538240429,0.914113921370517,0.602093237616968,0.905042923745748,0.395805855020691,0.763195794928231,0.796271021273776,1.00461647559707,0.324131943998757,2.10060601119778,0.807633082397821,0.36207386055967,0.811474865820625,0.503511993824362,0.764276953548021,0.667722010196619,0.458769123570528,0.926232832074155
811,1.08419367919822,0.460882478408987,0.768208114224146,1.14593728256803,0.777468232273389,0.627041860371769,0.945560932233241,0.383180337524588,0.649434559726683,0.651620462058424,1.03595107097947,0.300351633497267,0.951307832788256,0.538203861406524,0.220134456710261,0.737126705641232,0.301665531683165,0.601353289457303,0.640180197176676,0.294463897900458,0.894724095576729
812,1.0167174006561,0.453282450192876,0.878180867421878,1.0453500482249,0.914566312055007,0.602905681815105,0.908655836385997,0.39638367870186,0.763863875405911,0.799450243583223,1.01160685289912,0.325312504801124,2.10993512253403,0.810931031430657,0.364495006478546,0.812022463800141,0.505003973294787,0.766287117357504,0.674397395927725,0.460201652191638,0.92985768568171
813,1.07612046574421,0.458216412344704,0.761448496286818,1.13655881026828,0.769171073700257,0.620047398405436,0.93828191081799,0.381021858576783,0.644121219789528,0.645018770545079,1.02808799259138,0.299665578032268,0.931822923074678,0.53100310813799,0.216590921320854,0.731247328415769,0.296878848280409,0.593866837638576,0.635983862696745,0.290096978941861,0.887313542498142
814,1.0076205941015,0.450671708175242,0.875588786698869,1.03697570208937,0.913183422143402,0.601528702189389,0.9033731277945,0.39425428216736,0.762522488712429,0.797043257956391,1.00398315633376,0.323446721816439,2.1076591490762,0.809323058597666,0.363221110670403,0.810103417102266,0.504947507752096,0.764742960475623,0.669140613138182,0.459713735903295,0.925424080844124
815,1.08487643530258,0.461243527180329,0.768503564275754,1.14627463455063,0.777255230028493,0.627551186727865,0.947033512374461,0.382834655692902,0.649879602364208,0.650981139910422,1.03677753249876,0.300293192227106,0.945809812016953,0.536874873884382,0.21936298667612,0.738082230325837,0.300684459695919,0.600365738909059,0.641090110079083,0.293587860151407,0.895787858060926
816,0.996372895961108,0.444579597893829,0.864261868495817,1.02336639096991,0.900341756290286,0.590808268068843,0.890150940731151,0.388956724907381,0.752164735581692,0.788225088674065,0.9919857654319,0.320000422377699,2.0974790478371,0.802416463008035,0.361078503477235,0.798184691600629,0.500505669814654,0.756079892763391,0.662796201559382,0.455612262034744,0.9129913073354
817,1.06826425398938,0.455398252651771,0.760412083149665,1.13086864454672,0.771260566421917,0.624935797822001,0.939152690177885,0.377213184062991,0.644305058453432,0.641802600648677,1.02309055553892,0.29440578951047,0.912892270700856,0.525889638706519,0.213890647730517,0.732900622933363,0.294453626504507,0.591185327066443,0.632494687183296,0.287514745500745,0.887048158647214
818,1.02612636993674,0.455394524522721,0.887989074044513,1.05497991230044,0.927906879380935,0.612997449210537,0.917574451933576,0.39572027703046,0.772541734715934,0.809310734365004,1.02060377988417,0.323502661013387,2.13530513585746,0.821777195859045,0.369982663102016,0.820895321781268,0.513904004349316,0.777039419001776,0.681791117373697,0.467255367597418,0.940171504500701
819,1.09073490929912,0.461697996615661,0.76652703849644,1.14919649928289,0.771652391074422,0.623639920262972,0.947593861819649,0.381621231628466,0.647279308408057,0.649776614734655,1.04033761993444,0.301204683098901,0.946948886299403,0.536617617639328,0.219933175813659,0.735090370141748,0.29955034205627,0.59732933791281,0.646112514829754,0.292824854576129,0.895728811852661
820,1.0088731991695,0.45182381652575,0.876451667660305,1.03640650000321,0.911445953025095,0.598800956292439,0.902983426036427,0.395428429047649,0.763582738383877,0.797736168965329,1.00525354126993,0.32659453054499,2.1090097742089,0.809626415287684,0.363124791738782,0.81056671513027,0.503915722793149,0.763446253704172,0.672403055403556,0.458932910956937,0.925801160713816
821,1.10833995734238,0.472968944830508,0.788689876230681,1.17072094662408,0.79679313448456,0.641119884020557,0.967825094657445,0.39381417571851,0.667587704022993,0.669210671178349,1.05979913871358,0.310583224378753,0.991438056708377,0.554612450338009,0.226802779978009,0.75697408863919,0.311643047331806,0.617997121322414,0.655101460736061,0.303742327442989,0.916777429448922
822,0.982254108244219,0.438215159736097,0.844701739164766,1.00650443262715,0.874239255810626,0.570862758486264,0.868289925186644,0.386492609414089,0.733489132410102,0.772671555760073,0.974773416457664,0.321669963172668,2.07235726972783,0.7885667597637,0.354723396598793,0.777057063413024,0.489620109680404,0.74105696757205,0.649164975201572,0.447166565959287,0.891472612666703
823,1.08831084165539,0.469980056168528,0.791973991070645,1.15607522757234,0.808129772982221,0.647212911880298,0.968589366775934,0.393686220453084,0.674679168910142,0.667264578356962,1.04888469020971,0.305952417555313,0.967204354782002,0.549107692204655,0.222475950415526,0.765766996032105,0.309732070875722,0.616481279323218,0.646324762397297,0.301046916790306,0.916963145841762
824,1.00230876481815,0.441603547672102,0.851542625384844,1.02737414897317,0.883794494442271,0.582019431020288,0.878520730685016,0.386125222183722,0.73658899863371,0.7824816527025,0.989481524911631,0.318884190727187,2.10511731948749,0.800255058076851,0.362035735009011,0.780657288325251,0.498945137925994,0.753280165742172,0.657659890038437,0.455250424950445,0.901570492316919
825,1.1085193616695,0.477104194590075,0.806096817667855,1.1737487074165,0.821435400754384,0.653040843156709,0.985464648635841,0.398633934971564,0.68696625786715,0.679156581614536,1.06905601590947,0.310237041867834,0.996016831079977,0.561154010736592,0.228297500260654,0.778792084194673,0.316153405498408,0.625231097905082,0.663692788818406,0.306892864454677,0.933762933193438
826,1.020067131744,0.449827970320051,0.858646992291572,1.04439904407098,0.885790472179307,0.585816085255949,0.888412168134144,0.392620822059403,0.741469991875037,0.789607451219758,1.00413388410427,0.327134895686835,2.11513130623644,0.805507467907921,0.364004411393324,0.785970964200875,0.499797259526549,0.757703046132994,0.668690191785814,0.456948653277664,0.910656278392276
827,1.06906496411022,0.462229308276824,0.772109437329836,1.13206059179202,0.782813221702677,0.623309115975469,0.947347927047629,0.3887815069876,0.657930111973318,0.64795266975957,1.02939493362236,0.304718315258162,0.913310398855283,0.529103253723074,0.212980824050151,0.747097134179183,0.295502793444262,0.594962594042493,0.63549637191629,0.288411430958008,0.895701319332663
828,1.01699643577714,0.453316565468907,0.87528476139789,1.04768752670169,0.911929829086287,0.603396638794955,0.901582037320852,0.396775659719004,0.759666114341244,0.801611754331527,1.00791252888795,0.326349904548599,2.13400030526458,0.816646651741772,0.366566626239767,0.805651895778544,0.510083128950305,0.772321145955298,0.667772743013153,0.464949570579807,0.924362458958089
829,1.07089410593308,0.456515830322421,0.757708067254473,1.13266095019984,0.765334979501619,0.617039883689665,0.937540142093125,0.38101109466278,0.641105037283048,0.637651505826328,1.02493084790316,0.297868245493395,0.898339943206122,0.521392377149881,0.211513892693936,0.73005018751077,0.289895458828621,0.586953227493424,0.631128078728571,0.284089803383998,0.884921890543426
830,0.999656588197753,0.447787632381927,0.874152414149013,1.02896907282639,0.915251476698029,0.599660541827608,0.896651252807013,0.39203033534286,0.761842227243006,0.798124678321633,0.996948102936564,0.320685110326894,2.12349173367743,0.813235848493146,0.365474480407212,0.807470918357881,0.508721828337836,0.767179275785076,0.665882000978558,0.462393603882799,0.920696575639575
831,1.05730171003782,0.447844137877516,0.740963010157257,1.11909908909976,0.74821140588495,0.613046263528862,0.92412849899719,0.369247634098394,0.62526405811453,0.624129550072488,1.00893329422849,0.287726935293787,0.865754736182798,0.507970099294939,0.206623714540056,0.713988488108379,0.282295474086971,0.574133819830074,0.621886116796714,0.277082474157141,0.870068286766515
832,1.02048551906943,0.455326149601241,0.897525359408192,1.04993723959789,0.944063737885651,0.619258032251979,0.922261261261605,0.395654040835395,0.783885161422556,0.816374462160506,1.0203917020154,0.321170891099062,2.14669330033312,0.82877839211281,0.372759976329129,0.832161514014303,0.519970431825405,0.783616260982578,0.684906646900089,0.471398889645821,0.946901629070709
833,1.0758877005652,0.45111969151401,0.741726782835897,1.13332218981161,0.74301544555944,0.611760349494385,0.928100305462395,0.368640235514634,0.623005609918752,0.628989708209792,1.02083849498969,0.290837425510724,0.899363415640365,0.516798507594108,0.212528421908119,0.710386297597053,0.286866208508397,0.57761859503273,0.633158517339784,0.281780386515561,0.873882754616885
834,0.997544599534693,0.448455053390684,0.884293959837553,1.02455250699438,0.926739300295578,0.603708052588905,0.905301458140416,0.39152726369567,0.774253731691338,0.802144091803582,1.00087400636157,0.320733783687944,2.11626210852015,0.814144523516998,0.365160266804127,0.821351910870577,0.50921045146454,0.766973600410538,0.674659895527894,0.461737689427804,0.930912558038569
835,1.09983605270739,0.464019559594923,0.769615109510425,1.16101235146437,0.774990016484298,0.636009571643893,0.955267636516899,0.380254997976443,0.648238433480989,0.65414438479596,1.04670340572061,0.299652337550917,0.957179072586341,0.540368687448669,0.222126908879217,0.737492025532277,0.302883054421265,0.603716882145691,0.648186298935151,0.296021664604879,0.901740577384534
836,0.998336072266566,0.444888839976664,0.868908457842559,1.02173432190418,0.903719956128525,0.588078361288459,0.891656897013781,0.389919989390483,0.75734484800047,0.791396890458854,0.995360785115845,0.322720360738117,2.10655034080769,0.805708040007175,0.362612750456762,0.802856871798749,0.501877666678017,0.757212916461376,0.668427292547657,0.45669022351099,0.916763279562563
837,1.09463829370715,0.467459086659619,0.779324338464164,1.15857821251119,0.788443439891302,0.640014927754952,0.961643736915416,0.387144446322413,0.660193913211561,0.659460454384985,1.04777862676187,0.304278893390889,0.95572942435282,0.542771730679365,0.22121633795185,0.750118662383027,0.304643525374368,0.607841535157667,0.647863227113392,0.297175351910225,0.908233720626097
838,1.01393739447925,0.449935625820602,0.872077850492776,1.03902478714172,0.90517406590222,0.593416648341843,0.897408503061806,0.394492586153081,0.757488670532213,0.797001658229899,1.00595255506272,0.326762009075892,2.12440348751797,0.811920925393537,0.365427231065663,0.803211112692485,0.505497086283262,0.76475184315733,0.67094917949053,0.460908124557752,0.92165929832035
839,1.08361042078851,0.463883332272607,0.771021032478018,1.14691531479083,0.779162571686786,0.628814907418145,0.951731535348195,0.386970033260978,0.653542300671057,0.650364919626145,1.03802305376981,0.304100713559258,0.927631467736754,0.533007719772054,0.216197621239856,0.742852850154988,0.297637096418938,0.59850750852538,0.640291391682316,0.291010292785871,0.898298586924264
840,0.990932943385022,0.442485472551817,0.860806916272619,1.01761136122264,0.896560057642499,0.586056601688844,0.881238725006424,0.389061249673034,0.748801304375898,0.787784395615775,0.985526472161359,0.321168202683939,2.11433625693119,0.805097023843846,0.361998925695583,0.792861809724477,0.502704504002013,0.75760178263974,0.65684227032313,0.45771945473672,0.906443272821372
841,1.08275730867004,0.46273343880694,0.772883416904564,1.14843256123001,0.784667231477764,0.636154636405308,0.955950496453457,0.384582727407717,0.655249031144169,0.650346973546407,1.03866327697036,0.298971580853012,0.919850478643029,0.531748389560333,0.215749059058308,0.746356307483227,0.297500937071211,0.599610607483543,0.6398022104535,0.290663067738462,0.901767817444144
842,1.00976290996057,0.447573362755004,0.872429585378049,1.03541245494118,0.910120748130088,0.595660897391789,0.895518740826341,0.390982652805721,0.758006513780984,0.799345774230024,1.00261366213813,0.321445338460603,2.13954476704157,0.816507029146466,0.368673002787189,0.802801084585992,0.510411863824363,0.768349507765922,0.670688920821695,0.464250057565758,0.920719468915744
843,1.0745556815001,0.457667567384105,0.759374412762238,1.13703299215937,0.767154940957294,0.624054745576605,0.944037085111994,0.378576249527492,0.642867206540234,0.638808931778106,1.02830593340185,0.295972676021654,0.893487816256282,0.520769266540432,0.211413777978235,0.73283232363746,0.289803636829973,0.586314274622534,0.635833684474439,0.283859988950598,0.889151476844943
844,1.01456291859153,0.452268978594005,0.884803449208586,1.04179900931251,0.924960474591813,0.605673138714573,0.906707138545557,0.39464194879877,0.770843939603415,0.808275375269435,1.01053603384979,0.324026570483632,2.1479236882665,0.823414621227478,0.370354817723097,0.816688375655016,0.515209937295397,0.776038187171953,0.677162093033003,0.468017171512454,0.932527971086049
845,1.08133493021938,0.458044985895547,0.755930365862861,1.14232523965819,0.760165085932853,0.621571554804275,0.942025581823299,0.377863680252924,0.637629451612186,0.637921810738884,1.03080099502667,0.297132574271716,0.901969475318402,0.521863435964452,0.212782179116411,0.727057355553676,0.290040668131655,0.586467078434206,0.636601779877306,0.284584724874754,0.887097390301186
846,1.00986305876134,0.452213536112029,0.885576605942999,1.03689234410317,0.925631331232144,0.603587461015808,0.906404931992912,0.396229326919148,0.772882459593301,0.80697867587346,1.00844266528169,0.325789648579848,2.13962713495989,0.820944021568881,0.368440722820044,0.818912564310985,0.512832963726219,0.773729092949255,0.676031155352161,0.466044464741777,0.932266829279782
847,1.09575504556006,0.464636051025633,0.767283970568521,1.15809346705365,0.771795028949909,0.630810008602469,0.953405315236712,0.38387155663377,0.646955172682703,0.649470622163884,1.04413000270843,0.302313659299153,0.934378589269621,0.533743479614718,0.218156648587407,0.736794621912397,0.297704238334546,0.598439102546587,0.644010370401104,0.291683953825696,0.898783271142471
848,1.00160569339955,0.448238646548276,0.874192520305598,1.02682323244344,0.910754020266123,0.591702518574226,0.894453272260523,0.394648699803593,0.762065225753577,0.79741879209664,0.998834349729124,0.326075137672022,2.12521083928914,0.812368884913552,0.364843865083217,0.807037564117417,0.506206611660377,0.764298885773585,0.668562106672752,0.460809092129397,0.92021413888245
849,1.07440385537035,0.458266637653493,0.756915584053238,1.1388619456382,0.763773127063715,0.624662069687841,0.941004501843105,0.380065837182877,0.639613863902955,0.638443051612087,1.02620652125163,0.297829940949774,0.895329761850285,0.520554681498751,0.211163994309255,0.729227654643506,0.29001634431136,0.588080346432536,0.630692333612539,0.28440049963249,0.885882104264037
850,1.00840158964277,0.450225032319918,0.882441348528065,1.0357490117431,0.923581714104313,0.602004478928994,0.902921702402917,0.39522570281576,0.769333267988116,0.805265003559971,1.00586974680894,0.323871284341867,2.14322067107455,0.820865839378072,0.368902224508923,0.815151578181887,0.513588555695143,0.774132793944321,0.671900886170611,0.466855656310275,0.928979782827091
851,1.09660312710074,0.465103147656987,0.769655877868147,1.15988734422837,0.775844340995704,0.633217077639574,0.956879855778503,0.384320053883323,0.649401443115524,0.650608266514295,1.04629395103968,0.301241419912181,0.932950224002505,0.5342648285762,0.218344732369142,0.739779984398973,0.297931232942692,0.599057622434763,0.645782799916988,0.291804878355524,0.901618326048497
852,1.02425711545457,0.45706600646492,0.888707822326392,1.05013896118986,0.925456113480457,0.6037935831991,0.912391017434658,0.401135810872943,0.773801014799004,0.810766046664031,1.01965619041874,0.330931508634878,2.14965410297125,0.824224700502298,0.370372291275655,0.820215260892123,0.513137801319986,0.776517452965267,0.682641534752982,0.467294495599128,0.937486437272249
853,1.05587088517095,0.449358047964429,0.734144584616048,1.11718361118783,0.736261318258675,0.603763958069329,0.917368995087294,0.372999022515708,0.618888713598943,0.618914002268212,1.00496889995725,0.294336936880636,0.849203542953895,0.501647543097911,0.202905050510011,0.706335017672201,0.277222285194087,0.56829250150461,0.617022353689616,0.273166010054546,0.861981211576423
854,0.994417057549397,0.448774815523986,0.886684681557114,1.02483877796538,0.93298515300332,0.606704548409291,0.902970792432236,0.39497807276228,0.776339594540529,0.80640239946077,0.998089725299517,0.321718756435714,2.1357971589354,0.82114523794833,0.367144538800589,0.822562725764878,0.515280115762816,0.775949598682784,0.666525094107249,0.467494718826412,0.929941647271054
855,1.08832525974685,0.457715382305337,0.754535162474027,1.15173803148135,0.759655401152295,0.627940713217724,0.944444269133781,0.375568214584276,0.633761426316261,0.638611801391613,1.03454541854219,0.293285741779611,0.911465474270229,0.524121369830411,0.215195471287412,0.723928116861065,0.291776587812493,0.589507043070884,0.636598830980967,0.286537763263127,0.888305533151012
856,1.01169678290783,0.451815823676749,0.888932163752201,1.03668971908279,0.931069367282245,0.603505517686099,0.909899126437198,0.395721222456141,0.77640001788425,0.809098916665342,1.01196852969841,0.324015768679324,2.14425535563256,0.822821974008933,0.370480625174584,0.822842472660351,0.513977429615936,0.774314116457612,0.681513154648869,0.466616933257715,0.936254722299003
857,1.0892262193122,0.46092485682571,0.758012890110928,1.15092448353493,0.761314703646385,0.6264046391904,0.946010429835009,0.378613093872548,0.638442373567219,0.642268995284083,1.03607717940865,0.298459372323104,0.915000947697693,0.526092737056522,0.215135403988524,0.727635092847105,0.292977898024708,0.590366273532695,0.640456348542775,0.287372728121368,0.890257833392693
858,1.01473842234205,0.454301076927764,0.889200861849911,1.04052069607243,0.927760023760662,0.603306858444412,0.909888865562283,0.398883418410061,0.776133676561562,0.809442036883473,1.01348524045796,0.328773538312955,2.14610808191854,0.823112664432921,0.369259149868153,0.822573732347161,0.513534664629453,0.775279444636105,0.67957962393274,0.466955380746649,0.936319437582929
859,1.08926999939729,0.462427381292538,0.759746398730003,1.15183694597753,0.763018323039228,0.625178220580325,0.946016238184227,0.382627628171536,0.640188973387886,0.642997046387088,1.03676745871403,0.302079506411363,0.914122233076463,0.52640664762045,0.214485876119698,0.72935685911556,0.292816721829306,0.592167893780163,0.638043188592099,0.287473809137427,0.890551341050928
860,1.00277540486929,0.450201204525099,0.880383196929049,1.02920273256183,0.918636420850867,0.595997196594578,0.898920968187383,0.397349699618029,0.768326923176859,0.802388738255419,1.00187482707486,0.327604799345602,2.13751119829241,0.817569858116892,0.366443361466819,0.813676313305168,0.510002784805386,0.769953143490613,0.669504314712596,0.464103236470927,0.925437191135471
861,1.07501220594712,0.457151883505566,0.751596657451145,1.13972521284138,0.757182643642731,0.62213235231699,0.937853160858422,0.378880681644633,0.633715312323647,0.634037244608357,1.02461583501471,0.296836814471004,0.88318623553051,0.516008561974174,0.209447755488305,0.723367531055927,0.286666535792693,0.584243295911666,0.628252380296484,0.281762849175222,0.881657020132446
862,1.00105063672551,0.448352134995251,0.882446050697367,1.02801961230865,0.925240826382373,0.599810279287913,0.899773269700965,0.394553140266979,0.770489087863398,0.805058128505623,1.00104680395087,0.322855788491064,2.14670090911326,0.821505955241269,0.369088700532398,0.815720473061044,0.514386743974017,0.773887242716208,0.669860722962977,0.467174919526717,0.927047693641897
863,1.07308192338831,0.4538205869139,0.745876767221674,1.13684710513591,0.750991136674058,0.620690535497511,0.935494540573199,0.373254128084123,0.627985658171488,0.628812217827799,1.02170171330097,0.291538443393991,0.871512964995091,0.51129782234101,0.208254853242766,0.717969036849686,0.283552066025521,0.578319785657161,0.628520085094972,0.278917753197115,0.87824317082237
864,0.982779858356251,0.440179527426477,0.873478184411601,1.00753253740966,0.91808740097246,0.591992341916224,0.886474866004486,0.385906220334105,0.764019439600319,0.797253512525718,0.985065610701729,0.315505272693278,2.13581273859316,0.815446730477306,0.367265724211941,0.807749395702766,0.511965367369762,0.765550875800049,0.664094102271706,0.463676670543513,0.915809146972849
865,1.09646067130506,0.463139201522929,0.768272075860886,1.16140252759669,0.776165260032374,0.642509839637781,0.96162284283996,0.377889099028435,0.647825820373988,0.648407074481383,1.04608039289789,0.294235329706609,0.919752446194691,0.530562295347047,0.217261226605077,0.74018274773629,0.296423266024411,0.597054547491218,0.646898448427147,0.290234220477955,0.903950927202472
866,1.01223540315511,0.448311933531234,0.881462493901772,1.0334826566416,0.919801089252227,0.595549036922005,0.900006408981555,0.39109903806079,0.767984484062838,0.806055646883732,1.00798680357724,0.322796395975545,2.15563530576294,0.823045252134549,0.371961672003374,0.812314890549227,0.514405020908543,0.771723659661335,0.68086996775852,0.466930886104374,0.928565207001584
867,1.0961877401483,0.466188691579861,0.769595373348338,1.15886910837336,0.773874398775536,0.634740819508802,0.959833136929423,0.383302810321116,0.650346789905272,0.649382874092016,1.04636572404699,0.302265231573511,0.919699666677224,0.530745580542416,0.216116541343818,0.741320229711402,0.295650306353031,0.595928905105423,0.647821715490112,0.289649931177138,0.902828938529436
868,1.02205604718702,0.455826806692779,0.888623137202155,1.04652823923349,0.924073082731958,0.601507624669499,0.908000402311385,0.40023684923298,0.773978572558929,0.811804001393558,1.01693847792221,0.332178969589039,2.16161937651852,0.827026576897813,0.371197164554701,0.819134998105144,0.515440237473053,0.778163260099014,0.681235007060594,0.469185266161138,0.935549064523943
869,1.07785276852156,0.459312703403386,0.751854624793206,1.1408438208138,0.753750814603059,0.617774204744585,0.938746026870415,0.381774215243667,0.634141202298143,0.633468554737569,1.02701456981779,0.301773907736192,0.879886084958679,0.515031885108684,0.208446935747291,0.723619268385218,0.28510119884585,0.582541138982058,0.629870159781567,0.280654023736687,0.882042536127731
870,0.997883781089164,0.449352822079058,0.882314602133326,1.02572788160743,0.923566963480348,0.59797406207991,0.896757236026733,0.397662694494968,0.77091011066497,0.804967275153109,0.998312200438929,0.32706733947007,2.14766088429503,0.821424591733456,0.367507734491408,0.815396112475517,0.513578160459048,0.774219687258653,0.665957516062443,0.466994678412804,0.924719289378772
871,1.06876752614836,0.452822117455706,0.741721265993286,1.13426102587722,0.746244069435466,0.618197567942396,0.931592462842873,0.374308625684323,0.623947867125502,0.624352206326203,1.01733796894244,0.292141766523406,0.856030025648144,0.506028776159363,0.205408408534555,0.714318704608863,0.280035619779825,0.575435583801717,0.621876102303016,0.276066950160417,0.873650969258376
872,1.01742165486359,0.455650149920612,0.900906335235049,1.04530155975311,0.948206840021315,0.614059262293219,0.918391979898417,0.400386640143311,0.787704618787805,0.820615943951977,1.01920679124702,0.325782653253106,2.17087164132362,0.835319811310074,0.375172639547076,0.83424024711748,0.523529811539436,0.788406524804424,0.683404000840293,0.474965994764246,0.946228491921406
873,1.08480364503613,0.456014555632538,0.74327181192362,1.14634289173333,0.74327035031421,0.617356475317357,0.936087775495374,0.373630911052609,0.623274206206521,0.629011252225969,1.02814072102132,0.294111370849083,0.884623207409072,0.513725483071804,0.210608028704302,0.712638680795394,0.284111261205134,0.57779713656135,0.633321781150459,0.2800476785221,0.87807090204638
874,0.983678488246411,0.443783288673082,0.879419206245945,1.00834116552022,0.923167800086151,0.592468256656621,0.891032848134278,0.391224814031223,0.770800328465794,0.800189541639451,0.988779911927569,0.320948685826003,2.13464460354864,0.816125448423107,0.366111308789556,0.814964259794473,0.510852272134052,0.766212107004308,0.667140712738229,0.463019671587831,0.920672281224696
875,1.10828112824373,0.469026564927412,0.774575743715265,1.17439051520141,0.780805787792944,0.646756249307986,0.967754543821695,0.384160111867885,0.652196650905183,0.655866691476865,1.0555062720272,0.300532420411744,0.940802441658093,0.538003905577965,0.220366822181061,0.744506014957279,0.300957448578048,0.605482086394933,0.650232014340546,0.294784131123946,0.910129484880653
876,1.00420115047603,0.44627603320113,0.874424587764552,1.02479172284129,0.910452047722138,0.586077703601613,0.89107723831178,0.392677715829039,0.76177571691989,0.799590044218094,1.00024205571161,0.325331079773798,2.14644215136837,0.817273699417956,0.368731098461784,0.805286093706159,0.50948931538682,0.765818643401923,0.673245275551783,0.463386427485745,0.919787816333483
877,1.07518399911983,0.4595238605563,0.75571374558508,1.1407301261605,0.761381736793396,0.626843878216335,0.944978874924586,0.379634194166358,0.638960625754779,0.635669709159873,1.02722394306477,0.297797584371445,0.873991910585497,0.51487951538686,0.208075539778799,0.729732290016341,0.285978747253552,0.583626994666575,0.631819688780687,0.280906719145137,0.886850428038817
878,0.994873005548431,0.444406242767398,0.876477940694379,1.01975448474728,0.917825521427662,0.593283132989066,0.888914359073031,0.390884930915277,0.764803547214082,0.802170379461503,0.993074417512885,0.321571632981008,2.15590664045093,0.821626092301629,0.36940392505793,0.808034422987914,0.515264367688463,0.77207945530618,0.665478231487396,0.467660617772661,0.91895932148504
879,1.08607728152731,0.460539570820257,0.7595039755373,1.15183356111265,0.765767183543525,0.632809110961837,0.952895056235756,0.37881142211735,0.640548417532169,0.638391883865487,1.03663800540613,0.295308667837234,0.884476947380441,0.518819220455921,0.210913605683762,0.732826642921437,0.288041368184715,0.587398426854463,0.637477173064345,0.283054365907986,0.893980914434487
880,1.02047728869448,0.454313864256482,0.893988584355466,1.0447798065498,0.935673691156025,0.605794581910513,0.910677906441127,0.398099143732769,0.779664395445998,0.817424046244223,1.01779284778962,0.327237293738017,2.17903615757561,0.834133680543054,0.375660069066128,0.824452148978094,0.521798882609999,0.784344941516178,0.684648724967211,0.473708964662439,0.939735373473863
881,1.09341924371985,0.463148670016568,0.757492610469939,1.15600836641828,0.758459480060236,0.625762140466929,0.950366598625688,0.38130627383155,0.637687760544034,0.639023004032935,1.04002107004884,0.300852704354288,0.895933605117221,0.520908300946363,0.212302161503502,0.728469649458796,0.288481791167431,0.58651734891113,0.640868784995091,0.2838649578084,0.891991902222357
882,0.989675269982067,0.445292475576634,0.876212430710201,1.01367858070717,0.915706356276908,0.588497744246692,0.887030657523704,0.393629269251739,0.765966115227205,0.800322618608157,0.990403845863933,0.325504503569045,2.14647442081206,0.817979255140112,0.366783232410476,0.80876129270645,0.511087504687512,0.767575350284429,0.665512255492938,0.464210491044129,0.917124012602117
883,1.07742079040815,0.45811997023409,0.751521140502025,1.1444071043696,0.75665737406955,0.628458982778018,0.943842339071252,0.377701044052532,0.633242902392562,0.63204602987846,1.02703290295124,0.294967686319015,0.865962619950136,0.511625109798729,0.207242474356001,0.725114380240011,0.283868069152873,0.5825292607198,0.628304873015642,0.279460706927347,0.88476453458405
884,1.01772993766794,0.454038725228531,0.896671435778988,1.04316166910537,0.941205868444829,0.607659538443942,0.91179079671383,0.399331242643963,0.782928241998938,0.818937474048984,1.01694280935774,0.326902952733483,2.18070812143003,0.835859191110296,0.375912543331335,0.827965770779579,0.523676684291903,0.787285475887748,0.682051603493036,0.475369874246946,0.941231278770668
885,1.09705135142501,0.463530843319237,0.757198720527691,1.16049274086209,0.75810618658321,0.627446027769639,0.951888056103601,0.381055899106327,0.636420075776716,0.639424081097499,1.04243573636293,0.299952557921179,0.900245326019301,0.522052778711138,0.213373240869174,0.727431062150525,0.28904216603644,0.587284212549849,0.641752477744832,0.284578909683223,0.892824753333337
886,0.988441217124948,0.444821501639782,0.876411119515205,1.01166693350202,0.916547912515791,0.587286527327968,0.886627629182548,0.393461976987592,0.766478956480286,0.800175428550687,0.989975941321775,0.324997878531761,2.1465143964737,0.81774734059265,0.366947434717701,0.809241155377836,0.510788611290081,0.766726681526172,0.666507459077468,0.463772769299382,0.91709410197459
887,1.10796494198638,0.471838125419717,0.777689304223042,1.17587001593044,0.783908368510547,0.647069445340129,0.971131607281411,0.389194895889066,0.655984305720455,0.656287335805738,1.05719724342298,0.304451354712786,0.929879586538521,0.536053183143009,0.218257912504063,0.749198361370578,0.299224425351973,0.605572454871246,0.648876145012816,0.293399974611723,0.912555603983046
888,0.987674044024065,0.439880421938368,0.862207751018668,1.00784389724599,0.8981607368674,0.574858786574546,0.873339564487985,0.38923379568422,0.75087892183855,0.791234268920236,0.983357164609154,0.323083011628447,2.14531280001079,0.812269794132609,0.366453540875751,0.791882386964551,0.506895084630417,0.759762221156675,0.660443975258763,0.461110206035873,0.903792069168984
889,1.09113132122398,0.46820287818167,0.774599512401028,1.16064280473511,0.784006721699675,0.644083121045061,0.966903320969447,0.387697053880122,0.656310715214153,0.64972198443013,1.04611727268527,0.30152204487563,0.896296444295549,0.526445917492339,0.212559533371338,0.750085701619226,0.293379265035904,0.597605592138093,0.642199579676071,0.287588701873345,0.907578898487108
890,1.00968336966928,0.447646419025136,0.876911995916321,1.03208110794903,0.915200738046231,0.59082136131745,0.890330562747757,0.393707161631838,0.762418695306896,0.806293584612644,1.0025756903832,0.325318427979547,2.17841634330535,0.82734646438821,0.373462779072788,0.804511046196401,0.517656508839526,0.776003790087073,0.671877681504153,0.470608416210844,0.92071281937153
891,1.07353304775176,0.458141561011669,0.751200291783243,1.13946917581139,0.755899352984612,0.623424271344696,0.944845732451564,0.378672899656109,0.634726770591345,0.628463524441451,1.02608031219581,0.29564702126482,0.845827236437762,0.506169209440871,0.204064017341454,0.727023807616391,0.279389749625184,0.575943073079166,0.629992773452257,0.275293341815988,0.884644062984417
892,0.996313348174623,0.446077539153356,0.882845110974979,1.02118571903157,0.92726860909688,0.59678297033038,0.891274090446799,0.392310312654778,0.771189407313772,0.809323026175143,0.995694380006974,0.322106652844792,2.17353281341611,0.829431082184745,0.372841851177721,0.813337135101054,0.520741037618362,0.778968915418219,0.669433227186501,0.472018103569272,0.923165782771815
893,1.08939585407472,0.460716174088381,0.755214845815941,1.15520617413518,0.75860875514804,0.63185691792591,0.953185607498202,0.377445803537809,0.635452828759985,0.63416206995227,1.03760290635191,0.294467088149189,0.874474297607904,0.514607284993084,0.209604086339672,0.728736394453198,0.284848136562522,0.583096644790976,0.637287911723849,0.280595542520923,0.892472561993423
894,1.00899241593078,0.450595166016898,0.89126034607305,1.03167513964122,0.934881280274879,0.59985607178867,0.902289619060982,0.396048022509671,0.778834703837072,0.815092806950935,1.00866516184983,0.325735028148374,2.17869503886807,0.832728353207527,0.374864925288531,0.822002651662485,0.521329255066684,0.78160333274689,0.680837576376154,0.472726680636465,0.933684077005082
895,1.08061974426338,0.457241296745192,0.744080954626905,1.14485024294232,0.744049016709013,0.621931333058933,0.940919121669325,0.374380516156656,0.625318257828707,0.626307125408464,1.02677710239623,0.294422141960535,0.856942966184209,0.506841618270979,0.206025957141272,0.716826198523484,0.27982817840394,0.574793238620126,0.630627130412662,0.276185876911919,0.880160931513886
896,1.01196758601256,0.454283831597747,0.900099949113865,1.0367879095821,0.945126450220486,0.607169626504517,0.91083217913347,0.400337020876731,0.788020745783164,0.82050425291682,1.014250303186,0.328751171345857,2.18069958640328,0.83657781569595,0.374994081407332,0.832582607639535,0.523896261181503,0.787208551538361,0.682670656146181,0.475147101155067,0.942197022860258
897,1.08553474661554,0.457622916440478,0.74201956046324,1.14939400311997,0.740392398458705,0.620036341550047,0.938952374001277,0.375023184173132,0.621832637110663,0.626424720303419,1.02862936505049,0.295751484608555,0.866380726192053,0.50872947048637,0.207509964598805,0.712591629814366,0.280686763407035,0.57608464329881,0.630298051770177,0.277361721565175,0.878328305436118
898,0.998908330949662,0.450357621040815,0.89365277650087,1.02349879838276,0.938602635008295,0.600201614928997,0.902692839313557,0.398708142100466,0.783371381074652,0.813556827809631,1.00375981548325,0.327373109233623,2.16683756205509,0.829787097074612,0.371619501818605,0.827578812941435,0.519242155330267,0.780109110494363,0.675697402385045,0.470965663790747,0.934136743904076
899,1.08825779241222,0.459313725697245,0.746683363978206,1.15412512742025,0.747349928677213,0.626697912693141,0.943694733692009,0.376407720560263,0.62605457652458,0.630756337474571,1.03198646795178,0.295592313230271,0.873329275938911,0.512164843218638,0.20889631703146,0.717393505549827,0.283417907077071,0.581037875918522,0.631560328706103,0.279725364723986,0.882955198330679
900,0.998642542146774,0.448541226874781,0.89029711902915,1.02199983890498,0.934777315934988,0.59693919834112,0.899632782016465,0.396876517985493,0.77963353585193,0.811560297225525,1.00229029456045,0.325765178069723,2.16935066676326,0.829062054160732,0.372254582189422,0.823482658270525,0.5189974295845,0.778522717055225,0.675015836249678,0.470737566440064,0.931246919885332
901,1.09226373767049,0.461814919923892,0.752649181449321,1.1586057203323,0.754595908347282,0.631210882291539,0.950176515368668,0.378393216709644,0.632051049387232,0.635261928817995,1.03731692919856,0.296702081156659,0.880064575831437,0.515776217975998,0.210243874629078,0.72392054586942,0.285706953724302,0.584509633515696,0.636094494446977,0.281639835376285,0.889183615543119
902,0.990598800926235,0.444210286690384,0.881273729735334,1.01249273003134,0.923993501792534,0.589095792794714,0.888841463044455,0.392858897075641,0.771088546036791,0.80512065065248,0.99292235139669,0.323470751935503,2.16521417962219,0.82448290172676,0.370745496057639,0.813586365896627,0.516261859238168,0.772515405927451,0.66957714394425,0.468171241728725,0.921291954685704
903,1.08817278656212,0.461403856980019,0.754419505575742,1.15571601922001,0.758380307883296,0.634275494237823,0.952448464516971,0.378012412314177,0.634817980297863,0.634805689560682,1.03584489074466,0.295256412651855,0.86938857529747,0.513563963258285,0.208608286035267,0.727652561419553,0.284624935315958,0.583926355023668,0.635147383536918,0.280411840996487,0.890910895218687
904,0.99880712227172,0.445923980046854,0.885008768818551,1.02047435059261,0.928215244441411,0.593072782276264,0.893024275341004,0.393073939436608,0.773486804058574,0.809973735121563,0.999184036022442,0.323462029171839,2.17881273357177,0.830070786566729,0.373870081985223,0.815883497378356,0.520362705112122,0.777941103642246,0.673937119616777,0.471740693789052,0.925876975037639
905,1.0911897946647,0.462284072558102,0.755282218355176,1.15771292565171,0.758003793677456,0.633338845226454,0.954535494099082,0.378439663784306,0.635554379600783,0.635012382314851,1.03863792314911,0.296191240821961,0.870913033796538,0.514046673169563,0.208967884409793,0.728559486248367,0.284444040683622,0.58318228922918,0.637980618339355,0.280330134774027,0.892628515559105
906,0.994324190708484,0.444715369156197,0.882377496527181,1.01561571715461,0.924880892950622,0.590179303185871,0.888712160995945,0.392309370545699,0.771474276943169,0.807891411683321,0.994921577890915,0.323661589352572,2.17563929535698,0.828120665292447,0.372670190712452,0.813170318939944,0.518908703658736,0.775506742452405,0.671745308069901,0.470378656404621,0.922146562807259
907,1.09350934306876,0.463823372708711,0.758462181065565,1.16078570366883,0.761467980913808,0.636497449829182,0.958072900521705,0.379933802903602,0.638448170947344,0.637391007710211,1.04144072567358,0.297234924886419,0.874628768609292,0.515932846855568,0.209572885604928,0.732044933626078,0.285760439998817,0.585952448955055,0.638978375078923,0.281536901190668,0.896025222613396
908,1.00003943429236,0.446538118959643,0.884657760172587,1.02114342593814,0.92671827981856,0.591496120141068,0.891611871274403,0.394126585701667,0.772964641271824,0.810362285732645,0.999527622243544,0.325422228777769,2.1817912012143,0.830551225670522,0.373874561826971,0.814701667589476,0.520124086842825,0.778048569831977,0.674183282703003,0.471762914555465,0.924920806119312
909,1.08977760614764,0.462630959054415,0.754697597659704,1.15689378194537,0.75674447708402,0.632503604900305,0.954176038005311,0.379556870447952,0.635193197861525,0.633871890344577,1.03765586094056,0.297329916813164,0.864773819926859,0.512216315801962,0.207745064231941,0.728488585068841,0.283161399369438,0.582237759537376,0.63608965620391,0.279274746079554,0.891885358071439
910,0.997977443321114,0.446643544770111,0.885761404684012,1.01985874066865,0.928871354349446,0.592521631655497,0.891564775492565,0.394789803285239,0.774453808551929,0.811083914967038,0.998418482558465,0.325596478214722,2.18220704276395,0.8312225267252,0.373692089653936,0.816164249002219,0.520776954374272,0.779141389179394,0.672882049037218,0.472287107867458,0.925157605681537
911,1.11337564404397,0.472630189445991,0.773921649937843,1.18132813582733,0.776734611147388,0.646168759640729,0.974308883455668,0.38825841271502,0.651473077052682,0.651660511648468,1.06061296114306,0.304235121602258,0.914018873802523,0.530734751192045,0.216285238532965,0.745888474659555,0.29470842243727,0.599762779742886,0.650871791004946,0.289862950950367,0.912503918221445
912,0.998973232280326,0.446199996096935,0.876762936179376,1.01855175943137,0.914138359482588,0.582069865414599,0.884107443154208,0.395827773183759,0.764757610400593,0.804320296873234,0.99604288465955,0.329151256452087,2.17427927923475,0.824655800610506,0.371162542624059,0.805538795980888,0.514311802436809,0.771286617120993,0.670708570046627,0.467592767406534,0.916857258238134
913,1.10140333899966,0.471855640063178,0.772497680361733,1.1710643788761,0.77674865222264,0.642634553883968,0.969355831689224,0.390794493802032,0.652361610550878,0.648637726112576,1.05219787690752,0.306025728784709,0.893378755890287,0.524970106808388,0.212060095205856,0.746602524457097,0.291344490289308,0.596662190183994,0.643539376646129,0.286595672669586,0.907890484929216
914,0.994077872234369,0.444086776928242,0.872451236555273,1.01522615724791,0.910943707045628,0.580776049098665,0.878268835316222,0.39470194521816,0.760343101043184,0.802150936184267,0.990139004609433,0.327430256470264,2.17853754032772,0.824637234411295,0.371034477261348,0.800422137348324,0.515396971219659,0.772022745831849,0.663500959862246,0.468715578021451,0.911290459871233
915,1.09121162602332,0.467257364532869,0.765291270104476,1.16192045779143,0.771048668910724,0.638928024554205,0.963254923370049,0.38709201688633,0.646323167281775,0.640247982534519,1.04352149943656,0.301012445458706,0.865584965686912,0.515697038200189,0.207808085033622,0.741141260230887,0.285383820040367,0.588728322452068,0.636987577061294,0.281163310548277,0.900933023599343
916,0.994288029001346,0.443737280270517,0.87637015532738,1.01583631345428,0.918691174058606,0.585317737603435,0.880873712576055,0.392978668173203,0.764254435634985,0.806467101315861,0.991367979141274,0.324113292067117,2.18869948244084,0.829692650376981,0.373936383458788,0.804161727457897,0.520029917460417,0.776774864852344,0.666181260086554,0.472018585091899,0.914720410197437
917,1.07803462016039,0.459095850237964,0.748675155561695,1.14727720513537,0.752622354951168,0.629675419259221,0.94977962940349,0.377336627306812,0.63093881825609,0.625145398015058,1.02879482616838,0.292920342161883,0.829029785367094,0.501070953059886,0.202128305248723,0.72555355530848,0.276016126530181,0.57345920322617,0.628906223028044,0.272723752517833,0.8860981925204
918,0.984865974474824,0.440416692294808,0.879948115522391,1.00613849069941,0.927548567413229,0.588559552822029,0.880380390128562,0.388419603308605,0.769872560298747,0.808419601692983,0.986132318116764,0.318574820899304,2.18573337305533,0.831537743169048,0.374794090406627,0.80953776141495,0.523205673035695,0.778231243452742,0.666891744596095,0.473316579961155,0.916323402577879
919,1.11465325502278,0.471654350927006,0.774071099832421,1.1835287449669,0.777940038325944,0.65223921515536,0.97999859292294,0.383932567429697,0.651382920147298,0.649897860064806,1.06261112314579,0.298636007808325,0.906823075984212,0.528672215995214,0.21609833154736,0.747840328184558,0.293586202746478,0.597498868627404,0.65374013499279,0.288728197444984,0.916248277752792
920,0.997368610257623,0.443129399067855,0.875962981202335,1.0138251671259,0.915147308014193,0.579821104517257,0.880296615122859,0.390882846354952,0.764314501534637,0.805081394539504,0.993941387598691,0.324951194088369,2.18255776628408,0.826678962724105,0.373537752043508,0.803751378105507,0.516649336199706,0.770981811115472,0.674412710983049,0.468602672497717,0.915320229900224
921,1.10105532116839,0.470949037840755,0.770638393573561,1.16995324283863,0.773529232160266,0.644375550141833,0.971590419672624,0.386743623956255,0.650762415379282,0.646250042069016,1.05190396345082,0.303192029293398,0.883706937781272,0.521840633294809,0.210865898457894,0.745849174477347,0.289422465882579,0.593110227810581,0.645744868007983,0.284739004751752,0.908542596709972
922,0.987654252904251,0.440372262600436,0.869905580567541,1.00654905435193,0.908707808299587,0.577019708188498,0.871524292559575,0.390399599844691,0.758816064543064,0.80051655839198,0.983960269984032,0.324863232003001,2.18168850718798,0.824538537621193,0.371369306018357,0.797585953403277,0.516233476128491,0.770188993141024,0.662527071096911,0.468705562736619,0.90701412311745
923,1.08986453046066,0.466170240324245,0.763572118040086,1.16089485720945,0.768746638206551,0.641362220324514,0.965023663033917,0.384182652738955,0.644788400162102,0.637673397555883,1.04252011552772,0.29876187447729,0.854142767135813,0.512218463015124,0.206209344083444,0.740568435440521,0.283261700056711,0.586086212338047,0.636682827968789,0.279240965845576,0.901104972240884
924,0.99784042163451,0.444038974392442,0.880602867704764,1.01813076898389,0.923740595247877,0.587431794586788,0.88300875799225,0.392579758133269,0.76826295064803,0.810745883151257,0.994762577733622,0.324159158782507,2.20015582982537,0.834609168302817,0.376421004381965,0.80775587764045,0.523670907053695,0.780918201971632,0.670132838931895,0.474901625902266,0.918484383799115
925,1.10557178685276,0.470470102727624,0.769301665786998,1.17494255523584,0.772362376043139,0.644435184117057,0.973460847262026,0.386301149845274,0.648370332085186,0.644021127978053,1.05524956060259,0.301222456372291,0.881229238167788,0.520637796139948,0.211195043314981,0.744344303792144,0.287923354081394,0.591144292007405,0.64693306460835,0.28372487331788,0.909329690552466
926,0.981198352059148,0.438179279697396,0.868041304881328,0.999161963563439,0.908544253434074,0.574019847576429,0.867468002045574,0.388565649119872,0.757908325278057,0.799413398576779,0.979103868916208,0.322754160413461,2.18041178707485,0.823507708671477,0.371344806059028,0.795766834372403,0.515669136761867,0.767971810024515,0.662144039459723,0.467624259610019,0.903742244511686
927,1.08838366357379,0.465207585407105,0.761198416713625,1.15985664535793,0.766171889357222,0.642690721565731,0.964658542142064,0.381796087740476,0.642503431386159,0.635375595675204,1.04067077327209,0.296361069788928,0.846193388607685,0.509361055541047,0.205148968733196,0.738916943806567,0.28172828997724,0.583752397787621,0.635857375803945,0.277830947407307,0.899936380934166
928,1.00510607414416,0.446454924512295,0.887349701143653,1.02484656803555,0.931882588627943,0.592036400151083,0.889610825220292,0.393947050621416,0.77442871021444,0.816611146890846,1.00208695314967,0.324869257580686,2.21017404121384,0.84001728731074,0.379083400122012,0.814214936495562,0.52744087915121,0.786225703639474,0.676242920860847,0.478029126839288,0.925713791346541
929,1.11462037407862,0.473548868764254,0.772794579782998,1.18309618962939,0.773905404416953,0.646196704516472,0.978532038285629,0.388016362909931,0.650655200324176,0.648083597563139,1.06257564662288,0.303768890564447,0.896988854162016,0.525678876978574,0.213875564943982,0.746612974566747,0.290730603698443,0.594538213205389,0.652535841536672,0.2864564850056,0.91408352713271
930,0.990873639774903,0.44318949143568,0.874391536654617,1.008785385696,0.913041034049665,0.577241978461223,0.875083242911065,0.393697386805884,0.763432825071229,0.804096120667575,0.988394615169503,0.328143160378283,2.1847354802098,0.826357208864195,0.371843029326309,0.80201594114821,0.516083486609857,0.771212439730019,0.667936915800591,0.468554047779377,0.910966898453638
931,1.09989242353509,0.471270024195196,0.769210781049265,1.17128220696101,0.772455304701035,0.644795012324992,0.971155554551742,0.388869122693817,0.649072745392122,0.643831558043774,1.0508254093538,0.303714963948499,0.871472443574655,0.518257416007776,0.20882845011607,0.745059302467981,0.286964867286982,0.592268949393127,0.641043318825719,0.282857011048481,0.907145280155079
932,1.00608368906899,0.448584309213264,0.884916824624983,1.02640530793454,0.926077511913723,0.588042504551177,0.887960162008731,0.398624929127904,0.771717397076103,0.814114636243818,1.00221639047846,0.33027258014343,2.20690091174647,0.836950537890361,0.376677734916997,0.811527598385261,0.523671888722488,0.783791868110635,0.672919970150512,0.475849024761309,0.923032692173912
933,1.11527725097013,0.476614048479694,0.776949399917645,1.18583952505962,0.779063004403379,0.646713233161146,0.979860689120209,0.39422924429861,0.654839278613581,0.651453960800874,1.06438456831925,0.308422726155254,0.898604988036081,0.527530215254522,0.213635812934931,0.750737685690158,0.291803203415783,0.598694736842073,0.650331616446746,0.287577764972309,0.915993207164428
934,1.00354193866896,0.449341924317516,0.880880301003051,1.02352224054254,0.919030023385272,0.582687523813756,0.884197110850683,0.400822974747818,0.767947127550845,0.81042881343065,0.999532077077835,0.333540224229937,2.19830424752999,0.832218746595583,0.373949455453197,0.807419959882018,0.518868945147177,0.778578094310027,0.67111747248603,0.472120234258027,0.918591978566366
935,1.09287781932974,0.469053938701834,0.760986151106226,1.16438169554068,0.76304736975003,0.635008447459701,0.961340297367929,0.389608082643073,0.641605098444934,0.636417883559342,1.04303593798617,0.304316861533883,0.851981270560974,0.510686457786296,0.20521044721457,0.736690304612664,0.281544188997276,0.585027934493821,0.633886776874877,0.278244906720676,0.89739464217044
936,0.995544279070133,0.447014543592486,0.883373210490441,1.01783767275166,0.927324751627534,0.587026783003285,0.883763647087255,0.398926569761724,0.771562606391536,0.812374082743229,0.994582213404127,0.329007990586534,2.20226311430325,0.835456784272152,0.375082159415171,0.811030216917052,0.523284850442854,0.783099862979578,0.666473653802247,0.475321261168888,0.919068122773365
937,1.09498566079379,0.466657464146961,0.756907980001796,1.16661588067149,0.759159506080444,0.636521056835531,0.961254716208556,0.38477346698201,0.636468733282998,0.633051041625403,1.04329873253456,0.298914766372629,0.849333228996878,0.508783907224927,0.205658583200001,0.7322473538575,0.28021920370704,0.582035181955468,0.63475620396835,0.277185020450435,0.896174623849598
938,1.00276090183848,0.449427993351907,0.891626133153716,1.02381837431873,0.9377600350419,0.592553968156852,0.892640080277114,0.39936070335671,0.779546201608849,0.818827941367681,1.00310831330643,0.328388344273257,2.20969128187487,0.840502364094457,0.378076198314688,0.81972267339078,0.52660625633531,0.787374446504778,0.676153426243481,0.477580146741896,0.928412674496931
939,1.09295685478675,0.4640744563327,0.749034228048297,1.16240025814851,0.74825628214296,0.631206786510982,0.95492594500714,0.380243747280645,0.628635878015716,0.627739781893686,1.03850291986043,0.296984805494003,0.842423407894276,0.504523063256647,0.20446613129783,0.723507726033499,0.277439620248797,0.576078539390252,0.633611737387314,0.274757675708812,0.889368386837426
940,0.99974838476028,0.44953049853873,0.8951120058942,1.02076256959806,0.942045559182812,0.594316950343905,0.894585090650845,0.399410861149636,0.784150177329027,0.819957465314705,1.00264284616092,0.328565411955561,2.20558489370678,0.840546382538895,0.377317422419348,0.824770775782231,0.526846063440328,0.787576747850026,0.677190082639766,0.477407338655335,0.931173917157522
941,1.08257303674879,0.458086092687308,0.735974492673864,1.15147821865779,0.733501540503409,0.624190483087775,0.942785651848241,0.37388583756485,0.616177794119978,0.617190013602962,1.02617280339704,0.292522133793393,0.81911982434987,0.494649948571111,0.200456269695583,0.710250204307245,0.271337910119386,0.566759394376379,0.624883633697872,0.269393240918136,0.87651347352764
942,1.00252108485942,0.451429125563264,0.904660255956349,1.0245507378675,0.95519626643624,0.602478558148451,0.903767331058385,0.400714214379288,0.794120418904727,0.826297822833149,1.00850816550739,0.328011556758905,2.20816740076529,0.845564250691022,0.379114987042083,0.836043581815596,0.530834879731922,0.793744770048914,0.681792888853029,0.480492507898991,0.940819355234869
943,1.08753384025379,0.457197101080073,0.732178099357914,1.15502278532489,0.727487763362342,0.622721966141293,0.940929861918063,0.371206729614922,0.611049717608967,0.616159695293271,1.02750240336149,0.291430199442842,0.829607854641908,0.496126252621005,0.202403548027549,0.704372272785646,0.272061883593872,0.565919585832197,0.626592512588041,0.270312688865263,0.874262717581082
944,0.989462644841824,0.446928183705732,0.899242274304184,1.01023733618961,0.949738703308461,0.596124868654497,0.896263807815336,0.397423095231746,0.790830499157063,0.819720844442906,0.998392385748779,0.325617490366128,2.19395862023538,0.838716319004939,0.375928123652011,0.832483404790158,0.526394665960082,0.785906396477315,0.677306920500206,0.476049561076224,0.934064872605125
945,1.10914909127111,0.466784020653184,0.753027255442938,1.17819539365152,0.750782330823837,0.640814979403533,0.9624187983428,0.378557945986544,0.629323460337234,0.635769225338914,1.04944855709717,0.296936803168323,0.877915776983849,0.515284477676034,0.210905073065872,0.723839415569754,0.284729688700406,0.585453374662497,0.641364545617443,0.281646475413179,0.896193557992231
946,1.01247000810546,0.453807231380348,0.903207266596872,1.03127089829971,0.947204738557122,0.596899095317988,0.905998818236069,0.403361748161351,0.791375792305879,0.824469377011573,1.01581809022086,0.333154610736323,2.21024921699724,0.842991107715464,0.378664405700916,0.83376341839675,0.526742894305837,0.789218552832124,0.68769542564694,0.477702466976238,0.942107399245102
947,1.09712887577936,0.46519074251649,0.746473645129508,1.16525931984886,0.742666653539711,0.628550460986892,0.951401810832447,0.381125392938023,0.62525763318612,0.629135118361462,1.03884643594484,0.301091311422897,0.852148991792374,0.506683376509352,0.205466698524201,0.718123870322843,0.278720350372546,0.577736463582146,0.633562469378599,0.276209097868722,0.885842840548593
948,0.977535058860264,0.442218880787235,0.883258104935763,0.998041502133353,0.927699389319916,0.581938921538823,0.878675992098259,0.396088340123245,0.775095188464185,0.807736595470741,0.983663474964342,0.32728874901079,2.18742691089288,0.830001415903226,0.371490896071318,0.814950929430319,0.520012563084695,0.776379799435583,0.66300945371833,0.471438997939227,0.916381166113777
949,1.07471861243688,0.455540645153707,0.733780410768073,1.14731161689187,0.73523524570572,0.628912145464976,0.94120849375888,0.37241582848872,0.614748278481303,0.614029352727203,1.02018035339415,0.289021233491862,0.797575027330957,0.488958168374423,0.197215945402251,0.7096585067391,0.268441016391371,0.565444004331397,0.617994872593532,0.266690640197728,0.873689830420788
950,1.00813881907012,0.451200192346102,0.908954764133786,1.02976364440528,0.962138137062342,0.606447455397169,0.907989259422672,0.399699234502757,0.79723491236152,0.831675748983632,1.01360524806799,0.325499392237272,2.22399100547902,0.852755093747635,0.3836520875199,0.839285348022066,0.536761733366522,0.800597053415694,0.685357049684316,0.485434205071642,0.945857697835069
951,1.08133316286864,0.452798369090961,0.722510076288563,1.14794708670531,0.71664349861803,0.61719153405235,0.934661480128104,0.365766815478136,0.602327598012276,0.606766903406223,1.02036253058646,0.286903594192932,0.807959202991284,0.487214058931948,0.199149816252452,0.695588062412613,0.265955643046487,0.555234746950888,0.623704252511204,0.264862839651243,0.866187541729808
952,0.99678208300128,0.450620134107188,0.910650819613009,1.01790789002156,0.963919396235419,0.605337088639077,0.906829946686207,0.399395184212055,0.802001985130136,0.829008590531198,1.00761952381693,0.326362764262565,2.20316108667017,0.846101082690052,0.378795851961628,0.844427287720078,0.531476106659482,0.793584845443921,0.685983596996491,0.47996000619691,0.945729820744873
953,1.10768905374605,0.463451308370767,0.742637366605444,1.17462668976101,0.736391257698801,0.633714046343424,0.954383826026916,0.373772240958407,0.618477179003105,0.628199454018033,1.04406344448839,0.294851419198515,0.869538533432316,0.509714518324804,0.209426639086047,0.712165086664622,0.280858603428483,0.578303733035864,0.638341719490129,0.278490771076209,0.887262698366744
954,0.991187241938484,0.44700877024321,0.896895683969846,1.00918048610993,0.942869255703907,0.589464556165966,0.894191496287178,0.398593310740734,0.78844199005834,0.816917950759419,0.999392976156181,0.329154200024094,2.19398345788482,0.835833343881009,0.374792644136246,0.829847297676688,0.522991425295505,0.781286360544975,0.679125960143435,0.473470715325541,0.932298491354144
955,1.09358039802819,0.462326861174823,0.742149702391001,1.16361166566385,0.739376326140094,0.633257276177874,0.95040665083159,0.376182805569996,0.620655570525588,0.625592134199263,1.03476597619894,0.295795727136064,0.839622179924053,0.502456467177639,0.20390488826347,0.714418649425314,0.276758395805027,0.575674785774426,0.629897460830191,0.274437747543903,0.883267446349767
956,0.989026524435547,0.444776354954062,0.893640951099968,1.00819194499661,0.940643031519319,0.589162780077701,0.889402910038232,0.396895975489337,0.784418966332207,0.816670472670064,0.995380952632909,0.326842256569156,2.20560364403456,0.838992708391105,0.376570493450612,0.825096409784603,0.526516478345396,0.784799115007007,0.673123840576374,0.476753489451455,0.928144460957683
957,1.09835184200455,0.464103269846482,0.747573339902462,1.16948252243994,0.746857869384652,0.637863564893171,0.9581029271409,0.377985139664975,0.625840413331818,0.627990989569749,1.04119291716287,0.295371366823788,0.84181338620944,0.504425193281599,0.2049127559317,0.720975306189093,0.277565487968273,0.577349989828029,0.634226511377268,0.275169421313761,0.890063404519942
958,0.983907660983671,0.441558709069749,0.887429545242672,1.00152799371521,0.934154437711,0.583547056814179,0.881348164408196,0.393460172610575,0.778377794081673,0.813421738108042,0.98907552082721,0.324375835668604,2.20606699344086,0.8370124074071,0.376559734989526,0.817519008384208,0.525389747502264,0.781219829860553,0.67106234815051,0.475385075514574,0.921007387081266
959,1.11018825807915,0.470373995346969,0.761509288837784,1.18218559767316,0.762232463401428,0.648781715618248,0.97338628866629,0.382854891956992,0.638921772475355,0.638954137789139,1.05491404963651,0.298618083026365,0.864780695154495,0.514362500046503,0.209060416354603,0.735715259243816,0.283999405655542,0.587355516162627,0.644158769166323,0.280819901672195,0.905206476430541
960,0.988700010879442,0.441597403987602,0.882642850417443,1.00431280408476,0.925827889641991,0.578288272079823,0.877072728528957,0.393231039277403,0.772438337794836,0.811397053403905,0.989896612155229,0.326191430681868,2.21081423539556,0.835952861573992,0.376819460515181,0.810421297387266,0.523831243171837,0.778868845255997,0.671791376931372,0.47448947510373,0.91683559636307
961,1.09114832308896,0.464724672429793,0.750214312944906,1.16349119375772,0.750515795283052,0.639065941801812,0.961065206361458,0.379435351588342,0.630554386370371,0.626601828124449,1.03856824181249,0.295896623064737,0.821387020192197,0.499682366486062,0.201304444296847,0.727177208084062,0.274681466249686,0.574791547475518,0.632624347128757,0.27224943110807,0.892221402729719
962,0.987257031942042,0.441600627832528,0.887284733835414,1.00488973037584,0.934609486967133,0.584485048578094,0.878876477002939,0.392868851796152,0.777285511539043,0.816127338222142,0.989564334324557,0.32425442194025,2.21815273960636,0.841560354637066,0.378741493989912,0.815067496719937,0.529161950005987,0.785777223298668,0.670405875167187,0.478781864741316,0.919846054110344
963,1.11062464365465,0.470762110180472,0.761918917344579,1.18288073067188,0.761760594621343,0.648593821413778,0.976142130044779,0.383190067363646,0.639390080986015,0.637329519149915,1.05639414178292,0.298566673319353,0.85982700138572,0.512785386182489,0.208335600272687,0.73727347344924,0.282520731736283,0.585372691460879,0.644762399438252,0.279595177171748,0.906955921157192
964,0.995644275992898,0.444617490686857,0.888009530923477,1.01136384913154,0.932217880880319,0.582274703573855,0.881724006436354,0.395841946361032,0.777160793012333,0.816757003169326,0.996134378668105,0.328387153419153,2.21949581773571,0.840489342313624,0.378606413104188,0.814931209746238,0.526446242913519,0.783725670992122,0.676336226438347,0.476854116516118,0.921944315025802
965,1.08830735458405,0.463273548218017,0.744477036847133,1.16010003065785,0.742179906200488,0.633862619413789,0.9563794560508,0.378178237657019,0.624862290309028,0.621706798427754,1.03461698819864,0.295730589846886,0.811547475593657,0.49520565593388,0.199439000982608,0.721304876576966,0.271530315809932,0.570043055439525,0.629350822945031,0.269613608193028,0.886977113911049
966,1.01616680997245,0.455482048899466,0.911648661218266,1.03655231071336,0.960773662769833,0.604343154495223,0.907284995280338,0.405242871239914,0.799030501930808,0.835618131863185,1.01876344737995,0.333542140943829,2.24007987956101,0.856703467316122,0.38409056115818,0.839589958946062,0.537613090443467,0.803760048353987,0.687964733466105,0.487033112166396,0.94687190736698
967,1.08998617292397,0.459626117789551,0.730545408856536,1.15862101907827,0.722735264921706,0.620097667045865,0.943419522355077,0.374759036980924,0.609402127776146,0.61257722319219,1.02966041608963,0.295274097169008,0.813467565272959,0.491031284186513,0.19948904374002,0.70376923998522,0.267749996923916,0.561723462409584,0.625445142131077,0.266917012132343,0.874037393821247
968,1.00830450134527,0.457193434537752,0.917068182658895,1.03058264173528,0.968500832292093,0.607009383841665,0.911922663489759,0.409046928646423,0.806773477484315,0.835916417186146,1.01725483591535,0.335576656023701,2.22343121153413,0.853157080772172,0.38058848153674,0.848742802404322,0.534307551572517,0.801730580902253,0.687479676848228,0.483932404575592,0.950892056790387
969,1.10390356736409,0.464059505766429,0.736674678440336,1.1731148504463,0.728395125723982,0.626333290590499,0.948633406795824,0.378151198955658,0.61277413334194,0.621949186257043,1.03959982535432,0.298527261058271,0.847155846263876,0.502033903438678,0.205144598452262,0.706530466482218,0.275123089367836,0.572840399149764,0.630269925325209,0.273880860910343,0.880313249915745
970,0.976812321224459,0.444365617256353,0.893674842072357,0.99620000372954,0.942817509043664,0.584334234739022,0.884775208532313,0.400361499481203,0.786924220021976,0.814596616348879,0.988104311020768,0.329343555972079,2.19569490218064,0.835020313529692,0.373264196284543,0.826873185026255,0.522821066516,0.781010236399645,0.668936237266471,0.473451355729497,0.924425023618682
971,1.09397237633858,0.462479519646538,0.739667185165504,1.16789280512688,0.737908207669019,0.63702463176582,0.952127241882119,0.376262853759285,0.617382547498752,0.62232429897259,1.03467934101676,0.29313392776551,0.824165491718542,0.497786037759317,0.201967142155466,0.712867231556935,0.273769213211064,0.573769773873951,0.626169666899338,0.272093999267924,0.882753715682176
972,0.989399678771855,0.444398677320246,0.897351272872899,1.00708750326176,0.948338279797646,0.588922879841454,0.88962107426604,0.397180079733852,0.788131422474962,0.82114869976338,0.996812233248593,0.325328050499918,2.22109404324933,0.844737763116367,0.380104861399606,0.82796725365186,0.530893305750352,0.789377408560948,0.676037997026975,0.480180028301013,0.930286577731599
973,1.09040508529098,0.459746412843214,0.734517550197233,1.1621700510404,0.731639252128373,0.632527865111925,0.950382879425456,0.371792963857575,0.613495338468686,0.615923006537176,1.03154902201084,0.289863241269636,0.807799425011405,0.491543515299874,0.199635829030817,0.709098102868338,0.269130666554486,0.564674424442522,0.628026109844266,0.267768693065237,0.879480651580673
974,1.00172407804353,0.450010295288702,0.909283778139185,1.01985483412834,0.960888761769577,0.599338778614899,0.901674052882464,0.399957432893939,0.799040782970624,0.831603593719098,1.00918775838679,0.327950173402123,2.23160466713078,0.852899187419773,0.383038075055457,0.839584509444977,0.536037001862324,0.797966458278782,0.686699175560289,0.484345250795019,0.943158680522901
975,1.119655414057,0.471074840026098,0.75379861842674,1.18920057187074,0.748072478332294,0.642307561497282,0.970111641841688,0.381146534177531,0.629149255757273,0.634998549812375,1.05773629061106,0.30010143363111,0.872261361827285,0.513576860682033,0.210245146196108,0.724995350817451,0.282508930842796,0.5832672744658,0.646166562862776,0.280189391873612,0.900348925488383
976,0.996185305844636,0.448952792980192,0.897183871182098,1.01243767647487,0.94087568271472,0.585215035004353,0.890288133106889,0.40203669757903,0.787498136064196,0.820593559591823,1.00160985886802,0.333990607906082,2.21589088276109,0.841262671632719,0.376997193839901,0.826869001770604,0.525582846973602,0.785196412117176,0.680102083646559,0.476286079370714,0.930651511788829
977,1.11297753619151,0.47372940871538,0.759396373607191,1.18577024606123,0.756055675812119,0.644176996252436,0.970599996845413,0.388142399496162,0.636136809728973,0.638570968655839,1.05517703311314,0.305397397650353,0.862051258396142,0.513100579265061,0.207621090642118,0.732212650459183,0.282689424070723,0.587973705584153,0.640317652010288,0.280209528383559,0.901885194567487
978,0.992710059568371,0.446776134093285,0.890008903581451,1.01031120690512,0.93315328243144,0.580826987270563,0.882474249395199,0.402136073864375,0.779621064992891,0.81668854686157,0.995580816883949,0.333810231880791,2.22199309558692,0.840687180655616,0.376891656069049,0.818036066228767,0.525683678337084,0.785304427009083,0.670688800880526,0.477260952243337,0.922423907842308
979,1.09637375769897,0.467779948476571,0.749428132259167,1.17135155555004,0.748458450881614,0.637791201680708,0.961029851254195,0.384877433140244,0.628422844111418,0.62657133831197,1.04154608504065,0.300036626830522,0.819600190544809,0.499108954355896,0.200798884673719,0.725120288598366,0.273662835342904,0.576133715950027,0.629515636745403,0.271966644329065,0.891171409528948
980,0.985258329486848,0.443324664190664,0.889769051499801,1.00361916765585,0.938475611071592,0.582798762495158,0.878763086902186,0.397993932229414,0.780036927258844,0.818306627189684,0.989564339134878,0.327674574966555,2.22737927374611,0.844077523454961,0.379064501716637,0.817502246529728,0.530030950918714,0.788576952516297,0.668101530886434,0.480101224977204,0.920211780413726
981,1.09924501346716,0.466372549620164,0.747757095164519,1.17398352331459,0.746717220484477,0.640992217951673,0.964256530951518,0.380263197497016,0.626079071081499,0.624257651794326,1.04357726773791,0.294932105041391,0.818703055638515,0.497952103286851,0.201524861670224,0.724086633551268,0.272882138454622,0.57332860477149,0.632797936212654,0.271267862271331,0.892972351578364
982,0.985217872337343,0.442053858536995,0.891400326403188,1.00124473005228,0.941805118601101,0.58267275487142,0.878794483351812,0.394969828943587,0.7821593137568,0.819868257036803,0.990047627171786,0.325003597812015,2.22858510232621,0.845104341012388,0.380477448477693,0.819071040871185,0.53114655102842,0.788144505791872,0.673295837517092,0.480164226452959,0.921687884590754
983,1.10843380550986,0.469610370866851,0.75364253994602,1.18208873244096,0.751150646876142,0.646695803979188,0.972477588030459,0.380466905989652,0.630917013331203,0.630327275506221,1.05191703239789,0.296201575029599,0.837868746507021,0.504592412822892,0.204891638676039,0.729388134124069,0.277205095915627,0.578478800346657,0.64050093809763,0.275131267017784,0.900781298341321
984,0.984802351802633,0.441096221910765,0.888409121853602,0.998880878727914,0.936103303844925,0.578179554789391,0.87503330199172,0.394031058596372,0.779381385502133,0.817062082610914,0.988455008185887,0.326154692785087,2.22678473892087,0.842456165265299,0.379370754821888,0.815764945412608,0.528839695112296,0.784365296268537,0.673498512395593,0.478202145033917,0.918636512133808
985,1.07903732204199,0.457967194888651,0.730250294307781,1.15275849492484,0.726432867971061,0.631371373659332,0.948998308694299,0.37063018440846,0.611060859829386,0.608306988034691,1.02369787105558,0.288595742072721,0.771105685538155,0.480496566252929,0.193258570281863,0.708606341861648,0.262192723906114,0.557416223235077,0.62070313333365,0.261489650164877,0.87589392610025
986,0.981011181083867,0.440306012539464,0.898435813766823,0.997561037975542,0.953769631342902,0.589229726825596,0.88102907202756,0.392370911347228,0.7905052184962,0.824775565158336,0.988816852862547,0.321546940759546,2.22761330662392,0.850335838118014,0.382145874013808,0.827579489645358,0.536628485610339,0.794403646411219,0.673863199021188,0.484127604345517,0.926704294637624
987,1.1017532068294,0.462482628031395,0.738836089494389,1.17426899297703,0.733350398543015,0.641321863891824,0.963295949904443,0.370657214616317,0.61579601513072,0.61805801339328,1.04214438112101,0.288815193036083,0.822667457563896,0.495661713757368,0.202726181030129,0.714148954320103,0.271382950312994,0.567072107834577,0.634775653474565,0.270170692145643,0.889243758088944
988,1.02190491145234,0.456806750933086,0.922899617960842,1.03771819927892,0.97513528019942,0.606571989246381,0.914924572288327,0.405647456170932,0.811143040009063,0.843445447828209,1.02766844970165,0.333650868218007,2.25137694216712,0.862136634735296,0.387393451301353,0.851854672340688,0.540607119468706,0.806752453802383,0.701872952603734,0.488518096467388,0.957760648447705
989,1.08970711923258,0.457862429855703,0.720049435749983,1.15722235891192,0.706899124213033,0.616634141587183,0.938363047362827,0.369267383912152,0.59840594062631,0.606145799163287,1.02495435770901,0.293687805947484,0.799423361276934,0.484483144465009,0.197050620363469,0.692035226477319,0.263615174118203,0.554925184343619,0.623339446568455,0.263489720368774,0.866126644933759
990,1.00225613076468,0.456267307983488,0.922592183828462,1.02309227934917,0.974847719111847,0.606585841602258,0.91133588234994,0.409623233506116,0.814043097257071,0.838507990754501,1.01513635604642,0.336838797837208,2.22925309859103,0.856038910205313,0.380762149195711,0.855935295163008,0.536589420420978,0.803839859414749,0.687964077014502,0.48550797389468,0.953722280975238
991,1.08858878151749,0.455388691035577,0.714458232832403,1.15880524498095,0.703342459916921,0.616723590972598,0.93176790527316,0.368797011972427,0.591454043850757,0.602842533290714,1.02088144469952,0.291514650174876,0.796421855848192,0.482382458750543,0.196757912799203,0.684753674756233,0.262585934811239,0.555505283974515,0.615304020974966,0.263016775684517,0.859815699779641
992,0.996306725213068,0.453954049253526,0.922072751400178,1.01738549364884,0.97781371883215,0.605504537737943,0.911610031602557,0.408853829016239,0.814119561368829,0.837108037845807,1.01235929181253,0.333541916709866,2.22580470806959,0.854882126108664,0.381135937014653,0.856692919416507,0.536288394378705,0.802914618293284,0.685940965497749,0.485034768431452,0.953237648035976
993,1.10354648229795,0.460899637407534,0.725828633227651,1.17469255093714,0.716643556139103,0.627416680522365,0.944176156577659,0.372182796183445,0.601136922309516,0.614251926947727,1.03484439620164,0.293144486949812,0.82785204769236,0.494153603757588,0.202710435205896,0.694887889651085,0.27020828131225,0.565743583551265,0.626084605424357,0.269847156546103,0.87239380110135
994,0.981798917381808,0.446520544917039,0.906568801961193,0.999403728722358,0.959014747590879,0.590020833485594,0.894441864829711,0.402387194104023,0.799860076235617,0.82469145112238,0.996953871050299,0.329763615942104,2.21673337195668,0.844926718537707,0.377930066344229,0.840584784908624,0.529802431202464,0.789636485917314,0.678371041514977,0.478864356662214,0.936858388857852
995,1.09127315839012,0.458335091973725,0.724180627588948,1.16460608282415,0.718303422282479,0.63046022778473,0.942787147892223,0.369612901684578,0.60168326716715,0.610140125220567,1.02671384702171,0.289224444256587,0.795901615200343,0.485833110052835,0.197558574357312,0.696564780590976,0.265686081514656,0.561507202170423,0.620927260341063,0.265315259746097,0.870040567340806
996,1.00220034258968,0.452138580960935,0.91921893112398,1.02021521569543,0.973569007191359,0.602411107143924,0.908824113523279,0.404587015525968,0.809614664728123,0.837999622089142,1.01425811223566,0.330571316203034,2.24350471493411,0.859029210902925,0.385102232796594,0.851101221386509,0.540006119011335,0.804369912555502,0.689667726917471,0.487917781283888,0.95177838896171
997,1.12798248367064,0.473030180453795,0.751140978730939,1.19899154918104,0.74369907558285,0.643848484478933,0.971364754421211,0.381981428716409,0.624878958463819,0.634571878217423,1.06178765739036,0.301145990787001,0.874129610007422,0.513461407877259,0.210869740538904,0.720580145043874,0.28200090321027,0.583134556605156,0.646877167310163,0.280278986049776,0.899462004265036
998,0.986635655966344,0.44660926066952,0.896352051980382,1.00125540472395,0.940503739726647,0.579022683411137,0.884681696898339,0.402525146393862,0.788085038509832,0.819195511624863,0.995398653781332,0.334546489526894,2.21969119515075,0.840723634216754,0.376304702498936,0.826671255229804,0.525048436212519,0.783191625533122,0.677223188100885,0.475537221368524,0.927244886358104
999,1.11071604176607,0.472961189914118,0.753996902806006,1.18621250468972,0.750619393626508,0.64583216523118,0.969102274518745,0.386699591934685,0.630709291422376,0.633410634190162,1.05168778913734,0.303311781275009,0.839581607075895,0.505854122811532,0.204166822959797,0.727631182612197,0.278184411802317,0.583664273536131,0.635640591705178,0.276415901776284,0.897774234841776
1000,0.982229554747407,0.442182245078665,0.888525391560749,0.997854228236032,0.934500067049401,0.575491036228411,0.874424492091564,0.399256863962376,0.779404599989914,0.816471589964801,0.987395844218937,0.330700322645615,2.23416798047407,0.84335889504947,0.378533034784334,0.816207818998435,0.528737238264034,0.786151626342313,0.667068843319193,0.479261568067358,0.917730667656706
